sqldate,eventcode,actor1name,actor2name,sourceurl,pressure_url_1,reason_url_1,model_url_1,pressure_url_2,reason_url_2,model_url_2,article_text,pressure_article,reason_article,model_article,pressure_final,reason_final,final_source,mode_used
20210101,130,GERMANY,,https://www.e110.de/terrorakte-vielleicht-verhindert/,push,acts of terrorism perhaps-prevented,qwen2.5:7b,,,qwen2.5:72b,,,,qwen2.5:7b,push,acts of terrorism perhaps-prevented,url_1,3
20220101,43,,CHILE,http://www.funkuhr.de/fernsehprogramm/sendungsdetails/169446982/pumas-in-der-wildnis-patagoniens.html,neutral,,qwen2.5:7b,,,qwen2.5:72b,,,,qwen2.5:7b,neutral,,url_1,3
20220101,112,,CRIMINAL,https://www.brasil247.com/brasil/bolsonaro-e-eleito-corrupto-do-ano-por-consorcio-internacional,push,corrupt-of-the-year-by-international-consortium,qwen2.5:7b,,,qwen2.5:72b,,,,qwen2.5:7b,push,corrupt-of-the-year-by-international-consortium,url_1,3
20220101,46,,AUTHORITIES,https://ria.ru/20220102/status-1766397981.html,unclear,,qwen2.5:7b,unclear,URL too short; no clear migration-related tokens,qwen2.5:72b,"ООН, 2 янв — РИА Новости. Статус персоны нон грата неприменим к сотрудникам Статус персоны нон грата неприменим к сотрудникам ООН — так официальный представитель генсека организации Стефан Дюжаррик прокомментировал решение властей самопровозглашенной республики Косово в отношении российского дипломата.

« ""Нам стало известно о том, что власти Косово объявили персоной нон грата сотрудника миссии ООН в Косово (МООНК). Никакого официального уведомления от властей Косово по поводу этого объявления миссии не поступало"", — сказал он.

Представитель генсека подчеркнул, что доктрина персоны нон грата неприменима к сотрудникам ООН и не предусмотрена в постановлении 2000/47 МООНК (о статусе, привилегиях и иммунитете СДК и МООНК и их персонала в Косово).

По словам Дюжаррика, любые обеспокоенности, связанные с сотрудниками миссии ООН в Косово, следует направлять ее руководству, чтобы оно могло решить этот вопрос в соответствии со статусом, привилегиями и иммунитетом самой миссии и ее персонала.

""МООНК и штаб-квартира ООН принимают соответствующие меры для обеспечения безопасности сотрудника и находятся в связи с этой ситуацией в контакте с соответствующими властями"", — заключил Дюжаррик.

Приштина 31 декабря объявила персоной нон-грата сотрудника миссии ООН из России за якобы несовместимую с дипломатическим статусом деятельность. Российское посольство в Сербии назвало это решение провокацией, ""предпринятой, дабы выслужиться перед западными менторами"".

Это не первый подобный случай: в октябре косовский МИД объявил персонами нон грата двух дипломатов в канцелярии российского посольства в Сербии, которые постоянно работают в Приштине. МИД тогда призвал МООНК и международные Силы для Косово обеспечить надежную безопасность и необходимые условия для полноценной работы российского персонала в Косово.

Республика Косово — частично признанное государство на Балканском полуострове . Согласно Конституции Сербии , входит в состав страны как Автономный край Косово и Метохия, однако Белград фактически не контролирует большую часть региона.

В 1990-х здесь развернулась война между югославской армией и албанскими вооруженными формированиями. Конфликт сопровождался массовыми репрессиями и этническими чистками: албанские сепаратисты разрушили многие памятники православной культуры. В 1999 году НАТО вмешалась в вооруженное противостояние и подвергла бомбардировкам города и военные объекты Югославии . В результате Белград был вынужден согласиться на ввод в Косово военного контингента Североатлантического альянса. Область перешла под управление ООН",push,"war, ethnic cleansing, conflict",qwen2.5:7b,push,"war, ethnic cleansing, conflict",article,3
20220101,110,,PRIME MINISTER,https://www.aftenposten.no/verden/i/OrevnE/foerste-nyttaarsdag-ble-det-registrert-over-160000-koronatilfeller-i-en,neutral,,qwen2.5:7b,,,qwen2.5:72b,,,,qwen2.5:7b,neutral,,url_1,3
20220101,190,,PRESIDENT,https://alquds.com/2022/01/01/%D8%A5%D8%B5%D8%A7%D8%A8%D8%A7%D8%AA-%D8%AE%D9%84%D8%A7%D9%84-%D9%85%D9%88%D8%A7%D8%AC%D9%87%D8%A7%D8%AA-%D9%81%D9%8A-%D8%A8%D8%B1%D9%82%D8%A9/,push,corona cases-in-one,qwen2.5:7b,,,qwen2.5:72b,,,,qwen2.5:7b,push,corona cases-in-one,url_1,3
20220101,42,,ITALIAN,https://www.interris.it/copertina/perno-opbg-omicron-bambini/,neutral,,qwen2.5:7b,,,qwen2.5:72b,,,,qwen2.5:7b,neutral,,url_1,3
20220101,51,,WORKER,https://www.franceguyane.fr/actualite/social/mobilisation-sociale-a-pointe-a-pitre-elie-domota-a-ete-arrete-493999.php,neutral,,qwen2.5:7b,,,qwen2.5:72b,,,,qwen2.5:7b,neutral,,url_1,3
20220101,51,,WORKER,https://www.franceguyane.fr/actualite/social/mobilisation-sociale-a-pointe-a-pitre-elie-domota-a-ete-arrete-493999.php,neutral,,qwen2.5:7b,,,qwen2.5:72b,,,,qwen2.5:7b,neutral,,url_1,3
20220101,1823,,MILITARY,https://www.franceguyane.fr/actualite/france/feminicides-deux-hommes-en-garde-a-vue-le-jour-du-nouvel-an-494064.php,neutral,,qwen2.5:7b,,,qwen2.5:72b,,,,qwen2.5:7b,neutral,,url_1,3
20220101,43,,POLE,https://as.com/futbol/2022/01/01/primera/1641057005_745473.html,neutral,No clear migration-related tokens,qwen2.5:7b,,,qwen2.5:72b,,,,qwen2.5:7b,neutral,No clear migration-related tokens,url_1,3
20220101,51,,SAUDI ARABIA,https://www.okaz.com.sa/news/na/2092790,unclear,URL too short or generic,qwen2.5:7b,unclear,URL too short; no clear migration-related tokens,qwen2.5:72b,"أحمد الشميري «عكاظ» (جدة،الرياض) a_shmeri@

‏ثمن وزير الإعلام اليمني معمر الإرياني، المواقف الأخوية والدعم اللامحدود من تحالف دعم الشرعية بقيادة السعودية التي قدمت الغالي والنفيس لنصرة اليمن، وإسناده في معركة استعادة الدولة وإسقاط الانقلاب الحوثي، بتوجيهات كريمة من خادم الحرمين الشريفين الملك سلمان بن عبدالعزيز، وولي العهد الأمير محمد بن سلمان.



ونوه بالجهود الاستثنائية النبيلة التي بذلها نائب وزير الدفاع الأمير خالد بن سلمان، وكذلك قائد القوات المشتركة الفريق الركن مطلق بن سالم الأزيمع، وكل المعنيين الذي يعملون ليل نهار لدعم اليمنيين في معركتهم المصيرية، مؤكدا بقوله «لن ننسى هذه المواقف النبيلة للأشقاء».



وأشاد الإرياني بتوحد أيادي وإرادة اليمنيين في التصدي للغزو الفارسي وأذياله من مليشيا الإرهاب الحوثية في جبهات مأرب والجوف وتعز والضالع وشبوة والحديدة والبيضاء، ومواقفهم في صوالين الساسة ودهاليز السياسة وصفحات المواقع الإخبارية والنشطاء في منصات التواصل الاجتماعي.



وقال في سلسلة تغريدات عبر حسابه في «تويتر» أمس (السبت): استثمر النظام الإيراني خلافات القوى السياسية للدفع بمليشيا الحوثي لقلب الطاولة على الجميع، للانقلاب على مخرجات مؤتمر الحوار الوطني الشامل، واحتلال العاصمة المختطفة صنعاء، والبدء بعمليات تجريف ممنهج لمؤسسات الدولة والهوية الوطنية والعربية، وتدمير النسيج الاجتماعي والسلم الأهلي.



وأضاف: اشتغلت مليشيا الحوثي على اختراق الجبهة الوطنية عبر بعض المواقع والصفحات لخلخلة الصفوف وتغذية الخلافات وتعميقها، وشغل اليمنيين بمعارك ثانوية وصرفهم عن معركتهم المصيرية، وما زالت تراهن على الانقسامات لتمرير مشروعها السرطاني بأحقاده التاريخية وخلفياته العقائدية المستوردة من طهران.



وأكد أن ما يحدث على الأرض من ترتيبات عسكرية بدعم من تحالف دعم الشرعية، لتغيير مسار المعركة من الدفاع للهجوم واستعادة ما تم فقدانه من الأراضي المحررة، وتحرير كل شبر من التراب اليمني، يحتم على القوى السياسية وكافة الإعلاميين والصحفيين ترك خلافاتهم والتوحد خلف الجيش اليمني والمقاومة.



وجدد الإرياني دعوة كافة القوى السياسية والإعلاميين والصحفيين للاستفادة من دروس الماضي، وتجاوز خلافاتهم وتوحيد الصف والجهود خلف الشرعية اليمنية بقيادة الرئيس عبدربه منصور هادي، إدراكا لخطورة المعركة، وتقديرا للدماء الطاهرة التي سكبت في مختلف جبهات القتال دفاعا عن الوطن ومكتسباته.



من جهة أخرى نجح الجيش اليمني الوطني بإسناد من تحالف دعم الشرعية في استنزاف وإفشال مخططات الانقلاب الإرهابية، ما تسبب في تفاقم الصراعات وحالات التصفية الداخلية بين أجنحة المليشيا في المديريات الجنوبية لمحافظة مأرب. وقالت مصادر قبلية لـ«عكاظ»، إن مسلحاً حوثياً أطلق الرصاص الحي على الزعيم القبلي صالح القاضي المعين وكيلاً لمحافظة مأرب من قبل الحوثي في منزله، (الخميس) الماضي، وأرداه قتيلاً .



وأضافت المصادر أن سيناريو الاضطرابات النفسية محاولة للتغطية على عملية التصفية المتعمدة، خصوصاً بعد تكتم المليشيا على الحادثة ونقل جثة الزعيم القبلي الذي ينتمي إلى قبلية مراد إلى صنعاء، مؤكدة أن التصفية جاءت على خلفية نجاحات الجيش اليمني في شبوة وسيطرته على مديرية عسيلان ما تتسبب في فرض حصار على العناصر الحوثية (جنوبي مأرب). وأفادت بأن القاضي من الشخصيات التي سهلت دخول المليشيا إلى مناطقه ورغم ذلك جرت تصفيته عل غرار ما حدث لموالين في محافظات عمران وصعدة. وفجرت مليشيا الحوثي في مديرية الجوبة (جنوبي مأرب) منزل مبخوت الفقير في منطقة الخثلة بعد أن زرعت فيه عبوات ناسفة من الداخل، ووفقاً لمصادر قبلية، فإن عشرات المنازل جرى تفجيرها خلال اليومين الماضيين في الجوبة.",push,"conflict, violence, killings",qwen2.5:7b,push,"conflict, violence, killings",article,3
20220101,51,,SAUDI ARABIA,https://www.okaz.com.sa/news/na/2092790,unclear,URL too short or generic,qwen2.5:7b,unclear,URL too short; no clear migration-related tokens,qwen2.5:72b,"أحمد الشميري «عكاظ» (جدة،الرياض) a_shmeri@

‏ثمن وزير الإعلام اليمني معمر الإرياني، المواقف الأخوية والدعم اللامحدود من تحالف دعم الشرعية بقيادة السعودية التي قدمت الغالي والنفيس لنصرة اليمن، وإسناده في معركة استعادة الدولة وإسقاط الانقلاب الحوثي، بتوجيهات كريمة من خادم الحرمين الشريفين الملك سلمان بن عبدالعزيز، وولي العهد الأمير محمد بن سلمان.



ونوه بالجهود الاستثنائية النبيلة التي بذلها نائب وزير الدفاع الأمير خالد بن سلمان، وكذلك قائد القوات المشتركة الفريق الركن مطلق بن سالم الأزيمع، وكل المعنيين الذي يعملون ليل نهار لدعم اليمنيين في معركتهم المصيرية، مؤكدا بقوله «لن ننسى هذه المواقف النبيلة للأشقاء».



وأشاد الإرياني بتوحد أيادي وإرادة اليمنيين في التصدي للغزو الفارسي وأذياله من مليشيا الإرهاب الحوثية في جبهات مأرب والجوف وتعز والضالع وشبوة والحديدة والبيضاء، ومواقفهم في صوالين الساسة ودهاليز السياسة وصفحات المواقع الإخبارية والنشطاء في منصات التواصل الاجتماعي.



وقال في سلسلة تغريدات عبر حسابه في «تويتر» أمس (السبت): استثمر النظام الإيراني خلافات القوى السياسية للدفع بمليشيا الحوثي لقلب الطاولة على الجميع، للانقلاب على مخرجات مؤتمر الحوار الوطني الشامل، واحتلال العاصمة المختطفة صنعاء، والبدء بعمليات تجريف ممنهج لمؤسسات الدولة والهوية الوطنية والعربية، وتدمير النسيج الاجتماعي والسلم الأهلي.



وأضاف: اشتغلت مليشيا الحوثي على اختراق الجبهة الوطنية عبر بعض المواقع والصفحات لخلخلة الصفوف وتغذية الخلافات وتعميقها، وشغل اليمنيين بمعارك ثانوية وصرفهم عن معركتهم المصيرية، وما زالت تراهن على الانقسامات لتمرير مشروعها السرطاني بأحقاده التاريخية وخلفياته العقائدية المستوردة من طهران.



وأكد أن ما يحدث على الأرض من ترتيبات عسكرية بدعم من تحالف دعم الشرعية، لتغيير مسار المعركة من الدفاع للهجوم واستعادة ما تم فقدانه من الأراضي المحررة، وتحرير كل شبر من التراب اليمني، يحتم على القوى السياسية وكافة الإعلاميين والصحفيين ترك خلافاتهم والتوحد خلف الجيش اليمني والمقاومة.



وجدد الإرياني دعوة كافة القوى السياسية والإعلاميين والصحفيين للاستفادة من دروس الماضي، وتجاوز خلافاتهم وتوحيد الصف والجهود خلف الشرعية اليمنية بقيادة الرئيس عبدربه منصور هادي، إدراكا لخطورة المعركة، وتقديرا للدماء الطاهرة التي سكبت في مختلف جبهات القتال دفاعا عن الوطن ومكتسباته.



من جهة أخرى نجح الجيش اليمني الوطني بإسناد من تحالف دعم الشرعية في استنزاف وإفشال مخططات الانقلاب الإرهابية، ما تسبب في تفاقم الصراعات وحالات التصفية الداخلية بين أجنحة المليشيا في المديريات الجنوبية لمحافظة مأرب. وقالت مصادر قبلية لـ«عكاظ»، إن مسلحاً حوثياً أطلق الرصاص الحي على الزعيم القبلي صالح القاضي المعين وكيلاً لمحافظة مأرب من قبل الحوثي في منزله، (الخميس) الماضي، وأرداه قتيلاً .



وأضافت المصادر أن سيناريو الاضطرابات النفسية محاولة للتغطية على عملية التصفية المتعمدة، خصوصاً بعد تكتم المليشيا على الحادثة ونقل جثة الزعيم القبلي الذي ينتمي إلى قبلية مراد إلى صنعاء، مؤكدة أن التصفية جاءت على خلفية نجاحات الجيش اليمني في شبوة وسيطرته على مديرية عسيلان ما تتسبب في فرض حصار على العناصر الحوثية (جنوبي مأرب). وأفادت بأن القاضي من الشخصيات التي سهلت دخول المليشيا إلى مناطقه ورغم ذلك جرت تصفيته عل غرار ما حدث لموالين في محافظات عمران وصعدة. وفجرت مليشيا الحوثي في مديرية الجوبة (جنوبي مأرب) منزل مبخوت الفقير في منطقة الخثلة بعد أن زرعت فيه عبوات ناسفة من الداخل، ووفقاً لمصادر قبلية، فإن عشرات المنازل جرى تفجيرها خلال اليومين الماضيين في الجوبة.",push,"violence, conflict, war",qwen2.5:7b,push,"violence, conflict, war",article,3
20220101,20,,INTELLIGENCE,https://www.diariolaprovinciasj.com/elpais/2022/1/1/cuales-son-los-sectores-que-tendran-mayor-demanda-laboral-en-2022-165873.html,pull,jobs growth,qwen2.5:7b,,,qwen2.5:72b,,,,qwen2.5:7b,pull,jobs growth,url_1,3
20220101,42,,VENEZUELAN,https://noticias.uol.com.br/ultimas-noticias/efe/2022/01/01/chanceler-venezuelano-pede-que-bolsonaro-aprove-transferencia-de-migrantes.htm,push,migrants,qwen2.5:7b,,,qwen2.5:72b,,,,qwen2.5:7b,push,migrants,url_1,3
20220101,20,,BASQUE,https://omirante.pt/cavaleiro-andante/2022-01-01-Em-Abrantes-nada-como-dantes-a2fb5365,neutral,No clear migration-related tokens,qwen2.5:7b,,,qwen2.5:72b,,,,qwen2.5:7b,neutral,No clear migration-related tokens,url_1,3
20220101,50,,CATALAN,https://sport1.oslobodjenje.ba/s1/fudbal/ino-fudbal/primera/postigao-dogovor-sa-kataloncima-barcelona-sljedeceg-ljeta-dobija-veliko-pojacanje-721568,neutral,No clear migration-related tokens,qwen2.5:7b,,,qwen2.5:72b,,,,qwen2.5:7b,neutral,No clear migration-related tokens,url_1,3
20220101,51,,INDIGENOUS,https://g1.globo.com/mundo/noticia/2022/01/01/a-epidemia-de-desaparecimentos-de-indigenas-que-intriga-os-eua.ghtml,push,disappearances of indigenous people,qwen2.5:7b,,,qwen2.5:72b,,,,qwen2.5:7b,push,disappearances of indigenous people,url_1,3
20220101,51,,INDIGENOUS,https://g1.globo.com/mundo/noticia/2022/01/01/a-epidemia-de-desaparecimentos-de-indigenas-que-intriga-os-eua.ghtml,push,disappearances of indigenous people,qwen2.5:7b,,,qwen2.5:72b,,,,qwen2.5:7b,push,disappearances of indigenous people,url_1,3
20220101,161,MADEIRA,,https://www.akhbarona.com/last/340605.html,neutral,No clear migration-related tokens,qwen2.5:7b,,,qwen2.5:72b,,,,qwen2.5:7b,neutral,No clear migration-related tokens,url_1,3
20220101,112,BRAZIL,CRIMINAL,https://www.brasil247.com/brasil/bolsonaro-e-eleito-corrupto-do-ano-por-consorcio-internacional,push,corrupt,qwen2.5:7b,,,qwen2.5:72b,,,,qwen2.5:7b,push,corrupt,url_1,3
20220101,112,BRAZIL,CRIMINAL,https://www.brasil247.com/brasil/bolsonaro-e-eleito-corrupto-do-ano-por-consorcio-internacional,push,corrupt,qwen2.5:7b,,,qwen2.5:72b,,,,qwen2.5:7b,push,corrupt,url_1,3
20220101,100,BUSINESS,,https://pronedra.ru/znaki-vostochnogo-kalendarya-po-godu-rozhdeniya-kotorym-povezet-v-2022-godu-628853.html,neutral,eastern-calendar signs,qwen2.5:7b,,,qwen2.5:72b,,,,qwen2.5:7b,neutral,eastern-calendar signs,url_1,3
20220101,90,COMPANY,ADMINISTRATION,https://www.republika.co.id/berita/r520kx430/jepang-bantu-perusahaan-bill-gates-bangun-reaktor-nuklir,neutral,company-bill-gates,qwen2.5:7b,,,qwen2.5:72b,,,,qwen2.5:7b,neutral,company-bill-gates,url_1,3
20220101,112,COMPANIES,REPRESENTATIVES,https://www.alarab.com/Article/1018144,unclear,URL too short,qwen2.5:7b,unclear,URL too short; no clear migration-related tokens,qwen2.5:72b,"أعلن الادعاء العام في ولاية نيويورك الأمريكية أن ""هيئة المحلفين خلصت إلى أن شركة ""تيفا"" الإسرائيلية للأدوية وشركاءها، مسؤولون عن موت ودمار ألحقوه بالشعب الأمريكي"".

وجاء ذلك بعد محاكمة تاريخية في قضية ""المواد الأفيونية"" (مسكنات الألم الأفيونية) التي استمرت ستة أشهر، وشملت أكثر من عشر شركات ثبتت براءة الكثير منها، لتبقى شركة ""تيفا"" والشركات التابعة لها في قفص الاتهام.

وقامت الدعوى التي حركتها ولاية نيويورك ومقاطعتا ناسو، وسوفولك، على أساس أن الشركات المذكورة ضللت الناس بشأن الخطر الحقيقي للمواد الأفيونية التي روجت لها.

وألقى ممثلو الادعاء باللوم على شركة ""تيفا"" والشركات التابعة لها في خلق ""آفة المواد الأفيونية""، واتهم المدعون شركات الأدوية بتغذية الوباء الذي أودى بحياة الآلاف وأصاب ملايين آخرين.

وجاء في الدعوى القضائية أن ""المصنعين والموزعين دفعوا بشكل جنوني نحو الترويج لمسكنات الألم الأفيونية إلى مجتمعات نيويورك مع عدم التحذير من المخاطر والإدمان الناشئ عن تعاطيها"".بينما قال مسؤولو الولاية والمقاطعة، إضافة إلى عائلات الضحايا إنهم ""يريدون تحميل شركات الأدوية المسؤولية عن الوفيات والبؤس الناجم عن وباء المواد الأفيونية"".

وقد رفضت ""تيفا"" بشدة نتيجة اليوم وأعلنت أنها تستعد لاستئناف سريع للطعن بالقرار.ومن المقرر أن تُعقد محاكمة أخرى لتحديد المبلغ الذي سيُطلب من ""تيفا"" وآخرين، والذي سيتم إضافته إلى مبلغ مقرر مسبقا يصل إلى مليار ونصف المليار دولار أمريكي.",push,"war, violence, and persecution implied",qwen2.5:7b,push,"war, violence, and persecution implied",article,3
20220101,60,SWITZERLAND,,https://evz.ro/sinuciderea-asistata-este-acum-legala-austria-este-tara-care-a-decis-sa-curme-suferintele-bolnavilor.html,push,assisted-suicide-is-now-legal,qwen2.5:7b,,,qwen2.5:72b,,,,qwen2.5:7b,push,assisted-suicide-is-now-legal,url_1,3
20220101,81,SWITZERLAND,,https://evz.ro/sinuciderea-asistata-este-acum-legala-austria-este-tara-care-a-decis-sa-curme-suferintele-bolnavilor.html,push,assisted-suicide-is-now-legal,qwen2.5:7b,,,qwen2.5:72b,,,,qwen2.5:7b,push,assisted-suicide-is-now-legal,url_1,3
20220101,42,CHILE,,http://www.funkuhr.de/fernsehprogramm/sendungsdetails/169446982/pumas-in-der-wildnis-patagoniens.html,neutral,shipment details,qwen2.5:7b,,,qwen2.5:72b,,,,qwen2.5:7b,neutral,shipment details,url_1,3
20220101,54,CHINA,EMBASSY,https://gordonua.com/news/worldnews/kitay-otkryl-posolstvo-v-nikaragua-posle-vozobnovleniya-diplomaticheskih-otnosheniy-1589047.html,pull,embassy-in-Nicaragua-after-resuming-diplomatic-relations,qwen2.5:7b,,,qwen2.5:72b,,,,qwen2.5:7b,pull,embassy-in-Nicaragua-after-resuming-diplomatic-relations,url_1,3
20220101,20,COLOMBIA,COLOMBIA,https://www.colombia.com/actualidad/nacionales/12415-contagios-por-la-covid-19-registra-colombia-en-el-primer-dia-del-ano-2022-333346,neutral,infections-due to-covid-19-registered-colombia-on-the-first-day-of-the-year-2022,qwen2.5:7b,,,qwen2.5:72b,,,,qwen2.5:7b,neutral,infections-due to-covid-19-registered-colombia-on-the-first-day-of-the-year-2022,url_1,3
20220101,180,PRISON,,https://pronedra.ru/zaprety-i-primety-rozhdestvenskogo-sochelnik-chto-gotovyat-v-prazdnik-628846.html,neutral,No clear migration-related tokens,qwen2.5:7b,,,qwen2.5:72b,,,,qwen2.5:7b,neutral,No clear migration-related tokens,url_1,3
20220101,30,PRISON,ACADEMICS,https://www.notigape.com/trabajara-gobierno-municipal-por-bienestar-y-progreso-en-2022/243835,pull,municipal-government-will-work-for-welfare-and-progress-in-2022,qwen2.5:7b,,,qwen2.5:72b,,,,qwen2.5:7b,pull,municipal-government-will-work-for-welfare-and-progress-in-2022,url_1,3
20220101,173,POLICE,FRANCE,https://www.franceguyane.fr/actualite/social/mobilisation-sociale-a-pointe-a-pitre-elie-domota-a-ete-arrete-493999.php,push,social-mobilization-in-pointe-a-pitre-elie-domota-was-arrested,qwen2.5:7b,,,qwen2.5:72b,,,,qwen2.5:7b,push,social-mobilization-in-pointe-a-pitre-elie-domota-was-arrested,url_1,3
20220101,186,PERPETRATOR,BAMAKO,http://malijet.com/les_faits_divers_au_mali/265488-commissariat-de-police-du-11eme-arrondissement-fin-de-course-pou.html,neutral,No clear migration-related tokens,qwen2.5:7b,,,qwen2.5:72b,,,,qwen2.5:7b,neutral,No clear migration-related tokens,url_1,3
20220101,10,COMMUNITY,,https://www.lopinionista.it/fico-ringrazia-mattarella-120130.html,neutral,No clear migration-related tokens,qwen2.5:7b,,,qwen2.5:72b,,,,qwen2.5:7b,neutral,No clear migration-related tokens,url_1,3
20220101,111,RESIDENTS,,https://g1.globo.com/sp/piracicaba-regiao/noticia/2022/01/01/biblioteca-municipal-de-limeira-oferece-oficinas-gincana-show-e-sarau-durante-as-ferias-escolares.ghtml,neutral,No clear migration-related tokens,qwen2.5:7b,,,qwen2.5:72b,,,,qwen2.5:7b,neutral,No clear migration-related tokens,url_1,3
20220101,1723,POPULATION,,https://gordonua.com/news/worldnews/vo-francii-v-novogodnyuyu-noch-sozhgli-874-mashiny-mvd-1589046.html,neutral,No clear migration-related tokens,qwen2.5:7b,,,qwen2.5:72b,,,,qwen2.5:7b,neutral,No clear migration-related tokens,url_1,3
20220101,80,ACTOR,,https://www.interris.it/rubriche/opinione/affrontare-questioni-pressanti-luce-dottrina-sociale-chiesa/,neutral,No clear migration-related tokens,qwen2.5:7b,,,qwen2.5:72b,,,,qwen2.5:7b,neutral,No clear migration-related tokens,url_1,3
20220101,833,EUROPE,,https://www.brasil247.com/blog/brasil-para-principiantes,neutral,No clear migration-related tokens,qwen2.5:7b,,,qwen2.5:72b,,,,qwen2.5:7b,neutral,No clear migration-related tokens,url_1,3
20220101,90,EUROPE,,https://alquds.com/2022/01/02/%D8%A3%D9%88%D8%B1%D9%88%D8%A8%D8%A7-%D8%AA%D8%AA%D8%AC%D8%A7%D9%88%D8%B2-%D8%B9%D8%AA%D8%A8%D8%A9-100-%D9%85%D9%84%D9%8A%D9%88%D9%86-%D8%A5%D8%B5%D8%A7%D8%A8%D8%A9-%D8%A8%D9%83%D9%88%D9%81%D9%8A/,neutral,No clear migration-related tokens,qwen2.5:7b,,,qwen2.5:72b,,,,qwen2.5:7b,neutral,No clear migration-related tokens,url_1,3
20220101,112,EUROPEAN,BELARUS,https://www.skivefolkeblad.dk/artikel/8426302b-78a7-3353-beaa-8731a102cde4/,neutral,URL ID-like,qwen2.5:7b,,,qwen2.5:72b,,,,qwen2.5:7b,neutral,URL ID-like,url_1,3
20220101,112,EUROPEAN,RUSSIA,https://www.skivefolkeblad.dk/artikel/8426302b-78a7-3353-beaa-8731a102cde4/,neutral,URL ID-like,qwen2.5:7b,,,qwen2.5:72b,,,,qwen2.5:7b,neutral,URL ID-like,url_1,3
20220101,112,EUROPEAN,RUSSIA,https://www.skivefolkeblad.dk/artikel/8426302b-78a7-3353-beaa-8731a102cde4/,neutral,URL ID-like,qwen2.5:7b,,,qwen2.5:72b,,,,qwen2.5:7b,neutral,URL ID-like,url_1,3
20220101,50,FRANCE,,https://as.com/futbol/2022/01/01/primera/1641057005_745473.html,neutral,"Football article, no migration-related tokens",qwen2.5:7b,,,qwen2.5:72b,,,,qwen2.5:7b,neutral,"Football article, no migration-related tokens",url_1,3
20220101,141,PARIS,POLICE,https://noticias.uol.com.br/ultimas-noticias/deutschewelle/2022/01/01/franca-ve-queda-em-numero-de-carros-incendiados-no-ano-novo.htm,neutral,"Car burnings in France, no direct migration indicators",qwen2.5:7b,,,qwen2.5:72b,,,,qwen2.5:7b,neutral,"Car burnings in France, no direct migration indicators",url_1,3
20220101,192,FRENCH,SYRIA,https://naslovi.net/2022-01-02/rtv/vremeplov-otvorena-prva-citaonica-u-knezevini-srbiji/29652721,neutral,"Library opening in Serbia, no migration-related tokens",qwen2.5:7b,,,qwen2.5:72b,,,,qwen2.5:7b,neutral,"Library opening in Serbia, no migration-related tokens",url_1,3
20220101,192,FRANCE,SYRIA,https://naslovi.net/2022-01-02/rtv/vremeplov-otvorena-prva-citaonica-u-knezevini-srbiji/29652721,neutral,"Library opening in Serbia, no migration-related tokens",qwen2.5:7b,,,qwen2.5:72b,,,,qwen2.5:7b,neutral,"Library opening in Serbia, no migration-related tokens",url_1,3
20220101,190,LILLE,YEMENI,https://www.okaz.com.sa/news/na/2092790,neutral,"News article, no migration-related tokens",qwen2.5:7b,,,qwen2.5:72b,,,,qwen2.5:7b,neutral,"News article, no migration-related tokens",url_1,3
20220101,141,GUADELOUPE,,https://www.franceguyane.fr/actualite/social/mobilisation-sociale-a-pointe-a-pitre-elie-domota-a-ete-arrete-493999.php,neutral,"Social mobilization in French Guiana, no direct migration indicators",qwen2.5:7b,,,qwen2.5:72b,,,,qwen2.5:7b,neutral,"Social mobilization in French Guiana, no direct migration indicators",url_1,3
20220101,172,CONAKRY,,http://malijet.com/actualite_economique_du_mali/265491-lutte-contre-la-fraude-et-la-contrebande-les-douanes-saisissent-.html,neutral,"Customs seizure in Mali, no migration-related tokens",qwen2.5:7b,,,qwen2.5:72b,,,,qwen2.5:7b,neutral,"Customs seizure in Mali, no migration-related tokens",url_1,3
20220101,70,GAMBIA,NORWEGIAN,https://www.analisidifesa.it/2022/01/il-2021-ha-rilanciato-limmigrazione-illegale-su-vasta-scala-in-italia/,pull,illegal immigration,qwen2.5:7b,,,qwen2.5:72b,,,,qwen2.5:7b,pull,illegal immigration,url_1,3
20220101,70,GAMBIA,NORWAY,https://www.analisidifesa.it/2022/01/il-2021-ha-rilanciato-limmigrazione-illegale-su-vasta-scala-in-italia/,pull,illegal immigration,qwen2.5:7b,,,qwen2.5:72b,,,,qwen2.5:7b,pull,illegal immigration,url_1,3
20220101,70,GAMBIA,NORWEGIAN,https://www.analisidifesa.it/2022/01/il-2021-ha-rilanciato-limmigrazione-illegale-su-vasta-scala-in-italia/,pull,illegal immigration,qwen2.5:7b,,,qwen2.5:72b,,,,qwen2.5:7b,pull,illegal immigration,url_1,3
20220101,190,PRESIDENT,,https://alquds.com/2022/01/01/%D8%A5%D8%B5%D8%A7%D8%A8%D8%A7%D8%AA-%D8%AE%D9%84%D8%A7%D9%84-%D9%85%D9%88%D8%A7%D8%AC%D9%87%D8%A7%D8%AA-%D9%81%D9%8A-%D8%A8%D8%B1%D9%82%D8%A9/,push,illegal on a large scale,qwen2.5:7b,,,qwen2.5:72b,,,,qwen2.5:7b,push,illegal on a large scale,url_1,3
20220101,192,PRESIDENT,,https://alquds.com/2022/01/01/%D8%A5%D8%B5%D8%A7%D8%A8%D8%A7%D8%AA-%D8%AE%D9%84%D8%A7%D9%84-%D9%85%D9%88%D8%A7%D8%AC%D9%87%D8%A7%D8%AA-%D9%81%D9%8A-%D8%A8%D8%B1%D9%82%D8%A9/,push,illegal on a large scale,qwen2.5:7b,,,qwen2.5:72b,,,,qwen2.5:7b,push,illegal on a large scale,url_1,3
20220101,20,MINISTRY,EMIRATI,https://www.akhbarona.com/world/340606.html,neutral,,qwen2.5:7b,,,qwen2.5:72b,,,,qwen2.5:7b,neutral,,url_1,3
20220101,51,MINISTRY,EMIRATI,https://www.akhbarona.com/world/340606.html,neutral,,qwen2.5:7b,,,qwen2.5:72b,,,,qwen2.5:7b,neutral,,url_1,3
20220101,71,GOVERNMENT,EUROPEAN,https://www.interris.it/rubriche/opinione/affrontare-questioni-pressanti-luce-dottrina-sociale-chiesa/,neutral,social pressures church,qwen2.5:7b,,,qwen2.5:72b,,,,qwen2.5:7b,neutral,social pressures church,url_1,3
20220101,111,AUTHORITIES,EMPLOYEE,https://ria.ru/20220102/status-1766397981.html,neutral,,qwen2.5:7b,,,qwen2.5:72b,,,,qwen2.5:7b,neutral,,url_1,3
20220101,841,DIPLOMAT,PRISONER,https://www.republika.co.id/berita/r520da430/indiapakistan-tukar-daftar-tahanan,neutral,,qwen2.5:7b,,,qwen2.5:72b,,,,qwen2.5:7b,neutral,,url_1,3
20220101,841,DIPLOMAT,PRISONER,https://www.republika.co.id/berita/r520da430/indiapakistan-tukar-daftar-tahanan,neutral,India Pakistan exchanges prisoner list,qwen2.5:7b,,,qwen2.5:72b,,,,qwen2.5:7b,neutral,India Pakistan exchanges prisoner list,url_1,3
20220101,1014,EMBASSY,UKRAINIAN,https://pronedra.ru/znaki-vostochnogo-kalendarya-po-godu-rozhdeniya-kotorym-povezet-v-2022-godu-628853.html,unclear,signs of the eastern calendar according to birth gl who will be lucky in 2022,qwen2.5:7b,neutral,No clear migration-related tokens,qwen2.5:72b,,,,qwen2.5:7b,neutral,No clear migration-related tokens,url_2,3
20220101,1014,EMBASSY,UKRAINIAN,https://pronedra.ru/znaki-vostochnogo-kalendarya-po-godu-rozhdeniya-kotorym-povezet-v-2022-godu-628853.html,unclear,signs of the eastern calendar according to birth gl who will be lucky in 2022,qwen2.5:7b,neutral,No migration-related tokens,qwen2.5:72b,,,,qwen2.5:7b,neutral,No migration-related tokens,url_2,3
20220101,36,MINIST OF EDUCATION,,https://www.diariolaprovinciasj.com/educacion/2022/1/1/el-ministerio-de-educacion-atendera-en-nuevo-horario-165874.html,neutral,The Ministry of Education will attend new hours,qwen2.5:7b,,,qwen2.5:72b,,,,qwen2.5:7b,neutral,The Ministry of Education will attend new hours,url_1,3
20220101,13,MEDICAL ASSOCIATION,,https://www.aftenposten.no/verden/i/OrevnE/foerste-nyttaarsdag-ble-det-registrert-over-160000-koronatilfeller-i-en,neutral,"on New Year's Day, over 160,000 corona cases were registered in one",qwen2.5:7b,,,qwen2.5:72b,,,,qwen2.5:7b,neutral,"on New Year's Day, over 160,000 corona cases were registered in one",url_1,3
20220101,120,DOCTOR,,https://kino.24tv.ua/ru/novogodnie-multfilmy-dlja-vsej-semi-dushevnaja-podborka-dlja_n1831930,unclear,"New Year's cartoons for the whole family, a heartfelt selection for",qwen2.5:7b,neutral,No migration-related tokens,qwen2.5:72b,,,,qwen2.5:7b,neutral,No migration-related tokens,url_2,3
20220101,120,DOCTOR,,https://kino.24tv.ua/ru/novogodnie-multfilmy-dlja-vsej-semi-dushevnaja-podborka-dlja_n1831930,unclear,"New Year's cartoons for the whole family, a heartfelt selection for",qwen2.5:7b,neutral,No migration-related tokens,qwen2.5:72b,,,,qwen2.5:7b,neutral,No migration-related tokens,url_2,3
20220101,10,CROATIAN,,https://madeinfoot.ouest-france.fr/infos/article-asm-l-as-monaco-officialise-le-depart-de-niko-kovac-officiel-364395.html,neutral,AS Monaco formalizes the departure of Niko Kovac official,qwen2.5:7b,,,qwen2.5:72b,,,,qwen2.5:7b,neutral,AS Monaco formalizes the departure of Niko Kovac official,url_1,3
20220101,10,CROATIAN,,https://madeinfoot.ouest-france.fr/infos/article-asm-l-as-monaco-officialise-le-depart-de-niko-kovac-officiel-364395.html,neutral,AS Monaco formalizes the departure of Niko Kovac official,qwen2.5:7b,,,qwen2.5:72b,,,,qwen2.5:7b,neutral,AS Monaco formalizes the departure of Niko Kovac official,url_1,3
20220101,42,CROATIAN,,https://madeinfoot.ouest-france.fr/infos/article-asm-l-as-monaco-officialise-le-depart-de-niko-kovac-officiel-364395.html,neutral,AS Monaco formalizes the departure of Niko Kovac official,qwen2.5:7b,,,qwen2.5:72b,,,,qwen2.5:7b,neutral,AS Monaco formalizes the departure of Niko Kovac official,url_1,3
20220101,42,CROATIAN,,https://madeinfoot.ouest-france.fr/infos/article-asm-l-as-monaco-officialise-le-depart-de-niko-kovac-officiel-364395.html,push,departure,qwen2.5:7b,,,qwen2.5:72b,,,,qwen2.5:7b,push,departure,url_1,3
20220101,43,JAKARTA,FLORIDA,https://www.republika.co.id/berita/r520u2384/ini-ketentuan-tes-antigen-di-stasiun,neutral,,qwen2.5:7b,,,qwen2.5:72b,,,,qwen2.5:7b,neutral,,url_1,3
20220101,10,ISRAEL,,https://www.lematin.ch/story/apres-des-tirs-de-roquettes-frappes-israeliennes-sur-gaza-569823935907,push,"rocket fire, israeli strikes on gaza",qwen2.5:7b,,,qwen2.5:72b,,,,qwen2.5:7b,push,"rocket fire, israeli strikes on gaza",url_1,3
20220101,61,ISRAEL,,https://www.alquds.co.uk/%D8%A7%D9%84%D8%AC%D9%8A%D8%B4-%D8%A7%D9%84%D8%A5%D8%B3%D8%B1%D8%A7%D8%A6%D9%8A%D9%84%D9%8A-%D9%8A%D9%82%D8%B5%D9%81-%D8%A3%D9%87%D8%AF%D8%A7%D9%81%D8%A7-%D9%81%D9%8A-%D9%82%D8%B7%D8%A7%D8%B9-%D8%BA/,pull,asylum residency,qwen2.5:7b,,,qwen2.5:72b,,,,qwen2.5:7b,pull,asylum residency,url_1,3
20220101,190,ISRAELI,ISRAEL,https://ria.ru/20220102/status-1766397981.html,neutral,,qwen2.5:7b,,,qwen2.5:72b,,,,qwen2.5:7b,neutral,,url_1,3
20220101,871,ISRAEL,PALESTINIAN,https://www.alquds.co.uk/%D8%A7%D9%84%D8%AC%D9%8A%D8%B4-%D8%A7%D9%84%D8%A5%D8%B3%D8%B1%D8%A7%D8%A6%D9%8A%D9%84%D9%8A-%D9%8A%D9%82%D8%B5%D9%81-%D8%A3%D9%87%D8%AF%D8%A7%D9%81%D8%A7-%D9%81%D9%8A-%D9%82%D8%B7%D8%A7%D8%B9-%D8%BA/,pull,asylum residency,qwen2.5:7b,,,qwen2.5:72b,,,,qwen2.5:7b,pull,asylum residency,url_1,3
20220101,190,ISRAELI,GAZA,https://ria.ru/20220102/udary-1766397744.html,push,"rocket fire, israeli strikes on gaza",qwen2.5:7b,,,qwen2.5:72b,,,,qwen2.5:7b,push,"rocket fire, israeli strikes on gaza",url_1,3
20220101,194,ISRAEL,PALESTINIAN,https://www.lematin.ch/story/apres-des-tirs-de-roquettes-frappes-israeliennes-sur-gaza-569823935907,push,"rocket fire, israeli strikes on gaza",qwen2.5:7b,,,qwen2.5:72b,,,,qwen2.5:7b,push,"rocket fire, israeli strikes on gaza",url_1,3
20220101,194,ISRAEL,HAMAS,https://www.lematin.ch/story/apres-des-tirs-de-roquettes-frappes-israeliennes-sur-gaza-569823935907,push,"rocket fire, israeli strikes on gaza",qwen2.5:7b,,,qwen2.5:72b,,,,qwen2.5:7b,push,"rocket fire, israeli strikes on gaza",url_1,3
20220101,90,ISRAELI,,https://www.adn40.mx/internacional/israel-flurona-gripe-covid-19-pfp,neutral,,qwen2.5:7b,,,qwen2.5:72b,,,,qwen2.5:7b,neutral,,url_1,3
20220101,10,ISRAELI,ISRAEL,https://www.notigape.com/israel-detecto-primer-caso-de-flurona-gripe-y-covid-19-en-simultaneo/243839,neutral,no clear migration-related tokens in URL,qwen2.5:7b,,,qwen2.5:72b,,,,qwen2.5:7b,neutral,no clear migration-related tokens in URL,url_1,3
20220101,90,ISRAELI,ISRAEL,https://www.adn40.mx/internacional/israel-flurona-gripe-covid-19-pfp,neutral,no clear migration-related tokens in URL,qwen2.5:7b,,,qwen2.5:72b,,,,qwen2.5:7b,neutral,no clear migration-related tokens in URL,url_1,3
20220101,190,ISRAELI,,https://ria.ru/20220102/status-1766397981.html,neutral,"status-1766397981.html (ambiguous, no clear migration indicators)",qwen2.5:7b,,,qwen2.5:72b,,,,qwen2.5:7b,neutral,"status-1766397981.html (ambiguous, no clear migration indicators)",url_1,3
20220101,190,ISRAEL,ISRAEL,https://ria.ru/20220102/status-1766397981.html,neutral,"status-1766397981.html (ambiguous, no clear migration indicators)",qwen2.5:7b,,,qwen2.5:72b,,,,qwen2.5:7b,neutral,"status-1766397981.html (ambiguous, no clear migration indicators)",url_1,3
20220101,190,ISRAEL,ISRAEL,https://ria.ru/20220102/udary-1766397744.html,neutral,"udary-1766397744.html (ambiguous, no clear migration indicators)",qwen2.5:7b,,,qwen2.5:72b,,,,qwen2.5:7b,neutral,"udary-1766397744.html (ambiguous, no clear migration indicators)",url_1,3
20220101,190,ISRAELI,GAZA,https://ria.ru/20220102/status-1766397981.html,neutral,"status-1766397981.html (ambiguous, no clear migration indicators)",qwen2.5:7b,,,qwen2.5:72b,,,,qwen2.5:7b,neutral,"status-1766397981.html (ambiguous, no clear migration indicators)",url_1,3
20220101,190,ISRAELI,GAZA,https://ria.ru/20220102/udary-1766397744.html,neutral,"udary-1766397744.html (ambiguous, no clear migration indicators)",qwen2.5:7b,,,qwen2.5:72b,,,,qwen2.5:7b,neutral,"udary-1766397744.html (ambiguous, no clear migration indicators)",url_1,3
20220101,20,ISRAELI,ISRAELI,https://www.alarab.com/Article/1018146,neutral,no clear migration-related tokens in URL,qwen2.5:7b,,,qwen2.5:72b,,,,qwen2.5:7b,neutral,no clear migration-related tokens in URL,url_1,3
20220101,43,ITALY,,https://www.analisidifesa.it/2022/01/il-2021-ha-rilanciato-limmigrazione-illegale-su-vasta-scala-in-italia/,pull,immigration illegale (illegal immigration encouraged),qwen2.5:7b,,,qwen2.5:72b,,,,qwen2.5:7b,pull,immigration illegale (illegal immigration encouraged),url_1,3
20220101,173,ITALY,ALBANIA,http://www.oranews.tv/vendi/ky-eshte-shqiptari-i-arratisur-nga-burgu-ne-itali-naten-e-nderrimit-te-vit-i1023852,push,arratisur burgu (fleeing from war encouraged),qwen2.5:7b,,,qwen2.5:72b,,,,qwen2.5:7b,push,arratisur burgu (fleeing from war encouraged),url_1,3
20220101,42,ITALY,ITALIAN,https://www.interris.it/copertina/perno-opbg-omicron-bambini/,neutral,pin-opbg-omicron-children,qwen2.5:7b,,,qwen2.5:72b,,,,qwen2.5:7b,neutral,pin-opbg-omicron-children,url_1,3
20220101,43,ITALIAN,,https://www.interris.it/copertina/perno-opbg-omicron-bambini/,neutral,pin-opbg-omicron-children,qwen2.5:7b,,,qwen2.5:72b,,,,qwen2.5:7b,neutral,pin-opbg-omicron-children,url_1,3
20220101,43,ITALIAN,ITALY,https://www.interris.it/copertina/perno-opbg-omicron-bambini/,neutral,pin-opbg-omicron-children,qwen2.5:7b,,,qwen2.5:72b,,,,qwen2.5:7b,neutral,pin-opbg-omicron-children,url_1,3
20220101,10,JUDGE,,https://www.analisidifesa.it/2022/01/il-2021-ha-rilanciato-limmigrazione-illegale-su-vasta-scala-in-italia/,pull,2021-has-relaunched-illegal-immigration-on-a-large-scale-in-italy,qwen2.5:7b,,,qwen2.5:72b,,,,qwen2.5:7b,pull,2021-has-relaunched-illegal-immigration-on-a-large-scale-in-italy,url_1,3
20220101,43,SOUTH KOREA,MUSLIM,https://portaljember.pikiran-rakyat.com/pariwisata/pr-163372393/7-destinasi-wisata-halal-di-korea-selatan-cocok-bagi-umat-muslim-yang-traveling-ke-negeri-ginseng,neutral,7-halal-tourism-destinations-in-South-Korea-suitable-for-Muslims-who-travel-to-the-land-of-ginseng,qwen2.5:7b,,,qwen2.5:72b,,,,qwen2.5:7b,neutral,7-halal-tourism-destinations-in-South-Korea-suitable-for-Muslims-who-travel-to-the-land-of-ginseng,url_1,3
20220101,84,TRADE UNION,,https://www.franceguyane.fr/actualite/social/mobilisation-sociale-a-pointe-a-pitre-elie-domota-a-ete-arrete-493999.php,push,social-mobilization-in-pointe-a-pitre-elie-domota-was-arrested,qwen2.5:7b,,,qwen2.5:72b,,,,qwen2.5:7b,push,social-mobilization-in-pointe-a-pitre-elie-domota-was-arrested,url_1,3
20220101,111,TRADE UNION,,https://www.franceguyane.fr/actualite/social/mobilisation-sociale-a-pointe-a-pitre-elie-domota-a-ete-arrete-493999.php,push,social-mobilization-in-pointe-a-pitre-elie-domota-was-arrested,qwen2.5:7b,,,qwen2.5:72b,,,,qwen2.5:7b,push,social-mobilization-in-pointe-a-pitre-elie-domota-was-arrested,url_1,3
20220101,100,REPRESENTATIVES,VOTER,https://www.corriere.it/editoriali/22_gennaio_01/i-partiti-quirinaleche-cosa-serve-ora-paese-466c0010-6b3e-11ec-a3c8-e3c830b3b1de.shtml,neutral,the-quirinale-parties-what-is-needed-now-country,qwen2.5:7b,,,qwen2.5:72b,,,,qwen2.5:7b,neutral,the-quirinale-parties-what-is-needed-now-country,url_1,3
20220101,120,REPRESENTATIVES,VOTER,https://www.corriere.it/editoriali/22_gennaio_01/i-partiti-quirinaleche-cosa-serve-ora-paese-466c0010-6b3e-11ec-a3c8-e3c830b3b1de.shtml,neutral,the-quirinale-parties-what-is-needed-now-country,qwen2.5:7b,,,qwen2.5:72b,,,,qwen2.5:7b,neutral,the-quirinale-parties-what-is-needed-now-country,url_1,3
20220101,161,MONACO,,https://madeinfoot.ouest-france.fr/infos/article-asm-l-as-monaco-officialise-le-depart-de-niko-kovac-officiel-364395.html,neutral,asm-l-as-monaco-officializes-the-departure-of-niko-kovac-official,qwen2.5:7b,,,qwen2.5:72b,,,,qwen2.5:7b,neutral,asm-l-as-monaco-officializes-the-departure-of-niko-kovac-official,url_1,3
20220101,161,MONACO,,https://madeinfoot.ouest-france.fr/infos/article-asm-l-as-monaco-officialise-le-depart-de-niko-kovac-officiel-364395.html,push,the departure,qwen2.5:7b,,,qwen2.5:72b,,,,qwen2.5:7b,push,the departure,url_1,3
20220101,51,MILITARY,,https://www.okaz.com.sa/news/na/2092790,neutral,,qwen2.5:7b,,,qwen2.5:72b,,,,qwen2.5:7b,neutral,,url_1,3
20220101,51,MILITARY,,https://www.okaz.com.sa/news/na/2092790,neutral,,qwen2.5:7b,,,qwen2.5:72b,,,,qwen2.5:7b,neutral,,url_1,3
20220101,114,NAVY,,https://omirante.pt/sociedade/2022-01-01-Vila-Franca-de-Xira-vai-ter-de-realizar-mais-obras-para-ganhar-novo-tribunal-a4687496,neutral,,qwen2.5:7b,,,qwen2.5:72b,,,,qwen2.5:7b,neutral,,url_1,3
20220101,190,MALI,,http://malijet.com/actualite-politique-au-mali/editorial-journaux-mali/265485-edito-le-pragmatisme-russe-aux-antipodes-des-th%C3%A9ories-fran%C3%A7aises.html,neutral,,qwen2.5:7b,,,qwen2.5:72b,,,,qwen2.5:7b,neutral,,url_1,3
20220101,42,MUSLIM,SOUTH KOREA,https://portaljember.pikiran-rakyat.com/pariwisata/pr-163372393/7-destinasi-wisata-halal-di-korea-selatan-cocok-bagi-umat-muslim-yang-traveling-ke-negeri-ginseng,pull,halal-tourism-destinations,qwen2.5:7b,,,qwen2.5:72b,,,,qwen2.5:7b,pull,halal-tourism-destinations,url_1,3
20220101,841,PRISONER,DIPLOMAT,https://www.republika.co.id/berita/r520da430/indiapakistan-tukar-daftar-tahanan,neutral,,qwen2.5:7b,,,qwen2.5:72b,,,,qwen2.5:7b,neutral,,url_1,3
20220101,42,POLE,,https://as.com/futbol/2022/01/01/primera/1641057005_745473.html,neutral,,qwen2.5:7b,,,qwen2.5:72b,,,,qwen2.5:7b,neutral,,url_1,3
20220101,161,PORTUGAL,MADEIRA,https://www.akhbarona.com/last/340605.html,push,rocket fire,qwen2.5:7b,,,qwen2.5:72b,,,,qwen2.5:7b,push,rocket fire,url_1,3
20220101,10,PALESTINIAN,,https://www.lematin.ch/story/apres-des-tirs-de-roquettes-frappes-israeliennes-sur-gaza-569823935907,push,israeli-strikes-on-gaza,qwen2.5:7b,,,qwen2.5:72b,,,,qwen2.5:7b,push,israeli-strikes-on-gaza,url_1,3
20220101,10,PALESTINIAN,,https://www.lematin.ch/story/apres-des-tirs-de-roquettes-frappes-israeliennes-sur-gaza-569823935907,push,"rocket fire, Israeli strikes",qwen2.5:7b,,,qwen2.5:72b,,,,qwen2.5:7b,push,"rocket fire, Israeli strikes",url_1,3
20220101,61,PALESTINIAN,,https://www.alquds.co.uk/%D8%A7%D9%84%D8%AC%D9%8A%D8%B4-%D8%A7%D9%84%D8%A5%D8%B3%D8%B1%D8%A7%D8%A6%D9%8A%D9%84%D9%8A-%D9%8A%D9%82%D8%B5%D9%81-%D8%A3%D9%87%D8%AF%D8%A7%D9%81%D8%A7-%D9%81%D9%8A-%D9%82%D8%B7%D8%A7%D8%B9-%D8%BA/,pull,"asylum, residence",qwen2.5:7b,,,qwen2.5:72b,,,,qwen2.5:7b,pull,"asylum, residence",url_1,3
20220101,10,PALESTINIAN,ISRAEL,https://www.lematin.ch/story/apres-des-tirs-de-roquettes-frappes-israeliennes-sur-gaza-569823935907,push,"rocket fire, Israeli strikes",qwen2.5:7b,,,qwen2.5:72b,,,,qwen2.5:7b,push,"rocket fire, Israeli strikes",url_1,3
20220101,10,PALESTINIAN,ISRAEL,https://www.lematin.ch/story/apres-des-tirs-de-roquettes-frappes-israeliennes-sur-gaza-569823935907,push,"rocket fire, Israeli strikes",qwen2.5:7b,,,qwen2.5:72b,,,,qwen2.5:7b,push,"rocket fire, Israeli strikes",url_1,3
20220101,61,PALESTINIAN,ISRAEL,https://www.alquds.co.uk/%D8%A7%D9%84%D8%AC%D9%8A%D8%B4-%D8%A7%D9%84%D8%A5%D8%B3%D8%B1%D8%A7%D8%A6%D9%8A%D9%84%D9%8A-%D9%8A%D9%82%D8%B5%D9%81-%D8%A3%D9%87%D8%AF%D8%A7%D9%81%D8%A7-%D9%81%D9%8A-%D9%82%D8%B7%D8%A7%D8%B9-%D8%BA/,pull,"asylum, residence",qwen2.5:7b,,,qwen2.5:72b,,,,qwen2.5:7b,pull,"asile, résidence",url_1,3
20220101,195,HAMAS,,https://alquds.com/2022/01/02/%D8%A7%D9%84%D8%A7%D8%AD%D8%AA%D9%84%D8%A7%D9%84-%D9%8A%D9%82%D8%B5%D9%81-%D9%85%D9%88%D9%82%D8%B9%D9%8B%D8%A7-%D9%84%D9%84%D9%85%D9%82%D8%A7%D9%88%D9%85%D8%A9-%D8%A8%D8%BA%D8%B2%D8%A9/,unclear,generic URL token,qwen2.5:7b,pull,"visa (visa), residence (residency) suggest arrival",qwen2.5:72b,,,,qwen2.5:7b,pull,"visa (visa), residence (residency) suggest arrival",url_2,3
20220101,195,HAMAS,,https://alquds.com/2022/01/02/%D8%A7%D9%84%D8%A7%D8%AD%D8%AA%D9%84%D8%A7%D9%84-%D9%8A%D9%82%D8%B5%D9%81-%D9%85%D9%88%D9%82%D8%B9%D9%8B%D8%A7-%D9%84%D9%84%D9%85%D9%82%D8%A7%D9%88%D9%85%D8%A9-%D8%A8%D8%BA%D8%B2%D8%A9/,unclear,generic URL token,qwen2.5:7b,pull,"visa (visa), residence (residency) suggest arrival",qwen2.5:72b,,,,qwen2.5:7b,pull,"visa (visa), residence (residency) suggest arrival",url_2,3
20220101,1712,POLITICIAN,,https://www.analisidifesa.it/2022/01/il-2021-ha-rilanciato-limmigrazione-illegale-su-vasta-scala-in-italia/,pull,immigration illegal,qwen2.5:7b,,,qwen2.5:72b,,,,qwen2.5:7b,pull,immigration illegale,url_1,3
20220101,833,ARCHBISHOP,,https://noticias.uol.com.br/ultimas-noticias/efe/2022/01/01/sul-africanos-se-despedem-de-desmond-tutu.htm,push,South Africans part ways with Desmond Tutu,qwen2.5:7b,,,qwen2.5:72b,,,,qwen2.5:7b,push,South Africans part ways with Desmond Tutu,url_1,3
20220101,84,ROMANIA,,https://evz.ro/catalin-harnagea-fostul-sef-al-serviciului-extern-de-informatii-incepe-sa-scrie-in-evenimentul-zilei.html,neutral,no clear migration-related tokens,qwen2.5:7b,,,qwen2.5:72b,,,,qwen2.5:7b,neutral,no clear migration-related tokens,url_1,3
20220101,10,RUSSIA,,https://www.volynnews.com/news/all/5-naykrutishykh-skarbiv-volynskoho-krayeznavchoho-muzeiu-foto/,neutral,no clear migration-related tokens,qwen2.5:7b,,,qwen2.5:72b,,,,qwen2.5:7b,neutral,no clear migration-related tokens,url_1,3
20220101,10,RUSSIA,,https://kino.24tv.ua/ru/novogodnie-multfilmy-dlja-vsej-semi-dushevnaja-podborka-dlja_n1831930,neutral,no clear migration-related tokens,qwen2.5:7b,,,qwen2.5:72b,,,,qwen2.5:7b,neutral,no clear migration-related tokens,url_1,3
20220101,111,RUSSIAN,,https://www.teleport2001.ru/news/2022-01-02/140398-zasukha-grozit-lyudyam-i-zhivotnym-iz-za-stroitelstva-plotiny-na-dalnem-vostoke.html,push,drought threatens people and animals,qwen2.5:7b,,,qwen2.5:72b,,,,qwen2.5:7b,push,zasukha grozit lyudyam i zhivotnym,url_1,3
20220101,110,RUSSIAN,FRENCH,http://malijet.com/actualite-politique-au-mali/editorial-journaux-mali/265485-edito-le-pragmatisme-russe-aux-antipodes-des-th%C3%A9ories-fran%C3%A7aises.html,neutral,no clear migration-related tokens,qwen2.5:7b,,,qwen2.5:72b,,,,qwen2.5:7b,neutral,no clear migration-related tokens,url_1,3
20220101,182,JEDDAH,FRANCE,https://www.la-croix.com/Dakar-2022-Al-Attiyah-auto-Sanders-moto-remportent-prologue-concurrent-blesse-explosion-2022-01-01-1301192706,neutral,no clear migration-related tokens,qwen2.5:7b,,,qwen2.5:72b,,,,qwen2.5:7b,neutral,no clear migration-related tokens,url_1,3
20220101,182,JEDDAH,FRANCE,https://www.la-croix.com/Dakar-2022-Al-Attiyah-auto-Sanders-moto-remportent-prologue-concurrent-blesse-explosion-2022-01-01-1301192706,neutral,no clear migration-related tokens,qwen2.5:7b,,,qwen2.5:72b,,,,qwen2.5:7b,neutral,no clear migration-related tokens,url_1,3
20220101,182,JEDDAH,FRENCH,https://www.la-croix.com/Dakar-2022-Al-Attiyah-auto-Sanders-moto-remportent-prologue-concurrent-blesse-explosion-2022-01-01-1301192706,neutral,no clear migration-related tokens,qwen2.5:7b,,,qwen2.5:72b,,,,qwen2.5:7b,neutral,no clear migration-related tokens,url_1,3
20220101,182,JEDDAH,FRANCE,https://www.la-croix.com/Dakar-2022-Al-Attiyah-auto-Sanders-moto-remportent-prologue-concurrent-blesse-explosion-2022-01-01-1301192706,neutral,no clear migration-related tokens,qwen2.5:7b,,,qwen2.5:72b,,,,qwen2.5:7b,neutral,no clear migration-related tokens,url_1,3
20220101,120,SAUDI,SAUDI ARABIA,https://www.la-croix.com/Dakar-2022-Al-Attiyah-auto-Sanders-moto-remportent-prologue-concurrent-blesse-explosion-2022-01-01-1301192706,neutral,no clear migration-related tokens,qwen2.5:7b,,,qwen2.5:72b,,,,qwen2.5:7b,neutral,no clear migration-related tokens,url_1,3
20220101,60,SENEGAL,,https://www.la-croix.com/Dakar-2022-Al-Attiyah-auto-Sanders-moto-remportent-prologue-concurrent-blesse-explosion-2022-01-01-1301192706,neutral,no clear migration-related tokens,qwen2.5:7b,,,qwen2.5:72b,,,,qwen2.5:7b,neutral,no clear migration-related tokens,url_1,3
20220101,60,DAKAR,,https://www.la-croix.com/Dakar-2022-Al-Attiyah-auto-Sanders-moto-remportent-prologue-concurrent-blesse-explosion-2022-01-01-1301192706,neutral,no clear migration-related tokens,qwen2.5:7b,,,qwen2.5:72b,,,,qwen2.5:7b,neutral,no clear migration-related tokens,url_1,3
20220101,180,SETTLER,ISRAEL,https://www.alarab.com/Article/1018146,neutral,no clear migration-related tokens,qwen2.5:7b,,,qwen2.5:72b,,,,qwen2.5:7b,neutral,no clear migration-related tokens,url_1,3
20220101,180,SETTLER,PALESTINIAN,https://www.alarab.com/Article/1018146,neutral,no clear migration-related tokens,qwen2.5:7b,,,qwen2.5:72b,,,,qwen2.5:7b,neutral,no clear migration-related tokens,url_1,3
20220101,193,SETTLER,GUNMEN,https://alquds.com/2022/01/02/%D8%A7%D9%84%D9%85%D9%82%D8%A7%D9%88%D9%85%D8%A9-%D8%A7%D9%84%D8%B4%D8%B9%D8%A8%D9%8A%D8%A9-%D8%AA%D8%B3%D8%AA%D8%B9%D8%B1-%D9%81%D9%8A-%D8%B4%D9%85%D8%A7%D9%84-%D8%A7%D9%84%D8%B6%D9%81%D8%A9/,push,prologue-competitor-hurt-explosion,qwen2.5:7b,,,qwen2.5:72b,,,,qwen2.5:7b,push,prologue-competitor-hurt-explosion,url_1,3
20220101,36,SYRIAN,SYRIAN,https://www.alarab.com/Article/1018149,neutral,no clear migration-related tokens,qwen2.5:7b,,,qwen2.5:72b,,,,qwen2.5:7b,neutral,no clear migration-related tokens,url_1,3
20220101,36,SYRIAN,SYRIAN,https://www.alarab.com/Article/1018149,neutral,no clear migration-related tokens,qwen2.5:7b,,,qwen2.5:72b,,,,qwen2.5:7b,neutral,no clear migration-related tokens,url_1,3
20220101,36,SYRIAN,SYRIAN,https://www.alarab.com/Article/1018149,neutral,no clear migration-related tokens,qwen2.5:7b,,,qwen2.5:72b,,,,qwen2.5:7b,neutral,no clear migration-related tokens,url_1,3
20220101,36,SYRIAN,SYRIAN,https://www.alarab.com/Article/1018149,neutral,no clear migration-related tokens,qwen2.5:7b,,,qwen2.5:72b,,,,qwen2.5:7b,neutral,no clear migration-related tokens,url_1,3
20220101,23,UKRAINIAN,,https://kino.24tv.ua/ru/novogodnie-multfilmy-dlja-vsej-semi-dushevnaja-podborka-dlja_n1831930,neutral,no clear migration-related tokens,qwen2.5:7b,,,qwen2.5:72b,,,,qwen2.5:7b,neutral,no clear migration-related tokens,url_1,3
20220101,90,WYOMING,,https://g1.globo.com/mundo/noticia/2022/01/01/a-epidemia-de-desaparecimentos-de-indigenas-que-intriga-os-eua.ghtml,pull,epidemic-of-disappearances-of-indigenous-people-that-intrigue-the-us,qwen2.5:7b,,,qwen2.5:72b,,,,qwen2.5:7b,pull,epidemic-of-disappearances-of-indigenous-people-that-intrigue-the-us,url_1,3
20220101,42,FLORIDA,JAKARTA,https://www.republika.co.id/berita/r520u2384/ini-ketentuan-tes-antigen-di-stasiun,neutral,tes antigen,qwen2.5:7b,,,qwen2.5:72b,,,,qwen2.5:7b,neutral,tes antigen,url_1,3
20220101,190,YEMENI,LILLE,https://www.okaz.com.sa/news/na/2092790,neutral,antigen test provisions,qwen2.5:7b,,,qwen2.5:72b,,,,qwen2.5:7b,neutral,ketentuan tes antigen,url_1,3
20220101,10,YEMENI,PERSIAN,https://www.okaz.com.sa/news/na/2092790,neutral,antigen test provisions,qwen2.5:7b,,,qwen2.5:72b,,,,qwen2.5:7b,neutral,antigen test provisions,url_1,3
20220101,50,CATALAN,,https://sport1.oslobodjenje.ba/s1/fudbal/ino-fudbal/primera/postigao-dogovor-sa-kataloncima-barcelona-sljedeceg-ljeta-dobija-veliko-pojacanje-721568,neutral,football,qwen2.5:7b,,,qwen2.5:72b,,,,qwen2.5:7b,neutral,fudbal,url_1,3
20220101,141,SLAVIC,TARA,https://www.kramatorsk.info/view/272909,push,Kramatorsk,qwen2.5:7b,,,qwen2.5:72b,,,,qwen2.5:7b,push,Kramatorsk,url_1,3
20220101,141,SLAVIC,UKRAINE,https://www.kramatorsk.info/view/272909,push,Kramatorsk,qwen2.5:7b,,,qwen2.5:72b,,,,qwen2.5:7b,push,Kramatorsk,url_1,3
20210102,51,POLAND,,https://logistyka.rp.pl/drogowy/art19249821-na-ten-rok-w-planach-oddanie-do-uzytku-345-km-drog-krajowych,neutral,road,qwen2.5:7b,,,qwen2.5:72b,,,,qwen2.5:7b,neutral,road,url_1,3
20210102,51,POLISH,,https://logistyka.rp.pl/drogowy/art19249821-na-ten-rok-w-planach-oddanie-do-uzytku-345-km-drog-krajowych,neutral,road,qwen2.5:7b,,,qwen2.5:72b,,,,qwen2.5:7b,neutral,road,url_1,3
20210102,51,POLISH,,https://logistyka.rp.pl/drogowy/art19249821-na-ten-rok-w-planach-oddanie-do-uzytku-345-km-drog-krajowych,neutral,road,qwen2.5:7b,,,qwen2.5:72b,,,,qwen2.5:7b,neutral,drogowy,url_1,3
20220102,36,,BUENOS AIRES,https://urgente24.com/actualidad/tragedia-palermo-asesino-al-volante-alcohol-y-muerte-n531977,neutral,driving killer alcohol and death,qwen2.5:7b,,,qwen2.5:72b,,,,qwen2.5:7b,neutral,driving killer alcohol and death,url_1,3
20220102,100,,BUSINESS,https://www.eluniversal.com.mx/cartera/concanaco-pide-comercios-mantener-medidas-sanitarias-y-evitar-cierres-por-ola-de-covid,neutral,businesses-maintain-health-measures-and-avoid-closures-due to-covid-wave,qwen2.5:7b,,,qwen2.5:72b,,,,qwen2.5:7b,neutral,comercios-mantener-medidas-sanitarias-y-evitar-cierres-por-ola-de-covid,url_1,3
20220102,190,,TYCOON,https://revistamonet.globo.com/Celebridades/noticia/2022/01/look-de-jeff-bezos-um-dos-homens-mais-ricos-do-mundo-no-reveillon-rende-piadas-nas-redes-meio-vin-diesel-meio-agostinho-carrara.html,neutral,look-of-jeff-bezos-one-of-the-richest-men-in-the-world-on-New Year's Eve-makes-jokes-on-the-networks-half-vin-diesel-half-Augustine-Carrara,qwen2.5:7b,,,qwen2.5:72b,,,,qwen2.5:7b,neutral,look-de-jeff-bezos-um-dos-homens-mais-ricos-do-mundo-no-reveillon-rende-piadas-nas-redes-meio-vin-diesel-meio-agostinho-carrara,url_1,3
20220102,112,,CALGARY,https://www.journaldemontreal.com/2022/01/02/manifestations-anti-covid-un-pasteur-et-son-frere-arretes-par-calgary,neutral,anti-covid-protests-a-pastor-and-his-brother-arrested-by-calgary,qwen2.5:7b,,,qwen2.5:72b,,,,qwen2.5:7b,neutral,anti-covid-protests-a-pastor-and-his-brother-arrested-by-calgary,url_1,3
20220102,841,,POLICE,https://www.hoydiariodelmagdalena.com.co/archivos/613756,unclear,files/613756,qwen2.5:7b,unclear,URL too short or ambiguous,qwen2.5:72b,"En diálogo con Enrique Gómez Martínez, abogado de la familia y sobrino del asesinado líder conservador Álvaro Gómez Hurtado, explicó en La FM los pormenores de los documentos del archivo de vigilancia del (Departamento Administrativo de Seguridad) DAS, a los que recientemente lograron acceder y que daría más luces para esclarecer los hechos que rodean el magnicidio ejecutado el 2 de noviembre de 1995.

Gómez Martínez relató que desde hace 5 años se ha librado una lucha compleja para que se revelen en su totalidad los archivos de vigilancia del DAS y tras ganar una tutela que permitió el acceso a esa documentación se logró encontrar varias referencias relacionadas sobre la investigación de la muerte de Álvaro Gómez Hurtado.

El abogado sostiene que hay varias evidencias sobre diferentes perfilamientos sistemáticos que ejecutó la división de inteligencia a todos los opositores y críticos del entonces presidente Enrique Samper Pizano y entre estas personas figura Gómez Hurtado.

«Estamos esperando poder confirmar la época en que fueron realizados estos seguimientos y queremos establecer si en esos seguimientos hubo interceptaciones telefónicas».

De igual manera, Enrique Gómez Martínez sostiene que halló evidencia que demuestra que en ninguno de los diferentes boletines que el DAS generaba para el presidente Samper, se habló sobre una presunta conspiración militar o golpista en su contra.

El abogado precisó que en dichos documentos también se descartó que la muerte de Álvaro Gómez Hurtado estuviese relacionada con un supuesto golpe de estado.

«El DAS descartó en 1995 la hipótesis que indica que la muerte de Álvaro Gómez se produjo en un fallido golpe de estado, Ramiro Bejarano durante años ha venido diciendo mentiras al país, estos informes deben ser puestos en conocimiento entre las partes del caso».

“Eso dio lugar a dos tutelas y de ahí vimos como la administración Santos con la asesoría de Ramiro Bejarano (director del DAS en la época en la que ocurrió el asesinato de Gómez Hurtado), desmontó los archivos del DAS; pero por cosas de la vida, la verdad siempre brilla y brota, han aparecido los archivos de seguimiento del DAS (…)”.

Gómez Martínez también señaló que la mafia también estuvo relacionada con la muerte de Gómez Hurtado, pues a Orlando Heano, jefe del cartel del Norte del Valle, se le solicitó que asesinara a Álvaro Gómez Hurtado a cambio de mejores beneficios en su proceso de entrega a las autoridades.

«Heano accedió y esta operación contó con la participación del entonces director del Gaula, Danilo Alfonso González».

La siniestra nota de Laude Fernández

El exdirector de inteligencia del DAS Laude Fernández, también está siendo investigado por su supuesta participación en interceptaciones ilegales a integrantes del sindicato de Avianca.

El abogado de la familia del político conservador aseguró que, Fernández también habría estado involucrado con los perfilamientos de los que fue objeto la víctima.

“Ya habíamos encontrado una siniestra nota de Laude Fernández, director de inteligencia de Ramiro Bejarano (no sé si el país recuerda porque está preso y cómo ha participado durante décadas, en todos los desarrollos del antiguo DAS), donde el primero de noviembre en una entrevista que Álvaro Gómez Hurtado, le concedió a la revista Diners, Laude Fernández, de alguna manera vaticinaba lo que iba a ocurrir al día siguiente, diciendo en su nota de comentario de revisión – Al que no quiere caldo se le dan dos tazas (…) – ”, dijo el abogado.

El abogado Gómez Martínez añadió que, se están agregando más pruebas al proceso por el crimen que fue considerado como de lesa humanidad.

“La extensión del tiempo no se ha determinado pero eran seguimientos personales; de inteligencia humana, seguimientos de inteligencia electrónica o lo que llamamos hoy día, ‘chuzadas’; lo que es claro es que había un trabajo de seguimiento personal”, añadió el jurista.

“Otros testigos que han declarado acreditan que en su momento, Danilo González, comandante del Gaula en el Gobierno de Ernesto Samper, recibió la orden de adelantar el homicidio pero parece que transcurrió muy poco tiempo entre el momento que recibió la orden y la puso en práctica, con la ayuda de Wilber Alirio Varela alias ‘Jabón’”, manifestó el abogado.

Agregó que, “me ha quedado la inquietud con base en qué inteligencia sabían el día, la hora y el lugar en que Álvaro Gómez Hurtado, dictaba sus clases en la Universidad Sergio Arboleda, aquel fatídico 2 de noviembre”.

Señaló que una de las hipótesis es que, desde el Gobierno se entregó información para facilitar que se cometiera el crimen.

“Pareciera que la respuesta es que posiblemente el Gobierno de Samper, le haya filtrado al cartel del Norte del Valle estos seguimientos para facilitar el homicidio”, sentenció.

Corte Suprema de Justicia

El abogado también anunció que ante el alto tribunal presentará las pruebas contra Horario Serpa Uribe quien para la época de los hechos, ocupaba el cargo de Ministro del Gobierno de Samper.

“Vamos a pedir la resolución de acusación contra Horacio Serpa, ahora la Corte Suprema de Justicia conoce el proceso en su contra a través de la Fiscalía delegada porque él, era aforado como exministro del Interior del Gobierno de Ernesto Samper y trasladaremos esas pruebas ante la Comisión de Acusaciones”, dijo.

Manifestó que, “queremos que al cumplirse 25 años de impunidad que se conmemoran en noviembre; se lleven a juicio esas pruebas”.

Aseguró, que no busca que el expresidente Ernesto Samper sea condenado pero que sí, se conozcan las pruebas.

“Querían enterrar estas pruebas con la complicidad de fiscales patrocinados por Ernesto Samper y que no se pudieran conocer: cuatro casas criminales confirmando la realización del homicidio por parte de Orlando Henao a solicitud de Ernesto Samper y Horacio Serpa, esas pruebas deben ir a juicio”, aseguró en su entrevista.

El abogado Gómez Martínez también cuestionó el trino de la exsenadora Piedad Córdoba, en el que advierte que la reunión entre el expresidente Juan Manuel Santos, exministro Cristo, senador Cepeda, Rodrigo Londoño ‘Timochenko’ y Carlos Lozada, permitirá descubrir qué sucedió con el crimen del destacado político conservador.

Fuente: LA FM

You can use this method to make deposits in instant Bank Transfer casino NZ. In most cases, you can do so by supplying your bank details. If you don’t have an account in NZ, you may be required to pay an additional fee. Once you’ve made the deposit, you can play! In some cases, the minimum deposit for this method is NZ$10, although it can range from $10 to $50. Depending on your bank, the withdrawal time can take two to seven days.",neutral,Article discusses legal proceedings and does not mention migration conditions.,qwen2.5:7b,neutral,Article discusses legal proceedings and does not mention migration conditions.,article,3
20220102,36,,SCHOOL,https://olhardireto.com.br/noticias/exibir.asp?id=496488&noticia=porto-relembra-dificuldades-com-45-dos-estudantes-sem-internet-e-projeta-2022-como-melhor-ano-letivo-da-historia,push,without-internet-and-projects-2022-as-the-best-school-year-in-history,qwen2.5:7b,,,qwen2.5:72b,,,,qwen2.5:7b,push,sem-internet-e-projeta-2022-como-melhor-ano-letivo-da-historia,url_1,3
20220102,42,,SCHOOL,https://olhardireto.com.br/noticias/exibir.asp?id=496488&noticia=porto-relembra-dificuldades-com-45-dos-estudantes-sem-internet-e-projeta-2022-como-melhor-ano-letivo-da-historia,push,without-internet-and-projects-2022-as-the-best-school-year-in-history,qwen2.5:7b,,,qwen2.5:72b,,,,qwen2.5:7b,push,sem-internet-e-projeta-2022-como-melhor-ano-letivo-da-historia,url_1,3
20220102,42,,FRANCE,https://www.mdzol.com/deportes/2022/1/2/cuando-vuelve-lionel-messi-su-posible-debut-con-el-psg-en-2022-212536.html,neutral,when-lionel-messi-returns-his-possible-debut-with-psg-in-2022-212536.html,qwen2.5:7b,,,qwen2.5:72b,,,,qwen2.5:7b,neutral,cuando-vuelve-lionel-messi-su-posible-debut-con-el-psg-en-2022-212536.html,url_1,3
20220102,42,,FRANCE,https://www.mdzol.com/deportes/2022/1/2/cuando-vuelve-lionel-messi-su-posible-debut-con-el-psg-en-2022-212536.html,neutral,when-lionel-messi-returns-his-possible-debut-with-psg-in-2022-212536.html,qwen2.5:7b,,,qwen2.5:72b,,,,qwen2.5:7b,neutral,when-lionel-messi-returns-his-possible-debut-with-psg-in-2022-212536.html,url_1,3
20220102,141,,THE UK,https://www.clarin.com/opinion/malvinas-pasado-presente-conflicto_0_4JQu1pJwH.html,neutral,malvinas-past-present-conflict_0_4JQu1pJwH,qwen2.5:7b,,,qwen2.5:72b,,,,qwen2.5:7b,neutral,malvinas-pasado-presente-conflicto_0_4JQu1pJwH,url_1,3
20220102,42,,UNITED KINGDOM,https://www.elbotola.com/article/2022-01-02-22-03-111.html,unclear,article/2022-01-02-22-03-111.html,qwen2.5:7b,unclear,URL too short or ambiguous,qwen2.5:72b,"المنتخب الوطني يبرمج أولى حصصه التدريبية في الكاميرون غدا الإثنين استعدادا لودية بوركينا فاسو و""رحلة الكان""

حدد الطاقم التقني للناخب الوطني وحيد خليلوزيتش، برنامج ""الأسود"" في الكاميرون، قبل مواجهة غانا، لحساب الجولة الأولى من دور المجموعات لكأس أمم أفريقيا 2021.





ومن المقرر أن يخوض المنتخب الوطني يوم غد الإثنين، أولى حصصه التدريبية استعدادا لودية بوركينا فاسو، المبرمجة يوم الخميس 6 يناير الجاري.





ويدشن رفاق أشرف حكيمي، رحلتهم القارية، بمواجهة غانا، يوم الإثنين 10 يناير، بداية من الساعة الخامسة عصرا (17:00 غرينيتش +1)، بملعب ""أحمدو أهيدجو"" في مدينة ياوندي الكاميرونية.





وحطت بعثة المنتخب المغربي، يومه الأحد، الرحال في الكاميرون، إذ وجدت في استقبالها سفير المملكة هناك، مصطفى بوه.





يذكر أن المغرب يتواجد في المجموعة الثالثة، رفقة منتخبات غانا والغابون وجزر القمر.",neutral,"article about training and matches, not migration",qwen2.5:7b,neutral,"article about training and matches, not migration",article,3
20220102,42,,UNITED KINGDOM,https://www.elbotola.com/article/2022-01-02-22-03-111.html,neutral,no clear migration-related tokens,qwen2.5:7b,,,qwen2.5:72b,,,,qwen2.5:7b,neutral,no clear migration-related tokens,url_1,3
20220102,40,,KINGDOM,https://alghad.com/%D9%88%D8%B2%D9%8A%D8%B1-%D8%A7%D9%84%D8%AE%D8%A7%D8%B1%D8%AC%D9%8A%D8%A9-%D8%A7%D9%84%D8%B3%D8%B9%D9%88%D8%AF%D9%8A-%D9%81%D9%8A-%D8%B9%D9%85%D8%A7%D9%86/,push,"war, crisis",qwen2.5:7b,,,qwen2.5:72b,,,,qwen2.5:7b,push,"war, crisis",url_1,3
20220102,46,,MINIST,https://alghad.com/%D9%88%D8%B2%D9%8A%D8%B1-%D8%A7%D9%84%D8%AE%D8%A7%D8%B1%D8%AC%D9%8A%D8%A9-%D8%A7%D9%84%D8%B3%D8%B9%D9%88%D8%AF%D9%8A-%D9%81%D9%8A-%D8%B9%D9%85%D8%A7%D9%86/,push,"war, crisis",qwen2.5:7b,,,qwen2.5:72b,,,,qwen2.5:7b,push,"war, crisis",url_1,3
20220102,46,,KINGDOM,https://alghad.com/%D9%88%D8%B2%D9%8A%D8%B1-%D8%A7%D9%84%D8%AE%D8%A7%D8%B1%D8%AC%D9%8A%D8%A9-%D8%A7%D9%84%D8%B3%D8%B9%D9%88%D8%AF%D9%8A-%D9%81%D9%8A-%D8%B9%D9%85%D8%A7%D9%86/,push,"war, crisis",qwen2.5:7b,,,qwen2.5:72b,,,,qwen2.5:7b,push,"war, crisis",url_1,3
20220102,57,,GOVERNMENT,https://www.cas.sk/clanok/2626553/predseda-civilnej-vlady-v-sudane-oznamil-svoju-rezignaciu-snazil-som-sa-zo-vsetkych-sil/,neutral,no clear migration-related tokens,qwen2.5:7b,,,qwen2.5:72b,,,,qwen2.5:7b,neutral,no clear migration-related tokens,url_1,3
20220102,84,,PRESIDENT,https://www.lematin.ch/story/lhomme-fort-du-parti-ennahdha-hospitalise-dans-un-etat-critique-474086927675,neutral,no clear migration-related tokens,qwen2.5:7b,,,qwen2.5:72b,,,,qwen2.5:7b,neutral,no clear migration-related tokens,url_1,3
20220102,141,,AUTHORITIES,http://lratvakan.com/news/76958.html,neutral,no clear migration-related tokens,qwen2.5:7b,,,qwen2.5:72b,,,,qwen2.5:7b,neutral,no clear migration-related tokens,url_1,3
20220102,141,,AUTHORITIES,https://lugradar.net/2022/01/337334,neutral,no clear migration-related tokens,qwen2.5:7b,,,qwen2.5:72b,,,,qwen2.5:7b,neutral,no clear migration-related tokens,url_1,3
20220102,42,,UNITED NATIONS,http://www.hispantv.com/noticias/palestina/535010/preso-israel-huelga-hambre,push,hunger strike,qwen2.5:7b,,,qwen2.5:72b,,,,qwen2.5:7b,push,hunger strike,url_1,3
20220102,14,,ISRAELI,https://itongadol.com/coronavirus/coronavirus-en-israel-se-espera-que-tres-millones-de-israelies-se-infecten-con-el-virus,neutral,no clear migration-related tokens,qwen2.5:7b,,,qwen2.5:72b,,,,qwen2.5:7b,neutral,no clear migration-related tokens,url_1,3
20220102,51,,ISRAEL,http://www.hispantv.com/noticias/palestina/535010/preso-israel-huelga-hambre,push,hunger strike,qwen2.5:7b,,,qwen2.5:72b,,,,qwen2.5:7b,push,hunger strike,url_1,3
20220102,53,,ISRAEL,http://www.hispantv.com/noticias/palestina/535010/preso-israel-huelga-hambre,push,hunger strike,qwen2.5:7b,,,qwen2.5:72b,,,,qwen2.5:7b,push,huelga hambre,url_1,3
20220102,43,,JORDAN,https://alghad.com/%D9%85%D8%B9%D8%B1%D8%B6-%D8%A3%D8%B1%D8%AF%D9%86%D9%8A-%D9%84%D9%84%D8%AA%D8%AC%D8%A7%D8%B1%D8%A9-%D9%88%D8%A7%D9%84%D8%AE%D8%AF%D9%85%D8%A7%D8%AA-%D9%8A%D9%86%D8%B7%D9%84%D9%82-%D9%81%D9%8A-%D8%B3/,neutral,,qwen2.5:7b,,,qwen2.5:72b,,,,qwen2.5:7b,neutral,,url_1,3
20220102,130,,LAWYER,https://www.vesti-online.com/stopiran-otkaz-za-nevakcinisanog-cuvara-reda/,neutral,,qwen2.5:7b,,,qwen2.5:72b,,,,qwen2.5:7b,neutral,,url_1,3
20220102,42,,ANTANANARIVO,http://www.taringa.net/+salud_bienestar/la-proxima-gran-pandemia-la-resistencia-a-antibioticos-ya-esta-aqui_4zonot/,neutral,,qwen2.5:7b,,,qwen2.5:72b,,,,qwen2.5:7b,neutral,,url_1,3
20220102,71,,OAXACA,https://oaxaca.eluniversal.com.mx/estatal/aumenta-congreso-de-oaxaca-presupuesto-de-comision-forestal-en-14-mdp,neutral,,qwen2.5:7b,,,qwen2.5:72b,,,,qwen2.5:7b,neutral,,url_1,3
20220102,43,,MACHU PICCHU,https://www.segnidalcielo.it/peru-un-turista-fotografa-un-ufo-sullantica-citta-di-machu-picchu/,neutral,,qwen2.5:7b,,,qwen2.5:72b,,,,qwen2.5:7b,neutral,,url_1,3
20220102,53,,PALESTINE,http://www.hispantv.com/noticias/palestina/535010/preso-israel-huelga-hambre,push,hunger strike,qwen2.5:7b,,,qwen2.5:72b,,,,qwen2.5:7b,push,hunger strike,url_1,3
20220102,51,,PALESTINE,http://www.hispantv.com/noticias/palestina/535010/preso-israel-huelga-hambre,push,hunger strike,qwen2.5:7b,,,qwen2.5:72b,,,,qwen2.5:7b,push,huelga hambre,url_1,3
20220102,53,,PALESTINE,http://www.hispantv.com/noticias/palestina/535010/preso-israel-huelga-hambre,push,hunger strike,qwen2.5:7b,,,qwen2.5:72b,,,,qwen2.5:7b,push,hunger strike,url_1,3
20220102,43,,SAINT,https://g1.globo.com/sp/santos-regiao/porto-mar/noticia/2022/01/02/anvisa-reforca-urgencia-em-acabar-com-temporada-de-cruzeiros-e-fala-em-risco-a-saude-publica.ghtml,neutral,no migration-related tokens,qwen2.5:7b,,,qwen2.5:72b,,,,qwen2.5:7b,neutral,no migration-related tokens,url_1,3
20220102,51,,SETTLER,https://www.eluniversal.com.mx/ciencia-y-salud/tras-aparente-extincion-el-pez-picote-tequila-fue-reintegrado-su-habitat,neutral,no migration-related tokens,qwen2.5:7b,,,qwen2.5:72b,,,,qwen2.5:7b,neutral,no migration-related tokens,url_1,3
20220102,20,,TURKEY,https://eleftherostypos.gr/ellinotourkika/880814-empristikos-o-akar-ebale-xio-samo-kai-oinousses-sto-stoma-tis-tourkias/,neutral,no migration-related tokens,qwen2.5:7b,,,qwen2.5:72b,,,,qwen2.5:7b,neutral,no migration-related tokens,url_1,3
20220102,36,,THE WHITE HOUSE,https://pronedra.ru/v21-pervye-pervye-simptomy-pnevmonii-pomogut-svoevremenno-nachat-lechenie-i-soxranit-zhizn-439639.html,neutral,no migration-related tokens,qwen2.5:7b,,,qwen2.5:72b,,,,qwen2.5:7b,neutral,no migration-related tokens,url_1,3
20220102,41,,THE WHITE HOUSE,https://pronedra.ru/v21-pervye-pervye-simptomy-pnevmonii-pomogut-svoevremenno-nachat-lechenie-i-soxranit-zhizn-439639.html,neutral,no migration-related tokens,qwen2.5:7b,,,qwen2.5:72b,,,,qwen2.5:7b,neutral,no migration-related tokens,url_1,3
20220102,112,FARMER,MINIST OF ENVIRONMENT,https://www.diariolibre.com/actualidad/sucesos/2022/01/02/acusan-ganaderos-de-provocar-incendios-en-sierra-de-bahoruco/1563459,neutral,no migration-related tokens,qwen2.5:7b,,,qwen2.5:72b,,,,qwen2.5:7b,neutral,no migration-related tokens,url_1,3
20220102,356,ARGENTINIAN,,https://www.clarin.com/opinion/malvinas-primeros-200-anos-_0_7SMJC2Ult.html,neutral,no migration-related tokens,qwen2.5:7b,,,qwen2.5:72b,,,,qwen2.5:7b,neutral,no migration-related tokens,url_1,3
20220102,36,BUENOS AIRES,,https://urgente24.com/actualidad/tragedia-palermo-asesino-al-volante-alcohol-y-muerte-n531977,neutral,no migration-related tokens,qwen2.5:7b,,,qwen2.5:72b,,,,qwen2.5:7b,neutral,no migration-related tokens,url_1,3
20220102,80,ARGENTINA,,https://www.clarin.com/opinion/malvinas-pasado-presente-conflicto_0_4JQu1pJwH.html,neutral,no migration-related tokens,qwen2.5:7b,,,qwen2.5:72b,,,,qwen2.5:7b,neutral,no migration-related tokens,url_1,3
20220102,160,ARGENTINA,FALKLANDS,https://www.clarin.com/opinion/malvinas-pasado-presente-conflicto_0_4JQu1pJwH.html,neutral,no migration-related tokens,qwen2.5:7b,,,qwen2.5:72b,,,,qwen2.5:7b,neutral,no migration-related tokens,url_1,3
20220102,190,BELGIAN,BELGIUM,https://geeko.lesoir.be/2022/01/02/une-entreprise-belge-lutte-contre-contre-le-gaspillage-pharmaceutique/,neutral,no migration-related tokens,qwen2.5:7b,,,qwen2.5:72b,,,,qwen2.5:7b,neutral,no migration-related tokens,url_1,3
20220102,190,BELGIAN,,https://geeko.lesoir.be/2022/01/02/une-entreprise-belge-lutte-contre-contre-le-gaspillage-pharmaceutique/,neutral,no migration-related tokens,qwen2.5:7b,,,qwen2.5:72b,,,,qwen2.5:7b,neutral,no migration-related tokens,url_1,3
20220102,112,BELARUSIAN,BELARUS,http://www.kvir.ru/author/andre-galinin/,neutral,no migration-related tokens,qwen2.5:7b,,,qwen2.5:72b,,,,qwen2.5:7b,neutral,no migration-related tokens,url_1,3
20220102,190,BELARUSIAN,BELARUS,http://www.kvir.ru/author/andre-galinin/,neutral,no migration-related tokens,qwen2.5:7b,,,qwen2.5:72b,,,,qwen2.5:7b,neutral,no migration-related tokens,url_1,3
20220102,51,BRAZIL,ARGENTINE,https://www.clarin.com/opinion/malvinas-pasado-presente-conflicto_0_4JQu1pJwH.html,push,past-present-conflicto (implies conflict) https://www.clarin.com/opinion/malvinas-pasado-presente-conflicto_0_4JQu1pJwH.html,qwen2.5:7b,,,qwen2.5:72b,,,,qwen2.5:7b,push,past-present-conflicto (implies conflict) https://www.clarin.com/opinion/malvinas-pasado-presente-conflicto_0_4JQu1pJwH.html,url_1,3
20220102,10,BRAZIL,BRAZIL,https://www.clarin.com/opinion/malvinas-pasado-presente-conflicto_0_4JQu1pJwH.html,push,past-present-conflicto (implies conflict) https://www.clarin.com/opinion/malvinas-pasado-presente-conflicto_0_4JQu1pJwH.html,qwen2.5:7b,,,qwen2.5:72b,,,,qwen2.5:7b,push,pasado-presente-conflicto (implies conflict) https://www.clarin.com/opinion/malvinas-pasado-presente-conflicto_0_4JQu1pJwH.html,url_1,3
20220102,10,BRAZIL,BRAZIL,https://www.clarin.com/opinion/malvinas-pasado-presente-conflicto_0_4JQu1pJwH.html,push,past-present-conflicto (implies conflict) https://www.clarin.com/opinion/malvinas-pasado-presente-conflicto_0_4JQu1pJwH.html,qwen2.5:7b,,,qwen2.5:72b,,,,qwen2.5:7b,push,pasado-presente-conflicto (implies conflict) https://www.clarin.com/opinion/malvinas-pasado-presente-conflicto_0_4JQu1pJwH.html,url_1,3
20220102,12,TYCOON,,https://revistamonet.globo.com/Celebridades/noticia/2022/01/look-de-jeff-bezos-um-dos-homens-mais-ricos-do-mundo-no-reveillon-rende-piadas-nas-redes-meio-vin-diesel-meio-agostinho-carrara.html,neutral,no migration-related tokens,qwen2.5:7b,,,qwen2.5:72b,,,,qwen2.5:7b,neutral,no migration-related tokens,url_1,3
20220102,90,COMPANY,,https://e24.no/ledige-stillinger/s/Kzeo24/har-du-inkasso-erfaring-men-kan-tenke-deg-strre-ansvar,pull,jobs https://e24.no/ledige-stillinger/s/Kzeo24/har-du-inkasso-erfaring-men-kan-tenke-deg-strre-ansvar,qwen2.5:7b,,,qwen2.5:72b,,,,qwen2.5:7b,pull,stillinger (jobs) https://e24.no/ledige-stillinger/s/Kzeo24/har-du-inkasso-erfaring-men-kan-tenke-deg-strre-ansvar,url_1,3
20220102,145,BUSINESS,,https://www.limburger.nl/cnt/dmf20220102_97854382,neutral,no migration-related tokens,qwen2.5:7b,,,qwen2.5:72b,,,,qwen2.5:7b,neutral,no migration-related tokens,url_1,3
20220102,160,AIRLINE,,https://es.investing.com/news/stock-market-news/disrupciones-relacionadas-con-omicron-provocan-mas-de-4000-cancelaciones-de-vuelos-en-inicio-de-2022-2199117,neutral,omicron-related-disruptions,qwen2.5:7b,,,qwen2.5:72b,,,,qwen2.5:7b,neutral,omicron-related-disruptions,url_1,3
20220102,190,TYCOON,,https://revistamonet.globo.com/Celebridades/noticia/2022/01/look-de-jeff-bezos-um-dos-homens-mais-ricos-do-mundo-no-reveillon-rende-piadas-nas-redes-meio-vin-diesel-meio-agostinho-carrara.html,neutral,look-of-jeff-bezos-one-of-the-richest-men-in-the-world-on-New Year's Eve,qwen2.5:7b,,,qwen2.5:72b,,,,qwen2.5:7b,neutral,look-de-jeff-bezos-um-dos-homens-mais-ricos-do-mundo-no-reveillon,url_1,3
20220102,20,AIRLINE,EMPLOYEE,https://es.investing.com/news/stock-market-news/disrupciones-relacionadas-con-omicron-provocan-mas-de-4000-cancelaciones-de-vuelos-en-inicio-de-2022-2199117,neutral,omicron-related-disruptions,qwen2.5:7b,,,qwen2.5:72b,,,,qwen2.5:7b,neutral,disrupciones-relacionadas-con-omicron,url_1,3
20220102,30,BUSINESS,,https://www.eluniversal.com.mx/nacion/tras-vacaciones-de-invierno-sep-se-declara-lista-para-retorno-actividades-escolares-presenciales,neutral,after-september-winter-vacations-declared-ready-to-return-in-person-school-activities,qwen2.5:7b,,,qwen2.5:72b,,,,qwen2.5:7b,neutral,tras-vacaciones-de-invierno-sep-se-declara-lista-para-retorno-actividades-escolares-presenciales,url_1,3
20220102,173,CALGARY,CALGARY,https://www.journaldemontreal.com/2022/01/02/manifestations-anti-covid-un-pasteur-et-son-frere-arretes-par-calgary,neutral,anti-covid-protests-a-pastor-and-his-brother-arrested-by-calgary,qwen2.5:7b,,,qwen2.5:72b,,,,qwen2.5:7b,neutral,manifestations-anti-covid-un-pasteur-et-son-frere-arretes-par-calgary,url_1,3
20220102,175,CALGARY,DEMONSTRATOR,https://www.journaldemontreal.com/2022/01/02/manifestations-anti-covid-un-pasteur-et-son-frere-arretes-par-calgary,neutral,anti-covid-protests-a-pastor-and-his-brother-arrested-by-calgary,qwen2.5:7b,,,qwen2.5:72b,,,,qwen2.5:7b,neutral,anti-covid-protests-a-pastor-and-his-brother-arrested-by-calgary,url_1,3
20220102,51,ORTHODOX CHRISTIAN,SAINT,https://www.mngz.ru/russia-world-sensation/2464160-v-vargashinskom-rayone-sotrudniki-policii-proveli-20-profilakticheskih-besed-so-shkolnikami.html,neutral,"in the Vargashinsky-district, police officers conducted 20 preventive-conversations with schoolchildren",qwen2.5:7b,,,qwen2.5:72b,,,,qwen2.5:7b,neutral,v-vargashinskom-rayone-sotrudniki-policii-proveli-20-profilakticheskih-besed-so-shkolnikami,url_1,3
20220102,51,ORTHODOX CHRISTIAN,SAINT,https://pronedra.ru/pozdravleniya-ko-dnyu-svyatoj-anastasii-4-yanvarya-tradiczii-prazdnika-630226.html,neutral,congratulations-on-the-day-of-St.-Anastasia-4th-of-January-holiday-traditions,qwen2.5:7b,,,qwen2.5:72b,,,,qwen2.5:7b,neutral,pozdravleniya-ko-dnyu-svyatoj-anastasii-4-yanvarya-tradiczii-prazdnika,url_1,3
20220102,90,POLICE,,https://www.noviny.sk/krimi/652963-mrtvy-muz-v-aute-telo-hladaneho-slovenskeho-policajta-nasli-v-polsku,neutral,dead-man-in-the-car-body-of-a-wanted-Slovakian-policeman-found-in-Poland,qwen2.5:7b,,,qwen2.5:72b,,,,qwen2.5:7b,neutral,dead-man-in-the-car-body-of-a-wanted-Slovakian-policeman-found-in-Poland,url_1,3
20220102,192,POLICE OFFICER,,https://www.hoydiariodelmagdalena.com.co/archivos/613776,unclear,613776,qwen2.5:7b,unclear,URL too short or ambiguous,qwen2.5:72b,"En diálogo con Enrique Gómez Martínez, abogado de la familia y sobrino del asesinado líder conservador Álvaro Gómez Hurtado, explicó en La FM los pormenores de los documentos del archivo de vigilancia del (Departamento Administrativo de Seguridad) DAS, a los que recientemente lograron acceder y que daría más luces para esclarecer los hechos que rodean el magnicidio ejecutado el 2 de noviembre de 1995.

Gómez Martínez relató que desde hace 5 años se ha librado una lucha compleja para que se revelen en su totalidad los archivos de vigilancia del DAS y tras ganar una tutela que permitió el acceso a esa documentación se logró encontrar varias referencias relacionadas sobre la investigación de la muerte de Álvaro Gómez Hurtado.

El abogado sostiene que hay varias evidencias sobre diferentes perfilamientos sistemáticos que ejecutó la división de inteligencia a todos los opositores y críticos del entonces presidente Enrique Samper Pizano y entre estas personas figura Gómez Hurtado.

«Estamos esperando poder confirmar la época en que fueron realizados estos seguimientos y queremos establecer si en esos seguimientos hubo interceptaciones telefónicas».

De igual manera, Enrique Gómez Martínez sostiene que halló evidencia que demuestra que en ninguno de los diferentes boletines que el DAS generaba para el presidente Samper, se habló sobre una presunta conspiración militar o golpista en su contra.

El abogado precisó que en dichos documentos también se descartó que la muerte de Álvaro Gómez Hurtado estuviese relacionada con un supuesto golpe de estado.

«El DAS descartó en 1995 la hipótesis que indica que la muerte de Álvaro Gómez se produjo en un fallido golpe de estado, Ramiro Bejarano durante años ha venido diciendo mentiras al país, estos informes deben ser puestos en conocimiento entre las partes del caso».

“Eso dio lugar a dos tutelas y de ahí vimos como la administración Santos con la asesoría de Ramiro Bejarano (director del DAS en la época en la que ocurrió el asesinato de Gómez Hurtado), desmontó los archivos del DAS; pero por cosas de la vida, la verdad siempre brilla y brota, han aparecido los archivos de seguimiento del DAS (…)”.

Gómez Martínez también señaló que la mafia también estuvo relacionada con la muerte de Gómez Hurtado, pues a Orlando Heano, jefe del cartel del Norte del Valle, se le solicitó que asesinara a Álvaro Gómez Hurtado a cambio de mejores beneficios en su proceso de entrega a las autoridades.

«Heano accedió y esta operación contó con la participación del entonces director del Gaula, Danilo Alfonso González».

La siniestra nota de Laude Fernández

El exdirector de inteligencia del DAS Laude Fernández, también está siendo investigado por su supuesta participación en interceptaciones ilegales a integrantes del sindicato de Avianca.

El abogado de la familia del político conservador aseguró que, Fernández también habría estado involucrado con los perfilamientos de los que fue objeto la víctima.

“Ya habíamos encontrado una siniestra nota de Laude Fernández, director de inteligencia de Ramiro Bejarano (no sé si el país recuerda porque está preso y cómo ha participado durante décadas, en todos los desarrollos del antiguo DAS), donde el primero de noviembre en una entrevista que Álvaro Gómez Hurtado, le concedió a la revista Diners, Laude Fernández, de alguna manera vaticinaba lo que iba a ocurrir al día siguiente, diciendo en su nota de comentario de revisión – Al que no quiere caldo se le dan dos tazas (…) – ”, dijo el abogado.

El abogado Gómez Martínez añadió que, se están agregando más pruebas al proceso por el crimen que fue considerado como de lesa humanidad.

“La extensión del tiempo no se ha determinado pero eran seguimientos personales; de inteligencia humana, seguimientos de inteligencia electrónica o lo que llamamos hoy día, ‘chuzadas’; lo que es claro es que había un trabajo de seguimiento personal”, añadió el jurista.

“Otros testigos que han declarado acreditan que en su momento, Danilo González, comandante del Gaula en el Gobierno de Ernesto Samper, recibió la orden de adelantar el homicidio pero parece que transcurrió muy poco tiempo entre el momento que recibió la orden y la puso en práctica, con la ayuda de Wilber Alirio Varela alias ‘Jabón’”, manifestó el abogado.

Agregó que, “me ha quedado la inquietud con base en qué inteligencia sabían el día, la hora y el lugar en que Álvaro Gómez Hurtado, dictaba sus clases en la Universidad Sergio Arboleda, aquel fatídico 2 de noviembre”.

Señaló que una de las hipótesis es que, desde el Gobierno se entregó información para facilitar que se cometiera el crimen.

“Pareciera que la respuesta es que posiblemente el Gobierno de Samper, le haya filtrado al cartel del Norte del Valle estos seguimientos para facilitar el homicidio”, sentenció.

Corte Suprema de Justicia

El abogado también anunció que ante el alto tribunal presentará las pruebas contra Horario Serpa Uribe quien para la época de los hechos, ocupaba el cargo de Ministro del Gobierno de Samper.

“Vamos a pedir la resolución de acusación contra Horacio Serpa, ahora la Corte Suprema de Justicia conoce el proceso en su contra a través de la Fiscalía delegada porque él, era aforado como exministro del Interior del Gobierno de Ernesto Samper y trasladaremos esas pruebas ante la Comisión de Acusaciones”, dijo.

Manifestó que, “queremos que al cumplirse 25 años de impunidad que se conmemoran en noviembre; se lleven a juicio esas pruebas”.

Aseguró, que no busca que el expresidente Ernesto Samper sea condenado pero que sí, se conozcan las pruebas.

“Querían enterrar estas pruebas con la complicidad de fiscales patrocinados por Ernesto Samper y que no se pudieran conocer: cuatro casas criminales confirmando la realización del homicidio por parte de Orlando Henao a solicitud de Ernesto Samper y Horacio Serpa, esas pruebas deben ir a juicio”, aseguró en su entrevista.

El abogado Gómez Martínez también cuestionó el trino de la exsenadora Piedad Córdoba, en el que advierte que la reunión entre el expresidente Juan Manuel Santos, exministro Cristo, senador Cepeda, Rodrigo Londoño ‘Timochenko’ y Carlos Lozada, permitirá descubrir qué sucedió con el crimen del destacado político conservador.

Fuente: LA FM

You can use this method to make deposits in instant Bank Transfer casino NZ. In most cases, you can do so by supplying your bank details. If you don’t have an account in NZ, you may be required to pay an additional fee. Once you’ve made the deposit, you can play! In some cases, the minimum deposit for this method is NZ$10, although it can range from $10 to $50. Depending on your bank, the withdrawal time can take two to seven days.",neutral,"Article focuses on legal and investigative aspects, not migration conditions.",qwen2.5:7b,neutral,"Article focuses on legal and investigative aspects, not migration conditions.",article,3
20220102,193,POLICE OFFICER,,https://www.ensonhaber.com/3-sayfa/adanada-silahli-kavgaya-mudahale-eden-polis-vuruldu,push,was shot in a gun fight,qwen2.5:7b,,,qwen2.5:72b,,,,qwen2.5:7b,push,was shot in a gun fight,url_1,3
20220102,190,POLICE,ACTIVIST,http://lratvakan.com/news/76958.html,neutral,,qwen2.5:7b,,,qwen2.5:72b,,,,qwen2.5:7b,neutral,,url_1,3
20220102,10,PERPETRATOR,CREATIVITY,https://www.hespress.com/%D8%AA%D8%AC%D8%A7%D9%88%D8%B2-%D9%88%D8%B1%D8%B7%D8%A9-%D8%B9%D8%B5%D8%B1-%D8%A7%D9%84%D8%B9%D8%AA%D9%85%D8%A9-925188.html,unclear,Transcendence-dilemma-age-of-darkness,qwen2.5:7b,neutral,No clear migration-related tokens,qwen2.5:72b,,,,qwen2.5:7b,neutral,No clear migration-related tokens,url_2,3
20220102,172,VILLAGE,,https://www.volynnews.com/news/all/cherez-novorichni-feyerverky-v-chernivtsiakh-zahynuly-desiatky-ptakhiv/,neutral,,qwen2.5:7b,,,qwen2.5:72b,,,,qwen2.5:7b,neutral,,url_1,3
20220102,10,COMMUNITY,POLICE,https://www.hoydiariodelmagdalena.com.co/archivos/613752,neutral,,qwen2.5:7b,,,qwen2.5:72b,,,,qwen2.5:7b,neutral,,url_1,3
20220102,42,GERMAN,LISBON,https://naslovi.net/2022-01-03/blic/zarobljeni-u-luci-nemacki-kruzer-usidren-do-daljeg-u-lisabonu-zbog-izbijanja-epidemije-korona-virusa/29657724,push,corona virus,qwen2.5:7b,,,qwen2.5:72b,,,,qwen2.5:7b,push,korona virusa,url_1,3
20220102,42,GERMAN,LISBON,https://naslovi.net/2022-01-03/blic/zarobljeni-u-luci-nemacki-kruzer-usidren-do-daljeg-u-lisabonu-zbog-izbijanja-epidemije-korona-virusa/29657724,push,corona virus,qwen2.5:7b,,,qwen2.5:72b,,,,qwen2.5:7b,push,korona virusa,url_1,3
20220102,10,UNIVERSITY,,https://www.elmanana.com/cae-ex-rector-de-la-uabjo-por-fraude/5475695,neutral,,qwen2.5:7b,,,qwen2.5:72b,,,,qwen2.5:7b,neutral,,url_1,3
20220102,36,STUDENT,,https://olhardireto.com.br/noticias/exibir.asp?id=496488&noticia=porto-relembra-dificuldades-com-45-dos-estudantes-sem-internet-e-projeta-2022-como-melhor-ano-letivo-da-historia,pull,without internet-and-projects-2022-as-the-best-school-year-in-history,qwen2.5:7b,,,qwen2.5:72b,,,,qwen2.5:7b,pull,sem internet-e-projeta-2022-como-melhor-ano-letivo-da-historia,url_1,3
20220102,36,SCHOOL,,https://olhardireto.com.br/noticias/exibir.asp?id=496488&noticia=porto-relembra-dificuldades-com-45-dos-estudantes-sem-internet-e-projeta-2022-como-melhor-ano-letivo-da-historia,pull,without internet-and-projects-2022-as-the-best-school-year-in-history,qwen2.5:7b,,,qwen2.5:72b,,,,qwen2.5:7b,pull,without internet-and-projects-2022-as-the-best-school-year-in-history,url_1,3
20220102,43,SCHOOL,,https://olhardireto.com.br/noticias/exibir.asp?id=496488&noticia=porto-relembra-dificuldades-com-45-dos-estudantes-sem-internet-e-projeta-2022-como-melhor-ano-letivo-da-historia,neutral,no clear migration-related tokens,qwen2.5:7b,,,qwen2.5:72b,,,,qwen2.5:7b,neutral,no clear migration-related tokens,url_1,3
20220102,1721,SCHOOL,,https://itongadol.com/coronavirus/coronavirus-en-israel-se-espera-que-tres-millones-de-israelies-se-infecten-con-el-virus,neutral,no clear migration-related tokens,qwen2.5:7b,,,qwen2.5:72b,,,,qwen2.5:7b,neutral,no clear migration-related tokens,url_1,3
20220102,42,STUDENT,OAXACA,https://oaxaca.eluniversal.com.mx/sociedad/regresan-clases-mas-de-874-mil-estudiantes-de-oaxaca-este-3-de-enero,neutral,no clear migration-related tokens,qwen2.5:7b,,,qwen2.5:72b,,,,qwen2.5:7b,neutral,no clear migration-related tokens,url_1,3
20220102,71,ACTOR,,https://bagikanberita.pikiran-rakyat.com/bisnis/pr-683379835/rezeki-senin-ceria-khusus-wanita-berjiwa-entrepreneur-dapat-pinjaman-tanpa-agunan-rp25-juta-di-pnm-mekaar-plus,neutral,no clear migration-related tokens,qwen2.5:7b,,,qwen2.5:72b,,,,qwen2.5:7b,neutral,no clear migration-related tokens,url_1,3
20220102,1821,ACTOR,BANDUNG,https://www.pikiran-rakyat.com/nasional/pr-013379874/genting-susi-pudjiastuti-desak-ruu-pks-disahkan-perlu-berapa-banyak-lagi-korban,neutral,no clear migration-related tokens,qwen2.5:7b,,,qwen2.5:72b,,,,qwen2.5:7b,neutral,no clear migration-related tokens,url_1,3
20220102,10,MADRID,,https://es.euronews.com/2022/01/02/espana-dice-no-a-la-propuesta-de-bruselas-de-incluir-la-energia-nuclear-y-el-gas-en-su-pla,neutral,no clear migration-related tokens,qwen2.5:7b,,,qwen2.5:72b,,,,qwen2.5:7b,neutral,no clear migration-related tokens,url_1,3
20220102,111,EUROPEAN,,https://1prime.ru/business/20220103/835674504.html,unclear,URL too short or generic,qwen2.5:7b,neutral,No clear migration-related tokens,qwen2.5:72b,,,,qwen2.5:7b,neutral,No clear migration-related tokens,url_2,3
20220102,20,FINNISH,RUSSIA,https://www.geopolitica.ru/news/vlasti-finlyandii-zagovorili-o-vstuplenii-v-nato,push,Finnish authorities (governments of Finland) are talking about joining NATO (considering eining NATO),qwen2.5:7b,,,qwen2.5:72b,,,,qwen2.5:7b,push,vlasti-finlyandii (governments of finland) zagovorili-o-vstuplenii-v-nato (considering joining nato),url_1,3
20220102,42,UNITED KINGDOM,UNITED KINGDOM,https://www.elbotola.com/article/2022-01-02-22-03-111.html,unclear,URL too short or generic,qwen2.5:7b,unclear,"URL too short, generic, ID-like",qwen2.5:72b,"المنتخب الوطني يبرمج أولى حصصه التدريبية في الكاميرون غدا الإثنين استعدادا لودية بوركينا فاسو و""رحلة الكان""

حدد الطاقم التقني للناخب الوطني وحيد خليلوزيتش، برنامج ""الأسود"" في الكاميرون، قبل مواجهة غانا، لحساب الجولة الأولى من دور المجموعات لكأس أمم أفريقيا 2021.





ومن المقرر أن يخوض المنتخب الوطني يوم غد الإثنين، أولى حصصه التدريبية استعدادا لودية بوركينا فاسو، المبرمجة يوم الخميس 6 يناير الجاري.





ويدشن رفاق أشرف حكيمي، رحلتهم القارية، بمواجهة غانا، يوم الإثنين 10 يناير، بداية من الساعة الخامسة عصرا (17:00 غرينيتش +1)، بملعب ""أحمدو أهيدجو"" في مدينة ياوندي الكاميرونية.





وحطت بعثة المنتخب المغربي، يومه الأحد، الرحال في الكاميرون، إذ وجدت في استقبالها سفير المملكة هناك، مصطفى بوه.





يذكر أن المغرب يتواجد في المجموعة الثالثة، رفقة منتخبات غانا والغابون وجزر القمر.",neutral,article about training schedule for match,qwen2.5:7b,neutral,article about training schedule for match,article,3
20220102,42,UNITED KINGDOM,UNITED KINGDOM,https://www.elbotola.com/article/2022-01-02-22-03-111.html,unclear,,qwen2.5:7b,unclear,"URL too short, generic, ID-like",qwen2.5:72b,"المنتخب الوطني يبرمج أولى حصصه التدريبية في الكاميرون غدا الإثنين استعدادا لودية بوركينا فاسو و""رحلة الكان""

حدد الطاقم التقني للناخب الوطني وحيد خليلوزيتش، برنامج ""الأسود"" في الكاميرون، قبل مواجهة غانا، لحساب الجولة الأولى من دور المجموعات لكأس أمم أفريقيا 2021.





ومن المقرر أن يخوض المنتخب الوطني يوم غد الإثنين، أولى حصصه التدريبية استعدادا لودية بوركينا فاسو، المبرمجة يوم الخميس 6 يناير الجاري.





ويدشن رفاق أشرف حكيمي، رحلتهم القارية، بمواجهة غانا، يوم الإثنين 10 يناير، بداية من الساعة الخامسة عصرا (17:00 غرينيتش +1)، بملعب ""أحمدو أهيدجو"" في مدينة ياوندي الكاميرونية.





وحطت بعثة المنتخب المغربي، يومه الأحد، الرحال في الكاميرون، إذ وجدت في استقبالها سفير المملكة هناك، مصطفى بوه.





يذكر أن المغرب يتواجد في المجموعة الثالثة، رفقة منتخبات غانا والغابون وجزر القمر.",neutral,"article about football training, not migration",qwen2.5:7b,neutral,"article about football training, not migration",article,3
20220102,43,UNITED KINGDOM,,https://www.elbotola.com/article/2022-01-02-22-03-111.html,unclear,<url token>2022-01-02-22-03-111.html</url token>,qwen2.5:7b,unclear,"URL too short, generic, ID-like",qwen2.5:72b,"المنتخب الوطني يبرمج أولى حصصه التدريبية في الكاميرون غدا الإثنين استعدادا لودية بوركينا فاسو و""رحلة الكان""

حدد الطاقم التقني للناخب الوطني وحيد خليلوزيتش، برنامج ""الأسود"" في الكاميرون، قبل مواجهة غانا، لحساب الجولة الأولى من دور المجموعات لكأس أمم أفريقيا 2021.





ومن المقرر أن يخوض المنتخب الوطني يوم غد الإثنين، أولى حصصه التدريبية استعدادا لودية بوركينا فاسو، المبرمجة يوم الخميس 6 يناير الجاري.





ويدشن رفاق أشرف حكيمي، رحلتهم القارية، بمواجهة غانا، يوم الإثنين 10 يناير، بداية من الساعة الخامسة عصرا (17:00 غرينيتش +1)، بملعب ""أحمدو أهيدجو"" في مدينة ياوندي الكاميرونية.





وحطت بعثة المنتخب المغربي، يومه الأحد، الرحال في الكاميرون، إذ وجدت في استقبالها سفير المملكة هناك، مصطفى بوه.





يذكر أن المغرب يتواجد في المجموعة الثالثة، رفقة منتخبات غانا والغابون وجزر القمر.",neutral,"article about football training, not migration",qwen2.5:7b,neutral,"article about football training, not migration",article,3
20220102,43,UNITED KINGDOM,,https://www.elbotola.com/article/2022-01-02-22-03-111.html,unclear,<url token>2022-01-02-22-03-111.html</url token>,qwen2.5:7b,unclear,"URL too short, generic, ID-like",qwen2.5:72b,"المنتخب الوطني يبرمج أولى حصصه التدريبية في الكاميرون غدا الإثنين استعدادا لودية بوركينا فاسو و""رحلة الكان""

حدد الطاقم التقني للناخب الوطني وحيد خليلوزيتش، برنامج ""الأسود"" في الكاميرون، قبل مواجهة غانا، لحساب الجولة الأولى من دور المجموعات لكأس أمم أفريقيا 2021.





ومن المقرر أن يخوض المنتخب الوطني يوم غد الإثنين، أولى حصصه التدريبية استعدادا لودية بوركينا فاسو، المبرمجة يوم الخميس 6 يناير الجاري.





ويدشن رفاق أشرف حكيمي، رحلتهم القارية، بمواجهة غانا، يوم الإثنين 10 يناير، بداية من الساعة الخامسة عصرا (17:00 غرينيتش +1)، بملعب ""أحمدو أهيدجو"" في مدينة ياوندي الكاميرونية.





وحطت بعثة المنتخب المغربي، يومه الأحد، الرحال في الكاميرون، إذ وجدت في استقبالها سفير المملكة هناك، مصطفى بوه.





يذكر أن المغرب يتواجد في المجموعة الثالثة، رفقة منتخبات غانا والغابون وجزر القمر.",neutral,Article discusses football team preparation.,qwen2.5:7b,neutral,Article discusses football team preparation.,article,3
20220102,43,UNITED KINGDOM,UNITED KINGDOM,https://www.elbotola.com/article/2022-01-02-22-03-111.html,unclear,<url token>2022-01-02-22-03-111.html</url token>,qwen2.5:7b,unclear,"URL too short, generic, ID-like",qwen2.5:72b,"المنتخب الوطني يبرمج أولى حصصه التدريبية في الكاميرون غدا الإثنين استعدادا لودية بوركينا فاسو و""رحلة الكان""

حدد الطاقم التقني للناخب الوطني وحيد خليلوزيتش، برنامج ""الأسود"" في الكاميرون، قبل مواجهة غانا، لحساب الجولة الأولى من دور المجموعات لكأس أمم أفريقيا 2021.





ومن المقرر أن يخوض المنتخب الوطني يوم غد الإثنين، أولى حصصه التدريبية استعدادا لودية بوركينا فاسو، المبرمجة يوم الخميس 6 يناير الجاري.





ويدشن رفاق أشرف حكيمي، رحلتهم القارية، بمواجهة غانا، يوم الإثنين 10 يناير، بداية من الساعة الخامسة عصرا (17:00 غرينيتش +1)، بملعب ""أحمدو أهيدجو"" في مدينة ياوندي الكاميرونية.





وحطت بعثة المنتخب المغربي، يومه الأحد، الرحال في الكاميرون، إذ وجدت في استقبالها سفير المملكة هناك، مصطفى بوه.





يذكر أن المغرب يتواجد في المجموعة الثالثة، رفقة منتخبات غانا والغابون وجزر القمر.",neutral,"article about training and matches, not migration",qwen2.5:7b,neutral,"article about training and matches, not migration",article,3
20220102,43,UNITED KINGDOM,UNITED KINGDOM,https://www.elbotola.com/article/2022-01-02-22-03-111.html,unclear,<url token>2022-01-02-22-03-111.html</url token>,qwen2.5:7b,neutral,No clear migration-related tokens,qwen2.5:72b,,,,qwen2.5:7b,neutral,No clear migration-related tokens,url_2,3
20220102,10,AUTHORITIES,,https://www.telemundo.com/noticias/noticias-telemundo/clima/no-esto-no-es-una-broma-llovieron-peces-en-texas-poco-antes-de-fin-de-rcna10639,unclear,,qwen2.5:7b,neutral,No clear migration-related tokens,qwen2.5:72b,,,,qwen2.5:7b,neutral,No clear migration-related tokens,url_2,3
20220102,12,SECRETARIAT,,https://olhardireto.com.br/noticias/exibir.asp?id=496488&noticia=porto-relembra-dificuldades-com-45-dos-estudantes-sem-internet-e-projeta-2022-como-melhor-ano-letivo-da-historia,unclear,,qwen2.5:7b,push,students-without-internet difficulties,qwen2.5:72b,,,,qwen2.5:7b,push,estudantes-sem-internet difficulties,url_2,3
20220102,14,MINISTRY,,https://tsn.ua/ru/svit/izrail-odobril-chetvertuyu-covid-privivku-dlya-medrabotnikov-i-lyudey-ot-60-let-1945456.html,unclear,,qwen2.5:7b,pull,vaccination (covid-privivku) for health workers and elderly,qwen2.5:72b,,,,qwen2.5:7b,pull,vaccination (covid-privivku) for health workers and elderly,url_2,3
20220102,40,KINGDOM,,https://alghad.com/%D9%88%D8%B2%D9%8A%D8%B1-%D8%A7%D9%84%D8%AE%D8%A7%D8%B1%D8%AC%D9%8A%D8%A9-%D8%A7%D9%84%D8%B3%D8%B9%D9%88%D8%AF%D9%8A-%D9%81%D9%8A-%D8%B9%D9%85%D8%A7%D9%86/,push,Saudi Minister of Foreign Affairs push conditions such as difficulties with school and disaster,qwen2.5:7b,,,qwen2.5:72b,,,,qwen2.5:7b,push,Saudi Minister of Foreign Affairs push conditions such as difficulties with school and disaster,url_1,3
20220102,40,KINGDOM,,https://alghad.com/%D9%88%D8%B2%D9%8A%D8%B1-%D8%A7%D9%84%D8%AE%D8%A7%D8%B1%D8%AC%D9%8A%D8%A9-%D8%A7%D9%84%D8%B3%D8%B9%D9%88%D8%AF%D9%8A-%D9%81%D9%8A-%D8%B9%D9%85%D8%A7%D9%86/,push,Minister of Foreign Affairs of Saudi Arabia push conditions such as difficulties with school and disaster,qwen2.5:7b,,,qwen2.5:72b,,,,qwen2.5:7b,push,Minister of Foreign Affairs of Saudi Arabia push conditions such as difficulties with school and disaster,url_1,3
20220102,46,MINIST,,https://alghad.com/%D9%88%D8%B2%D9%8A%D8%B1-%D8%A7%D9%84%D8%AE%D8%A7%D8%B1%D8%AC%D9%8A%D8%A9-%D8%A7%D9%84%D8%B3%D8%B9%D9%88%D8%AF%D9%8A-%D9%81%D9%8A-%D8%B9%D9%85%D8%A7%D9%86/,push,Minister of Foreign Affairs of Saudi Arabia push conditions such as difficulties with school and disaster,qwen2.5:7b,,,qwen2.5:72b,,,,qwen2.5:7b,push,وزير-ال�%HEارجية-السعودي push conditions such as difficulties with school and disaster,url_1,3
20220102,46,KINGDOM,,https://alghad.com/%D9%88%D8%B2%D9%8A%D8%B1-%D8%A7%D9%84%D8%AE%D8%A7%D8%B1%D8%AC%D9%8A%D8%A9-%D8%A7%D9%84%D8%B3%D8%B9%D9%88%D8%AF%D9%8A-%D9%81%D9%8A-%D8%B9%D9%85%D8%A7%D9%86/,push,foreign,qwen2.5:7b,,,qwen2.5:72b,,,,qwen2.5:7b,push,erlent,url_1,3
20220102,57,GOVERNMENT,,https://www.cas.sk/clanok/2626553/predseda-civilnej-vlady-v-sudane-oznamil-svoju-rezignaciu-snazil-som-sa-zo-vsetkych-sil/,neutral,,qwen2.5:7b,,,qwen2.5:72b,,,,qwen2.5:7b,neutral,,url_1,3
20220102,73,AUTHORITIES,,https://www.mbl.is/frettir/erlent/2022/01/02/heilbrigdisstarfsmenn_fa_fjorda_skammtinn/,neutral,,qwen2.5:7b,,,qwen2.5:72b,,,,qwen2.5:7b,neutral,,url_1,3
20220102,90,GOVERNMENT,,https://newpost.gr/kosmos/61d20c59922542136ad20343/italia-koronoios-i-kyvernisi-exetazei-to-endehomeno-ypohreotikoy-emvoliasmoy-gia-oloys-toys-ano-ton-18-eton,pull,possibility of compulsory vaccination,qwen2.5:7b,,,qwen2.5:72b,,,,qwen2.5:7b,pull,possibility of compulsory vaccination,url_1,3
20220102,160,GOVERNMENT,INDUSTRY,https://www.rp.pl/praca/art19248621-wielka-brytania-przedluza-program-wizowy-dla-pracownikow-z-ue,pull,visa for EU workers,qwen2.5:7b,,,qwen2.5:72b,,,,qwen2.5:7b,pull,visa for EU workers,url_1,3
20220102,90,AUTHORITIES,CRIMINAL,https://sledcom.ru/news/item/1645072/,neutral,,qwen2.5:7b,,,qwen2.5:72b,,,,qwen2.5:7b,neutral,,url_1,3
20220102,14,DIRECTOR GENERAL,ISRAELI,https://itongadol.com/coronavirus/coronavirus-en-israel-se-espera-que-tres-millones-de-israelies-se-infecten-con-el-virus,neutral,,qwen2.5:7b,,,qwen2.5:72b,,,,qwen2.5:7b,neutral,,url_1,3
20220102,43,GOVERNMENT,DEMONSTRATOR,http://lratvakan.com/news/76958.html,neutral,,qwen2.5:7b,,,qwen2.5:72b,,,,qwen2.5:7b,neutral,,url_1,3
20220102,43,GOVERNMENT,DEMONSTRATOR,https://lugradar.net/2022/01/337334,neutral,,qwen2.5:7b,,,qwen2.5:72b,,,,qwen2.5:7b,neutral,,url_1,3
20220102,46,MINIST,DEMONSTRATOR,https://www.journaldemontreal.com/2022/01/02/manifestations-anti-covid-un-pasteur-et-son-frere-arretes-par-calgary,push,anti-covid,qwen2.5:7b,,,qwen2.5:72b,,,,qwen2.5:7b,push,anti-covid,url_1,3
20220102,30,GOVERNMENT,GUERRILLA,https://www.hoydiariodelmagdalena.com.co/archivos/613800,neutral,No clear migration-related tokens in URL,qwen2.5:7b,,,qwen2.5:72b,,,,qwen2.5:7b,neutral,No clear migration-related tokens in URL,url_1,3
20220102,20,AUTHORITIES,RUSSIAN FEDERATION,https://lugradar.net/2022/01/337336,unclear,URL too short or generic,qwen2.5:7b,neutral,No clear migration-related tokens,qwen2.5:72b,,,,qwen2.5:7b,neutral,No clear migration-related tokens,url_2,3
20220102,20,AUTHORITIES,RUSSIAN FEDERATION,https://lugradar.net/2022/01/337319,unclear,URL too short or generic,qwen2.5:7b,unclear,"URL too short, generic",qwen2.5:72b,"Содержание:

Пари Матч представляет собой гиганта в сфере организации азартных развлечений. Проект имеет колоссальный опыт в гемблинге. БК Париматч взял свое начало еще в далеком 1994 году и очень быстро завоевал расположение не только ценителей спорта, но и любителей азартных игр. Сегодня бренд является одной из самых популярных площадок на рынке Украины и за рубежом. Партнерами букмекера являются разработчики игрального софта с мировым именем, благодаря чему пользователи Parimatch получают только качественные и безопасные услуги. Parimatch имеет лицензию от правительства Кюрасао (no. 157), что позволяет предоставлять услуги онлайн-казино и ставок на спорт на международном уровне.

⚠️ Некоторые ссылки на сайте являются партнёрскими. Это значит, что мы можем получать комиссию, если вы зарегистрируетесь или сделаете депозит по одной из них. Это не влияет на содержание и оценки, но помогает развивать проект.

Преимущества Parimatch

Преимущество Описание 🔒 Надежность и безопасность Современные технологии шифрования обеспечивают защиту данных и честность игр. 🎲 Широкий выбор азартных игр и ставок Большой ассортимент спортивных событий, казино, покера и других развлечений. 💳 Простая и удобная система ввода и вывода средств Быстрые транзакции через популярные платежные системы. 🎁 Щедрые бонусы и интересные турниры Программы лояльности, кэшбэки и розыгрыши для активных пользователей. 📱 Мгновенный доступ с любого устройства Удобные мобильные приложения и адаптивный веб-сайт. 🛎️ Квалифицированная поддержка 24/7 Оперативные ответы через чат, email и телефон. ✅ Сертифицированные игры от мировых брендов Все слоты и лайв-игры проходят независимое тестирование (например, eCOGRA) на честность и соответствие заявленному RTP. 🧾 Лицензия Curaçao Gaming Authority under the National Ordinance on Games of Chance (LOK), P.B. 2024, no. 157

⚠️ Азартные игры могут вызывать зависимость. Перед тем как начать — оцените свои риски. Рекомендуем ознакомиться с разделом ""Ответственная игра"".

Parimatch — это платформа, которая сочетает высококлассный сервис с комфортом для каждого пользователя. Присоединяйтесь к миру развлечений и испытайте удачу с лучшими играми и ставками на спорт!

Регистрация в БК Париматч

Создание учетной записи занимает немного больше времени нежели авторизация, но эта процедура является одноразовой. Для создания профиля на сайте Pari Match может быть использован как номер мобильного телефона, так и адрес электронной почты. Не смотря на возможность выбора рекомендуется указать в личной анкете пользователя всю информацию, так как ее объем позволит пройти верификацию личности гораздо быстрее. Перед созданием профиля на сайте, рекомендуется внимательно ознакомиться с правилами проекта во избежание неприятных сюрпризов.

Чтобы создать аккаунт придерживайтесь простых шагов:

Зайдите на сайт беттинг-компании с использованием любого удобного устройства. Далее найдите кнопку ""Регистрация"", которая расположена в верхнем углу. После ее нажатия откроется форма, которую нужно заполнить, для создания персонального аккаунта. Укажите в первом поле свой e-mail. В следующей ячейке пропишите пароль, чтобы сделать его надежным, нужно следовать рекомендациям организатора.

После заполнения формы нажмите кнопку ""Зарегистрироваться"", это действие запускает отправку данных на сервер, где информация будет закреплена за конкретным игроком.

Чтобы иметь возможность играть на деньги, необходимо подтвердить свою личность с помощью документа. Для прохождения верификации потребуется зайти в личный кабинет и перейти в раздел ""Подтвердить учетную запись"". Далее нужно выбрать подходящий тип документа и загрузить его фотографии.

Вход в Париматч

Создание учетной записи необходимо не только для организатора, но и для самого пользователя. Благодаря персональному аккаунту, помимо прочего, игрок получает важную возможность вести учет своих действий и контролировать свои траты на развлечения. Организатору такой подход позволяет вести учет пользователей и отчитываться перед регулятором о своей деятельности. Учетная запись в казино также позволяет геймеру защитить свои интересы, так как в случае каких-либо споров между игроком и организатором, регулятор помогает в разрешении подобных ситуаций с учетом интересов обеих сторон.

Вход в Пари Матч доступен с различных устройств и имеет простой алгоритм действий:

Мобильная версия Parimatch

Если вы хотите войти в личный кабинет Париматч без использования специального приложения, то необходимо придерживаться следующей инструкции:

Откройте браузер на мобильном телефоне. С помощью него зайдите на сайт Париматч. В правом верхнем углу найдите кнопку ""Войти"". После ее нажатия откроется новое окно с формой для входа. Выберите один из доступных способов для авторизации: номер телефона, номер счета и электронная почта. В соответствии с выбранной вкладкой укажите данные в первом поле. Далее впишите пароль от учетной записи. Перед завершением авторизации необходимо проверить правильность введенных данных. Завершить процедуру входа можно клавишей ""Войти"".

💡 Совет от пользователей: если не приходит SMS-код — проверьте правильность номера и повторите попытку через 2 минуты. Если проблема сохраняется, обратитесь в поддержку через онлайн-чат.

Приложение Париматч

Процедура авторизации с помощью мобильного приложения идентична мобильной версии сайта, но прежде чем войти в свой аккаунт, необходимо скачать программу на устройство. Приложение доступно на гаджетах с любой операционной системой. Чтобы его скачать, необходимо зайти на официальный сайт Parimatch и на главной странице найти кнопку ""Скачать приложение"", далее откроется новая страница, на которой нужно выбрать тип своей операционной системы, после чего начнется загрузка. В случае, если загрузка не началась, рекомендуется проверить настройки и при необходимости дать разрешение на загрузку и установку приложений через браузер. Когда настройки будут изменены, необходимо повторить попытку. После того как приложение загрузилось на устройство, нужно установить его и перейти к авторизации.

Запустите приложение и укажите логин и пароль от своего аккаунта, подтвердите ввод с помощью кнопки ""Войти"".

Вход на сайт Париматч через компьютер

Концепт авторизации с помощью компьютера практически не отличается своим алгоритмом. Для этого нужно зайти на сайт Parimatch используя браузер своего компьютера, а далее указать данные от своего аккаунта.

Личный кабинет Париматч

После создания персонального аккаунта в БК Пари-Матч игрок получает доступ к расширенному функционалу и виртуальному игровому счету. В меню личного кабинета доступны следующие функции:

пополнение игрового счета и вывод средств;

выбор и активация бонусов;

статистика использованных поощрений от букмекера;

финансовая отчетность с возможностью фильтра по дате;

изменение персональных данных пользователя;

прохождение верификации;

помощь менеджера;

настройки аккаунта.

Профиль игрока Париматч дает возможность полноценно использовать функционал букмекерской конторы и раздела с играми казино.

Париматч является лидером среди организаторов азартных развлечений. Чтобы присоединиться к сообществу беттеров проекта важно пройти регистрацию, внимательно ознакомиться с условиями проекта и предоставить максимально правдивую информацию о себе. Каждый пользователь бренда Pari Match получает уникальную возможность насладиться высококлассным контентом и улучшить свое финансовое положение получая при этом удовольствие от любимых игр. Персональные данные полученные от пользователей проектом подвергаются шифрованию и хранятся на защищенных серверах. Благодаря чему Пари Матч входит в топ самых безопасных и конфиденциальных игровых проектов.

Проблемы со входом в Париматч

Рассмотрим популярные ситуации, которые могут возникнуть на этапе авторизации в личный кабинет Parimatch. Одна из самых распространенных проблем- это блокировка ресурса. Причин для блокировки может быть много, но чаще всего это связано с территориальными ограничениями. В некоторых странах и регионах азартные развлечения запрещены на законодательном уровне. В таком случае рекомендуется воспользоваться дополнительными инструментами для беспрепятственного доступа к учетной записи, такими как VPN и Proxy. Они работают по принципу смены id игрока, благодаря чему позволяют получить доступ к игровой площадке.

Вторая сложность, которая может возникнуть, это потеря доступа к аккаунту. В таком случае стоит убедиться, что все данные для входа указаны корректно. Если войти так и не удалось, то варианта два: сброс пароля и помощь специалиста Париматч.

Чтобы сбросить пароль необходимо воспользоваться специальной формой нажав кнопку ""Забыл пароль"", после чего нужно указать электронную почту или номер телефона, и следовать дальнейшей инструкции организатора.

Чтобы обратиться за помощью к менеджеру нужно нажать соответствующую кнопку и описать свою проблему. Специалисты Parimatch работают круглосуточно и владеют всей необходимой информацией для решения любого рода сложностей.

Казино Parimatch

П",neutral,"Article focuses on Parimatch registration and services, not migration conditions.",qwen2.5:7b,neutral,"Article focuses on Parimatch registration and services, not migration conditions.",article,3
20220102,40,PRESIDENT,RUSSIA,https://tsn.ua/ru/politika/bayden-i-zelenskiy-proveli-telefonnye-peregovory-chto-izvestno-1945450.html,neutral,No clear migration-related tokens in URL,qwen2.5:7b,,,qwen2.5:72b,,,,qwen2.5:7b,neutral,No clear migration-related tokens in URL,url_1,3
20220102,41,PRESIDENT,RUSSIA,https://tsn.ua/ru/politika/bayden-i-zelenskiy-proveli-telefonnye-peregovory-chto-izvestno-1945450.html,neutral,No clear migration-related tokens in URL,qwen2.5:7b,,,qwen2.5:72b,,,,qwen2.5:7b,neutral,No clear migration-related tokens in URL,url_1,3
20220102,41,PRESIDENT,RUSSIA,https://tsn.ua/ru/politika/bayden-i-zelenskiy-proveli-telefonnye-peregovory-chto-izvestno-1945450.html,neutral,No clear migration-related tokens in URL,qwen2.5:7b,,,qwen2.5:72b,,,,qwen2.5:7b,neutral,No clear migration-related tokens in URL,url_1,3
20220102,10,MINIST OF HEALTH,,https://www.mdzol.com/sociedad/2022/1/2/coronavirus-en-argentina-mas-de-20000-casos-23-fallecidos-212523.html,neutral,No clear migration-related tokens in URL,qwen2.5:7b,,,qwen2.5:72b,,,,qwen2.5:7b,neutral,No clear migration-related tokens in URL,url_1,3
20220102,10,DOCTOR,,https://pronedra.ru/v21-pervye-pervye-simptomy-pnevmonii-pomogut-svoevremenno-nachat-lechenie-i-soxranit-zhizn-439639.html,neutral,No clear migration-related tokens in URL,qwen2.5:7b,,,qwen2.5:72b,,,,qwen2.5:7b,neutral,No clear migration-related tokens in URL,url_1,3
20220102,13,HOSPITAL,,https://pronedra.ru/v21-pervye-pervye-simptomy-pnevmonii-pomogut-svoevremenno-nachat-lechenie-i-soxranit-zhizn-439639.html,neutral,No clear migration-related tokens in URL,qwen2.5:7b,,,qwen2.5:72b,,,,qwen2.5:7b,neutral,No clear migration-related tokens in URL,url_1,3
20220102,193,DOCTOR,POLICE OFFICER,https://pronedra.ru/v21-pervye-pervye-simptomy-pnevmonii-pomogut-svoevremenno-nachat-lechenie-i-soxranit-zhizn-439639.html,neutral,No clear migration-related tokens in URL,qwen2.5:7b,,,qwen2.5:72b,,,,qwen2.5:7b,neutral,No clear migration-related tokens in URL,url_1,3
20220102,193,DOCTOR,POLICE OFFICER,https://www.mngz.ru/russia-world-sensation/2463989-v-gorode-rezh-sotrudnikami-sledstvennogo-komiteta-vozbuzhdeno-ugolovnoe-delo-po-faktu-ubiystva-iz-revnosti-medic.html,unclear,URL is in Russian and does not contain migration-related tokens.,qwen2.5:7b,neutral,No clear migration-related tokens,qwen2.5:72b,,,,qwen2.5:7b,neutral,No clear migration-related tokens,url_2,3
20220102,193,DOCTOR,POLICE OFFICER,https://www.mngz.ru/russia-world-sensation/2463989-v-gorode-rezh-sotrudnikami-sledstvennogo-komiteta-vozbuzhdeno-ugolovnoe-delo-po-faktu-ubiystva-iz-revnosti-medic.html,unclear,URL is in Russian and does not contain migration-related tokens.,qwen2.5:7b,neutral,No clear migration-related tokens,qwen2.5:72b,,,,qwen2.5:7b,neutral,No clear migration-related tokens,url_2,3
20220102,172,HAITI,,https://www.diariolibre.com/actualidad/sucesos/2022/01/02/acusan-ganaderos-de-provocar-incendios-en-sierra-de-bahoruco/1563459,neutral,Incidents of incendiarism are not directly related to migration pressure.,qwen2.5:7b,,,qwen2.5:72b,,,,qwen2.5:7b,neutral,Incidents of incendiarism are not directly related to migration pressure.,url_1,3
20220102,90,THE EUROPEAN UNION,,https://lugradar.net/2022/01/337336,unclear,URL is a radar report and does not contain migration-related tokens.,qwen2.5:7b,unclear,"URL too short, generic",qwen2.5:72b,"Содержание:

Пари Матч представляет собой гиганта в сфере организации азартных развлечений. Проект имеет колоссальный опыт в гемблинге. БК Париматч взял свое начало еще в далеком 1994 году и очень быстро завоевал расположение не только ценителей спорта, но и любителей азартных игр. Сегодня бренд является одной из самых популярных площадок на рынке Украины и за рубежом. Партнерами букмекера являются разработчики игрального софта с мировым именем, благодаря чему пользователи Parimatch получают только качественные и безопасные услуги. Parimatch имеет лицензию от правительства Кюрасао (no. 157), что позволяет предоставлять услуги онлайн-казино и ставок на спорт на международном уровне.

⚠️ Некоторые ссылки на сайте являются партнёрскими. Это значит, что мы можем получать комиссию, если вы зарегистрируетесь или сделаете депозит по одной из них. Это не влияет на содержание и оценки, но помогает развивать проект.

Преимущества Parimatch

Преимущество Описание 🔒 Надежность и безопасность Современные технологии шифрования обеспечивают защиту данных и честность игр. 🎲 Широкий выбор азартных игр и ставок Большой ассортимент спортивных событий, казино, покера и других развлечений. 💳 Простая и удобная система ввода и вывода средств Быстрые транзакции через популярные платежные системы. 🎁 Щедрые бонусы и интересные турниры Программы лояльности, кэшбэки и розыгрыши для активных пользователей. 📱 Мгновенный доступ с любого устройства Удобные мобильные приложения и адаптивный веб-сайт. 🛎️ Квалифицированная поддержка 24/7 Оперативные ответы через чат, email и телефон. ✅ Сертифицированные игры от мировых брендов Все слоты и лайв-игры проходят независимое тестирование (например, eCOGRA) на честность и соответствие заявленному RTP. 🧾 Лицензия Curaçao Gaming Authority under the National Ordinance on Games of Chance (LOK), P.B. 2024, no. 157

⚠️ Азартные игры могут вызывать зависимость. Перед тем как начать — оцените свои риски. Рекомендуем ознакомиться с разделом ""Ответственная игра"".

Parimatch — это платформа, которая сочетает высококлассный сервис с комфортом для каждого пользователя. Присоединяйтесь к миру развлечений и испытайте удачу с лучшими играми и ставками на спорт!

Регистрация в БК Париматч

Создание учетной записи занимает немного больше времени нежели авторизация, но эта процедура является одноразовой. Для создания профиля на сайте Pari Match может быть использован как номер мобильного телефона, так и адрес электронной почты. Не смотря на возможность выбора рекомендуется указать в личной анкете пользователя всю информацию, так как ее объем позволит пройти верификацию личности гораздо быстрее. Перед созданием профиля на сайте, рекомендуется внимательно ознакомиться с правилами проекта во избежание неприятных сюрпризов.

Чтобы создать аккаунт придерживайтесь простых шагов:

Зайдите на сайт беттинг-компании с использованием любого удобного устройства. Далее найдите кнопку ""Регистрация"", которая расположена в верхнем углу. После ее нажатия откроется форма, которую нужно заполнить, для создания персонального аккаунта. Укажите в первом поле свой e-mail. В следующей ячейке пропишите пароль, чтобы сделать его надежным, нужно следовать рекомендациям организатора.

После заполнения формы нажмите кнопку ""Зарегистрироваться"", это действие запускает отправку данных на сервер, где информация будет закреплена за конкретным игроком.

Чтобы иметь возможность играть на деньги, необходимо подтвердить свою личность с помощью документа. Для прохождения верификации потребуется зайти в личный кабинет и перейти в раздел ""Подтвердить учетную запись"". Далее нужно выбрать подходящий тип документа и загрузить его фотографии.

Вход в Париматч

Создание учетной записи необходимо не только для организатора, но и для самого пользователя. Благодаря персональному аккаунту, помимо прочего, игрок получает важную возможность вести учет своих действий и контролировать свои траты на развлечения. Организатору такой подход позволяет вести учет пользователей и отчитываться перед регулятором о своей деятельности. Учетная запись в казино также позволяет геймеру защитить свои интересы, так как в случае каких-либо споров между игроком и организатором, регулятор помогает в разрешении подобных ситуаций с учетом интересов обеих сторон.

Вход в Пари Матч доступен с различных устройств и имеет простой алгоритм действий:

Мобильная версия Parimatch

Если вы хотите войти в личный кабинет Париматч без использования специального приложения, то необходимо придерживаться следующей инструкции:

Откройте браузер на мобильном телефоне. С помощью него зайдите на сайт Париматч. В правом верхнем углу найдите кнопку ""Войти"". После ее нажатия откроется новое окно с формой для входа. Выберите один из доступных способов для авторизации: номер телефона, номер счета и электронная почта. В соответствии с выбранной вкладкой укажите данные в первом поле. Далее впишите пароль от учетной записи. Перед завершением авторизации необходимо проверить правильность введенных данных. Завершить процедуру входа можно клавишей ""Войти"".

💡 Совет от пользователей: если не приходит SMS-код — проверьте правильность номера и повторите попытку через 2 минуты. Если проблема сохраняется, обратитесь в поддержку через онлайн-чат.

Приложение Париматч

Процедура авторизации с помощью мобильного приложения идентична мобильной версии сайта, но прежде чем войти в свой аккаунт, необходимо скачать программу на устройство. Приложение доступно на гаджетах с любой операционной системой. Чтобы его скачать, необходимо зайти на официальный сайт Parimatch и на главной странице найти кнопку ""Скачать приложение"", далее откроется новая страница, на которой нужно выбрать тип своей операционной системы, после чего начнется загрузка. В случае, если загрузка не началась, рекомендуется проверить настройки и при необходимости дать разрешение на загрузку и установку приложений через браузер. Когда настройки будут изменены, необходимо повторить попытку. После того как приложение загрузилось на устройство, нужно установить его и перейти к авторизации.

Запустите приложение и укажите логин и пароль от своего аккаунта, подтвердите ввод с помощью кнопки ""Войти"".

Вход на сайт Париматч через компьютер

Концепт авторизации с помощью компьютера практически не отличается своим алгоритмом. Для этого нужно зайти на сайт Parimatch используя браузер своего компьютера, а далее указать данные от своего аккаунта.

Личный кабинет Париматч

После создания персонального аккаунта в БК Пари-Матч игрок получает доступ к расширенному функционалу и виртуальному игровому счету. В меню личного кабинета доступны следующие функции:

пополнение игрового счета и вывод средств;

выбор и активация бонусов;

статистика использованных поощрений от букмекера;

финансовая отчетность с возможностью фильтра по дате;

изменение персональных данных пользователя;

прохождение верификации;

помощь менеджера;

настройки аккаунта.

Профиль игрока Париматч дает возможность полноценно использовать функционал букмекерской конторы и раздела с играми казино.

Париматч является лидером среди организаторов азартных развлечений. Чтобы присоединиться к сообществу беттеров проекта важно пройти регистрацию, внимательно ознакомиться с условиями проекта и предоставить максимально правдивую информацию о себе. Каждый пользователь бренда Pari Match получает уникальную возможность насладиться высококлассным контентом и улучшить свое финансовое положение получая при этом удовольствие от любимых игр. Персональные данные полученные от пользователей проектом подвергаются шифрованию и хранятся на защищенных серверах. Благодаря чему Пари Матч входит в топ самых безопасных и конфиденциальных игровых проектов.

Проблемы со входом в Париматч

Рассмотрим популярные ситуации, которые могут возникнуть на этапе авторизации в личный кабинет Parimatch. Одна из самых распространенных проблем- это блокировка ресурса. Причин для блокировки может быть много, но чаще всего это связано с территориальными ограничениями. В некоторых странах и регионах азартные развлечения запрещены на законодательном уровне. В таком случае рекомендуется воспользоваться дополнительными инструментами для беспрепятственного доступа к учетной записи, такими как VPN и Proxy. Они работают по принципу смены id игрока, благодаря чему позволяют получить доступ к игровой площадке.

Вторая сложность, которая может возникнуть, это потеря доступа к аккаунту. В таком случае стоит убедиться, что все данные для входа указаны корректно. Если войти так и не удалось, то варианта два: сброс пароля и помощь специалиста Париматч.

Чтобы сбросить пароль необходимо воспользоваться специальной формой нажав кнопку ""Забыл пароль"", после чего нужно указать электронную почту или номер телефона, и следовать дальнейшей инструкции организатора.

Чтобы обратиться за помощью к менеджеру нужно нажать соответствующую кнопку и описать свою проблему. Специалисты Parimatch работают круглосуточно и владеют всей необходимой информацией для решения любого рода сложностей.

Казино Parimatch

П",neutral,"Article focuses on Parimatch services and registration, not migration conditions.",qwen2.5:7b,neutral,"Article focuses on Parimatch services and registration, not migration conditions.",article,3
20220102,43,UNITED NATIONS,,http://www.hispantv.com/noticias/palestina/535010/preso-israel-huelga-hambre,push,Preso Israel huelga hambre suggests political tension which could lead to emigration.,qwen2.5:7b,,,qwen2.5:72b,,,,qwen2.5:7b,push,Preso Israel huelga hambre suggests political tension which could lead to emigration.,url_1,3
20220102,20,ISRAELI,WORKER,https://g1.globo.com/mundo/noticia/2022/01/02/israel-comeca-a-aplicar-quarta-dose-da-vacina-contra-a-covid.ghtml,neutral,Discussion about vaccine application does not indicate migration pressure.,qwen2.5:7b,,,qwen2.5:72b,,,,qwen2.5:7b,neutral,Discussion about vaccine application does not indicate migration pressure.,url_1,3
20220102,51,ISRAEL,PALESTINE,http://www.hispantv.com/noticias/palestina/535010/preso-israel-huelga-hambre,push,Preso Israel huelga hambre suggests political tension which could lead to emigration.,qwen2.5:7b,,,qwen2.5:72b,,,,qwen2.5:7b,push,Preso Israel huelga hambre suggests political tension which could lead to emigration.,url_1,3
20220102,53,ISRAEL,PALESTINE,http://www.hispantv.com/noticias/palestina/535010/preso-israel-huelga-hambre,push,Preso Israel huelga hambre suggests political tension which could lead to emigration.,qwen2.5:7b,,,qwen2.5:72b,,,,qwen2.5:7b,push,Preso Israel huelga hambre suggests political tension which could lead to emigration.,url_1,3
20220102,142,ISRAEL,PALESTINE,http://www.hispantv.com/noticias/palestina/535010/preso-israel-huelga-hambre,push,Preso Israel huelga hambre suggests political tension which could lead to emigration.,qwen2.5:7b,,,qwen2.5:72b,,,,qwen2.5:7b,push,Preso Israel huelga hambre suggests political tension which could lead to emigration.,url_1,3
20220102,42,JORDAN,,https://alghad.com/%D9%85%D8%B9%D8%B1%D8%B6-%D8%A3%D8%B1%D8%AF%D9%86%D9%8A-%D9%84%D9%84%D8%AA%D8%AC%D8%A7%D8%B1%D8%A9-%D9%88%D8%A7%D9%84%D8%AE%D8%AF%D9%85%D8%A7%D8%AA-%D9%8A%D9%86%D8%B7%D9%84%D9%82-%D9%81%D9%8A-%D8%B3/,neutral,The article is about a medical incident and does not indicate migration pressure.,qwen2.5:7b,,,qwen2.5:72b,,,,qwen2.5:7b,neutral,The article is about a medical incident and does not indicate migration pressure.,url_1,3
20220102,234,FEDERAL COURT,,https://www.elmanana.com/cae-ex-rector-de-la-uabjo-por-fraude/5475695,neutral,,qwen2.5:7b,,,qwen2.5:72b,,,,qwen2.5:7b,neutral,,url_1,3
20220102,84,JUDGE,,https://www.vesti-online.com/stopiran-otkaz-za-nevakcinisanog-cuvara-reda/,push,dismissal for an unvaccinated security guard,qwen2.5:7b,,,qwen2.5:72b,,,,qwen2.5:7b,push,dismissal for an unvaccinated security guard,url_1,3
20220102,173,PUBLIC PROSECUTOR,,https://www.hoydiariodelmagdalena.com.co/archivos/613776,neutral,,qwen2.5:7b,,,qwen2.5:72b,,,,qwen2.5:7b,neutral,,url_1,3
20220102,10,LAWYER,MELBOURNE,https://www.vesti-online.com/samo-pisani-testament-je-vazeci/,neutral,,qwen2.5:7b,,,qwen2.5:72b,,,,qwen2.5:7b,neutral,,url_1,3
20220102,114,PUBLIC PROSECUTOR,OAXACA,https://oaxaca.eluniversal.com.mx/municipios/denuncian-ante-el-ieepco-edil-de-ocotlan-oaxaca-por-violencia-politica-de-genero,neutral,,qwen2.5:7b,,,qwen2.5:72b,,,,qwen2.5:7b,neutral,,url_1,3
20220102,112,LAWYER,UNITED STATES,https://www.diariolibre.com/usa/revista/2022/01/02/juez-impide-que-bloqueo-de-demanda-contra-el-principe-andres/1563621,neutral,,qwen2.5:7b,,,qwen2.5:72b,,,,qwen2.5:7b,neutral,,url_1,3
20220102,30,EMPLOYEE,,https://es.investing.com/news/stock-market-news/goldman-sachs-pide-a-sus-empleados-estadounidenses-que-trabajen-desde-casa-hasta-el-18-de-enero-2199115,push,work-from-home,qwen2.5:7b,,,qwen2.5:72b,,,,qwen2.5:7b,push,trabajen-desde-casa,url_1,3
20220102,10,CONGRESS,,https://www.telemundo.com/noticias/noticias-telemundo/clima/no-esto-no-es-una-broma-llovieron-peces-en-texas-poco-antes-de-fin-de-rcna10639,neutral,,qwen2.5:7b,,,qwen2.5:72b,,,,qwen2.5:7b,neutral,,url_1,3
20220102,10,STATE DUMA,,https://www.ridus.ru/news/370096,neutral,,qwen2.5:7b,,,qwen2.5:72b,,,,qwen2.5:7b,neutral,,url_1,3
20220102,83,SENATE,,https://sipse.com/mexico/las-breves-del-senado-inclusion-y-derechos-de-las-personas-sordas-415533.html,neutral,,qwen2.5:7b,,,qwen2.5:72b,,,,qwen2.5:7b,neutral,,url_1,3
20220102,13,MEXICO,,https://sipse.com/mexico/isste-se-prepara-para-la-cuarta-ola-de-la-pandemia-por-covid-19-en-mexico-415544.html,neutral,pandemic,qwen2.5:7b,,,qwen2.5:72b,,,,qwen2.5:7b,neutral,pandemia,url_1,3
20220102,190,COMMANDER,,https://www.antaranews.com/berita/2620221/dilan-series-gelar-audisi-terbuka-untuk-cari-pemain,neutral,audition,qwen2.5:7b,,,qwen2.5:72b,,,,qwen2.5:7b,neutral,audition,url_1,3
20220102,17,COMMANDER,ISLAMIC,http://www.hispantv.com/noticias/siria/535008/iran-siria-relaciones-cooperacion,mixed,cooperation,qwen2.5:7b,,,qwen2.5:72b,,,,qwen2.5:7b,mixed,cooperacion,url_1,3
20220102,17,COMMANDER,ISLAMIC,http://www.hispantv.com/noticias/siria/535008/iran-siria-relaciones-cooperacion,mixed,cooperation,qwen2.5:7b,,,qwen2.5:72b,,,,qwen2.5:7b,mixed,cooperation,url_1,3
20220102,195,FIGHTER PLANE,SAUDI,http://www.hispantv.com/noticias/yemen/535011/ataque-saudi-mezquita-muertos,push,mosque attack dead,qwen2.5:7b,,,qwen2.5:72b,,,,qwen2.5:7b,push,ataque mezquita muertos,url_1,3
20220102,195,FIGHTER PLANE,SAUDI,http://www.hispantv.com/noticias/yemen/535011/ataque-saudi-mezquita-muertos,push,mosque attack dead,qwen2.5:7b,,,qwen2.5:72b,,,,qwen2.5:7b,push,mosque attack dead,url_1,3
20220102,195,FIGHTER PLANE,SAUDI,http://www.hispantv.com/noticias/yemen/535011/ataque-saudi-mezquita-muertos,push,mosque attack dead,qwen2.5:7b,,,qwen2.5:72b,,,,qwen2.5:7b,push,ataque mezquita muertos,url_1,3
20220102,70,MILITARY POLICE,,https://g1.globo.com/sp/santos-regiao/noticia/2022/01/02/prefeito-de-peruibe-critica-atuacao-da-policia-militar-contra-pancadoes-no-reveillon-caos-na-seguranca.ghtml,neutral,military police mayor,qwen2.5:7b,,,qwen2.5:72b,,,,qwen2.5:7b,neutral,prefeito policia militar,url_1,3
20220102,20,NAVAL,AMBASSADOR,https://sipse.com/mexico/las-breves-del-senado-inclusion-y-derechos-de-las-personas-sordas-415533.html,neutral,senate,qwen2.5:7b,,,qwen2.5:72b,,,,qwen2.5:7b,neutral,senate,url_1,3
20220102,20,GOLDMAN SACHS,AMERICAN,https://es.investing.com/news/stock-market-news/goldman-sachs-pide-a-sus-empleados-estadounidenses-que-trabajen-desde-casa-hasta-el-18-de-enero-2199115,neutral,work from home,qwen2.5:7b,,,qwen2.5:72b,,,,qwen2.5:7b,neutral,trabajen desde casa,url_1,3
20220102,20,VERIZON,REUTERS,https://es.investing.com/news/stock-market-news/presidentes-ejecutivos-de-att-y-verizon-rechazan-peticion-de-eeuu-de-retrasar-despliegue-del-5g-2199124,neutral,,qwen2.5:7b,,,qwen2.5:72b,,,,qwen2.5:7b,neutral,,url_1,3
20220102,120,VERIZON,REUTERS,https://es.investing.com/news/stock-market-news/presidentes-ejecutivos-de-att-y-verizon-rechazan-peticion-de-eeuu-de-retrasar-despliegue-del-5g-2199124,neutral,,qwen2.5:7b,,,qwen2.5:72b,,,,qwen2.5:7b,neutral,,url_1,3
20220102,113,PROTESTER,,http://lratvakan.com/news/76958.html,neutral,lratvakan.com,qwen2.5:7b,,,qwen2.5:72b,,,,qwen2.5:7b,neutral,lratvakan.com,url_1,3
20220102,113,PROTESTER,,https://lugradar.net/2022/01/337334,neutral,lugradar.net,qwen2.5:7b,,,qwen2.5:72b,,,,qwen2.5:7b,neutral,lugradar.net,url_1,3
20220102,112,DETAINEE,BELARUSIAN,http://www.kvir.ru/author/andre-galinin/,neutral,kvir.ru,qwen2.5:7b,,,qwen2.5:72b,,,,qwen2.5:7b,neutral,kvir.ru,url_1,3
20220102,190,DETAINEE,BELARUSIAN,http://www.kvir.ru/author/andre-galinin/,neutral,kvir.ru,qwen2.5:7b,,,qwen2.5:72b,,,,qwen2.5:7b,neutral,kvir.ru,url_1,3
20220102,141,DEMONSTRATOR,CALGARY,https://www.journaldemontreal.com/2022/01/02/manifestations-anti-covid-un-pasteur-et-son-frere-arretes-par-calgary,neutral,,qwen2.5:7b,,,qwen2.5:72b,,,,qwen2.5:7b,neutral,,url_1,3
20220102,145,PROTESTER,SECURITY FORCE,https://www.expressen.se/nyheter/efter-protesterna--sudans-premiarminister-avgar/,neutral,,qwen2.5:7b,,,qwen2.5:72b,,,,qwen2.5:7b,neutral,,url_1,3
20220102,190,ACTIVIST,POLICE,http://lratvakan.com/news/76958.html,neutral,lratvakan.com,qwen2.5:7b,,,qwen2.5:72b,,,,qwen2.5:7b,neutral,lratvakan.com,url_1,3
20220102,42,DEMONSTRATOR,GOVERNMENT,https://lugradar.net/2022/01/337334,neutral,lugradar.net,qwen2.5:7b,,,qwen2.5:72b,,,,qwen2.5:7b,neutral,lugradar.net,url_1,3
20220102,46,DEMONSTRATOR,MINIST,https://www.journaldemontreal.com/2022/01/02/manifestations-anti-covid-un-pasteur-et-son-frere-arretes-par-calgary,neutral,"""manifestations anti-covid""",qwen2.5:7b,,,qwen2.5:72b,,,,qwen2.5:7b,neutral,"""manifestations anti-covid""",url_1,3
20220102,145,DEMONSTRATOR,GOVERNMENT,http://lratvakan.com/news/76958.html,unclear,"""arretes-by-calgary""",qwen2.5:7b,unclear,"URL too short, generic",qwen2.5:72b,"Участники акции протеста в центре Киева пошли на штурм кордонов, которые выставлены вокруг квартала правительственных зданий.

На улице Грушевского в Киеве не утихают столкновения протестующих и правоохранителей. На улице стоят несколько разбитых автобусов милиции, один автобус подожгли. Силовики регулярно бросают в толпу дымовые шашки, используют слезоточивый газ.

Ожидается приезд водометов. Об этом сообщают местные СМИ. Использование водометов на морозе угрожает смертями протестующим. При таком температуре может наступить переохлаждение от воды за несколько минут.

Помимо этого, протестующие захватили пять пустых милицейских автобусов. Лидер партии «УДАР» Виталий Кличко призвал протестующих отказаться от силовых действий в отношении правоохранителей, заявив, что это наверняка вызовет ответную реакцию со стороны «Беркута». Политик пообещал договориться о том, чтобы людям открыли проход к зданию Верховной Рады.

Столкновения активистов с милицией начались после так называемого народного вече на Майдане Незалежности, в котором приняли участие несколько сотен тысяч человек. Собравшиеся протестовали против политики действующих властей страны.",push,"war, violence, conflict",qwen2.5:7b,push,"war, violence, conflict",article,3
20220102,145,DEMONSTRATOR,GOVERNMENT,https://lugradar.net/2022/01/337334,neutral,"""anti-covid""",qwen2.5:7b,,,qwen2.5:72b,,,,qwen2.5:7b,neutral,"""anti-covid""",url_1,3
20220102,130,PRISONER,TEL AVIV,http://www.hispantv.com/noticias/palestina/535010/preso-israel-huelga-hambre,push,"""preso-israel-huelga-hambre"" (implying political tension and potential displacement)",qwen2.5:7b,,,qwen2.5:72b,,,,qwen2.5:7b,push,"""preso-israel-huelga-hambre"" (implying political tension and potential displacement)",url_1,3
20220102,20,ACTIVIST,NATIONAL ASSEMBLY,http://lratvakan.com/news/76958.html,unclear,"""arretes-by-calgary""",qwen2.5:7b,neutral,No clear migration-related tokens,qwen2.5:72b,,,,qwen2.5:7b,neutral,No clear migration-related tokens,url_2,3
20220102,20,ACTIVIST,NATIONAL ASSEMBLY,https://lugradar.net/2022/01/337334,neutral,"""anti-covid""",qwen2.5:7b,,,qwen2.5:72b,,,,qwen2.5:7b,neutral,"""anti-covid""",url_1,3
20220102,42,MACHU PICCHU,,https://www.segnidalcielo.it/peru-un-turista-fotografa-un-ufo-sullantica-citta-di-machu-picchu/,neutral,"""ufo""",qwen2.5:7b,,,qwen2.5:72b,,,,qwen2.5:7b,neutral,"""ufo""",url_1,3
20220102,20,POLAND,UKRAINIAN,https://www.volynnews.com/news/all/chomu-v-polshchi-vse-chastishe-napadaiut-na-zarobitchan-z-ukrayiny/,push,"""napadaiut-na-zarobitchan-z-ukrayiny"" (implies safety issues and potential displacement)",qwen2.5:7b,,,qwen2.5:72b,,,,qwen2.5:7b,push,"""napadaiut-na-zarobitchan-z-ukrayiny"" (implies safety issues and potential displacement)",url_1,3
20220102,20,POLAND,UKRAINIAN,https://www.volynnews.com/news/all/chomu-v-polshchi-vse-chastishe-napadaiut-na-zarobitchan-z-ukrayiny/,neutral,"""napadaiut-na-zarobitchan-z-ukrayiny""",qwen2.5:7b,,,qwen2.5:72b,,,,qwen2.5:7b,neutral,"""napadaiut-na-zarobitchan-z-ukrayiny""",url_1,3
20220102,90,POLISH,UKRAINIAN,https://www.volynnews.com/news/all/chomu-v-polshchi-vse-chastishe-napadaiut-na-zarobitchan-z-ukrayiny/,neutral,"""napadaiut-na-zarobitchan-z-ukrayiny""",qwen2.5:7b,,,qwen2.5:72b,,,,qwen2.5:7b,neutral,"""napadaiut-na-zarobitchan-z-ukrayiny""",url_1,3
20220102,90,POLISH,UKRAINIAN,https://www.volynnews.com/news/all/chomu-v-polshchi-vse-chastishe-napadaiut-na-zarobitchan-z-ukrayiny/,push,zarobitchan z Ukrayiny,qwen2.5:7b,,,qwen2.5:72b,,,,qwen2.5:7b,push,zarobitchan z Ukrayiny,url_1,3
20220102,20,POLAND,UKRAINIAN,https://www.volynnews.com/news/all/chomu-v-polshchi-vse-chastishe-napadaiut-na-zarobitchan-z-ukrayiny/,push,zarobitchan z Ukrayiny,qwen2.5:7b,,,qwen2.5:72b,,,,qwen2.5:7b,push,zarobitchan z Ukrayiny,url_1,3
20220102,90,POLISH,UKRAINIAN,https://www.volynnews.com/news/all/chomu-v-polshchi-vse-chastishe-napadaiut-na-zarobitchan-z-ukrayiny/,push,zarobitchan z Ukrayiny,qwen2.5:7b,,,qwen2.5:72b,,,,qwen2.5:7b,push,zarobitchan z Ukrayiny,url_1,3
20220102,90,POLAND,UKRAINE,https://www.volynnews.com/news/all/chomu-v-polshchi-vse-chastishe-napadaiut-na-zarobitchan-z-ukrayiny/,push,zarobitchan z Ukrayiny,qwen2.5:7b,,,qwen2.5:72b,,,,qwen2.5:7b,push,zarobitchan z Ukrayiny,url_1,3
20220102,43,LISBON,GERMAN,https://naslovi.net/2022-01-03/blic/zarobljeni-u-luci-nemacki-kruzer-usidren-do-daljeg-u-lisabonu-zbog-izbijanja-epidemije-korona-virusa/29657724,pull,captured in the port of the German kruger anchored until further in Lisbon due to the outbreak of the corona virus epidemic,qwen2.5:7b,,,qwen2.5:72b,,,,qwen2.5:7b,pull,zarobljeni u Luci Nemacki kruger usidren do daljeg u Lisabonu zbog izbijanja epidemije korona virusa,url_1,3
20220102,43,LISBON,GERMAN,https://naslovi.net/2022-01-03/blic/zarobljeni-u-luci-nemacki-kruzer-usidren-do-daljeg-u-lisabonu-zbog-izbijanja-epidemije-korona-virusa/29657724,pull,captured in the port of the German kruger anchored until further in Lisbon due to the outbreak of the corona virus epidemic,qwen2.5:7b,,,qwen2.5:72b,,,,qwen2.5:7b,pull,captured in the port of the German kruger anchored until further in Lisbon due to the outbreak of the corona virus epidemic,url_1,3
20220102,20,PALESTINIAN,,http://www.hispantv.com/noticias/palestina/535010/preso-israel-huelga-hambre,push,Israeli prisoner hunger strike,qwen2.5:7b,,,qwen2.5:72b,,,,qwen2.5:7b,push,preso israel huelga hambre,url_1,3
20220102,1831,SUICIDE BOMBER,KABUL,https://www.journaldemontreal.com/2022/01/02/en-afghanistan-les-femmes-victimes-de-violences-abandonnees-a-leur-sort-1,pull,women victims of violence abandoned to their fate,qwen2.5:7b,,,qwen2.5:72b,,,,qwen2.5:7b,pull,women victims of violence abandoned to their fate,url_1,3
20220102,42,SAINT,,https://g1.globo.com/sp/santos-regiao/porto-mar/noticia/2022/01/02/anvisa-reforca-urgencia-em-acabar-com-temporada-de-cruzeiros-e-fala-em-risco-a-saude-publica.ghtml,neutral,Anvisa reinforces the urgency to end the cruise season and talks about the risk to public health,qwen2.5:7b,,,qwen2.5:72b,,,,qwen2.5:7b,neutral,Anvisa reinforces the urgency to end the cruise season and talks about the risk to public health,url_1,3
20220102,14,ROMANIA,,https://ziare.com/sorin-grindeanu/grindeanu-acuzatii-drula-autostrada-brasov-ploiesti-licitatie-studiu-fezabilitate-1718214,neutral,accusations Drula highway Brasov Ploiesti tender feasibility study,qwen2.5:7b,,,qwen2.5:72b,,,,qwen2.5:7b,neutral,acuzii drula autostrada brasov ploiesti licitatie studiu fezabilitate,url_1,3
20220102,130,RUSSIAN,EGYPTIAN,https://aif.ru/society/genkonsulstvo_rf_v_hurgade_predupredilo_o_zaderzhkah_reysov_iz-za_nepogody,neutral,nepogody (weather conditions),qwen2.5:7b,,,qwen2.5:72b,,,,qwen2.5:7b,neutral,nepogody (weather conditions),url_1,3
20220102,46,RUSSIA,TURKEY,https://www.geopolitica.ru/news/putin-i-erdogan-obsudili-garantii-bezopasnosti-mezhdu-rf-i-nato,neutral,discussed (discussd),qwen2.5:7b,,,qwen2.5:72b,,,,qwen2.5:7b,neutral,discussed (discussd),url_1,3
20220102,112,RUSSIA,UKRAINE,https://www.cas.sk/cl/1003185/2626559/biden-telefonoval-s-ukrajinskym-prezidentom-usa-budu-na-rusku-invaziu-reagovat,push,"invaziu (invasion), reagovat (react) - implies potential emigration due to conflict",qwen2.5:7b,,,qwen2.5:72b,,,,qwen2.5:7b,push,"invaziu (invasion), reagovat (react) - implies potential emigration due to conflict",url_1,3
20220102,120,RUSSIA,UKRAINE,https://www.cas.sk/cl/1003185/2626559/biden-telefonoval-s-ukrajinskym-prezidentom-usa-budu-na-rusku-invaziu-reagovat,push,"invaziu (invasion), reagovat (react) - implies potential emigration due to conflict",qwen2.5:7b,,,qwen2.5:72b,,,,qwen2.5:7b,push,"invaziu (invasion), reagovat (react) - implies potential emigration due to conflict",url_1,3
20220102,120,RUSSIA,UKRAINE,https://www.cas.sk/cl/1003185/2626559/biden-telefonoval-s-ukrajinskym-prezidentom-usa-budu-na-rusku-invaziu-reagovat,push,"invaziu (invasion), reagovat (react) - implies potential emigration due to conflict",qwen2.5:7b,,,qwen2.5:72b,,,,qwen2.5:7b,push,"invaziu (invasion), reagovat (react) - implies potential emigration due to conflict",url_1,3
20220102,46,VLADIMIR,JOE BIDEN,https://gazeta.ua/articles/politics/_rozmova-zelenskogo-ta-bajdena-pro-scho-govorili-lideri/1065472,neutral,rozmova (conversation),qwen2.5:7b,,,qwen2.5:72b,,,,qwen2.5:7b,neutral,rozmova (conversation),url_1,3
20220102,40,RUSSIA,PRESIDENT,https://tsn.ua/ru/politika/bayden-i-zelenskiy-proveli-telefonnye-peregovory-chto-izvestno-1945450.html,neutral,negotiations,qwen2.5:7b,,,qwen2.5:72b,,,,qwen2.5:7b,neutral,negotiations,url_1,3
20220102,195,SAUDI,,http://www.hispantv.com/noticias/yemen/535011/ataque-saudi-mezquita-muertos,push,ataque (attack) - implies potential displacement,qwen2.5:7b,,,qwen2.5:72b,,,,qwen2.5:7b,push,ataque (attack) - implies potential displacement,url_1,3
20220102,195,SAUDI,SAUDI ARABIA,http://www.hispantv.com/noticias/yemen/535011/ataque-saudi-mezquita-muertos,push,ataque (attack) - implies potential displacement,qwen2.5:7b,,,qwen2.5:72b,,,,qwen2.5:7b,push,ataque (attack) - implies potential displacement,url_1,3
20220102,180,SENEGAL,,https://www.elmundo.es/comunidad-valenciana/castellon/2022/01/02/61d1ffb121efa045798b4589.html,neutral,no clear migration-related tokens,qwen2.5:7b,,,qwen2.5:72b,,,,qwen2.5:7b,neutral,no clear migration-related tokens,url_1,3
20220102,172,SYRIAN,,https://correio.rac.com.br/agencias/agencia-estado/2022/01/1153709-israel-aprova-plano-para-dobrar-numero-de-colonos-nas-colinas-do-golan.html,push,colons-in-the-golan-hills,qwen2.5:7b,,,qwen2.5:72b,,,,qwen2.5:7b,push,colons-in-the-golan-hills,url_1,3
20220102,193,ADANA,POLICE,https://www.ensonhaber.com/3-sayfa/adanada-silahli-kavgaya-mudahale-eden-polis-vuruldu,unclear,page/police-who-intervened-in-an-armed-fight-in-adana-was-shot,qwen2.5:7b,push,armed conflict;police shot,qwen2.5:72b,,,,qwen2.5:7b,push,armed conflict;police shot,url_2,3
20220102,41,TURKEY,RUSSIA,https://www.geopolitica.ru/news/putin-i-erdogan-obsudili-garantii-bezopasnosti-mezhdu-rf-i-nato,neutral,Putin-and-Erdogan-discussed-security-guarantees-between-Russia-and-NATO,qwen2.5:7b,,,qwen2.5:72b,,,,qwen2.5:7b,neutral,Putin-and-Erdogan-discussed-security-guarantees-between-Russia-and-NATO,url_1,3
20220102,46,TURKEY,RUSSIA,https://www.geopolitica.ru/news/putin-i-erdogan-obsudili-garantii-bezopasnosti-mezhdu-rf-i-nato,neutral,Putin-and-Erdogan-discussed-security-guarantees-between-Russia-and-NATO,qwen2.5:7b,,,qwen2.5:72b,,,,qwen2.5:7b,neutral,Putin-and-Erdogan-discussed-security-guarantees-between-Russia-and-NATO,url_1,3
20220102,46,TURKEY,RUSSIA,https://www.geopolitica.ru/news/putin-i-erdogan-obsudili-garantii-bezopasnosti-mezhdu-rf-i-nato,neutral,Putin-and-Erdogan-discussed-security-guarantees-between-Russia-and-NATO,qwen2.5:7b,,,qwen2.5:72b,,,,qwen2.5:7b,neutral,Putin-and-Erdogan-discussed-security-guarantees-between-Russia-and-NATO,url_1,3
20220102,50,UKRAINE,,https://www.lematin.ch/story/joe-biden-assure-au-president-ukrainien-de-son-soutien-face-a-la-russie-753628635749,pull,support-for-russia,qwen2.5:7b,,,qwen2.5:72b,,,,qwen2.5:7b,pull,support-for-russia,url_1,3
20220102,51,UKRAINE,,https://www.volynnews.com/news/all/chomu-v-polshchi-vse-chastishe-napadaiut-na-zarobitchan-z-ukrayiny/,push,zarobitchan-z-ukrayiny/napadaiut-na-zarobitchan,qwen2.5:7b,,,qwen2.5:72b,,,,qwen2.5:7b,push,zarobitchan-z-ukrayiny/napadaiut-na-zarobitchan,url_1,3
20220102,51,UKRAINE,,https://www.volynnews.com/news/all/chomu-v-polshchi-vse-chastishe-napadaiut-na-zarobitchan-z-ukrayiny/,push,zarobitchan-z-ukrayiny/napadaiut-na-zarobitchan,qwen2.5:7b,,,qwen2.5:72b,,,,qwen2.5:7b,push,zarobitchan-z-ukrayiny/napadaiut-na-zarobitchan,url_1,3
20220102,173,UKRAINIAN,,https://kosice.korzar.sme.sk/c/22812499/rusi-12-rokov-patrali-po-ukrajincovi-obvinenom-z-vrazdy-uz-je-v-kosickej-vaznici.html,unclear,12-year-old Russians-searched-for-a-Ukrainian-accused-of-murder-already-in-Kosice-prison.html,qwen2.5:7b,neutral,No clear migration-related tokens,qwen2.5:72b,,,,qwen2.5:7b,neutral,No clear migration-related tokens,url_2,3
20220102,173,UKRAINE,CHINA,https://kosice.korzar.sme.sk/c/22812499/rusi-12-rokov-patrali-po-ukrajincovi-obvinenom-z-vrazdy-uz-je-v-kosickej-vaznici.html,unclear,12-year-old Russians-searched-for-a-Ukrainian-accused-of-murder-already-in-Kosice-prison.html,qwen2.5:7b,neutral,No clear migration-related tokens,qwen2.5:72b,,,,qwen2.5:7b,neutral,No clear migration-related tokens,url_2,3
20220102,190,UKRAINE,CHINA,https://kosice.korzar.sme.sk/c/22812499/rusi-12-rokov-patrali-po-ukrajincovi-obvinenom-z-vrazdy-uz-je-v-kosickej-vaznici.html,push,Russians-have-been-hunting-for-a-Ukrainian-accused-of-murder-for-12-years,qwen2.5:7b,,,qwen2.5:72b,,,,qwen2.5:7b,push,rusi-12-rokov-patrali-po-ukrajincovi-obvinenom-z-vrazdy,url_1,3
20220102,51,UKRAINE,RUSSIA,https://www.lematin.ch/story/joe-biden-assure-au-president-ukrainien-de-son-soutien-face-a-la-russie-753628635749,neutral,joe-biden-assures-the-ukrainian-president-of-his-support-against-russia,qwen2.5:7b,,,qwen2.5:72b,,,,qwen2.5:7b,neutral,joe-biden-assures-the-ukrainian-president-of-his-support-against-russia,url_1,3
20220102,32,UKRAINE,RUSSIA,https://www.lematin.ch/story/joe-biden-assure-au-president-ukrainien-de-son-soutien-face-a-la-russie-753628635749,neutral,joe-biden-assures-the-ukrainian-president-of-his-support-against-russia,qwen2.5:7b,,,qwen2.5:72b,,,,qwen2.5:7b,neutral,joe-biden-assure-au-president-ukrainien-de-son-soutien-face-a-la-russie,url_1,3
20220102,51,UKRAINE,RUSSIA,https://www.lematin.ch/story/joe-biden-assure-au-president-ukrainien-de-son-soutien-face-a-la-russie-753628635749,neutral,joe-biden-assures-the-ukrainian-president-of-his-support-against-russia,qwen2.5:7b,,,qwen2.5:72b,,,,qwen2.5:7b,neutral,joe-biden-assures-the-ukrainian-president-of-his-support-against-russia,url_1,3
20220102,51,UKRAINE,RUSSIA,https://www.lematin.ch/story/joe-biden-assure-au-president-ukrainien-de-son-soutien-face-a-la-russie-753628635749,neutral,joe-biden-assures-the-ukrainian-president-of-his-support-against-russia,qwen2.5:7b,,,qwen2.5:72b,,,,qwen2.5:7b,neutral,joe-biden-assures-the-ukrainian-president-of-his-support-against-russia,url_1,3
20220102,32,UKRAINE,UKRAINE,https://www.lematin.ch/story/joe-biden-assure-au-president-ukrainien-de-son-soutien-face-a-la-russie-753628635749,neutral,joe-biden-assures-the-ukrainian-president-of-his-support-against-russia,qwen2.5:7b,,,qwen2.5:72b,,,,qwen2.5:7b,neutral,joe-biden-assures-the-ukrainian-president-of-his-support-against-russia,url_1,3
20220102,50,UKRAINE,UKRAINE,https://www.lematin.ch/story/joe-biden-assure-au-president-ukrainien-de-son-soutien-face-a-la-russie-753628635749,neutral,joe-biden-assures-the-ukrainian-president-of-his-support-against-russia,qwen2.5:7b,,,qwen2.5:72b,,,,qwen2.5:7b,neutral,joe-biden-assures-the-ukrainian-president-of-his-support-against-russia,url_1,3
20220102,50,UKRAINE,UKRAINE,https://www.lematin.ch/story/joe-biden-assure-au-president-ukrainien-de-son-soutien-face-a-la-russie-753628635749,neutral,joe-biden-assures-the-ukrainian-president-of-his-support-against-russia,qwen2.5:7b,,,qwen2.5:72b,,,,qwen2.5:7b,neutral,joe-biden-assure-au-president-ukrainien-de-son-soutien-face-a-la-russie,url_1,3
20220102,51,UKRAINE,UKRAINE,https://www.lematin.ch/story/joe-biden-assure-au-president-ukrainien-de-son-soutien-face-a-la-russie-753628635749,neutral,joe-biden-assures-the-ukrainian-president-of-his-support-against-russia,qwen2.5:7b,,,qwen2.5:72b,,,,qwen2.5:7b,neutral,joe-biden-assures-the-ukrainian-president-of-his-support-against-russia,url_1,3
20220102,41,UKRAINE,UNITED STATES,https://gazeta.ua/articles/politics/_rozmova-zelenskogo-ta-bajdena-pro-scho-govorili-lideri/1065472,neutral,rozmova-zelenskogo-ta-baidena-pro-scho-spoken-leaders,qwen2.5:7b,,,qwen2.5:72b,,,,qwen2.5:7b,neutral,rozmova-zelenskogo-ta-baidena-pro-scho-spoken-leaders,url_1,3
20220102,41,UKRAINE,UNITED STATES,https://gazeta.ua/articles/politics/_rozmova-zelenskogo-ta-bajdena-pro-scho-govorili-lideri/1065472,neutral,no migration-related tokens,qwen2.5:7b,,,qwen2.5:72b,,,,qwen2.5:7b,neutral,no migration-related tokens,url_1,3
20220102,46,UKRAINE,UNITED STATES,https://gazeta.ua/articles/politics/_rozmova-zelenskogo-ta-bajdena-pro-scho-govorili-lideri/1065472,neutral,no migration-related tokens,qwen2.5:7b,,,qwen2.5:72b,,,,qwen2.5:7b,neutral,no migration-related tokens,url_1,3
20220102,46,UKRAINE,UNITED STATES,https://gazeta.ua/articles/politics/_rozmova-zelenskogo-ta-bajdena-pro-scho-govorili-lideri/1065472,neutral,no migration-related tokens,qwen2.5:7b,,,qwen2.5:72b,,,,qwen2.5:7b,neutral,no migration-related tokens,url_1,3
20220102,100,UKRAINIAN,A US,https://naslovi.net/2022-01-03/blic/da-sacuvamo-mir-u-evropi-zelenski-razgovarao-sa-bajdenom-o-akcijama-u-ukrajini-reformi-i-borbama-protiv-oligarha/29657762,neutral,no migration-related tokens,qwen2.5:7b,,,qwen2.5:72b,,,,qwen2.5:7b,neutral,no migration-related tokens,url_1,3
20220102,46,UKRAINE,JOE BIDEN,https://gazeta.ua/articles/politics/_rozmova-zelenskogo-ta-bajdena-pro-scho-govorili-lideri/1065472,neutral,no migration-related tokens,qwen2.5:7b,,,qwen2.5:72b,,,,qwen2.5:7b,neutral,no migration-related tokens,url_1,3
20220102,50,UKRAINIAN,RUSSIA,https://www.lematin.ch/story/joe-biden-assure-au-president-ukrainien-de-son-soutien-face-a-la-russie-753628635749,neutral,no migration-related tokens,qwen2.5:7b,,,qwen2.5:72b,,,,qwen2.5:7b,neutral,no migration-related tokens,url_1,3
20220102,51,UKRAINIAN,RUSSIA,https://www.lematin.ch/story/joe-biden-assure-au-president-ukrainien-de-son-soutien-face-a-la-russie-753628635749,neutral,no migration-related tokens,qwen2.5:7b,,,qwen2.5:72b,,,,qwen2.5:7b,neutral,no migration-related tokens,url_1,3
20220102,51,UKRAINIAN,RUSSIA,https://www.lematin.ch/story/joe-biden-assure-au-president-ukrainien-de-son-soutien-face-a-la-russie-753628635749,neutral,no migration-related tokens,qwen2.5:7b,,,qwen2.5:72b,,,,qwen2.5:7b,neutral,no migration-related tokens,url_1,3
20220102,32,UKRAINIAN,UKRAINIAN,https://www.lematin.ch/story/joe-biden-assure-au-president-ukrainien-de-son-soutien-face-a-la-russie-753628635749,neutral,no migration-related tokens,qwen2.5:7b,,,qwen2.5:72b,,,,qwen2.5:7b,neutral,no migration-related tokens,url_1,3
20220102,100,UKRAINIAN,A US,https://naslovi.net/2022-01-03/blic/da-sacuvamo-mir-u-evropi-zelenski-razgovarao-sa-bajdenom-o-akcijama-u-ukrajini-reformi-i-borbama-protiv-oligarha/29657762,neutral,no migration-related tokens,qwen2.5:7b,,,qwen2.5:72b,,,,qwen2.5:7b,neutral,no migration-related tokens,url_1,3
20220102,12,UNITED STATES,,https://www.telemundo.com/noticias/noticias-telemundo/desastres-naturales/hallan-con-vida-a-uno-de-los-tres-desaparecidos-en-los-incendios-de-co-rcna10641,neutral,missing in the fires,qwen2.5:7b,,,qwen2.5:72b,,,,qwen2.5:7b,neutral,desaparecidos en los incendios,url_1,3
20220102,30,THE US,,http://www.kvir.ru/articles/glavnoe-kachestvo-boyca.html,unclear,the main quality of a fighter,qwen2.5:7b,neutral,No clear migration-related tokens,qwen2.5:72b,,,,qwen2.5:7b,neutral,No clear migration-related tokens,url_2,3
20220102,36,UNITED STATES,,https://news.online.ua/u-zelenskogo-utochnili-vremya-segodnyashnego-razgovora-s-baydenom_n840515/,neutral,confirmed the time of the conversation,qwen2.5:7b,,,qwen2.5:72b,,,,qwen2.5:7b,neutral,confirmed the time of the conversation,url_1,3
20220102,30,AMERICAN,UKRAINIAN,https://www.lematin.ch/story/joe-biden-assure-au-president-ukrainien-de-son-soutien-face-a-la-russie-753628635749,pull,support for Russia,qwen2.5:7b,,,qwen2.5:72b,,,,qwen2.5:7b,pull,soutien face a la russie,url_1,3
20220102,41,UNITED STATES,UKRAINE,https://gazeta.ua/articles/politics/_rozmova-zelenskogo-ta-bajdena-pro-scho-govorili-lideri/1065472,pull,support for Russia,qwen2.5:7b,,,qwen2.5:72b,,,,qwen2.5:7b,pull,support for Russia,url_1,3
20220102,46,UNITED STATES,UKRAINE,https://gazeta.ua/articles/politics/_rozmova-zelenskogo-ta-bajdena-pro-scho-govorili-lideri/1065472,pull,support for Russia,qwen2.5:7b,,,qwen2.5:72b,,,,qwen2.5:7b,pull,support for Russia,url_1,3
20220102,46,UNITED STATES,UKRAINE,https://gazeta.ua/articles/politics/_rozmova-zelenskogo-ta-bajdena-pro-scho-govorili-lideri/1065472,pull,support for Russia,qwen2.5:7b,,,qwen2.5:72b,,,,qwen2.5:7b,pull,support for Russia,url_1,3
20220102,36,UNITED STATES,THE WHITE HOUSE,https://pronedra.ru/v21-pervye-pervye-simptomy-pnevmonii-pomogut-svoevremenno-nachat-lechenie-i-soxranit-zhizn-439639.html,neutral,first symptoms of pneumonia,qwen2.5:7b,,,qwen2.5:72b,,,,qwen2.5:7b,neutral,first symptoms of pneumonia,url_1,3
20220102,36,THE WHITE HOUSE,,https://pronedra.ru/v21-pervye-pervye-simptomy-pnevmonii-pomogut-svoevremenno-nachat-lechenie-i-soxranit-zhizn-439639.html,neutral,first symptoms of pneumonia,qwen2.5:7b,,,qwen2.5:72b,,,,qwen2.5:7b,neutral,first symptoms of pneumonia,url_1,3
20220102,36,THE WHITE HOUSE,,https://news.online.ua/u-zelenskogo-utochnili-vremya-segodnyashnego-razgovora-s-baydenom_n840515/,neutral,confirmed the time of the conversation,qwen2.5:7b,,,qwen2.5:72b,,,,qwen2.5:7b,neutral,confirmed the time of the conversation,url_1,3
20220102,41,THE WHITE HOUSE,,https://pronedra.ru/v21-pervye-pervye-simptomy-pnevmonii-pomogut-svoevremenno-nachat-lechenie-i-soxranit-zhizn-439639.html,neutral,,qwen2.5:7b,,,qwen2.5:72b,,,,qwen2.5:7b,neutral,,url_1,3
20220102,90,NASA,,http://www.hispantv.com/noticias/ciencia-tecnologia/535007/nasa-asteroide-psyche,neutral,,qwen2.5:7b,,,qwen2.5:72b,,,,qwen2.5:7b,neutral,,url_1,3
20220102,46,JOE BIDEN,VLADIMIR,https://gazeta.ua/articles/politics/_rozmova-zelenskogo-ta-bajdena-pro-scho-govorili-lideri/1065472,neutral,,qwen2.5:7b,,,qwen2.5:72b,,,,qwen2.5:7b,neutral,,url_1,3
20220102,30,AMERICAN,UKRAINIAN,https://www.lematin.ch/story/joe-biden-assure-au-president-ukrainien-de-son-soutien-face-a-la-russie-753628635749,push,russia,qwen2.5:7b,,,qwen2.5:72b,,,,qwen2.5:7b,push,russia,url_1,3
20220102,46,JOE BIDEN,UKRAINE,https://gazeta.ua/articles/politics/_rozmova-zelenskogo-ta-bajdena-pro-scho-govorili-lideri/1065472,neutral,,qwen2.5:7b,,,qwen2.5:72b,,,,qwen2.5:7b,neutral,,url_1,3
20220102,36,THE WHITE HOUSE,UNITED STATES,https://news.online.ua/u-zelenskogo-utochnili-vremya-segodnyashnego-razgovora-s-baydenom_n840515/,neutral,,qwen2.5:7b,,,qwen2.5:72b,,,,qwen2.5:7b,neutral,,url_1,3
20220102,13,VENEZUELAN,VENEZUELA,http://www.hispantv.com/noticias/venezuela/535014/eeuu-confrontacion-dialogos-intervenezolanos,pull,USA,qwen2.5:7b,,,qwen2.5:72b,,,,qwen2.5:7b,pull,USA,url_1,3
20220102,111,VENEZUELAN,VENEZUELA,http://www.hispantv.com/noticias/venezuela/535014/eeuu-confrontacion-dialogos-intervenezolanos,pull,USA,qwen2.5:7b,,,qwen2.5:72b,,,,qwen2.5:7b,pull,USA,url_1,3
20220102,111,VENEZUELAN,,http://www.hispantv.com/noticias/venezuela/535014/eeuu-confrontacion-dialogos-intervenezolanos,pull,USA,qwen2.5:7b,,,qwen2.5:72b,,,,qwen2.5:7b,pull,USA,url_1,3
20220102,13,VENEZUELAN,VENEZUELAN,http://www.hispantv.com/noticias/venezuela/535014/eeuu-confrontacion-dialogos-intervenezolanos,pull,USA,qwen2.5:7b,,,qwen2.5:72b,,,,qwen2.5:7b,pull,USA,url_1,3
20220102,51,CATALAN,,https://sport1.oslobodjenje.ba/s1/fudbal/ino-fudbal/primera/barcelona-slavila-minimalnu-pobjedu-protiv-mallorce-721769,neutral,no migration-related tokens,qwen2.5:7b,,,qwen2.5:72b,,,,qwen2.5:7b,neutral,no migration-related tokens,url_1,3
