sqldate,eventcode,actor1name,actor2name,sourceurl,pressure_url_1,reason_url_1,model_url_1,temp_url_1,temp_url_2,temp_article,pressure_url_2,reason_url_2,model_url_2,article_text,pressure_article,reason_article,model_article,pressure_final,reason_final,final_source,mode_used
20210101,130,GERMANY,,https://www.e110.de/terrorakte-vielleicht-verhindert/,push,acts of terrorism perhaps prevented,qwen2.5:7b,1.5,1.5,,,,qwen2.5:72b,,,,,push,acts of terrorism perhaps prevented,url_1,2
20220101,43,,CHILE,http://www.funkuhr.de/fernsehprogramm/sendungsdetails/169446982/pumas-in-der-wildnis-patagoniens.html,neutral,TV program show details pumas in the wilds of Patagonia,qwen2.5:7b,1.5,1.5,,neutral,No migration-related tokens,qwen2.5:72b,,,,,unclear,TV program show details pumas in the wilds of Patagonia,unresolved,2
20220101,112,,CRIMINAL,https://www.brasil247.com/brasil/bolsonaro-e-eleito-corrupto-do-ano-por-consorcio-internacional,push,corrupt of the year,qwen2.5:7b,1.5,1.5,,,,qwen2.5:72b,,,,,push,corrupt of the year,url_1,2
20220101,46,,AUTHORITIES,https://ria.ru/20220102/status-1766397981.html,neutral,status,qwen2.5:7b,1.5,1.5,,push,status; may imply unstable situation or crisis,qwen2.5:72b,,,,,push,status; may imply unstable situation or crisis,url_2,2
20220101,110,,PRIME MINISTER,https://www.aftenposten.no/verden/i/OrevnE/foerste-nyttaarsdag-ble-det-registrert-over-160000-koronatilfeller-i-en,neutral,"On New Year's Day, cancer cases were registered in one",qwen2.5:7b,1.5,1.5,,push,koronatilfeller; implies health crisis affecting movement,qwen2.5:72b,,,,,push,koronatilfeller; implies health crisis affecting movement,url_2,2
20220101,190,,PRESIDENT,https://alquds.com/2022/01/01/%D8%A5%D8%B5%D8%A7%D8%A8%D8%A7%D8%AA-%D8%AE%D9%84%D8%A7%D9%84-%D9%85%D9%88%D8%A7%D8%AC%D9%87%D8%A7%D8%AA-%D9%81%D9%8A-%D8%A8%D8%B1%D9%82%D8%A9/,push,corrupt of the year,qwen2.5:7b,1.5,1.5,,,,qwen2.5:72b,,,,,push,corrupto do ano,url_1,2
20220101,42,,ITALIAN,https://www.interris.it/copertina/perno-opbg-omicron-bambini/,neutral,opbg pin omicron children,qwen2.5:7b,1.5,1.5,,neutral,No migration-related tokens,qwen2.5:72b,,,,,unclear,perno opbg omicron bambini,unresolved,2
20220101,51,,WORKER,https://www.franceguyane.fr/actualite/social/mobilisation-sociale-a-pointe-a-pitre-elie-domota-a-ete-arrete-493999.php,neutral,social mobilization in pointe a pitre elie domota was arrested,qwen2.5:7b,1.5,1.5,,push,arrete; suggests social unrest or conflict,qwen2.5:72b,,,,,push,arrete; suggests social unrest or conflict,url_2,2
20220101,51,,WORKER,https://www.franceguyane.fr/actualite/social/mobilisation-sociale-a-pointe-a-pitre-elie-domota-a-ete-arrete-493999.php,neutral,social mobilization in pointe a pitre elie domota was arrested,qwen2.5:7b,1.5,1.5,,push,"social mobilization, arrest;social unrest, arrest",qwen2.5:72b,,,,,push,"mobilisation sociale, arrestation; social unrest, arrest",url_2,2
20220101,1823,,MILITARY,https://www.franceguyane.fr/actualite/france/feminicides-deux-hommes-en-garde-a-vue-le-jour-du-nouvel-an-494064.php,neutral,feminicides two men in police custody on New Year's Day,qwen2.5:7b,1.5,1.5,,neutral,"feminicides, police custody;no migration tokens",qwen2.5:72b,,,,,unclear,feminicides two men in police custody on New Year's Day,unresolved,2
20220101,43,,POLE,https://as.com/futbol/2022/01/01/primera/1641057005_745473.html,neutral,<no clear migration-related tokens>,qwen2.5:7b,1.5,1.5,,neutral,"futbol; sports content, no migration tokens",qwen2.5:72b,,,,,unclear,<no clear migration-related tokens>,unresolved,2
20220101,51,,SAUDI ARABIA,https://www.okaz.com.sa/news/na/2092790,neutral,<no clear migration-related tokens>,qwen2.5:7b,1.5,1.5,,unclear,"URL too short, generic, ID-like",qwen2.5:72b,,,,,unclear,<no clear migration-related tokens>,unresolved,2
20220101,51,,SAUDI ARABIA,https://www.okaz.com.sa/news/na/2092790,neutral,<no clear migration-related tokens>,qwen2.5:7b,1.5,1.5,,unclear,"URL too short, generic, ID-like",qwen2.5:72b,,,,,unclear,<no clear migration-related tokens>,unresolved,2
20220101,20,,INTELLIGENCE,https://www.diariolaprovinciasj.com/elpais/2022/1/1/cuales-son-los-sectores-que-tendran-mayor-demanda-laboral-en-2022-165873.html,mixed,"labor, demand",qwen2.5:7b,1.5,1.5,,,,qwen2.5:72b,,,,,mixed,"laboral, demanda",url_1,2
20220101,42,,VENEZUELAN,https://noticias.uol.com.br/ultimas-noticias/efe/2022/01/01/chanceler-venezuelano-pede-que-bolsonaro-aprove-transferencia-de-migrantes.htm,push,transfer-migrants,qwen2.5:7b,1.5,1.5,,,,qwen2.5:72b,,,,,push,transfer-migrants,url_1,2
20220101,20,,BASQUE,https://omirante.pt/cavaleiro-andante/2022-01-01-Em-Abrantes-nada-como-dantes-a2fb5365,neutral,<no clear migration-related tokens>,qwen2.5:7b,1.5,1.5,,neutral,No clear migration-related tokens,qwen2.5:72b,,,,,unclear,<no clear migration-related tokens>,unresolved,2
20220101,50,,CATALAN,https://sport1.oslobodjenje.ba/s1/fudbal/ino-fudbal/primera/postigao-dogovor-sa-kataloncima-barcelona-sljedeceg-ljeta-dobija-veliko-pojacanje-721568,neutral,<no clear migration-related tokens>,qwen2.5:7b,1.5,1.5,,pull,growth indicates potential pull for immigration,qwen2.5:72b,,,,,pull,veliko-pojacanje (growth) indicates potential pull for immigration,url_2,2
20220101,51,,INDIGENOUS,https://g1.globo.com/mundo/noticia/2022/01/01/a-epidemia-de-desaparecimentos-de-indigenas-que-intriga-os-eua.ghtml,push,indigenous-disappearances,qwen2.5:7b,1.5,1.5,,,,qwen2.5:72b,,,,,push,desaparecimentos-indigenas,url_1,2
20220101,51,,INDIGENOUS,https://g1.globo.com/mundo/noticia/2022/01/01/a-epidemia-de-desaparecimentos-de-indigenas-que-intriga-os-eua.ghtml,push,indigenous-disappearances,qwen2.5:7b,1.5,1.5,,,,qwen2.5:72b,,,,,push,indigenous-disappearances,url_1,2
20220101,161,MADEIRA,,https://www.akhbarona.com/last/340605.html,neutral,<no clear migration-related tokens>,qwen2.5:7b,1.5,1.5,,unclear,"URL too short, generic, ID-like, or ambiguous",qwen2.5:72b,,,,,unclear,<no clear migration-related tokens>,unresolved,2
20220101,112,BRAZIL,CRIMINAL,https://www.brasil247.com/brasil/bolsonaro-e-eleito-corrupto-do-ano-por-consorcio-internacional,neutral,,qwen2.5:7b,1.5,1.5,,push,corrupto-do-ano (corrupt of the year) suggests push factor,qwen2.5:72b,,,,,push,corrupto-do-ano (corrupt of the year) suggests push factor,url_2,2
20220101,112,BRAZIL,CRIMINAL,https://www.brasil247.com/brasil/bolsonaro-e-eleito-corrupto-do-ano-por-consorcio-internacional,neutral,,qwen2.5:7b,1.5,1.5,,push,corrupto-do-ano (corrupt of the year) suggests push factor,qwen2.5:72b,,,,,push,corrupto-do-ano (corrupt of the year) suggests push factor,url_2,2
20220101,100,BUSINESS,,https://pronedra.ru/znaki-vostochnogo-kalendarya-po-godu-rozhdeniya-kotorym-povezet-v-2022-godu-628853.html,neutral,,qwen2.5:7b,1.5,1.5,,neutral,No migration-related tokens found,qwen2.5:72b,,,,,unclear,No migration-related tokens found,unresolved,2
20220101,90,COMPANY,ADMINISTRATION,https://www.republika.co.id/berita/r520kx430/jepang-bantu-perusahaan-bill-gates-bangun-reaktor-nuklir,neutral,,qwen2.5:7b,1.5,1.5,,pull,jepang-bantu signals aid or support from Japan,qwen2.5:72b,,,,,pull,jepang-bantu signals aid or support from Japan,url_2,2
20220101,112,COMPANIES,REPRESENTATIVES,https://www.alarab.com/Article/1018144,unclear,,qwen2.5:7b,1.5,1.5,,unclear,"URL too short, generic, ID-like, or ambiguous",qwen2.5:72b,,,,,unclear,"URL too short, generic, ID-like, or ambiguous",unresolved,2
20220101,60,SWITZERLAND,,https://evz.ro/sinuciderea-asistata-este-acum-legala-austria-este-tara-care-a-decis-sa-curme-suferintele-bolnavilor.html,pull,legal austria,qwen2.5:7b,1.5,1.5,,,,qwen2.5:72b,,,,,pull,legala austria,url_1,2
20220101,81,SWITZERLAND,,https://evz.ro/sinuciderea-asistata-este-acum-legala-austria-este-tara-care-a-decis-sa-curme-suferintele-bolnavilor.html,pull,legal austria,qwen2.5:7b,1.5,1.5,,,,qwen2.5:72b,,,,,pull,legala austria,url_1,2
20220101,42,CHILE,,http://www.funkuhr.de/fernsehprogramm/sendungsdetails/169446982/pumas-in-der-wildnis-patagoniens.html,neutral,,qwen2.5:7b,1.5,1.5,,neutral,No migration-related tokens found,qwen2.5:72b,,,,,unclear,No migration-related tokens found,unresolved,2
20220101,54,CHINA,EMBASSY,https://gordonua.com/news/worldnews/kitay-otkryl-posolstvo-v-nikaragua-posle-vozobnovleniya-diplomaticheskih-otnosheniy-1589047.html,neutral,,qwen2.5:7b,1.5,1.5,,neutral,No clear migration-related tokens found,qwen2.5:72b,,,,,unclear,No clear migration-related tokens found,unresolved,2
20220101,20,COLOMBIA,COLOMBIA,https://www.colombia.com/actualidad/nacionales/12415-contagios-por-la-covid-19-registra-colombia-en-el-primer-dia-del-ano-2022-333346,neutral,,qwen2.5:7b,1.5,1.5,,neutral,No clear migration-related tokens,qwen2.5:72b,,,,,unclear,No clear migration-related tokens,unresolved,2
20220101,180,PRISON,,https://pronedra.ru/zaprety-i-primety-rozhdestvenskogo-sochelnik-chto-gotovyat-v-prazdnik-628846.html,neutral,no migration-related tokens,qwen2.5:7b,1.5,1.5,,unclear,URL too generic; no clear migration-related tokens,qwen2.5:72b,,,,,unclear,no migration-related tokens,unresolved,2
20220101,30,PRISON,ACADEMICS,https://www.notigape.com/trabajara-gobierno-municipal-por-bienestar-y-progreso-en-2022/243835,pull,municipal government will work for well-being and progress in 2022,qwen2.5:7b,1.5,1.5,,,,qwen2.5:72b,,,,,pull,municipal government will work for well-being and progress in 2022,url_1,2
20220101,173,POLICE,FRANCE,https://www.franceguyane.fr/actualite/social/mobilisation-sociale-a-pointe-a-pitre-elie-domota-a-ete-arrete-493999.php,push,social mobilization in pointe a pitre elie domota was arrested,qwen2.5:7b,1.5,1.5,,,,qwen2.5:72b,,,,,push,mobilisation sociale a pointe a pitre elie domota a ete arrete,url_1,2
20220101,186,PERPETRATOR,BAMAKO,http://malijet.com/les_faits_divers_au_mali/265488-commissariat-de-police-du-11eme-arrondissement-fin-de-course-pou.html,neutral,no migration-related tokens,qwen2.5:7b,1.5,1.5,,push,"police, end of course (implies conflict or crime)",qwen2.5:72b,,,,,push,"police, end of course (implies conflict or crime)",url_2,2
20220101,10,COMMUNITY,,https://www.lopinionista.it/fico-ringrazia-mattarella-120130.html,neutral,no migration-related tokens,qwen2.5:7b,1.5,1.5,,neutral,No clear migration-related tokens,qwen2.5:72b,,,,,unclear,no migration-related tokens,unresolved,2
20220101,111,RESIDENTS,,https://g1.globo.com/sp/piracicaba-regiao/noticia/2022/01/01/biblioteca-municipal-de-limeira-oferece-oficinas-gincana-show-e-sarau-durante-as-ferias-escolares.ghtml,neutral,no migration-related tokens,qwen2.5:7b,1.5,1.5,,neutral,No clear migration-related tokens,qwen2.5:72b,,,,,unclear,no migration-related tokens,unresolved,2
20220101,1723,POPULATION,,https://gordonua.com/news/worldnews/vo-francii-v-novogodnyuyu-noch-sozhgli-874-mashiny-mvd-1589046.html,neutral,no migration-related tokens,qwen2.5:7b,1.5,1.5,,neutral,No clear migration-related tokens,qwen2.5:72b,,,,,unclear,no migration-related tokens,unresolved,2
20220101,80,ACTOR,,https://www.interris.it/rubriche/opinione/affrontare-questioni-pressanti-luce-dottrina-sociale-chiesa/,mixed,address pressing issues (urgent issues) light church social doctrine,qwen2.5:7b,1.5,1.5,,,,qwen2.5:72b,,,,,mixed,address pressing issues (urgent issues) light church social doctrine,url_1,2
20220101,833,EUROPE,,https://www.brasil247.com/blog/brasil-para-principiantes,pull,brazil for beginners (for beginners),qwen2.5:7b,1.5,1.5,,,,qwen2.5:72b,,,,,pull,brasil para principiantes (for beginners),url_1,2
20220101,90,EUROPE,,https://alquds.com/2022/01/02/%D8%A3%D9%88%D8%B1%D9%88%D8%A8%D8%A7-%D8%AA%D8%AA%D8%AC%D8%A7%D9%88%D8%B2-%D8%B9%D8%AA%D8%A8%D8%A9-100-%D9%85%D9%84%D9%8A%D9%88%D9%86-%D8%A5%D8%B5%D8%A7%D8%A8%D8%A9-%D8%A8%D9%83%D9%88%D9%81%D9%8A/,neutral,no migration-related tokens,qwen2.5:7b,1.5,1.5,,neutral,No clear migration-related tokens,qwen2.5:72b,,,,,unclear,no migration-related tokens,unresolved,2
20220101,112,EUROPEAN,BELARUS,https://www.skivefolkeblad.dk/artikel/8426302b-78a7-3353-beaa-8731a102cde4/,unclear,URL too short,qwen2.5:7b,1.5,1.5,,unclear,"URL too short, generic, ID-like, or ambiguous",qwen2.5:72b,,,,,unclear,URL too short,unresolved,2
20220101,112,EUROPEAN,RUSSIA,https://www.skivefolkeblad.dk/artikel/8426302b-78a7-3353-beaa-8731a102cde4/,unclear,URL too short,qwen2.5:7b,1.5,1.5,,unclear,"URL too short, generic, ID-like, or ambiguous",qwen2.5:72b,,,,,unclear,URL too short,unresolved,2
20220101,112,EUROPEAN,RUSSIA,https://www.skivefolkeblad.dk/artikel/8426302b-78a7-3353-beaa-8731a102cde4/,unclear,URL too short,qwen2.5:7b,1.5,1.5,,unclear,"URL too short, generic, ID-like, or ambiguous",qwen2.5:72b,,,,,unclear,URL too short,unresolved,2
20220101,50,FRANCE,,https://as.com/futbol/2022/01/01/primera/1641057005_745473.html,neutral,football article,qwen2.5:7b,1.5,1.5,,neutral,URL does not contain clear migration-related tokens,qwen2.5:72b,,,,,unclear,football article,unresolved,2
20220101,141,PARIS,POLICE,https://noticias.uol.com.br/ultimas-noticias/deutschewelle/2022/01/01/franca-ve-queda-em-numero-de-carros-incendiados-no-ano-novo.htm,neutral,"incidents in France, no migration tokens",qwen2.5:7b,1.5,1.5,,push,cars incendiaded (crisis or unrest indicated),qwen2.5:72b,,,,,push,cars incendiaded (crisis or unrest indicated),url_2,2
20220101,192,FRENCH,SYRIA,https://naslovi.net/2022-01-02/rtv/vremeplov-otvorena-prva-citaonica-u-knezevini-srbiji/29652721,neutral,"literature opening in Serbia, no migration tokens",qwen2.5:7b,1.5,1.5,,neutral,URL does not contain clear migration-related tokens,qwen2.5:72b,,,,,unclear,"literature opening in Serbia, no migration tokens",unresolved,2
20220101,192,FRANCE,SYRIA,https://naslovi.net/2022-01-02/rtv/vremeplov-otvorena-prva-citaonica-u-knezevini-srbiji/29652721,neutral,"literature opening in Serbia, no migration tokens",qwen2.5:7b,1.5,1.5,,neutral,URL does not contain clear migration-related tokens,qwen2.5:72b,,,,,unclear,"literature opening in Serbia, no migration tokens",unresolved,2
20220101,190,LILLE,YEMENI,https://www.okaz.com.sa/news/na/2092790,neutral,"news article, no migration tokens",qwen2.5:7b,1.5,1.5,,neutral,URL does not contain clear migration-related tokens,qwen2.5:72b,,,,,unclear,"news article, no migration tokens",unresolved,2
20220101,141,GUADELOUPE,,https://www.franceguyane.fr/actualite/social/mobilisation-sociale-a-pointe-a-pitre-elie-domota-a-ete-arrete-493999.php,neutral,"social mobilization in Martinique, no clear migration pressure",qwen2.5:7b,1.5,1.5,,push,"social mobilization, arrest;social unrest, arrest",qwen2.5:72b,,,,,push,"social mobilization, arrest;social unrest, arrest",url_2,2
20220101,172,CONAKRY,,http://malijet.com/actualite_economique_du_mali/265491-lutte-contre-la-fraude-et-la-contrebande-les-douanes-saisissent-.html,neutral,"anti-smuggling efforts, no migration tokens",qwen2.5:7b,1.5,1.5,,neutral,fight against fraud and smuggling;fight against fraud and smuggling,qwen2.5:72b,,,,,unclear,"anti-smuggling efforts, no migration tokens",unresolved,2
20220101,70,GAMBIA,NORWEGIAN,https://www.analisidifesa.it/2022/01/il-2021-ha-rilanciato-limmigrazione-illegale-su-vasta-scala-in-italia/,pull,ilimmigration,qwen2.5:7b,1.5,1.5,,,,qwen2.5:72b,,,,,pull,ilimmigrazione,url_1,2
20220101,70,GAMBIA,NORWAY,https://www.analisidifesa.it/2022/01/il-2021-ha-rilanciato-limmigrazione-illegale-su-vasta-scala-in-italia/,pull,ilimmigration,qwen2.5:7b,1.5,1.5,,,,qwen2.5:72b,,,,,pull,ilimmigration,url_1,2
20220101,70,GAMBIA,NORWEGIAN,https://www.analisidifesa.it/2022/01/il-2021-ha-rilanciato-limmigrazione-illegale-su-vasta-scala-in-italia/,pull,ilimmigration,qwen2.5:7b,1.5,1.5,,,,qwen2.5:72b,,,,,pull,ilimmigration,url_1,2
20220101,190,PRESIDENT,,https://alquds.com/2022/01/01/%D8%A5%D8%B5%D8%A7%D8%A8%D8%A7%D8%AA-%D8%AE%D9%84%D8%A7%D9%84-%D9%85%D9%88%D8%A7%D8%AC%D9%87%D8%A7%D8%AA-%D9%81%D9%8A-%D8%A8%D8%B1%D9%82%D8%A9/,push,Injuries-during-confrontations,qwen2.5:7b,1.5,1.5,,,,qwen2.5:72b,,,,,push,Injuries-during-confrontations,url_1,2
20220101,192,PRESIDENT,,https://alquds.com/2022/01/01/%D8%A5%D8%B5%D8%A7%D8%A8%D8%A7%D8%AA-%D8%AE%D9%84%D8%A7%D9%84-%D9%85%D9%88%D8%A7%D8%AC%D9%87%D8%A7%D8%AA-%D9%81%D9%8A-%D8%A8%D8%B1%D9%82%D8%A9/,push,Injuries-during-confrontations,qwen2.5:7b,1.5,1.5,,,,qwen2.5:72b,,,,,push,Injuries-during-confrontations,url_1,2
20220101,20,MINISTRY,EMIRATI,https://www.akhbarona.com/world/340606.html,neutral,,qwen2.5:7b,1.5,1.5,,unclear,"URL too short, generic, or ambiguous",qwen2.5:72b,,,,,unclear,"URL too short, generic, or ambiguous",unresolved,2
20220101,51,MINISTRY,EMIRATI,https://www.akhbarona.com/world/340606.html,neutral,,qwen2.5:7b,1.5,1.5,,unclear,"URL too short, generic, or ambiguous",qwen2.5:72b,,,,,unclear,"URL too short, generic, or ambiguous",unresolved,2
20220101,71,GOVERNMENT,EUROPEAN,https://www.interris.it/rubriche/opinione/affrontare-questioni-pressanti-luce-dottrina-sociale-chiesa/,neutral,,qwen2.5:7b,1.5,1.5,,neutral,address pressing issues;address pressing issues,qwen2.5:72b,,,,,unclear,address pressing issues;address pressing issues,unresolved,2
20220101,111,AUTHORITIES,EMPLOYEE,https://ria.ru/20220102/status-1766397981.html,unclear,/status-1766397981.html,qwen2.5:7b,1.5,1.5,,neutral,No migration-related tokens found,qwen2.5:72b,,,,,unclear,/status-1766397981.html,unresolved,2
20220101,841,DIPLOMAT,PRISONER,https://www.republika.co.id/berita/r520da430/indiapakistan-tukar-daftar-tahanan,push,change-register-prisoner,qwen2.5:7b,1.5,1.5,,,,qwen2.5:72b,,,,,push,change-register-prisoner,url_1,2
20220101,841,DIPLOMAT,PRISONER,https://www.republika.co.id/berita/r520da430/indiapakistan-tukar-daftar-tahanan,neutral,home,qwen2.5:7b,1.5,1.5,,neutral,tahanan (prisoners); no clear migration pressure,qwen2.5:72b,,,,,unclear,home,unresolved,2
20220101,1014,EMBASSY,UKRAINIAN,https://pronedra.ru/znaki-vostochnogo-kalendarya-po-godu-rozhdeniya-kotorym-povezet-v-2022-godu-628853.html,neutral,Eastern calendar by year of birth who will be lucky in 2022-628853.html,qwen2.5:7b,1.5,1.5,,neutral,No migration-related tokens found,qwen2.5:72b,,,,,unclear,Eastern calendar by year of birth who will be lucky in 2022-628853.html,unresolved,2
20220101,1014,EMBASSY,UKRAINIAN,https://pronedra.ru/znaki-vostochnogo-kalendarya-po-godu-rozhdeniya-kotorym-povezet-v-2022-godu-628853.html,neutral,Eastern calendar by year of birth who will be lucky in 2022-628853.html,qwen2.5:7b,1.5,1.5,,neutral,No migration-related tokens found,qwen2.5:72b,,,,,unclear,Eastern calendar by year of birth who will be lucky in 2022-628853.html,unresolved,2
20220101,36,MINIST OF EDUCATION,,https://www.diariolaprovinciasj.com/educacion/2022/1/1/el-ministerio-de-educacion-atendera-en-nuevo-horario-165874.html,neutral,education the-ministry of education will attend new hours,qwen2.5:7b,1.5,1.5,,neutral,No migration-related tokens found,qwen2.5:72b,,,,,unclear,education the-ministry of education will attend new hours,unresolved,2
20220101,13,MEDICAL ASSOCIATION,,https://www.aftenposten.no/verden/i/OrevnE/foerste-nyttaarsdag-ble-det-registrert-over-160000-koronatilfeller-i-en,neutral,"On New Year's Day, over 160,000 cancer cases were registered in the year",qwen2.5:7b,1.5,1.5,,neutral,no clear migration-related tokens,qwen2.5:72b,,,,,unclear,"On New Year's Day, over 160,000 cancer cases were registered in the year",unresolved,2
20220101,120,DOCTOR,,https://kino.24tv.ua/ru/novogodnie-multfilmy-dlja-vsej-semi-dushevnaja-podborka-dlja_n1831930,unclear,signs of the eastern calendar by year of birth who will be lucky in 2022-628853.html,qwen2.5:7b,1.5,1.5,,neutral,no clear migration-related tokens,qwen2.5:72b,,,,,unclear,signs of the eastern calendar by year of birth who will be lucky in 2022-628853.html,unresolved,2
20220101,120,DOCTOR,,https://kino.24tv.ua/ru/novogodnie-multfilmy-dlja-vsej-semi-dushevnaja-podborka-dlja_n1831930,neutral,Eastern calendar by year of birth who will be lucky in 2022-628853.html,qwen2.5:7b,1.5,1.5,,neutral,no clear migration-related tokens,qwen2.5:72b,,,,,unclear,Eastern calendar by year of birth who will be lucky in 2022-628853.html,unresolved,2
20220101,10,CROATIAN,,https://madeinfoot.ouest-france.fr/infos/article-asm-l-as-monaco-officialise-le-depart-de-niko-kovac-officiel-364395.html,neutral,home,qwen2.5:7b,1.5,1.5,,neutral,no clear migration-related tokens,qwen2.5:72b,,,,,unclear,tahanan,unresolved,2
20220101,10,CROATIAN,,https://madeinfoot.ouest-france.fr/infos/article-asm-l-as-monaco-officialise-le-depart-de-niko-kovac-officiel-364395.html,neutral,Eastern calendar by year of birth who will be lucky in 2022-628853.html,qwen2.5:7b,1.5,1.5,,neutral,no clear migration-related tokens,qwen2.5:72b,,,,,unclear,Eastern calendar by year of birth who will be lucky in 2022-628853.html,unresolved,2
20220101,42,CROATIAN,,https://madeinfoot.ouest-france.fr/infos/article-asm-l-as-monaco-officialise-le-depart-de-niko-kovac-officiel-364395.html,neutral,Eastern calendar by year of birth who will be lucky in 2022-628853.html,qwen2.5:7b,1.5,1.5,,neutral,No clear migration-related tokens,qwen2.5:72b,,,,,unclear,Eastern calendar by year of birth who will be lucky in 2022-628853.html,unresolved,2
20220101,42,CROATIAN,,https://madeinfoot.ouest-france.fr/infos/article-asm-l-as-monaco-officialise-le-depart-de-niko-kovac-officiel-364395.html,push,formalizes the departure,qwen2.5:7b,1.5,1.5,,,,qwen2.5:72b,,,,,push,formalizes the departure,url_1,2
20220101,43,JAKARTA,FLORIDA,https://www.republika.co.id/berita/r520u2384/ini-ketentuan-tes-antigen-di-stasiun,neutral,,qwen2.5:7b,1.5,1.5,,neutral,No clear migration-related tokens,qwen2.5:72b,,,,,unclear,No clear migration-related tokens,unresolved,2
20220101,10,ISRAEL,,https://www.lematin.ch/story/apres-des-tirs-de-roquettes-frappes-israeliennes-sur-gaza-569823935907,push,rocket fire strikes,qwen2.5:7b,1.5,1.5,,,,qwen2.5:72b,,,,,push,rocket fire strikes,url_1,2
20220101,61,ISRAEL,,https://www.alquds.co.uk/%D8%A7%D9%84%D8%AC%D9%8A%D8%B4-%D8%A7%D9%84%D8%A5%D8%B3%D8%B1%D8%A7%D8%A6%D9%8A%D9%84%D9%8A-%D9%8A%D9%82%D8%B5%D9%81-%D8%A3%D9%87%D8%AF%D8%A7%D9%81%D8%A7-%D9%81%D9%8A-%D9%82%D8%B7%D8%A7%D8%B9-%D8%BA/,pull,Bombing targets,qwen2.5:7b,1.5,1.5,,,,qwen2.5:72b,,,,,pull,Bombing targets,url_1,2
20220101,190,ISRAELI,ISRAEL,https://ria.ru/20220102/status-1766397981.html,neutral,,qwen2.5:7b,1.5,1.5,,neutral,No clear migration-related tokens,qwen2.5:72b,,,,,unclear,No clear migration-related tokens,unresolved,2
20220101,871,ISRAEL,PALESTINIAN,https://www.alquds.co.uk/%D8%A7%D9%84%D8%AC%D9%8A%D8%B4-%D8%A7%D9%84%D8%A5%D8%B3%D8%B1%D8%A7%D8%A6%D9%8A%D9%84%D9%8A-%D9%8A%D9%82%D8%B5%D9%81-%D8%A3%D9%87%D8%AF%D8%A7%D9%81%D8%A7-%D9%81%D9%8A-%D9%82%D8%B7%D8%A7%D8%B9-%D8%BA/,pull,Bombing targets,qwen2.5:7b,1.5,1.5,,,,qwen2.5:72b,,,,,pull,Bombing targets,url_1,2
20220101,190,ISRAELI,GAZA,https://ria.ru/20220102/udary-1766397744.html,push,udary,qwen2.5:7b,1.5,1.5,,,,qwen2.5:72b,,,,,push,udary,url_1,2
20220101,194,ISRAEL,PALESTINIAN,https://www.lematin.ch/story/apres-des-tirs-de-roquettes-frappes-israeliennes-sur-gaza-569823935907,push,rocket fire strikes,qwen2.5:7b,1.5,1.5,,,,qwen2.5:72b,,,,,push,rocket fire strikes,url_1,2
20220101,194,ISRAEL,HAMAS,https://www.lematin.ch/story/apres-des-tirs-de-roquettes-frappes-israeliennes-sur-gaza-569823935907,push,rocket fire strikes,qwen2.5:7b,1.5,1.5,,,,qwen2.5:72b,,,,,push,rocket fire strikes,url_1,2
20220101,90,ISRAELI,,https://www.adn40.mx/internacional/israel-flurona-gripe-covid-19-pfp,neutral,,qwen2.5:7b,1.5,1.5,,neutral,No clear migration-related tokens,qwen2.5:72b,,,,,unclear,No clear migration-related tokens,unresolved,2
20220101,10,ISRAELI,ISRAEL,https://www.notigape.com/israel-detecto-primer-caso-de-flurona-gripe-y-covid-19-en-simultaneo/243839,neutral,no clear migration-related tokens,qwen2.5:7b,1.5,1.5,,neutral,No clear migration-related tokens,qwen2.5:72b,,,,,unclear,no clear migration-related tokens,unresolved,2
20220101,90,ISRAELI,ISRAEL,https://www.adn40.mx/internacional/israel-flurona-gripe-covid-19-pfp,neutral,no clear migration-related tokens,qwen2.5:7b,1.5,1.5,,neutral,No clear migration-related tokens,qwen2.5:72b,,,,,unclear,no clear migration-related tokens,unresolved,2
20220101,190,ISRAELI,,https://ria.ru/20220102/status-1766397981.html,neutral,<status> no clear migration-related tokens,qwen2.5:7b,1.5,1.5,,unclear,"URL too short, generic, ID-like, or ambiguous",qwen2.5:72b,,,,,unclear,<status> no clear migration-related tokens,unresolved,2
20220101,190,ISRAEL,ISRAEL,https://ria.ru/20220102/status-1766397981.html,neutral,<status> no clear migration-related tokens,qwen2.5:7b,1.5,1.5,,unclear,"URL too short, generic, ID-like, or ambiguous",qwen2.5:72b,,,,,unclear,<status> no clear migration-related tokens,unresolved,2
20220101,190,ISRAEL,ISRAEL,https://ria.ru/20220102/udary-1766397744.html,neutral,<udary> no clear migration-related tokens,qwen2.5:7b,1.5,1.5,,neutral,No clear migration-related tokens,qwen2.5:72b,,,,,unclear,<udary> no clear migration-related tokens,unresolved,2
20220101,190,ISRAELI,GAZA,https://ria.ru/20220102/status-1766397981.html,neutral,<udary> no clear migration-related tokens,qwen2.5:7b,1.5,1.5,,unclear,"URL too short, generic, ID-like, or ambiguous",qwen2.5:72b,,,,,unclear,<udary> no clear migration-related tokens,unresolved,2
20220101,190,ISRAELI,GAZA,https://ria.ru/20220102/udary-1766397744.html,neutral,<udary> no clear migration-related tokens,qwen2.5:7b,1.5,1.5,,neutral,No clear migration-related tokens,qwen2.5:72b,,,,,unclear,<udary> no clear migration-related tokens,unresolved,2
20220101,20,ISRAELI,ISRAELI,https://www.alarab.com/Article/1018146,neutral,no clear migration-related tokens,qwen2.5:7b,1.5,1.5,,neutral,No clear migration-related tokens,qwen2.5:72b,,,,,unclear,no clear migration-related tokens,unresolved,2
20220101,43,ITALY,,https://www.analisidifesa.it/2022/01/il-2021-ha-rilanciato-limmigrazione-illegale-su-vasta-scala-in-italia/,pull,illegal immigration in Italy,qwen2.5:7b,1.5,1.5,,,,qwen2.5:72b,,,,,pull,immigrazioni illegali in italia,url_1,2
20220101,173,ITALY,ALBANIA,http://www.oranews.tv/vendi/ky-eshte-shqiptari-i-arratisur-nga-burgu-ne-itali-naten-e-nderrimit-te-vit-i1023852,push,is-the-Albanian-escaped-from-the-prison-in-Italy,qwen2.5:7b,1.5,1.5,,,,qwen2.5:72b,,,,,push,is-the-Albanian-escaped-from-the-prison-in-Italy,url_1,2
20220101,42,ITALY,ITALIAN,https://www.interris.it/copertina/perno-opbg-omicron-bambini/,neutral,no clear migration-related tokens,qwen2.5:7b,1.5,1.5,,neutral,No clear migration-related tokens,qwen2.5:72b,,,,,unclear,no clear migration-related tokens,unresolved,2
20220101,43,ITALIAN,,https://www.interris.it/copertina/perno-opbg-omicron-bambini/,neutral,no clear migration-related tokens,qwen2.5:7b,1.5,1.5,,neutral,No clear migration-related tokens,qwen2.5:72b,,,,,unclear,no clear migration-related tokens,unresolved,2
20220101,43,ITALIAN,ITALY,https://www.interris.it/copertina/perno-opbg-omicron-bambini/,neutral,no clear migration-related tokens,qwen2.5:7b,1.5,1.5,,neutral,No clear migration-related tokens,qwen2.5:72b,,,,,unclear,no clear migration-related tokens,unresolved,2
20220101,10,JUDGE,,https://www.analisidifesa.it/2022/01/il-2021-ha-rilanciato-limmigrazione-illegale-su-vasta-scala-in-italia/,pull,"immigration, rilanciato (encouraging immigration)",qwen2.5:7b,1.5,1.5,,,,qwen2.5:72b,,,,,pull,"immigration, rilanciato (encouraging immigration)",url_1,2
20220101,43,SOUTH KOREA,MUSLIM,https://portaljember.pikiran-rakyat.com/pariwisata/pr-163372393/7-destinasi-wisata-halal-di-korea-selatan-cocok-bagi-umat-muslim-yang-traveling-ke-negeri-ginseng,neutral,"traveling, halal, muslim (not clear migration pressure)",qwen2.5:7b,1.5,1.5,,pull,7 halal tourist destinations in South Korea for Muslims,qwen2.5:72b,,,,,pull,7 halal tourist destinations in South Korea for Muslims,url_2,2
20220101,84,TRADE UNION,,https://www.franceguyane.fr/actualite/social/mobilisation-sociale-a-pointe-a-pitre-elie-domota-a-ete-arrete-493999.php,neutral,"mobilisation sociale (social movement, not clear migration pressure)",qwen2.5:7b,1.5,1.5,,push,"social mobilization, arrest of Elie Domota in Pointe-à-Pitre",qwen2.5:72b,,,,,push,"social mobilization, arrest of Elie Domota in Pointe-à-Pitre",url_2,2
20220101,111,TRADE UNION,,https://www.franceguyane.fr/actualite/social/mobilisation-sociale-a-pointe-a-pitre-elie-domota-a-ete-arrete-493999.php,neutral,"mobilisation sociale (social movement, not clear migration pressure)",qwen2.5:7b,1.5,1.5,,push,"social mobilization, arrest of Elie Domota in Pointe-à-Pitre",qwen2.5:72b,,,,,push,"social mobilization, arrest of Elie Domota in Pointe-à-Pitre",url_2,2
20220101,100,REPRESENTATIVES,VOTER,https://www.corriere.it/editoriali/22_gennaio_01/i-partiti-quirinaleche-cosa-serve-ora-paese-466c0010-6b3e-11ec-a3c8-e3c830b3b1de.shtml,neutral,"editorials, parties, country (opinion piece, no clear migration pressure)",qwen2.5:7b,1.5,1.5,,neutral,"i partiti, cosa serve ora paese (parties, what the country needs now)",qwen2.5:72b,,,,,unclear,"editorials, parties, country (opinion piece, no clear migration pressure)",unresolved,2
20220101,120,REPRESENTATIVES,VOTER,https://www.corriere.it/editoriali/22_gennaio_01/i-partiti-quirinaleche-cosa-serve-ora-paese-466c0010-6b3e-11ec-a3c8-e3c830b3b1de.shtml,neutral,"departure, officialise (not clear migration pressure)",qwen2.5:7b,1.5,1.5,,neutral,"i partiti, cosa serve ora paese (parties, what the country needs now)",qwen2.5:72b,,,,,unclear,"departure, officialise (not clear migration pressure)",unresolved,2
20220101,161,MONACO,,https://madeinfoot.ouest-france.fr/infos/article-asm-l-as-monaco-officialise-le-depart-de-niko-kovac-officiel-364395.html,unclear,,qwen2.5:7b,1.5,1.5,,neutral,URL tokens do not indicate migration pressure,qwen2.5:72b,,,,,unclear,URL tokens do not indicate migration pressure,unresolved,2
20220101,161,MONACO,,https://madeinfoot.ouest-france.fr/infos/article-asm-l-as-monaco-officialise-le-depart-de-niko-kovac-officiel-364395.html,push,the departure,qwen2.5:7b,1.5,1.5,,,,qwen2.5:72b,,,,,push,the departure,url_1,2
20220101,51,MILITARY,,https://www.okaz.com.sa/news/na/2092790,neutral,,qwen2.5:7b,1.5,1.5,,unclear,URL too generic or ambiguous,qwen2.5:72b,,,,,unclear,URL too generic or ambiguous,unresolved,2
20220101,51,MILITARY,,https://www.okaz.com.sa/news/na/2092790,neutral,,qwen2.5:7b,1.5,1.5,,unclear,URL too generic or ambiguous,qwen2.5:72b,,,,,unclear,URL too generic or ambiguous,unresolved,2
20220101,114,NAVY,,https://omirante.pt/sociedade/2022-01-01-Vila-Franca-de-Xira-vai-ter-de-realizar-mais-obras-para-ganhar-novo-tribunal-a4687496,neutral,,qwen2.5:7b,1.5,1.5,,neutral,URL tokens do not indicate migration pressure,qwen2.5:72b,,,,,unclear,URL tokens do not indicate migration pressure,unresolved,2
20220101,190,MALI,,http://malijet.com/actualite-politique-au-mali/editorial-journaux-mali/265485-edito-le-pragmatisme-russe-aux-antipodes-des-th%C3%A9ories-fran%C3%A7aises.html,neutral,,qwen2.5:7b,1.5,1.5,,neutral,URL tokens do not indicate migration pressure,qwen2.5:72b,,,,,unclear,URL tokens do not indicate migration pressure,unresolved,2
20220101,42,MUSLIM,SOUTH KOREA,https://portaljember.pikiran-rakyat.com/pariwisata/pr-163372393/7-destinasi-wisata-halal-di-korea-selatan-cocok-bagi-umat-muslim-yang-traveling-ke-negeri-ginseng,pull,"Muslim, suitable for everyone",qwen2.5:7b,1.5,1.5,,,,qwen2.5:72b,,,,,pull,"Muslim, suitable for everyone",url_1,2
20220101,841,PRISONER,DIPLOMAT,https://www.republika.co.id/berita/r520da430/indiapakistan-tukar-daftar-tahanan,neutral,,qwen2.5:7b,1.5,1.5,,neutral,No clear migration-related tokens,qwen2.5:72b,,,,,unclear,No clear migration-related tokens,unresolved,2
20220101,42,POLE,,https://as.com/futbol/2022/01/01/primera/1641057005_745473.html,neutral,,qwen2.5:7b,1.5,1.5,,neutral,No clear migration-related tokens,qwen2.5:72b,,,,,unclear,No clear migration-related tokens,unresolved,2
20220101,161,PORTUGAL,MADEIRA,https://www.akhbarona.com/last/340605.html,neutral,,qwen2.5:7b,1.5,1.5,,neutral,No clear migration-related tokens,qwen2.5:72b,,,,,unclear,No clear migration-related tokens,unresolved,2
20220101,10,PALESTINIAN,,https://www.lematin.ch/story/apres-des-tirs-de-roquettes-frappes-israeliennes-sur-gaza-569823935907,push,israeli-strikes-on-gaza,qwen2.5:7b,1.5,1.5,,,,qwen2.5:72b,,,,,push,israeli-strikes-on-gaza,url_1,2
20220101,10,PALESTINIAN,,https://www.lematin.ch/story/apres-des-tirs-de-roquettes-frappes-israeliennes-sur-gaza-569823935907,push,"rocket fire, Israeli strikes",qwen2.5:7b,1.5,1.5,,,,qwen2.5:72b,,,,,push,"rocket fire, Israeli strikes",url_1,2
20220101,61,PALESTINIAN,,https://www.alquds.co.uk/%D8%A7%D9%84%D8%AC%D9%8A%D8%B4-%D8%A7%D9%84%D8%A5%D8%B3%D8%B1%D8%A7%D8%A6%D9%8A%D9%84%D9%8A-%D9%8A%D9%82%D8%B5%D9%81-%D8%A3%D9%87%D8%AF%D8%A7%D9%81%D8%A7-%D9%81%D9%8A-%D9%82%D8%B7%D8%A7%D8%B9-%D8%BA/,push,Ikisfam AF Dahfam Faqifam FaKhtafam Fiknam,qwen2.5:7b,1.5,1.5,,,,qwen2.5:72b,,,,,push,Ikisfam AF Dahfam Faqifam FaKhtafam Fiknam,url_1,2
20220101,10,PALESTINIAN,ISRAEL,https://www.lematin.ch/story/apres-des-tirs-de-roquettes-frappes-israeliennes-sur-gaza-569823935907,push,"rocket fire, Israeli strikes",qwen2.5:7b,1.5,1.5,,,,qwen2.5:72b,,,,,push,"rocket fire, Israeli strikes",url_1,2
20220101,10,PALESTINIAN,ISRAEL,https://www.lematin.ch/story/apres-des-tirs-de-roquettes-frappes-israeliennes-sur-gaza-569823935907,push,"rocket fire, Israeli strikes",qwen2.5:7b,1.5,1.5,,,,qwen2.5:72b,,,,,push,"rocket fire, Israeli strikes",url_1,2
20220101,61,PALESTINIAN,ISRAEL,https://www.alquds.co.uk/%D8%A7%D9%84%D8%AC%D9%8A%D8%B4-%D8%A7%D9%84%D8%A5%D8%B3%D8%B1%D8%A7%D8%A6%D9%8A%D9%84%D9%8A-%D9%8A%D9%82%D8%B5%D9%81-%D8%A3%D9%87%D8%AF%D8%A7%D9%81%D8%A7-%D9%81%D9%8A-%D9%82%D8%B7%D8%A7%D8%B9-%D8%BA/,push,Ikisfam AF Dahfam Faqifam FaKhtafam Fiknam,qwen2.5:7b,1.5,1.5,,,,qwen2.5:72b,,,,,push,Ikisfam AF Dahfam Faqifam FaKhtafam Fiknam,url_1,2
20220101,195,HAMAS,,https://alquds.com/2022/01/02/%D8%A7%D9%84%D8%A7%D8%AD%D8%AA%D9%84%D8%A7%D9%84-%D9%8A%D9%82%D8%B5%D9%81-%D9%85%D9%88%D9%82%D8%B9%D9%8B%D8%A7-%D9%84%D9%84%D9%85%D9%82%D8%A7%D9%88%D9%85%D8%A9-%D8%A8%D8%BA%D8%B2%D8%A9/,pull,Akhtamm maqmumb akmbtmb your mother your mother,qwen2.5:7b,1.5,1.5,,,,qwen2.5:72b,,,,,pull,Akhtamm maqmumb akmbtmb your mother your mother,url_1,2
20220101,195,HAMAS,,https://alquds.com/2022/01/02/%D8%A7%D9%84%D8%A7%D8%AD%D8%AA%D9%84%D8%A7%D9%84-%D9%8A%D9%82%D8%B5%D9%81-%D9%85%D9%88%D9%82%D8%B9%D9%8B%D8%A7-%D9%84%D9%84%D9%85%D9%82%D8%A7%D9%88%D9%85%D8%A9-%D8%A8%D8%BA%D8%B2%D8%A9/,pull,Ikisfam AF Dahfam Faqifam FaKhtafam Fiknam,qwen2.5:7b,1.5,1.5,,,,qwen2.5:72b,,,,,pull,Ikisfam AF Dahfam Faqifam FaKhtafam Fiknam,url_1,2
20220101,1712,POLITICIAN,,https://www.analisidifesa.it/2022/01/il-2021-ha-rilanciato-limmigrazione-illegale-su-vasta-scala-in-italia/,mixed,IL-2021 has revived large-scale illegal immigration in Italy,qwen2.5:7b,1.5,1.5,,,,qwen2.5:72b,,,,,mixed,IL-2021 has revived large-scale illegal immigration in Italy,url_1,2
20220101,833,ARCHBISHOP,,https://noticias.uol.com.br/ultimas-noticias/efe/2022/01/01/sul-africanos-se-despedem-de-desmond-tutu.htm,push,South Africans say goodbye to Desmond Tutu,qwen2.5:7b,1.5,1.5,,,,qwen2.5:72b,,,,,push,South Africans say goodbye to Desmond Tutu,url_1,2
20220101,84,ROMANIA,,https://evz.ro/catalin-harnagea-fostul-sef-al-serviciului-extern-de-informatii-incepe-sa-scrie-in-evenimentul-zilei.html,neutral,The former head of the foreign intelligence service begins to write in the event of the day,qwen2.5:7b,1.5,1.5,,neutral,No clear migration-related tokens,qwen2.5:72b,,,,,unclear,The former head of the foreign intelligence service begins to write in the event of the day,unresolved,2
20220101,10,RUSSIA,,https://www.volynnews.com/news/all/5-naykrutishykh-skarbiv-volynskoho-krayeznavchoho-muzeiu-foto/,neutral,no migration-related tokens,qwen2.5:7b,1.5,1.5,,neutral,No clear migration-related tokens,qwen2.5:72b,,,,,unclear,no migration-related tokens,unresolved,2
20220101,10,RUSSIA,,https://kino.24tv.ua/ru/novogodnie-multfilmy-dlja-vsej-semi-dushevnaja-podborka-dlja_n1831930,neutral,no migration-related tokens,qwen2.5:7b,1.5,1.5,,neutral,No clear migration-related tokens,qwen2.5:72b,,,,,unclear,no migration-related tokens,unresolved,2
20220101,111,RUSSIAN,,https://www.teleport2001.ru/news/2022-01-02/140398-zasukha-grozit-lyudyam-i-zhivotnym-iz-za-stroitelstva-plotiny-na-dalnem-vostoke.html,push,zasukha (drought) indicates conditions encouraging emigration,qwen2.5:7b,1.5,1.5,,,,qwen2.5:72b,,,,,push,zasukha (drought) indicates conditions encouraging emigration,url_1,2
20220101,110,RUSSIAN,FRENCH,http://malijet.com/actualite-politique-au-mali/editorial-journaux-mali/265485-edito-le-pragmatisme-russe-aux-antipodes-des-th%C3%A9ories-fran%C3%A7aises.html,neutral,no migration-related tokens,qwen2.5:7b,1.5,1.5,,push,actualite-politice-au-mali implies political issues in Mali,qwen2.5:72b,,,,,push,actualite-politice-au-mali implies political issues in Mali,url_2,2
20220101,182,JEDDAH,FRANCE,https://www.la-croix.com/Dakar-2022-Al-Attiyah-auto-Sanders-moto-remportent-prologue-concurrent-blesse-explosion-2022-01-01-1301192706,neutral,no migration-related tokens,qwen2.5:7b,1.5,1.5,,neutral,No clear migration-related tokens,qwen2.5:72b,,,,,unclear,no migration-related tokens,unresolved,2
20220101,182,JEDDAH,FRANCE,https://www.la-croix.com/Dakar-2022-Al-Attiyah-auto-Sanders-moto-remportent-prologue-concurrent-blesse-explosion-2022-01-01-1301192706,neutral,no migration-related tokens,qwen2.5:7b,1.5,1.5,,neutral,No clear migration-related tokens,qwen2.5:72b,,,,,unclear,no migration-related tokens,unresolved,2
20220101,182,JEDDAH,FRENCH,https://www.la-croix.com/Dakar-2022-Al-Attiyah-auto-Sanders-moto-remportent-prologue-concurrent-blesse-explosion-2022-01-01-1301192706,neutral,no migration-related tokens,qwen2.5:7b,1.5,1.5,,neutral,No clear migration-related tokens,qwen2.5:72b,,,,,unclear,no migration-related tokens,unresolved,2
20220101,182,JEDDAH,FRANCE,https://www.la-croix.com/Dakar-2022-Al-Attiyah-auto-Sanders-moto-remportent-prologue-concurrent-blesse-explosion-2022-01-01-1301192706,neutral,no migration-related tokens,qwen2.5:7b,1.5,1.5,,neutral,No clear migration-related tokens,qwen2.5:72b,,,,,unclear,no migration-related tokens,unresolved,2
20220101,120,SAUDI,SAUDI ARABIA,https://www.la-croix.com/Dakar-2022-Al-Attiyah-auto-Sanders-moto-remportent-prologue-concurrent-blesse-explosion-2022-01-01-1301192706,neutral,no migration-related tokens,qwen2.5:7b,1.5,1.5,,neutral,No clear migration-related tokens,qwen2.5:72b,,,,,unclear,no migration-related tokens,unresolved,2
20220101,60,SENEGAL,,https://www.la-croix.com/Dakar-2022-Al-Attiyah-auto-Sanders-moto-remportent-prologue-concurrent-blesse-explosion-2022-01-01-1301192706,neutral,no migration-related tokens,qwen2.5:7b,1.5,1.5,,neutral,No clear migration-related tokens,qwen2.5:72b,,,,,unclear,no migration-related tokens,unresolved,2
20220101,60,DAKAR,,https://www.la-croix.com/Dakar-2022-Al-Attiyah-auto-Sanders-moto-remportent-prologue-concurrent-blesse-explosion-2022-01-01-1301192706,neutral,,qwen2.5:7b,1.5,1.5,,neutral,No clear migration-related tokens,qwen2.5:72b,,,,,unclear,No clear migration-related tokens,unresolved,2
20220101,180,SETTLER,ISRAEL,https://www.alarab.com/Article/1018146,unclear,,qwen2.5:7b,1.5,1.5,,unclear,"URL too short, generic, ID-like, or ambiguous",qwen2.5:72b,,,,,unclear,"URL too short, generic, ID-like, or ambiguous",unresolved,2
20220101,180,SETTLER,PALESTINIAN,https://www.alarab.com/Article/1018146,unclear,,qwen2.5:7b,1.5,1.5,,neutral,No clear migration-related tokens,qwen2.5:72b,,,,,unclear,No clear migration-related tokens,unresolved,2
20220101,193,SETTLER,GUNMEN,https://alquds.com/2022/01/02/%D8%A7%D9%84%D9%85%D9%82%D8%A7%D9%88%D9%85%D8%A9-%D8%A7%D9%84%D8%B4%D8%B9%D8%A8%D9%8A%D8%A9-%D8%AA%D8%B3%D8%AA%D8%B9%D8%B1-%D9%81%D9%8A-%D8%B4%D9%85%D8%A7%D9%84-%D8%A7%D9%84%D8%B6%D9%81%D8%A9/,unclear,,qwen2.5:7b,1.5,1.5,,push,Displacement token 'الضفّة' (West Bank) suggests conflict,qwen2.5:72b,,,,,push,Displacement token 'الضفّة' (West Bank) suggests conflict,url_2,2
20220101,36,SYRIAN,SYRIAN,https://www.alarab.com/Article/1018149,unclear,,qwen2.5:7b,1.5,1.5,,neutral,No clear migration-related tokens,qwen2.5:72b,,,,,unclear,No clear migration-related tokens,unresolved,2
20220101,36,SYRIAN,SYRIAN,https://www.alarab.com/Article/1018149,unclear,,qwen2.5:7b,1.5,1.5,,neutral,No clear migration-related tokens,qwen2.5:72b,,,,,unclear,No clear migration-related tokens,unresolved,2
20220101,36,SYRIAN,SYRIAN,https://www.alarab.com/Article/1018149,unclear,,qwen2.5:7b,1.5,1.5,,neutral,No clear migration-related tokens,qwen2.5:72b,,,,,unclear,No clear migration-related tokens,unresolved,2
20220101,36,SYRIAN,SYRIAN,https://www.alarab.com/Article/1018149,unclear,,qwen2.5:7b,1.5,1.5,,neutral,No clear migration-related tokens,qwen2.5:72b,,,,,unclear,No clear migration-related tokens,unresolved,2
20220101,23,UKRAINIAN,,https://kino.24tv.ua/ru/novogodnie-multfilmy-dlja-vsej-semi-dushevnaja-podborka-dlja_n1831930,unclear,,qwen2.5:7b,1.5,1.5,,neutral,No clear migration-related tokens,qwen2.5:72b,,,,,unclear,No clear migration-related tokens,unresolved,2
20220101,90,WYOMING,,https://g1.globo.com/mundo/noticia/2022/01/01/a-epidemia-de-desaparecimentos-de-indigenas-que-intriga-os-eua.ghtml,unclear,,qwen2.5:7b,1.5,1.5,,push,disappearances (disappearances) indicates potential crisis,qwen2.5:72b,,,,,push,disappearances (disappearances) indicates potential crisis,url_2,2
20220101,42,FLORIDA,JAKARTA,https://www.republika.co.id/berita/r520u2384/ini-ketentuan-tes-antigen-di-stasiun,neutral,no migration-related tokens,qwen2.5:7b,1.5,1.5,,pull,tes-antigen (antigen test) suggests health safety measure,qwen2.5:72b,,,,,pull,tes-antigen (antigen test) suggests health safety measure,url_2,2
20220101,190,YEMENI,LILLE,https://www.okaz.com.sa/news/na/2092790,neutral,no migration-related tokens,qwen2.5:7b,1.5,1.5,,neutral,No clear migration-related tokens,qwen2.5:72b,,,,,unclear,no migration-related tokens,unresolved,2
20220101,10,YEMENI,PERSIAN,https://www.okaz.com.sa/news/na/2092790,neutral,no migration-related tokens,qwen2.5:7b,1.5,1.5,,unclear,"URL too short, generic, ID-like, or ambiguous",qwen2.5:72b,,,,,unclear,no migration-related tokens,unresolved,2
20220101,50,CATALAN,,https://sport1.oslobodjenje.ba/s1/fudbal/ino-fudbal/primera/postigao-dogovor-sa-kataloncima-barcelona-sljedeceg-ljeta-dobija-veliko-pojacanje-721568,neutral,no migration-related tokens,qwen2.5:7b,1.5,1.5,,neutral,No clear migration-related tokens in URL,qwen2.5:72b,,,,,unclear,no migration-related tokens,unresolved,2
20220101,141,SLAVIC,TARA,https://www.kramatorsk.info/view/272909,push,"kramatorsk - implies war or conflict related, causing people to leave Ukraine",qwen2.5:7b,1.5,1.5,,,,qwen2.5:72b,,,,,push,"kramatorsk - implies war or conflict related, causing people to leave Ukraine",url_1,2
20220101,141,SLAVIC,UKRAINE,https://www.kramatorsk.info/view/272909,push,"kramatorsk - implies war or conflict related, causing people to leave Ukraine",qwen2.5:7b,1.5,1.5,,,,qwen2.5:72b,,,,,push,"kramatorsk - implies war or conflict related, causing people to leave Ukraine",url_1,2
20210102,51,POLAND,,https://logistyka.rp.pl/drogowy/art19249821-na-ten-rok-w-planach-oddanie-do-uzytku-345-km-drog-krajowych,neutral,no migration-related tokens,qwen2.5:7b,1.5,1.5,,pull,dog krajowych suggests infrastructure growth and jobs,qwen2.5:72b,,,,,pull,dog krajowych suggests infrastructure growth and jobs,url_2,2
20210102,51,POLISH,,https://logistyka.rp.pl/drogowy/art19249821-na-ten-rok-w-planach-oddanie-do-uzytku-345-km-drog-krajowych,neutral,no migration-related tokens,qwen2.5:7b,1.5,1.5,,pull,dog krajowych suggests infrastructure growth and jobs,qwen2.5:72b,,,,,pull,dog krajowych suggests infrastructure growth and jobs,url_2,2
20210102,51,POLISH,,https://logistyka.rp.pl/drogowy/art19249821-na-ten-rok-w-planach-oddanie-do-uzytku-345-km-drog-krajowych,neutral,no migration-related tokens,qwen2.5:7b,1.5,1.5,,pull,dog krajowych suggests infrastructure growth and jobs,qwen2.5:72b,,,,,pull,dog krajowych suggests infrastructure growth and jobs,url_2,2
20220102,36,,BUENOS AIRES,https://urgente24.com/actualidad/tragedia-palermo-asesino-al-volante-alcohol-y-muerte-n531977,neutral,no migration-related tokens,qwen2.5:7b,1.5,1.5,,neutral,No migration-related tokens found,qwen2.5:72b,,,,,unclear,no migration-related tokens,unresolved,2
20220102,100,,BUSINESS,https://www.eluniversal.com.mx/cartera/concanaco-pide-comercios-mantener-medidas-sanitarias-y-evitar-cierres-por-ola-de-covid,neutral,no migration-related tokens,qwen2.5:7b,1.5,1.5,,push,"cierres, ola de covid (business closures, COVID wave)",qwen2.5:72b,,,,,push,"cierres, ola de covid (business closures, COVID wave)",url_2,2
20220102,190,,TYCOON,https://revistamonet.globo.com/Celebridades/noticia/2022/01/look-de-jeff-bezos-um-dos-homens-mais-ricos-do-mundo-no-reveillon-rende-piadas-nas-redes-meio-vin-diesel-meio-agostinho-carrara.html,neutral,no migration-related tokens,qwen2.5:7b,1.5,1.5,,neutral,No migration-related tokens found,qwen2.5:72b,,,,,unclear,no migration-related tokens,unresolved,2
20220102,112,,CALGARY,https://www.journaldemontreal.com/2022/01/02/manifestations-anti-covid-un-pasteur-et-son-frere-arretes-par-calgary,neutral,no migration-related tokens,qwen2.5:7b,1.5,1.5,,neutral,No migration-related tokens found,qwen2.5:72b,,,,,unclear,no migration-related tokens,unresolved,2
20220102,841,,POLICE,https://www.hoydiariodelmagdalena.com.co/archivos/613756,neutral,no migration-related tokens,qwen2.5:7b,1.5,1.5,,unclear,"URL too generic, no clear context",qwen2.5:72b,,,,,unclear,no migration-related tokens,unresolved,2
20220102,36,,SCHOOL,https://olhardireto.com.br/noticias/exibir.asp?id=496488&noticia=porto-relembra-dificuldades-com-45-dos-estudantes-sem-internet-e-projeta-2022-como-melhor-ano-letivo-da-historia,neutral,no migration-related tokens,qwen2.5:7b,1.5,1.5,,neutral,"difficulties, no internet;no clear migration-related tokens",qwen2.5:72b,,,,,unclear,no migration-related tokens,unresolved,2
20220102,42,,SCHOOL,https://olhardireto.com.br/noticias/exibir.asp?id=496488&noticia=porto-relembra-dificuldades-com-45-dos-estudantes-sem-internet-e-projeta-2022-como-melhor-ano-letivo-da-historia,neutral,no migration-related tokens,qwen2.5:7b,1.5,1.5,,neutral,"difficulties, no internet;no clear migration-related tokens",qwen2.5:72b,,,,,unclear,no migration-related tokens,unresolved,2
20220102,42,,FRANCE,https://www.mdzol.com/deportes/2022/1/2/cuando-vuelve-lionel-messi-su-posible-debut-con-el-psg-en-2022-212536.html,neutral,no migration-related tokens,qwen2.5:7b,1.5,1.5,,unclear,"URL too short, generic, ID-like, or ambiguous",qwen2.5:72b,,,,,unclear,no migration-related tokens,unresolved,2
20220102,42,,FRANCE,https://www.mdzol.com/deportes/2022/1/2/cuando-vuelve-lionel-messi-su-posible-debut-con-el-psg-en-2022-212536.html,neutral,no migration-related tokens,qwen2.5:7b,1.5,1.5,,unclear,"URL too short, generic, ID-like, or ambiguous",qwen2.5:72b,,,,,unclear,no migration-related tokens,unresolved,2
20220102,141,,THE UK,https://www.clarin.com/opinion/malvinas-pasado-presente-conflicto_0_4JQu1pJwH.html,neutral,no migration-related tokens,qwen2.5:7b,1.5,1.5,,push,conflicto; indicates potential push factors,qwen2.5:72b,,,,,push,conflicto; indicates potential push factors,url_2,2
20220102,42,,UNITED KINGDOM,https://www.elbotola.com/article/2022-01-02-22-03-111.html,neutral,no migration-related tokens,qwen2.5:7b,1.5,1.5,,unclear,URL too short; no clear migration-related tokens,qwen2.5:72b,,,,,unclear,no migration-related tokens,unresolved,2
20220102,42,,UNITED KINGDOM,https://www.elbotola.com/article/2022-01-02-22-03-111.html,neutral,no clear migration-related tokens,qwen2.5:7b,1.5,1.5,,unclear,URL too short; no clear migration-related tokens,qwen2.5:72b,,,,,unclear,no clear migration-related tokens,unresolved,2
20220102,40,,KINGDOM,https://alghad.com/%D9%88%D8%B2%D9%8A%D8%B1-%D8%A7%D9%84%D8%AE%D8%A7%D8%B1%D8%AC%D9%8A%D8%A9-%D8%A7%D9%84%D8%B3%D8%B9%D9%88%D8%AF%D9%8A-%D9%81%D9%8A-%D8%B9%D9%85%D8%A7%D9%86/,push,Saudi,qwen2.5:7b,1.5,1.5,,,,qwen2.5:72b,,,,,push,Saudi,url_1,2
20220102,46,,MINIST,https://alghad.com/%D9%88%D8%B2%D9%8A%D8%B1-%D8%A7%D9%84%D8%AE%D8%A7%D8%B1%D8%AC%D9%8A%D8%A9-%D8%A7%D9%84%D8%B3%D8%B9%D9%88%D8%AF%D9%8A-%D9%81%D9%8A-%D8%B9%D9%85%D8%A7%D9%86/,push,Saudi,qwen2.5:7b,1.5,1.5,,,,qwen2.5:72b,,,,,push,Saudi,url_1,2
20220102,46,,KINGDOM,https://alghad.com/%D9%88%D8%B2%D9%8A%D8%B1-%D8%A7%D9%84%D8%AE%D8%A7%D8%B1%D8%AC%D9%8A%D8%A9-%D8%A7%D9%84%D8%B3%D8%B9%D9%88%D8%AF%D9%8A-%D9%81%D9%8A-%D8%B9%D9%85%D8%A7%D9%86/,push,Saudi,qwen2.5:7b,1.5,1.5,,,,qwen2.5:72b,,,,,push,Saudi,url_1,2
20220102,57,,GOVERNMENT,https://www.cas.sk/clanok/2626553/predseda-civilnej-vlady-v-sudane-oznamil-svoju-rezignaciu-snazil-som-sa-zo-vsetkych-sil/,neutral,no clear migration-related tokens,qwen2.5:7b,1.5,1.5,,push,rezignaciu (resignation) signals political instability,qwen2.5:72b,,,,,push,rezignaciu (resignation) signals political instability,url_2,2
20220102,84,,PRESIDENT,https://www.lematin.ch/story/lhomme-fort-du-parti-ennahdha-hospitalise-dans-un-etat-critique-474086927675,neutral,no clear migration-related tokens,qwen2.5:7b,1.5,1.5,,neutral,No clear migration-related tokens in URL,qwen2.5:72b,,,,,unclear,no clear migration-related tokens,unresolved,2
20220102,141,,AUTHORITIES,http://lratvakan.com/news/76958.html,neutral,no clear migration-related tokens,qwen2.5:7b,1.5,1.5,,unclear,URL too short; no clear migration-related tokens,qwen2.5:72b,,,,,unclear,no clear migration-related tokens,unresolved,2
20220102,141,,AUTHORITIES,https://lugradar.net/2022/01/337334,neutral,no clear migration-related tokens,qwen2.5:7b,1.5,1.5,,unclear,URL too short; no migration-related tokens,qwen2.5:72b,,,,,unclear,no clear migration-related tokens,unresolved,2
20220102,42,,UNITED NATIONS,http://www.hispantv.com/noticias/palestina/535010/preso-israel-huelga-hambre,push,Alisley,qwen2.5:7b,1.5,1.5,,,,qwen2.5:72b,,,,,push,Alisley,url_1,2
20220102,14,,ISRAELI,https://itongadol.com/coronavirus/coronavirus-en-israel-se-espera-que-tres-millones-de-israelies-se-infecten-con-el-virus,neutral,no clear migration-related tokens,qwen2.5:7b,1.5,1.5,,neutral,"coronavirus, infection; no clear migration impact",qwen2.5:72b,,,,,unclear,no clear migration-related tokens,unresolved,2
20220102,51,,ISRAEL,http://www.hispantv.com/noticias/palestina/535010/preso-israel-huelga-hambre,neutral,<no clear migration-related tokens>,qwen2.5:7b,1.5,1.5,,push,"prisoner, hunger strike",qwen2.5:72b,,,,,push,"prisoner, hunger strike",url_2,2
20220102,53,,ISRAEL,http://www.hispantv.com/noticias/palestina/535010/preso-israel-huelga-hambre,neutral,<no clear migration-related tokens>,qwen2.5:7b,1.5,1.5,,push,"prisoner, hunger strike",qwen2.5:72b,,,,,push,"prisoner, hunger strike",url_2,2
20220102,43,,JORDAN,https://alghad.com/%D9%85%D8%B9%D8%B1%D8%B6-%D8%A3%D8%B1%D8%AF%D9%86%D9%8A-%D9%84%D9%84%D8%AA%D8%AC%D8%A7%D8%B1%D8%A9-%D9%88%D8%A7%D9%84%D8%AE%D8%AF%D9%85%D8%A7%D8%AA-%D9%8A%D9%86%D8%B7%D9%84%D9%82-%D9%81%D9%8A-%D8%B3/,push,prisoner-israel-hunger strike,qwen2.5:7b,1.5,1.5,,,,qwen2.5:72b,,,,,push,prisoner-israel-hunger strike,url_1,2
20220102,130,,LAWYER,https://www.vesti-online.com/stopiran-otkaz-za-nevakcinisanog-cuvara-reda/,neutral,<no clear migration-related tokens>,qwen2.5:7b,1.5,1.5,,neutral,"otkaz, nevakcinisanog (refusal, unvaccinated); no clear migration impact",qwen2.5:72b,,,,,unclear,<no clear migration-related tokens>,unresolved,2
20220102,42,,ANTANANARIVO,http://www.taringa.net/+salud_bienestar/la-proxima-gran-pandemia-la-resistencia-a-antibioticos-ya-esta-aqui_4zonot/,neutral,<no clear migration-related tokens>,qwen2.5:7b,1.5,1.5,,neutral,No clear migration-related tokens,qwen2.5:72b,,,,,unclear,<no clear migration-related tokens>,unresolved,2
20220102,71,,OAXACA,https://oaxaca.eluniversal.com.mx/estatal/aumenta-congreso-de-oaxaca-presupuesto-de-comision-forestal-en-14-mdp,neutral,<no clear migration-related tokens>,qwen2.5:7b,1.5,1.5,,neutral,No clear migration-related tokens,qwen2.5:72b,,,,,unclear,<no clear migration-related tokens>,unresolved,2
20220102,43,,MACHU PICCHU,https://www.segnidalcielo.it/peru-un-turista-fotografa-un-ufo-sullantica-citta-di-machu-picchu/,neutral,<no clear migration-related tokens>,qwen2.5:7b,1.5,1.5,,neutral,No clear migration-related tokens,qwen2.5:72b,,,,,unclear,<no clear migration-related tokens>,unresolved,2
20220102,53,,PALESTINE,http://www.hispantv.com/noticias/palestina/535010/preso-israel-huelga-hambre,neutral,<no clear migration-related tokens>,qwen2.5:7b,1.5,1.5,,push,preso huelga hambre (imprisonment and hunger strike suggest unrest),qwen2.5:72b,,,,,push,preso huelga hambre (imprisonment and hunger strike suggest unrest),url_2,2
20220102,51,,PALESTINE,http://www.hispantv.com/noticias/palestina/535010/preso-israel-huelga-hambre,neutral,<no clear migration-related tokens>,qwen2.5:7b,1.5,1.5,,push,preso huelga hambre (imprisonment and hunger strike suggest unrest),qwen2.5:72b,,,,,push,preso huelga hambre (imprisonment and hunger strike suggest unrest),url_2,2
20220102,53,,PALESTINE,http://www.hispantv.com/noticias/palestina/535010/preso-israel-huelga-hambre,neutral,<no clear migration-related tokens>,qwen2.5:7b,1.5,1.5,,push,Israeli prisoner hunger strike (prison hunger strike indicates crisis),qwen2.5:72b,,,,,push,Israeli prisoner hunger strike (prison hunger strike indicates crisis),url_2,2
20220102,43,,SAINT,https://g1.globo.com/sp/santos-regiao/porto-mar/noticia/2022/01/02/anvisa-reforca-urgencia-em-acabar-com-temporada-de-cruzeiros-e-fala-em-risco-a-saude-publica.ghtml,neutral,,qwen2.5:7b,1.5,1.5,,neutral,anvisa-reforca-urgencia health public no clear migration tokens,qwen2.5:72b,,,,,unclear,anvisa-reforca-urgencia health public no clear migration tokens,unresolved,2
20220102,51,,SETTLER,https://www.eluniversal.com.mx/ciencia-y-salud/tras-aparente-extincion-el-pez-picote-tequila-fue-reintegrado-su-habitat,neutral,,qwen2.5:7b,1.5,1.5,,neutral,Pesca-Picote-Tequila reinstated habitat no clear migration tokens,qwen2.5:72b,,,,,unclear,Pesca-Picote-Tequila reinstated habitat no clear migration tokens,unresolved,2
20220102,20,,TURKEY,https://eleftherostypos.gr/ellinotourkika/880814-empristikos-o-akar-ebale-xio-samo-kai-oinousses-sto-stoma-tis-tourkias/,neutral,,qwen2.5:7b,1.5,1.5,,pull,Action against Turkey implies resistance (action against Turkey implies resistance),qwen2.5:72b,,,,,pull,Action against Turkey implies resistance (action against Turkey implies resistance),url_2,2
20220102,36,,THE WHITE HOUSE,https://pronedra.ru/v21-pervye-pervye-simptomy-pnevmonii-pomogut-svoevremenno-nachat-lechenie-i-soxranit-zhizn-439639.html,neutral,,qwen2.5:7b,1.5,1.5,,neutral,first-symptoms-pneumonia treatment life but claire migration toukens,qwen2.5:72b,,,,,unclear,first-symptoms-pneumonia treatment life but claire migration toukens,unresolved,2
20220102,41,,THE WHITE HOUSE,https://pronedra.ru/v21-pervye-pervye-simptomy-pnevmonii-pomogut-svoevremenno-nachat-lechenie-i-soxranit-zhizn-439639.html,neutral,,qwen2.5:7b,1.5,1.5,,neutral,URL tokens do not indicate migration pressure,qwen2.5:72b,,,,,unclear,URL tokens do not indicate migration pressure,unresolved,2
20220102,112,FARMER,MINIST OF ENVIRONMENT,https://www.diariolibre.com/actualidad/sucesos/2022/01/02/acusan-ganaderos-de-provocar-incendios-en-sierra-de-bahoruco/1563459,neutral,,qwen2.5:7b,1.5,1.5,,neutral,URL tokens do not indicate migration pressure,qwen2.5:72b,,,,,unclear,URL tokens do not indicate migration pressure,unresolved,2
20220102,356,ARGENTINIAN,,https://www.clarin.com/opinion/malvinas-primeros-200-anos-_0_7SMJC2Ult.html,neutral,,qwen2.5:7b,1.5,1.5,,neutral,URL tokens do not indicate migration pressure,qwen2.5:72b,,,,,unclear,URL tokens do not indicate migration pressure,unresolved,2
20220102,36,BUENOS AIRES,,https://urgente24.com/actualidad/tragedia-palermo-asesino-al-volante-alcohol-y-muerte-n531977,neutral,,qwen2.5:7b,1.5,1.5,,neutral,URL tokens do not indicate migration pressure,qwen2.5:72b,,,,,unclear,URL tokens do not indicate migration pressure,unresolved,2
20220102,80,ARGENTINA,,https://www.clarin.com/opinion/malvinas-pasado-presente-conflicto_0_4JQu1pJwH.html,neutral,,qwen2.5:7b,1.5,1.5,,neutral,URL tokens do not indicate migration pressure,qwen2.5:72b,,,,,unclear,URL tokens do not indicate migration pressure,unresolved,2
20220102,160,ARGENTINA,FALKLANDS,https://www.clarin.com/opinion/malvinas-pasado-presente-conflicto_0_4JQu1pJwH.html,neutral,,qwen2.5:7b,1.5,1.5,,push,conflicto (conflict) suggests push,qwen2.5:72b,,,,,push,conflicto (conflict) suggests push,url_2,2
20220102,190,BELGIAN,BELGIUM,https://geeko.lesoir.be/2022/01/02/une-entreprise-belge-lutte-contre-contre-le-gaspillage-pharmaceutique/,neutral,no clear migration-related tokens,qwen2.5:7b,1.5,1.5,,neutral,No clear migration-related tokens,qwen2.5:72b,,,,,unclear,no clear migration-related tokens,unresolved,2
20220102,190,BELGIAN,,https://geeko.lesoir.be/2022/01/02/une-entreprise-belge-lutte-contre-contre-le-gaspillage-pharmaceutique/,neutral,no clear migration-related tokens,qwen2.5:7b,1.5,1.5,,neutral,No clear migration-related tokens,qwen2.5:72b,,,,,unclear,no clear migration-related tokens,unresolved,2
20220102,112,BELARUSIAN,BELARUS,http://www.kvir.ru/author/andre-galinin/,neutral,no clear migration-related tokens,qwen2.5:7b,1.5,1.5,,unclear,"URL too short, generic, or ambiguous",qwen2.5:72b,,,,,unclear,no clear migration-related tokens,unresolved,2
20220102,190,BELARUSIAN,BELARUS,http://www.kvir.ru/author/andre-galinin/,neutral,no clear migration-related tokens,qwen2.5:7b,1.5,1.5,,unclear,"URL too short, generic, or ambiguous",qwen2.5:72b,,,,,unclear,no clear migration-related tokens,unresolved,2
20220102,51,BRAZIL,ARGENTINE,https://www.clarin.com/opinion/malvinas-pasado-presente-conflicto_0_4JQu1pJwH.html,unclear,"URL too short, generic, ID-like, or ambiguous",qwen2.5:7b,1.5,1.5,,neutral,URL tokens do not indicate migration-related conditions,qwen2.5:72b,,,,,unclear,"URL too short, generic, ID-like, or ambiguous",unresolved,2
20220102,10,BRAZIL,BRAZIL,https://www.clarin.com/opinion/malvinas-pasado-presente-conflicto_0_4JQu1pJwH.html,unclear,"URL too short, generic, ID-like, or ambiguous",qwen2.5:7b,1.5,1.5,,neutral,URL tokens do not indicate migration-related conditions,qwen2.5:72b,,,,,unclear,"URL too short, generic, ID-like, or ambiguous",unresolved,2
20220102,10,BRAZIL,BRAZIL,https://www.clarin.com/opinion/malvinas-pasado-presente-conflicto_0_4JQu1pJwH.html,unclear,"URL too short, generic, ID-like, or ambiguous",qwen2.5:7b,1.5,1.5,,neutral,URL tokens do not indicate migration-related conditions,qwen2.5:72b,,,,,unclear,"URL too short, generic, ID-like, or ambiguous",unresolved,2
20220102,12,TYCOON,,https://revistamonet.globo.com/Celebridades/noticia/2022/01/look-de-jeff-bezos-um-dos-homens-mais-ricos-do-mundo-no-reveillon-rende-piadas-nas-redes-meio-vin-diesel-meio-agostinho-carrara.html,neutral,no clear migration-related tokens,qwen2.5:7b,1.5,1.5,,neutral,URL tokens do not indicate migration-related conditions,qwen2.5:72b,,,,,unclear,no clear migration-related tokens,unresolved,2
20220102,90,COMPANY,,https://e24.no/ledige-stillinger/s/Kzeo24/har-du-inkasso-erfaring-men-kan-tenke-deg-strre-ansvar,pull,jobs positions,qwen2.5:7b,1.5,1.5,,,,qwen2.5:72b,,,,,pull,jobs positions,url_1,2
20220102,145,BUSINESS,,https://www.limburger.nl/cnt/dmf20220102_97854382,neutral,no clear migration-related tokens,qwen2.5:7b,1.5,1.5,,unclear,URL too short and ambiguous,qwen2.5:72b,,,,,unclear,no clear migration-related tokens,unresolved,2
20220102,160,AIRLINE,,https://es.investing.com/news/stock-market-news/disrupciones-relacionadas-con-omicron-provocan-mas-de-4000-cancelaciones-de-vuelos-en-inicio-de-2022-2199117,neutral,omicron-related disruptions,qwen2.5:7b,1.5,1.5,,neutral,No clear migration-related tokens,qwen2.5:72b,,,,,unclear,omicron-related disruptions,unresolved,2
20220102,190,TYCOON,,https://revistamonet.globo.com/Celebridades/noticia/2022/01/look-de-jeff-bezos-um-dos-homens-mais-ricos-do-mundo-no-reveillon-rende-piadas-nas-redes-meio-vin-diesel-meio-agostinho-carrara.html,neutral,look de Jeff Bezos,qwen2.5:7b,1.5,1.5,,neutral,No clear migration-related tokens,qwen2.5:72b,,,,,unclear,look de Jeff Bezos,unresolved,2
20220102,20,AIRLINE,EMPLOYEE,https://es.investing.com/news/stock-market-news/disrupciones-relacionadas-con-omicron-provocan-mas-de-4000-cancelaciones-de-vuelos-en-inicio-de-2022-2199117,neutral,omicron-related disruptions,qwen2.5:7b,1.5,1.5,,neutral,No clear migration-related tokens,qwen2.5:72b,,,,,unclear,omicron-related disruptions,unresolved,2
20220102,30,BUSINESS,,https://www.eluniversal.com.mx/nacion/tras-vacaciones-de-invierno-sep-se-declara-lista-para-retorno-actividades-escolares-presenciales,neutral,return in-person school activities,qwen2.5:7b,1.5,1.5,,pull,return-in-person-school-activities implies safer environment for children,qwen2.5:72b,,,,,pull,return-in-person-school-activities implies safer environment for children,url_2,2
20220102,173,CALGARY,CALGARY,https://www.journaldemontreal.com/2022/01/02/manifestations-anti-covid-un-pasteur-et-son-frere-arretes-par-calgary,unclear,anti-covid demonstrations a pastor and his brother arrested by calgary,qwen2.5:7b,1.5,1.5,,neutral,No clear migration-related tokens,qwen2.5:72b,,,,,unclear,anti-covid demonstrations a pastor and his brother arrested by calgary,unresolved,2
20220102,175,CALGARY,DEMONSTRATOR,https://www.journaldemontreal.com/2022/01/02/manifestations-anti-covid-un-pasteur-et-son-frere-arretes-par-calgary,unclear,anti-covid demonstrations a pastor and his brother arrested by calgary,qwen2.5:7b,1.5,1.5,,neutral,No clear migration-related tokens,qwen2.5:72b,,,,,unclear,anti-covid demonstrations a pastor and his brother arrested by calgary,unresolved,2
20220102,51,ORTHODOX CHRISTIAN,SAINT,https://www.mngz.ru/russia-world-sensation/2464160-v-vargashinskom-rayone-sotrudniki-policii-proveli-20-profilakticheskih-besed-so-shkolnikami.html,neutral,Police officers conducted preventive conversations with schoolchildren,qwen2.5:7b,1.5,1.5,,neutral,No clear migration-related tokens,qwen2.5:72b,,,,,unclear,Police officers conducted preventive conversations with schoolchildren,unresolved,2
20220102,51,ORTHODOX CHRISTIAN,SAINT,https://pronedra.ru/pozdravleniya-ko-dnyu-svyatoj-anastasii-4-yanvarya-tradiczii-prazdnika-630226.html,neutral,Congratulations on St. Anastasia's Day,qwen2.5:7b,1.5,1.5,,neutral,No clear migration-related tokens,qwen2.5:72b,,,,,unclear,Congratulations on St. Anastasia's Day,unresolved,2
20220102,90,POLICE,,https://www.noviny.sk/krimi/652963-mrtvy-muz-v-aute-telo-hladaneho-slovenskeho-policajta-nasli-v-polsku,neutral,"dead man in the car, the body of the wanted policeman was found in Poland",qwen2.5:7b,1.5,1.5,,neutral,No clear migration-related tokens,qwen2.5:72b,,,,,unclear,"dead man in the car, the body of the wanted policeman was found in Poland",unresolved,2
20220102,192,POLICE OFFICER,,https://www.hoydiariodelmagdalena.com.co/archivos/613776,unclear,files,qwen2.5:7b,1.5,1.5,,unclear,"URL too short, generic, ID-like, or ambiguous",qwen2.5:72b,,,,,unclear,files,unresolved,2
20220102,193,POLICE OFFICER,,https://www.ensonhaber.com/3-sayfa/adanada-silahli-kavgaya-mudahale-eden-polis-vuruldu,push,intervention in armed conflict,qwen2.5:7b,1.5,1.5,,,,qwen2.5:72b,,,,,push,intervention in armed conflict,url_1,2
20220102,190,POLICE,ACTIVIST,http://lratvakan.com/news/76958.html,unclear,,qwen2.5:7b,1.5,1.5,,neutral,No clear migration-related tokens,qwen2.5:72b,,,,,unclear,No clear migration-related tokens,unresolved,2
20220102,10,PERPETRATOR,CREATIVITY,https://www.hespress.com/%D8%AA%D8%AC%D8%A7%D9%88%D8%B2-%D9%88%D8%B1%D8%B7%D8%A9-%D8%B9%D8%B5%D8%B1-%D8%A7%D9%84%D8%B9%D8%AA%D9%85%D8%A9-925188.html,neutral,"🇹 gel, 🇹🇷 magazine",qwen2.5:7b,1.5,1.5,,push,"war, crisis in URL token",qwen2.5:72b,,,,,push,"war, crisis in URL token",url_2,2
20220102,172,VILLAGE,,https://www.volynnews.com/news/all/cherez-novorichni-feyerverky-v-chernivtsiakh-zahynuly-desiatky-ptakhiv/,push,desyatky ptakhiv,qwen2.5:7b,1.5,1.5,,,,qwen2.5:72b,,,,,push,desyatky ptakhiv,url_1,2
20220102,10,COMMUNITY,POLICE,https://www.hoydiariodelmagdalena.com.co/archivos/613752,unclear,,qwen2.5:7b,1.5,1.5,,neutral,No clear migration-related tokens,qwen2.5:72b,,,,,unclear,No clear migration-related tokens,unresolved,2
20220102,42,GERMAN,LISBON,https://naslovi.net/2022-01-03/blic/zarobljeni-u-luci-nemacki-kruzer-usidren-do-daljeg-u-lisabonu-zbog-izbijanja-epidemije-korona-virusa/29657724,neutral,captured in the port of the German cruiser anchored until further in Lisbon due to the outbreak of the corona virus epidemic,qwen2.5:7b,1.5,1.5,,neutral,No clear migration-related tokens,qwen2.5:72b,,,,,unclear,captured in the port of the German cruiser anchored until further in Lisbon due to the outbreak of the corona virus epidemic,unresolved,2
20220102,42,GERMAN,LISBON,https://naslovi.net/2022-01-03/blic/zarobljeni-u-luci-nemacki-kruzer-usidren-do-daljeg-u-lisabonu-zbog-izbijanja-epidemije-korona-virusa/29657724,neutral,captured in the port of the German cruiser anchored until further in Lisbon due to the outbreak of the corona virus epidemic,qwen2.5:7b,1.5,1.5,,neutral,No clear migration-related tokens,qwen2.5:72b,,,,,unclear,captured in the port of the German cruiser anchored until further in Lisbon due to the outbreak of the corona virus epidemic,unresolved,2
20220102,10,UNIVERSITY,,https://www.elmanana.com/cae-ex-rector-de-la-uabjo-por-fraude/5475695,push,fraud,qwen2.5:7b,1.5,1.5,,,,qwen2.5:72b,,,,,push,fraud,url_1,2
20220102,36,STUDENT,,https://olhardireto.com.br/noticias/exibir.asp?id=496488&noticia=porto-relembra-dificuldades-com-45-dos-estudantes-sem-internet-e-projeta-2022-como-melhor-ano-letivo-da-historia,pull,"without internet, project 2022 as the best school year",qwen2.5:7b,1.5,1.5,,,,qwen2.5:72b,,,,,pull,"without internet, project 2022 as the best school year",url_1,2
20220102,36,SCHOOL,,https://olhardireto.com.br/noticias/exibir.asp?id=496488&noticia=porto-relembra-dificuldades-com-45-dos-estudantes-sem-internet-e-projeta-2022-como-melhor-ano-letivo-da-historia,pull,"without internet, project 2022 as the best school year",qwen2.5:7b,1.5,1.5,,,,qwen2.5:72b,,,,,pull,"without internet, project 2022 as the best school year",url_1,2
20220102,43,SCHOOL,,https://olhardireto.com.br/noticias/exibir.asp?id=496488&noticia=porto-relembra-dificuldades-com-45-dos-estudantes-sem-internet-e-projeta-2022-como-melhor-ano-letivo-da-historia,neutral,students-without-internet,qwen2.5:7b,1.5,1.5,,neutral,no clear migration-related tokens,qwen2.5:72b,,,,,unclear,students-without-internet,unresolved,2
20220102,1721,SCHOOL,,https://itongadol.com/coronavirus/coronavirus-en-israel-se-espera-que-tres-millones-de-israelies-se-infecten-con-el-virus,push,coronavirus-in-israel-three-million-Israelis-are-expected-to-be-infected-with-the-virus,qwen2.5:7b,1.5,1.5,,,,qwen2.5:72b,,,,,push,coronavirus-in-israel-three-million-Israelis-are-expected-to-be-infected-with-the-virus,url_1,2
20220102,42,STUDENT,OAXACA,https://oaxaca.eluniversal.com.mx/sociedad/regresan-clases-mas-de-874-mil-estudiantes-de-oaxaca-este-3-de-enero,neutral,Classes return-more than-874-thousand-students-of-Oaxaca-this-January-3,qwen2.5:7b,1.5,1.5,,neutral,no clear migration-related tokens,qwen2.5:72b,,,,,unclear,Classes return-more than-874-thousand-students-of-Oaxaca-this-January-3,unresolved,2
20220102,71,ACTOR,,https://bagikanberita.pikiran-rakyat.com/bisnis/pr-683379835/rezeki-senin-ceria-khusus-wanita-berjiwa-entrepreneur-dapat-pinjaman-tanpa-agunan-rp25-juta-di-pnm-mekaar-plus,neutral,loan-without-collateral-rp25-million-at-pnm-mekaar-plus,qwen2.5:7b,1.5,1.5,,pull,"pinjaman, entrepreneur (jobs, financial support)",qwen2.5:72b,,,,,pull,"loans, entrepreneurship (jobs, financial support)",url_2,2
20220102,1821,ACTOR,BANDUNG,https://www.pikiran-rakyat.com/nasional/pr-013379874/genting-susi-pudjiastuti-desak-ruu-pks-disahkan-perlu-berapa-banyak-lagi-korban,push,pks-verified-need-how-many-more-victims,qwen2.5:7b,1.5,1.5,,,,qwen2.5:72b,,,,,push,pks-verified-need-how-many-more-victims,url_1,2
20220102,10,MADRID,,https://es.euronews.com/2022/01/02/espana-dice-no-a-la-propuesta-de-bruselas-de-incluir-la-energia-nuclear-y-el-gas-en-su-pla,neutral,nuclear-energy-and-gas-on-its-pla,qwen2.5:7b,1.5,1.5,,neutral,no clear migration-related tokens,qwen2.5:72b,,,,,unclear,nuclear-energy-and-gas-on-its-pla,unresolved,2
20220102,111,EUROPEAN,,https://1prime.ru/business/20220103/835674504.html,neutral,,qwen2.5:7b,1.5,1.5,,neutral,no clear migration-related tokens,qwen2.5:72b,,,,,unclear,no clear migration-related tokens,unresolved,2
20220102,20,FINNISH,RUSSIA,https://www.geopolitica.ru/news/vlasti-finlyandii-zagovorili-o-vstuplenii-v-nato,push,joining-nato,qwen2.5:7b,1.5,1.5,,,,qwen2.5:72b,,,,,push,joining-nato,url_1,2
20220102,42,UNITED KINGDOM,UNITED KINGDOM,https://www.elbotola.com/article/2022-01-02-22-03-111.html,unclear,,qwen2.5:7b,1.5,1.5,,unclear,"URL too short, generic, ID-like",qwen2.5:72b,,,,,unclear,"URL too short, generic, ID-like",unresolved,2
20220102,42,UNITED KINGDOM,UNITED KINGDOM,https://www.elbotola.com/article/2022-01-02-22-03-111.html,unclear,,qwen2.5:7b,1.5,1.5,,unclear,"URL too short, generic, ID-like",qwen2.5:72b,,,,,unclear,"URL too short, generic, ID-like",unresolved,2
20220102,43,UNITED KINGDOM,,https://www.elbotola.com/article/2022-01-02-22-03-111.html,unclear,<URL is not clear>,qwen2.5:7b,1.5,1.5,,unclear,"URL too short, generic, ID-like",qwen2.5:72b,,,,,unclear,<URL is not clear>,unresolved,2
20220102,43,UNITED KINGDOM,,https://www.elbotola.com/article/2022-01-02-22-03-111.html,unclear,<URL is not clear>,qwen2.5:7b,1.5,1.5,,unclear,"URL too short, generic, ID-like",qwen2.5:72b,,,,,unclear,<URL is not clear>,unresolved,2
20220102,43,UNITED KINGDOM,UNITED KINGDOM,https://www.elbotola.com/article/2022-01-02-22-03-111.html,unclear,<URL is not clear>,qwen2.5:7b,1.5,1.5,,unclear,"URL too short, generic, ID-like",qwen2.5:72b,,,,,unclear,<URL is not clear>,unresolved,2
20220102,43,UNITED KINGDOM,UNITED KINGDOM,https://www.elbotola.com/article/2022-01-02-22-03-111.html,unclear,<URL is not clear>,qwen2.5:7b,1.5,1.5,,neutral,No clear migration-related tokens,qwen2.5:72b,,,,,unclear,<URL is not clear>,unresolved,2
20220102,10,AUTHORITIES,,https://www.telemundo.com/noticias/noticias-telemundo/clima/no-esto-no-es-una-broma-llovieron-peces-en-texas-poco-antes-de-fin-de-rcna10639,neutral,weather phenomenon,qwen2.5:7b,1.5,1.5,,neutral,No clear migration-related tokens,qwen2.5:72b,,,,,unclear,weather phenomenon,unresolved,2
20220102,12,SECRETARIAT,,https://olhardireto.com.br/noticias/exibir.asp?id=496488&noticia=porto-relembra-dificuldades-com-45-dos-estudantes-sem-internet-e-projeta-2022-como-melhor-ano-letivo-da-historia,pull,"difficulty, internet, projected as better year",qwen2.5:7b,1.5,1.5,,,,qwen2.5:72b,,,,,pull,"difficulty, internet, projected as better year",url_1,2
20220102,14,MINISTRY,,https://tsn.ua/ru/svit/izrail-odobril-chetvertuyu-covid-privivku-dlya-medrabotnikov-i-lyudey-ot-60-let-1945456.html,neutral,covid vaccination,qwen2.5:7b,1.5,1.5,,pull,vaccine approval suggests healthcare,qwen2.5:72b,,,,,pull,vaccine approval suggests healthcare,url_2,2
20220102,40,KINGDOM,,https://alghad.com/%D9%88%D8%B2%D9%8A%D8%B1-%D8%A7%D9%84%D8%AE%D8%A7%D8%B1%D8%AC%D9%8A%D8%A9-%D8%A7%D9%84%D8%B3%D8%B9%D9%88%D8%AF%D9%8A-%D9%81%D9%8A-%D8%B9%D9%85%D8%A7%D9%86/,push,"rain fish, unusual event",qwen2.5:7b,1.5,1.5,,,,qwen2.5:72b,,,,,push,"rain fish, unusual event",url_1,2
20220102,40,KINGDOM,,https://alghad.com/%D9%88%D8%B2%D9%8A%D8%B1-%D8%A7%D9%84%D8%AE%D8%A7%D8%B1%D8%AC%D9%8A%D8%A9-%D8%A7%D9%84%D8%B3%D8%B9%D9%88%D8%AF%D9%8A-%D9%81%D9%8A-%D8%B9%D9%85%D8%A7%D9%86/,push,"rain fish, unusual event",qwen2.5:7b,1.5,1.5,,,,qwen2.5:72b,,,,,push,"rain fish, unusual event",url_1,2
20220102,46,MINIST,,https://alghad.com/%D9%88%D8%B2%D9%8A%D8%B1-%D8%A7%D9%84%D8%AE%D8%A7%D8%B1%D8%AC%D9%8A%D8%A9-%D8%A7%D9%84%D8%B3%D8%B9%D9%88%D8%AF%D9%8A-%D9%81%D9%8A-%D8%B9%D9%85%D8%A7%D9%86/,push,"rain fish, unusual event",qwen2.5:7b,1.5,1.5,,,,qwen2.5:72b,,,,,push,"rain fish, unusual event",url_1,2
20220102,46,KINGDOM,,https://alghad.com/%D9%88%D8%B2%D9%8A%D8%B1-%D8%A7%D9%84%D8%AE%D8%A7%D8%B1%D8%AC%D9%8A%D8%A9-%D8%A7%D9%84%D8%B3%D8%B9%D9%88%D8%AF%D9%8A-%D9%81%D9%8A-%D8%B9%D9%85%D8%A7%D9%86/,neutral,no clear migration-related tokens,qwen2.5:7b,1.5,1.5,,unclear,"URL too short, generic, or ambiguous",qwen2.5:72b,,,,,unclear,no clear migration-related tokens,unresolved,2
20220102,57,GOVERNMENT,,https://www.cas.sk/clanok/2626553/predseda-civilnej-vlady-v-sudane-oznamil-svoju-rezignaciu-snazil-som-sa-zo-vsetkych-sil/,push,reznig announced his resignation,qwen2.5:7b,1.5,1.5,,,,qwen2.5:72b,,,,,push,reznig announced his resignation,url_1,2
20220102,73,AUTHORITIES,,https://www.mbl.is/frettir/erlent/2022/01/02/heilbrigdisstarfsmenn_fa_fjorda_skammtinn/,neutral,no clear migration-related tokens,qwen2.5:7b,1.5,1.5,,neutral,No clear migration-related tokens,qwen2.5:72b,,,,,unclear,no clear migration-related tokens,unresolved,2
20220102,90,GOVERNMENT,,https://newpost.gr/kosmos/61d20c59922542136ad20343/italia-koronoios-i-kyvernisi-exetazei-to-endehomeno-ypohreotikoy-emvoliasmoy-gia-oloys-toys-ano-ton-18-eton,pull,italy_coronavirus_the_government_is_considering_the_possibility_of_compulsory_vaccination_for_all_18-year-olds,qwen2.5:7b,1.5,1.5,,,,qwen2.5:72b,,,,,pull,italy_coronavirus_the_government_is_considering_the_possibility_of_compulsory_vaccination_for_all_18-year-olds,url_1,2
20220102,160,GOVERNMENT,INDUSTRY,https://www.rp.pl/praca/art19248621-wielka-brytania-przedluza-program-wizowy-dla-pracownikow-z-ue,pull,great_britania_przedluza_wizowy_program_dla_pracownikow_z_ue,qwen2.5:7b,1.5,1.5,,,,qwen2.5:72b,,,,,pull,great_britania_przedluza_wizowy_program_dla_pracownikow_z_ue,url_1,2
20220102,90,AUTHORITIES,CRIMINAL,https://sledcom.ru/news/item/1645072/,neutral,no clear migration-related tokens,qwen2.5:7b,1.5,1.5,,neutral,No clear migration-related tokens,qwen2.5:72b,,,,,unclear,no clear migration-related tokens,unresolved,2
20220102,14,DIRECTOR GENERAL,ISRAELI,https://itongadol.com/coronavirus/coronavirus-en-israel-se-espera-que-tres-millones-de-israelies-se-infecten-con-el-virus,neutral,no clear migration-related tokens,qwen2.5:7b,1.5,1.5,,pull,coronavirus-in-israel-is-expected;potential healthcare demand,qwen2.5:72b,,,,,pull,coronavirus-in-israel-is-expected;potential healthcare demand,url_2,2
20220102,43,GOVERNMENT,DEMONSTRATOR,http://lratvakan.com/news/76958.html,neutral,no clear migration-related tokens,qwen2.5:7b,1.5,1.5,,neutral,No clear migration-related tokens,qwen2.5:72b,,,,,unclear,no clear migration-related tokens,unresolved,2
20220102,43,GOVERNMENT,DEMONSTRATOR,https://lugradar.net/2022/01/337334,neutral,no clear migration-related tokens,qwen2.5:7b,1.5,1.5,,neutral,No clear migration-related tokens,qwen2.5:72b,,,,,unclear,no clear migration-related tokens,unresolved,2
20220102,46,MINIST,DEMONSTRATOR,https://www.journaldemontreal.com/2022/01/02/manifestations-anti-covid-un-pasteur-et-son-frere-arretes-par-calgary,neutral,no clear migration-related tokens,qwen2.5:7b,1.5,1.5,,neutral,No clear migration-related tokens,qwen2.5:72b,,,,,unclear,no clear migration-related tokens,unresolved,2
20220102,30,GOVERNMENT,GUERRILLA,https://www.hoydiariodelmagdalena.com.co/archivos/613800,neutral,<none>,qwen2.5:7b,1.5,1.5,,unclear,"URL too short, generic, ID-like",qwen2.5:72b,,,,,unclear,<none>,unresolved,2
20220102,20,AUTHORITIES,RUSSIAN FEDERATION,https://lugradar.net/2022/01/337336,unclear,<none>,qwen2.5:7b,1.5,1.5,,unclear,"URL too short, generic, ID-like",qwen2.5:72b,,,,,unclear,<none>,unresolved,2
20220102,20,AUTHORITIES,RUSSIAN FEDERATION,https://lugradar.net/2022/01/337319,unclear,<none>,qwen2.5:7b,1.5,1.5,,unclear,"URL too short, generic, ID-like",qwen2.5:72b,,,,,unclear,<none>,unresolved,2
20220102,40,PRESIDENT,RUSSIA,https://tsn.ua/ru/politika/bayden-i-zelenskiy-proveli-telefonnye-peregovory-chto-izvestno-1945450.html,neutral,politics,qwen2.5:7b,1.5,1.5,,neutral,No clear migration-related tokens,qwen2.5:72b,,,,,unclear,politics,unresolved,2
20220102,41,PRESIDENT,RUSSIA,https://tsn.ua/ru/politika/bayden-i-zelenskiy-proveli-telefonnye-peregovory-chto-izvestno-1945450.html,neutral,politics,qwen2.5:7b,1.5,1.5,,neutral,No clear migration-related tokens,qwen2.5:72b,,,,,unclear,politics,unresolved,2
20220102,41,PRESIDENT,RUSSIA,https://tsn.ua/ru/politika/bayden-i-zelenskiy-proveli-telefonnye-peregovory-chto-izvestno-1945450.html,neutral,politics,qwen2.5:7b,1.5,1.5,,neutral,No clear migration-related tokens,qwen2.5:72b,,,,,unclear,politics,unresolved,2
20220102,10,MINIST OF HEALTH,,https://www.mdzol.com/sociedad/2022/1/2/coronavirus-en-argentina-mas-de-20000-casos-23-fallecidos-212523.html,neutral,<none>,qwen2.5:7b,1.5,1.5,,push,"coronavirus, more than 20,000 cases, 23 deaths",qwen2.5:72b,,,,,push,"coronavirus, more than 20,000 cases, 23 deaths",url_2,2
20220102,10,DOCTOR,,https://pronedra.ru/v21-pervye-pervye-simptomy-pnevmonii-pomogut-svoevremenno-nachat-lechenie-i-soxranit-zhizn-439639.html,neutral,<none>,qwen2.5:7b,1.5,1.5,,neutral,No clear migration-related tokens,qwen2.5:72b,,,,,unclear,<none>,unresolved,2
20220102,13,HOSPITAL,,https://pronedra.ru/v21-pervye-pervye-simptomy-pnevmonii-pomogut-svoevremenno-nachat-lechenie-i-soxranit-zhizn-439639.html,neutral,<none>,qwen2.5:7b,1.5,1.5,,neutral,No clear migration-related tokens,qwen2.5:72b,,,,,unclear,<none>,unresolved,2
20220102,193,DOCTOR,POLICE OFFICER,https://pronedra.ru/v21-pervye-pervye-simptomy-pnevmonii-pomogut-svoevremenno-nachat-lechenie-i-soxranit-zhizn-439639.html,neutral,<none>,qwen2.5:7b,1.5,1.5,,neutral,No clear migration-related tokens,qwen2.5:72b,,,,,unclear,<none>,unresolved,2
20220102,193,DOCTOR,POLICE OFFICER,https://www.mngz.ru/russia-world-sensation/2463989-v-gorode-rezh-sotrudnikami-sledstvennogo-komiteta-vozbuzhdeno-ugolovnoe-delo-po-faktu-ubiystva-iz-revnosti-medic.html,push,crim,qwen2.5:7b,1.5,1.5,,,,qwen2.5:72b,,,,,push,crim,url_1,2
20220102,193,DOCTOR,POLICE OFFICER,https://www.mngz.ru/russia-world-sensation/2463989-v-gorode-rezh-sotrudnikami-sledstvennogo-komiteta-vozbuzhdeno-ugolovnoe-delo-po-faktu-ubiystva-iz-revnosti-medic.html,push,crim,qwen2.5:7b,1.5,1.5,,,,qwen2.5:72b,,,,,push,crim,url_1,2
20220102,172,HAITI,,https://www.diariolibre.com/actualidad/sucesos/2022/01/02/acusan-ganaderos-de-provocar-incendios-en-sierra-de-bahoruco/1563459,neutral,"fires, causes, Sierra de Bahoruco",qwen2.5:7b,1.5,1.5,,neutral,URL lacks clear migration-related tokens,qwen2.5:72b,,,,,unclear,"fires, causes, Sierra de Bahoruco",unresolved,2
20220102,90,THE EUROPEAN UNION,,https://lugradar.net/2022/01/337336,neutral,no clear migration tokens,qwen2.5:7b,1.5,1.5,,unclear,"URL too short, generic, ID-like",qwen2.5:72b,,,,,unclear,no clear migration tokens,unresolved,2
20220102,43,UNITED NATIONS,,http://www.hispantv.com/noticias/palestina/535010/preso-israel-huelga-hambre,push,"prisoner, Israel, strike, hunger",qwen2.5:7b,1.5,1.5,,,,qwen2.5:72b,,,,,push,"prisoner, Israel, strike, hunger",url_1,2
20220102,20,ISRAELI,WORKER,https://g1.globo.com/mundo/noticia/2022/01/02/israel-comeca-a-aplicar-quarta-dose-da-vacina-contra-a-covid.ghtml,neutral,fourth dose of vaccine,qwen2.5:7b,1.5,1.5,,neutral,URL lacks clear migration-related tokens,qwen2.5:72b,,,,,unclear,fourth dose of vaccine,unresolved,2
20220102,51,ISRAEL,PALESTINE,http://www.hispantv.com/noticias/palestina/535010/preso-israel-huelga-hambre,push,"prisoner, Israel, strike, hunger",qwen2.5:7b,1.5,1.5,,,,qwen2.5:72b,,,,,push,"prisoner, Israel, strike, hunger",url_1,2
20220102,53,ISRAEL,PALESTINE,http://www.hispantv.com/noticias/palestina/535010/preso-israel-huelga-hambre,push,"prisoner, Israel, strike, hunger",qwen2.5:7b,1.5,1.5,,,,qwen2.5:72b,,,,,push,"prisoner, Israel, strike, hunger",url_1,2
20220102,142,ISRAEL,PALESTINE,http://www.hispantv.com/noticias/palestina/535010/preso-israel-huelga-hambre,push,"prisoner, Israel, strike, hunger",qwen2.5:7b,1.5,1.5,,,,qwen2.5:72b,,,,,push,"prisoner, Israel, strike, hunger",url_1,2
20220102,42,JORDAN,,https://alghad.com/%D9%85%D8%B9%D8%B1%D8%B6-%D8%A3%D8%B1%D8%AF%D9%86%D9%8A-%D9%84%D9%84%D8%AA%D8%AC%D8%A7%D8%B1%D8%A9-%D9%88%D8%A7%D9%84%D8%AE%D8%AF%D9%85%D8%A7%D8%AA-%D9%8A%D9%86%D8%B7%D9%84%D9%82-%D9%81%D9%8A-%D8%B3/,push,"Tahrir, Jordan, Jerusalem, enters, Hamas, Fatah, since, Gaza, West Bank",qwen2.5:7b,1.5,1.5,,,,qwen2.5:72b,,,,,push,"Tahrir, Jordan, Jerusalem, enters, Hamas, Fatah, since, Gaza, West Bank",url_1,2
20220102,234,FEDERAL COURT,,https://www.elmanana.com/cae-ex-rector-de-la-uabjo-por-fraude/5475695,neutral,no clear migration-related tokens,qwen2.5:7b,1.5,1.5,,neutral,URL lacks clear migration-related tokens,qwen2.5:72b,,,,,unclear,no clear migration-related tokens,unresolved,2
20220102,84,JUDGE,,https://www.vesti-online.com/stopiran-otkaz-za-nevakcinisanog-cuvara-reda/,unclear,too short or generic URL,qwen2.5:7b,1.5,1.5,,neutral,URL lacks clear migration-related tokens,qwen2.5:72b,,,,,unclear,too short or generic URL,unresolved,2
20220102,173,PUBLIC PROSECUTOR,,https://www.hoydiariodelmagdalena.com.co/archivos/613776,neutral,no clear migration-related tokens,qwen2.5:7b,1.5,1.5,,unclear,URL too short; generic ID-like,qwen2.5:72b,,,,,unclear,no clear migration-related tokens,unresolved,2
20220102,10,LAWYER,MELBOURNE,https://www.vesti-online.com/samo-pisani-testament-je-vazeci/,unclear,too short or generic URL,qwen2.5:7b,1.5,1.5,,unclear,URL too short; no clear migration-related tokens,qwen2.5:72b,,,,,unclear,too short or generic URL,unresolved,2
20220102,114,PUBLIC PROSECUTOR,OAXACA,https://oaxaca.eluniversal.com.mx/municipios/denuncian-ante-el-ieepco-edil-de-ocotlan-oaxaca-por-violencia-politica-de-genero,neutral,no clear migration-related tokens,qwen2.5:7b,1.5,1.5,,push,political gender violence (political violence against women),qwen2.5:72b,,,,,push,political gender violence (political violence against women),url_2,2
20220102,112,LAWYER,UNITED STATES,https://www.diariolibre.com/usa/revista/2022/01/02/juez-impide-que-bloqueo-de-demanda-contra-el-principe-andres/1563621,neutral,no clear migration-related tokens,qwen2.5:7b,1.5,1.5,,neutral,No clear migration-related tokens,qwen2.5:72b,,,,,unclear,no clear migration-related tokens,unresolved,2
20220102,30,EMPLOYEE,,https://es.investing.com/news/stock-market-news/goldman-sachs-pide-a-sus-empleados-estadounidenses-que-trabajen-desde-casa-hasta-el-18-de-enero-2199115,neutral,"work from home directive, no clear migration-related tokens",qwen2.5:7b,1.5,1.5,,,,qwen2.5:72b,,,,,unclear,"work from home directive, no clear migration-related tokens",unresolved,2
20220102,10,CONGRESS,,https://www.telemundo.com/noticias/noticias-telemundo/clima/no-esto-no-es-una-broma-llovieron-peces-en-texas-poco-antes-de-fin-de-rcna10639,neutral,"weather phenomenon, no clear migration-related tokens",qwen2.5:7b,1.5,1.5,,neutral,No migration-related tokens found,qwen2.5:72b,,,,,unclear,"weather phenomenon, no clear migration-related tokens",unresolved,2
20220102,10,STATE DUMA,,https://www.ridus.ru/news/370096,unclear,too short or generic URL,qwen2.5:7b,1.5,1.5,,unclear,URL too short or ambiguous,qwen2.5:72b,,,,,unclear,too short or generic URL,unresolved,2
20220102,83,SENATE,,https://sipse.com/mexico/las-breves-del-senado-inclusion-y-derechos-de-las-personas-sordas-415533.html,neutral,no clear migration-related tokens,qwen2.5:7b,1.5,1.5,,pull,"inclusion, derechos (rights) of sordas (deaf people)",qwen2.5:72b,,,,,pull,"inclusion, rights (rights) of sordas (deaf people)",url_2,2
20220102,13,MEXICO,,https://sipse.com/mexico/isste-se-prepara-para-la-cuarta-ola-de-la-pandemia-por-covid-19-en-mexico-415544.html,neutral,no clear migration-related tokens,qwen2.5:7b,1.5,1.5,,push,fourth wave of the COVID-19 pandemic,qwen2.5:72b,,,,,push,fourth wave of the COVID-19 pandemic,url_2,2
20220102,190,COMMANDER,,https://www.antaranews.com/berita/2620221/dilan-series-gelar-audisi-terbuka-untuk-cari-pemain,neutral,no clear migration-related tokens,qwen2.5:7b,1.5,1.5,,neutral,No migration-related tokens found,qwen2.5:72b,,,,,unclear,no clear migration-related tokens,unresolved,2
20220102,17,COMMANDER,ISLAMIC,http://www.hispantv.com/noticias/siria/535008/iran-siria-relaciones-cooperacion,push,displacement cooperation,qwen2.5:7b,1.5,1.5,,,,qwen2.5:72b,,,,,push,displacement cooperation,url_1,2
20220102,17,COMMANDER,ISLAMIC,http://www.hispantv.com/noticias/siria/535008/iran-siria-relaciones-cooperacion,push,displacement cooperation,qwen2.5:7b,1.5,1.5,,,,qwen2.5:72b,,,,,push,displacement cooperation,url_1,2
20220102,195,FIGHTER PLANE,SAUDI,http://www.hispantv.com/noticias/yemen/535011/ataque-saudi-mezquita-muertos,push,attack-mosque-dead war disaster,qwen2.5:7b,1.5,1.5,,,,qwen2.5:72b,,,,,push,attack-mosque-dead war disaster,url_1,2
20220102,195,FIGHTER PLANE,SAUDI,http://www.hispantv.com/noticias/yemen/535011/ataque-saudi-mezquita-muertos,push,attack-mosque-dead war disaster,qwen2.5:7b,1.5,1.5,,,,qwen2.5:72b,,,,,push,attack-mosque-dead war disaster,url_1,2
20220102,195,FIGHTER PLANE,SAUDI,http://www.hispantv.com/noticias/yemen/535011/ataque-saudi-mezquita-muertos,push,attack-mosque-dead war disaster,qwen2.5:7b,1.5,1.5,,,,qwen2.5:72b,,,,,push,attack-mosque-dead war disaster,url_1,2
20220102,70,MILITARY POLICE,,https://g1.globo.com/sp/santos-regiao/noticia/2022/01/02/prefeito-de-peruibe-critica-atuacao-da-policia-militar-contra-pancadoes-no-reveillon-caos-na-seguranca.ghtml,neutral,no clear migration-related tokens,qwen2.5:7b,1.5,1.5,,neutral,No clear migration-related tokens,qwen2.5:72b,,,,,unclear,no clear migration-related tokens,unresolved,2
20220102,20,NAVAL,AMBASSADOR,https://sipse.com/mexico/las-breves-del-senado-inclusion-y-derechos-de-las-personas-sordas-415533.html,neutral,no clear migration-related tokens,qwen2.5:7b,1.5,1.5,,neutral,No clear migration-related tokens,qwen2.5:72b,,,,,unclear,no clear migration-related tokens,unresolved,2
20220102,20,GOLDMAN SACHS,AMERICAN,https://es.investing.com/news/stock-market-news/goldman-sachs-pide-a-sus-empleados-estadounidenses-que-trabajen-desde-casa-hasta-el-18-de-enero-2199115,push,Americans-working-from-home-until-January-18 unemployment,qwen2.5:7b,1.5,1.5,,,,qwen2.5:72b,,,,,push,Americans-working-from-home-until-January-18 unemployment,url_1,2
20220102,20,VERIZON,REUTERS,https://es.investing.com/news/stock-market-news/presidentes-ejecutivos-de-att-y-verizon-rechazan-peticion-de-eeuu-de-retrasar-despliegue-del-5g-2199124,neutral,"""They reject US request to delay 5G deployment""",qwen2.5:7b,1.5,1.5,,neutral,No clear migration-related tokens,qwen2.5:72b,,,,,unclear,"""They reject US request to delay 5G deployment""",unresolved,2
20220102,120,VERIZON,REUTERS,https://es.investing.com/news/stock-market-news/presidentes-ejecutivos-de-att-y-verizon-rechazan-peticion-de-eeuu-de-retrasar-despliegue-del-5g-2199124,neutral,"""They reject US request to delay 5G deployment""",qwen2.5:7b,1.5,1.5,,neutral,No clear migration-related tokens,qwen2.5:72b,,,,,unclear,"""They reject US request to delay 5G deployment""",unresolved,2
20220102,113,PROTESTER,,http://lratvakan.com/news/76958.html,neutral,<no clear migration-related tokens>,qwen2.5:7b,1.5,1.5,,unclear,"URL too short, generic, ID-like, or ambiguous",qwen2.5:72b,,,,,unclear,<no clear migration-related tokens>,unresolved,2
20220102,113,PROTESTER,,https://lugradar.net/2022/01/337334,unclear,<URL is too short and lacks context>,qwen2.5:7b,1.5,1.5,,unclear,URL too generic; no clear migration tokens,qwen2.5:72b,,,,,unclear,<URL is too short and lacks context>,unresolved,2
20220102,112,DETAINEE,BELARUSIAN,http://www.kvir.ru/author/andre-galinin/,neutral,<Author page with no specific content related to migration pressure found>,qwen2.5:7b,1.5,1.5,,unclear,URL too generic; no clear migration tokens,qwen2.5:72b,,,,,unclear,<Author page with no specific content related to migration pressure found>,unresolved,2
20220102,190,DETAINEE,BELARUSIAN,http://www.kvir.ru/author/andre-galinin/,neutral,<Author page with no specific content related to migration pressure found>,qwen2.5:7b,1.5,1.5,,unclear,URL too generic; no clear migration tokens,qwen2.5:72b,,,,,unclear,<Author page with no specific content related to migration pressure found>,unresolved,2
20220102,141,DEMONSTRATOR,CALGARY,https://www.journaldemontreal.com/2022/01/02/manifestations-anti-covid-un-pasteur-et-son-frere-arretes-par-calgary,neutral,“anti-covid demonstrations a pastor and his brother arrested by Calgary”,qwen2.5:7b,1.5,1.5,,neutral,No clear migration-related tokens in URL,qwen2.5:72b,,,,,unclear,“anti-covid demonstrations a pastor and his brother arrested by Calgary”,unresolved,2
20220102,145,PROTESTER,SECURITY FORCE,https://www.expressen.se/nyheter/efter-protesterna--sudans-premiarminister-avgar/,pull,"""sudans premiarminister avgar"" (indicating potential safety and political changes)",qwen2.5:7b,1.5,1.5,,,,qwen2.5:72b,,,,,pull,"""sudans premiarminister avgar"" (indicating potential safety and political changes)",url_1,2
20220102,190,ACTIVIST,POLICE,http://lratvakan.com/news/76958.html,neutral,<no clear migration-related tokens>,qwen2.5:7b,1.5,1.5,,neutral,No clear migration-related tokens in URL,qwen2.5:72b,,,,,unclear,<no clear migration-related tokens>,unresolved,2
20220102,42,DEMONSTRATOR,GOVERNMENT,https://lugradar.net/2022/01/337334,unclear,<URL is too short and lacks context>,qwen2.5:7b,1.5,1.5,,unclear,"URL too short, generic, ID-like",qwen2.5:72b,,,,,unclear,<URL is too short and lacks context>,unresolved,2
20220102,46,DEMONSTRATOR,MINIST,https://www.journaldemontreal.com/2022/01/02/manifestations-anti-covid-un-pasteur-et-son-frere-arretes-par-calgary,neutral,"""manifestations-anti-covid""",qwen2.5:7b,1.5,1.5,,neutral,No clear migration-related tokens,qwen2.5:72b,,,,,unclear,"""manifestations-anti-covid""",unresolved,2
20220102,145,DEMONSTRATOR,GOVERNMENT,http://lratvakan.com/news/76958.html,unclear,"""76958.html""",qwen2.5:7b,1.5,1.5,,unclear,"URL too short, generic, ID-like",qwen2.5:72b,,,,,unclear,"""76958.html""",unresolved,2
20220102,145,DEMONSTRATOR,GOVERNMENT,https://lugradar.net/2022/01/337334,unclear,"""337334""",qwen2.5:7b,1.5,1.5,,unclear,"URL too short, generic, ID-like",qwen2.5:72b,,,,,unclear,"""337334""",unresolved,2
20220102,130,PRISONER,TEL AVIV,http://www.hispantv.com/noticias/palestina/535010/preso-israel-huelga-hambre,push,"""prisoner-israel-hunger-strike""",qwen2.5:7b,1.5,1.5,,,,qwen2.5:72b,,,,,push,"""prisoner-israel-hunger-strike""",url_1,2
20220102,20,ACTIVIST,NATIONAL ASSEMBLY,http://lratvakan.com/news/76958.html,unclear,"""76958.html""",qwen2.5:7b,1.5,1.5,,unclear,"URL too short, generic, ID-like",qwen2.5:72b,,,,,unclear,"""76958.html""",unresolved,2
20220102,20,ACTIVIST,NATIONAL ASSEMBLY,https://lugradar.net/2022/01/337334,unclear,"""337334""",qwen2.5:7b,1.5,1.5,,unclear,URL too short or ambiguous,qwen2.5:72b,,,,,unclear,"""337334""",unresolved,2
20220102,42,MACHU PICCHU,,https://www.segnidalcielo.it/peru-un-turista-fotografa-un-ufo-sullantica-citta-di-machu-picchu/,neutral,"""ufo""",qwen2.5:7b,1.5,1.5,,neutral,"No clear migration-related tokens; 'peru', 'turista', 'ufo'",qwen2.5:72b,,,,,unclear,"""ufo""",unresolved,2
20220102,20,POLAND,UKRAINIAN,https://www.volynnews.com/news/all/chomu-v-polshchi-vse-chastishe-napadaiut-na-zarobitchan-z-ukrayiny/,push,"""napadaiut-na-zarobitchan""",qwen2.5:7b,1.5,1.5,,,,qwen2.5:72b,,,,,push,"""napadaiut-na-zarobitchan""",url_1,2
20220102,20,POLAND,UKRAINIAN,https://www.volynnews.com/news/all/chomu-v-polshchi-vse-chastishe-napadaiut-na-zarobitchan-z-ukrayiny/,unclear,"""chomu-v-polshchi-vse-chastishe-napadaiut-na-zarobitchan-z-ukrayiny""",qwen2.5:7b,1.5,1.5,,push,"'napadaiut', 'zarobitchan', 'ukrayiny' (attacks on Ukrainian workers)",qwen2.5:72b,,,,,push,"'napadaiut', 'zarobitchan', 'ukrayiny' (attacks on Ukrainian workers)",url_2,2
20220102,90,POLISH,UKRAINIAN,https://www.volynnews.com/news/all/chomu-v-polshchi-vse-chastishe-napadaiut-na-zarobitchan-z-ukrayiny/,push,"""napadaiut-na-zarobitchan""",qwen2.5:7b,1.5,1.5,,,,qwen2.5:72b,,,,,push,"""napadaiut-na-zarobitchan""",url_1,2
20220102,90,POLISH,UKRAINIAN,https://www.volynnews.com/news/all/chomu-v-polshchi-vse-chastishe-napadaiut-na-zarobitchan-z-ukrayiny/,push,napadaiut-na-zarobitchan-z-ukrayiny,qwen2.5:7b,1.5,1.5,,,,qwen2.5:72b,,,,,push,napadaiut-na-zarobitchan-z-ukrayiny,url_1,2
20220102,20,POLAND,UKRAINIAN,https://www.volynnews.com/news/all/chomu-v-polshchi-vse-chastishe-napadaiut-na-zarobitchan-z-ukrayiny/,push,napadaiut-na-zarobitchan-z-ukrayiny,qwen2.5:7b,1.5,1.5,,,,qwen2.5:72b,,,,,push,napadaiut-na-zarobitchan-z-ukrayiny,url_1,2
20220102,90,POLISH,UKRAINIAN,https://www.volynnews.com/news/all/chomu-v-polshchi-vse-chastishe-napadaiut-na-zarobitchan-z-ukrayiny/,push,napadaiut-na-zarobitchan-z-ukrayiny,qwen2.5:7b,1.5,1.5,,,,qwen2.5:72b,,,,,push,napadaiut-na-zarobitchan-z-ukrayiny,url_1,2
20220102,90,POLAND,UKRAINE,https://www.volynnews.com/news/all/chomu-v-polshchi-vse-chastishe-napadaiut-na-zarobitchan-z-ukrayiny/,push,napadaiut-na-zarobitchan-z-ukrayiny,qwen2.5:7b,1.5,1.5,,,,qwen2.5:72b,,,,,push,napadaiut-na-zarobitchan-z-ukrayiny,url_1,2
20220102,43,LISBON,GERMAN,https://naslovi.net/2022-01-03/blic/zarobljeni-u-luci-nemacki-kruzer-usidren-do-daljeg-u-lisabonu-zbog-izbijanja-epidemije-korona-virusa/29657724,pull,captured-in-the-port-German-cruiser-anchored-further-in-Lisbon,qwen2.5:7b,1.5,1.5,,,,qwen2.5:72b,,,,,pull,captured-in-the-port-German-cruiser-anchored-further-in-Lisbon,url_1,2
20220102,43,LISBON,GERMAN,https://naslovi.net/2022-01-03/blic/zarobljeni-u-luci-nemacki-kruzer-usidren-do-daljeg-u-lisabonu-zbog-izbijanja-epidemije-korona-virusa/29657724,pull,captured-in-the-port-German-cruiser-anchored-further-in-Lisbon,qwen2.5:7b,1.5,1.5,,,,qwen2.5:72b,,,,,pull,captured-in-the-port-German-cruiser-anchored-further-in-Lisbon,url_1,2
20220102,20,PALESTINIAN,,http://www.hispantv.com/noticias/palestina/535010/preso-israel-huelga-hambre,push,prisoner-israel-hunger-strike,qwen2.5:7b,1.5,1.5,,,,qwen2.5:72b,,,,,push,prisoner-israel-hunger-strike,url_1,2
20220102,1831,SUICIDE BOMBER,KABUL,https://www.journaldemontreal.com/2022/01/02/en-afghanistan-les-femmes-victimes-de-violences-abandonnees-a-leur-sort-1,pull,women-victims-of-violence-abandoned-to-their-fate-1,qwen2.5:7b,1.5,1.5,,,,qwen2.5:72b,,,,,pull,women-victims-of-violence-abandoned-to-their-fate-1,url_1,2
20220102,42,SAINT,,https://g1.globo.com/sp/santos-regiao/porto-mar/noticia/2022/01/02/anvisa-reforca-urgencia-em-acabar-com-temporada-de-cruzeiros-e-fala-em-risco-a-saude-publica.ghtml,neutral,,qwen2.5:7b,1.5,1.5,,neutral,"No clear migration-related tokens;'anvisa', 'cruises', 'health'",qwen2.5:72b,,,,,unclear,"No clear migration-related tokens;'anvisa', 'cruises', 'health'",unresolved,2
20220102,14,ROMANIA,,https://ziare.com/sorin-grindeanu/grindeanu-acuzatii-drula-autostrada-brasov-ploiesti-licitatie-studiu-fezabilitate-1718214,neutral,,qwen2.5:7b,1.5,1.5,,neutral,"No clear migration-related tokens; 'grindeanu', 'autostrada', 'licitatie'",qwen2.5:72b,,,,,unclear,"No clear migration related tokens;'grindeanu', 'highway', 'bidding'",unresolved,2
20220102,130,RUSSIAN,EGYPTIAN,https://aif.ru/society/genkonsulstvo_rf_v_hurgade_predupredilo_o_zaderzhkah_reysov_iz-za_nepogody,neutral,bad weather (shatner),qwen2.5:7b,1.5,1.5,,neutral,No migration-related tokens found,qwen2.5:72b,,,,,unclear,bad weather (shatner),unresolved,2
20220102,46,RUSSIA,TURKEY,https://www.geopolitica.ru/news/putin-i-erdogan-obsudili-garantii-bezopasnosti-mezhdu-rf-i-nato,neutral,discussed-security-guarantees-between-Russian Federation-and-NATO (discussd guarantors of security betwayen RF and NATO),qwen2.5:7b,1.5,1.5,,neutral,No migration-related tokens found,qwen2.5:72b,,,,,unclear,discussed-security-guarantees-between-Russian Federation-and-NATO (discussd guarantors of security betwayen RF and NATO),unresolved,2
20220102,112,RUSSIA,UKRAINE,https://www.cas.sk/cl/1003185/2626559/biden-telefonoval-s-ukrajinskym-prezidentom-usa-budu-na-rusku-invaziu-reagovat,push,react to invasion,qwen2.5:7b,1.5,1.5,,,,qwen2.5:72b,,,,,push,react to invasion,url_1,2
20220102,120,RUSSIA,UKRAINE,https://www.cas.sk/cl/1003185/2626559/biden-telefonoval-s-ukrajinskym-prezidentom-usa-budu-na-rusku-invaziu-reagovat,push,react to invasion,qwen2.5:7b,1.5,1.5,,,,qwen2.5:72b,,,,,push,react to invasion,url_1,2
20220102,120,RUSSIA,UKRAINE,https://www.cas.sk/cl/1003185/2626559/biden-telefonoval-s-ukrajinskym-prezidentom-usa-budu-na-rusku-invaziu-reagovat,push,react to invasion,qwen2.5:7b,1.5,1.5,,,,qwen2.5:72b,,,,,push,react to invasion,url_1,2
20220102,46,VLADIMIR,JOE BIDEN,https://gazeta.ua/articles/politics/_rozmova-zelenskogo-ta-bajdena-pro-scho-govorili-lideri/1065472,push,react to Russian invasion,qwen2.5:7b,1.5,1.5,,,,qwen2.5:72b,,,,,push,react to Russian invasion,url_1,2
20220102,40,RUSSIA,PRESIDENT,https://tsn.ua/ru/politika/bayden-i-zelenskiy-proveli-telefonnye-peregovory-chto-izvestno-1945450.html,push,react to Russian invasion,qwen2.5:7b,1.5,1.5,,,,qwen2.5:72b,,,,,push,react to Russian invasion,url_1,2
20220102,195,SAUDI,,http://www.hispantv.com/noticias/yemen/535011/ataque-saudi-mezquita-muertos,neutral,ataque-saudi-mezquita-muertos (Saudi attack on mosque with deaths),qwen2.5:7b,1.5,1.5,,push,"attack, dead (disaster, death)",qwen2.5:72b,,,,,push,"attack, dead (disaster, death)",url_2,2
20220102,195,SAUDI,SAUDI ARABIA,http://www.hispantv.com/noticias/yemen/535011/ataque-saudi-mezquita-muertos,neutral,ataque-saudi-mezquita-muertos (Saudi attack on mosque with deaths),qwen2.5:7b,1.5,1.5,,push,"attack, dead (disaster, death)",qwen2.5:72b,,,,,push,"attack, dead (disaster, death)",url_2,2
20220102,180,SENEGAL,,https://www.elmundo.es/comunidad-valenciana/castellon/2022/01/02/61d1ffb121efa045798b4589.html,neutral,no clear migration-related tokens,qwen2.5:7b,1.5,1.5,,neutral,No migration-related tokens found,qwen2.5:72b,,,,,unclear,no clear migration-related tokens,unresolved,2
20220102,172,SYRIAN,,https://correio.rac.com.br/agencias/agencia-estado/2022/01/1153709-israel-aprova-plano-para-dobrar-numero-de-colonos-nas-colinas-do-golan.html,push,settlers-in-the-golan-hills,qwen2.5:7b,1.5,1.5,,,,qwen2.5:72b,,,,,push,settlers-in-the-golan-hills,url_1,2
20220102,193,ADANA,POLICE,https://www.ensonhaber.com/3-sayfa/adanada-silahli-kavgaya-mudahale-eden-polis-vuruldu,neutral,,qwen2.5:7b,1.5,1.5,,neutral,No migration-related tokens found,qwen2.5:72b,,,,,unclear,No migration-related tokens found,unresolved,2
20220102,41,TURKEY,RUSSIA,https://www.geopolitica.ru/news/putin-i-erdogan-obsudili-garantii-bezopasnosti-mezhdu-rf-i-nato,neutral,guarantees-of-safety-between-rf-and-nato,qwen2.5:7b,1.5,1.5,,neutral,No migration-related tokens found,qwen2.5:72b,,,,,unclear,guarantees-of-safety-between-rf-and-nato,unresolved,2
20220102,46,TURKEY,RUSSIA,https://www.geopolitica.ru/news/putin-i-erdogan-obsudili-garantii-bezopasnosti-mezhdu-rf-i-nato,neutral,guarantees-of-safety-between-rf-and-nato,qwen2.5:7b,1.5,1.5,,neutral,No migration-related tokens found,qwen2.5:72b,,,,,unclear,guarantees-of-safety-between-rf-and-nato,unresolved,2
20220102,46,TURKEY,RUSSIA,https://www.geopolitica.ru/news/putin-i-erdogan-obsudili-garantii-bezopasnosti-mezhdu-rf-i-nato,neutral,guarantees-of-safety-between-rf-and-nato,qwen2.5:7b,1.5,1.5,,neutral,No migration-related tokens found,qwen2.5:72b,,,,,unclear,guarantees-of-safety-between-rf-and-nato,unresolved,2
20220102,50,UKRAINE,,https://www.lematin.ch/story/joe-biden-assure-au-president-ukrainien-de-son-soutien-face-a-la-russie-753628635749,neutral,support-for-russia,qwen2.5:7b,1.5,1.5,,pull,soutien (support) to Ukraine from USA,qwen2.5:72b,,,,,pull,soutien (support) to Ukraine from USA,url_2,2
20220102,51,UKRAINE,,https://www.volynnews.com/news/all/chomu-v-polshchi-vse-chastishe-napadaiut-na-zarobitchan-z-ukrayiny/,push,napadaiut-na-zarobitchan-z-ukrayiny,qwen2.5:7b,1.5,1.5,,,,qwen2.5:72b,,,,,push,napadaiut-na-zarobitchan-z-ukrayiny,url_1,2
20220102,51,UKRAINE,,https://www.volynnews.com/news/all/chomu-v-polshchi-vse-chastishe-napadaiut-na-zarobitchan-z-ukrayiny/,push,napadaiut-na-zarobitchan-z-ukrayiny,qwen2.5:7b,1.5,1.5,,,,qwen2.5:72b,,,,,push,napadaiut-na-zarobitchan-z-ukrayiny,url_1,2
20220102,173,UKRAINIAN,,https://kosice.korzar.sme.sk/c/22812499/rusi-12-rokov-patrali-po-ukrajincovi-obvinenom-z-vrazdy-uz-je-v-kosickej-vaznici.html,neutral,,qwen2.5:7b,1.5,1.5,,neutral,No clear migration-related tokens,qwen2.5:72b,,,,,unclear,No clear migration-related tokens,unresolved,2
20220102,173,UKRAINE,CHINA,https://kosice.korzar.sme.sk/c/22812499/rusi-12-rokov-patrali-po-ukrajincovi-obvinenom-z-vrazdy-uz-je-v-kosickej-vaznici.html,neutral,,qwen2.5:7b,1.5,1.5,,neutral,No clear migration-related tokens,qwen2.5:72b,,,,,unclear,No clear migration-related tokens,unresolved,2
20220102,190,UKRAINE,CHINA,https://kosice.korzar.sme.sk/c/22812499/rusi-12-rokov-patrali-po-ukrajincovi-obvinenom-z-vrazdy-uz-je-v-kosickej-vaznici.html,push,they were looking for a Ukrainian accused of murder,qwen2.5:7b,1.5,1.5,,,,qwen2.5:72b,,,,,push,they were looking for a Ukrainian accused of murder,url_1,2
20220102,51,UKRAINE,RUSSIA,https://www.lematin.ch/story/joe-biden-assure-au-president-ukrainien-de-son-soutien-face-a-la-russie-753628635749,neutral,"URL too short, generic content",qwen2.5:7b,1.5,1.5,,push,russie (push) - conflict affects Ukraine,qwen2.5:72b,,,,,push,russie (push) - conflict affects Ukraine,url_2,2
20220102,32,UKRAINE,RUSSIA,https://www.lematin.ch/story/joe-biden-assure-au-president-ukrainien-de-son-soutien-face-a-la-russie-753628635749,neutral,"URL too short, generic content",qwen2.5:7b,1.5,1.5,,push,russie (push) - conflict affects Ukraine,qwen2.5:72b,,,,,push,russie (push) - conflict affects Ukraine,url_2,2
20220102,51,UKRAINE,RUSSIA,https://www.lematin.ch/story/joe-biden-assure-au-president-ukrainien-de-son-soutien-face-a-la-russie-753628635749,neutral,"URL too short, generic content",qwen2.5:7b,1.5,1.5,,push,russie (push) - conflict affects Ukraine,qwen2.5:72b,,,,,push,russie (push) - conflict affects Ukraine,url_2,2
20220102,51,UKRAINE,RUSSIA,https://www.lematin.ch/story/joe-biden-assure-au-president-ukrainien-de-son-soutien-face-a-la-russie-753628635749,neutral,"URL too short, generic content",qwen2.5:7b,1.5,1.5,,neutral,No migration-related tokens in URL,qwen2.5:72b,,,,,unclear,"URL too short, generic content",unresolved,2
20220102,32,UKRAINE,UKRAINE,https://www.lematin.ch/story/joe-biden-assure-au-president-ukrainien-de-son-soutien-face-a-la-russie-753628635749,neutral,"URL too short, generic content",qwen2.5:7b,1.5,1.5,,neutral,No migration-related tokens in URL,qwen2.5:72b,,,,,unclear,"URL too short, generic content",unresolved,2
20220102,50,UKRAINE,UKRAINE,https://www.lematin.ch/story/joe-biden-assure-au-president-ukrainien-de-son-soutien-face-a-la-russie-753628635749,neutral,"URL too short, generic content",qwen2.5:7b,1.5,1.5,,neutral,No migration-related tokens in URL,qwen2.5:72b,,,,,unclear,"URL too short, generic content",unresolved,2
20220102,50,UKRAINE,UKRAINE,https://www.lematin.ch/story/joe-biden-assure-au-president-ukrainien-de-son-soutien-face-a-la-russie-753628635749,neutral,"URL too short, generic content",qwen2.5:7b,1.5,1.5,,neutral,No migration-related tokens in URL,qwen2.5:72b,,,,,unclear,"URL too short, generic content",unresolved,2
20220102,51,UKRAINE,UKRAINE,https://www.lematin.ch/story/joe-biden-assure-au-president-ukrainien-de-son-soutien-face-a-la-russie-753628635749,neutral,"URL too short, generic content",qwen2.5:7b,1.5,1.5,,neutral,No migration-related tokens in URL,qwen2.5:72b,,,,,unclear,"URL too short, generic content",unresolved,2
20220102,41,UKRAINE,UNITED STATES,https://gazeta.ua/articles/politics/_rozmova-zelenskogo-ta-bajdena-pro-scho-govorili-lideri/1065472,push,rozmova-zelenskogo-ta-baidena-pro-scho-spoken-leaders,qwen2.5:7b,1.5,1.5,,,,qwen2.5:72b,,,,,push,rozmova-zelenskogo-ta-baidena-pro-scho-spoken-leaders,url_1,2
20220102,41,UKRAINE,UNITED STATES,https://gazeta.ua/articles/politics/_rozmova-zelenskogo-ta-bajdena-pro-scho-govorili-lideri/1065472,neutral,no clear migration-related tokens,qwen2.5:7b,1.5,1.5,,neutral,No clear migration-related tokens,qwen2.5:72b,,,,,unclear,no clear migration-related tokens,unresolved,2
20220102,46,UKRAINE,UNITED STATES,https://gazeta.ua/articles/politics/_rozmova-zelenskogo-ta-bajdena-pro-scho-govorili-lideri/1065472,neutral,no clear migration-related tokens,qwen2.5:7b,1.5,1.5,,neutral,No clear migration-related tokens,qwen2.5:72b,,,,,unclear,no clear migration-related tokens,unresolved,2
20220102,46,UKRAINE,UNITED STATES,https://gazeta.ua/articles/politics/_rozmova-zelenskogo-ta-bajdena-pro-scho-govorili-lideri/1065472,neutral,no clear migration-related tokens,qwen2.5:7b,1.5,1.5,,neutral,No clear migration-related tokens,qwen2.5:72b,,,,,unclear,no clear migration-related tokens,unresolved,2
20220102,100,UKRAINIAN,A US,https://naslovi.net/2022-01-03/blic/da-sacuvamo-mir-u-evropi-zelenski-razgovarao-sa-bajdenom-o-akcijama-u-ukrajini-reformi-i-borbama-protiv-oligarha/29657762,neutral,no clear migration-related tokens,qwen2.5:7b,1.5,1.5,,pull,"Reformi, borbe protiv oligarha (reforms, fight against oligarchs)",qwen2.5:72b,,,,,pull,"Reforms, fight against oligarchs",url_2,2
20220102,46,UKRAINE,JOE BIDEN,https://gazeta.ua/articles/politics/_rozmova-zelenskogo-ta-bajdena-pro-scho-govorili-lideri/1065472,neutral,no clear migration-related tokens,qwen2.5:7b,1.5,1.5,,neutral,No clear migration-related tokens,qwen2.5:72b,,,,,unclear,no clear migration-related tokens,unresolved,2
20220102,50,UKRAINIAN,RUSSIA,https://www.lematin.ch/story/joe-biden-assure-au-president-ukrainien-de-son-soutien-face-a-la-russie-753628635749,push,_rozmova-zelenskogo-ta-baiden-pro-scho-spoken-leaders,qwen2.5:7b,1.5,1.5,,,,qwen2.5:72b,,,,,push,_rozmova-zelenskogo-ta-baiden-pro-scho-spoken-leaders,url_1,2
20220102,51,UKRAINIAN,RUSSIA,https://www.lematin.ch/story/joe-biden-assure-au-president-ukrainien-de-son-soutien-face-a-la-russie-753628635749,push,_rozmova-zelenskogo-ta-baiden-pro-scho-spoken-leaders,qwen2.5:7b,1.5,1.5,,,,qwen2.5:72b,,,,,push,_rozmova-zelenskogo-ta-baiden-pro-scho-spoken-leaders,url_1,2
20220102,51,UKRAINIAN,RUSSIA,https://www.lematin.ch/story/joe-biden-assure-au-president-ukrainien-de-son-soutien-face-a-la-russie-753628635749,push,_rozmova-zelenskogo-ta-baiden-pro-scho-spoken-leaders,qwen2.5:7b,1.5,1.5,,,,qwen2.5:72b,,,,,push,_rozmova-zelenskogo-ta-baiden-pro-scho-spoken-leaders,url_1,2
20220102,32,UKRAINIAN,UKRAINIAN,https://www.lematin.ch/story/joe-biden-assure-au-president-ukrainien-de-son-soutien-face-a-la-russie-753628635749,push,_rozmova-zelenskogo-ta-baiden-pro-scho-spoken-leaders,qwen2.5:7b,1.5,1.5,,,,qwen2.5:72b,,,,,push,_rozmova-zelenskogo-ta-baiden-pro-scho-spoken-leaders,url_1,2
20220102,100,UKRAINIAN,A US,https://naslovi.net/2022-01-03/blic/da-sacuvamo-mir-u-evropi-zelenski-razgovarao-sa-bajdenom-o-akcijama-u-ukrajini-reformi-i-borbama-protiv-oligarha/29657762,neutral,no clear migration-related tokens,qwen2.5:7b,1.5,1.5,,neutral,No clear migration-related tokens,qwen2.5:72b,,,,,unclear,no clear migration-related tokens,unresolved,2
20220102,12,UNITED STATES,,https://www.telemundo.com/noticias/noticias-telemundo/desastres-naturales/hallan-con-vida-a-uno-de-los-tres-desaparecidos-en-los-incendios-de-co-rcna10641,neutral,missing-in-the-co-fires-rcna10641,qwen2.5:7b,1.5,1.5,,push,"fires, missing (disasters causing displacement)",qwen2.5:72b,,,,,push,"fires, missing (disasters causing displacement)",url_2,2
20220102,30,THE US,,http://www.kvir.ru/articles/glavnoe-kachestvo-boyca.html,neutral,the main thing is the quality of the fighter.html,qwen2.5:7b,1.5,1.5,,neutral,No clear migration-related tokens,qwen2.5:72b,,,,,unclear,the main thing is the quality of the fighter.html,unresolved,2
20220102,36,UNITED STATES,,https://news.online.ua/u-zelenskogo-utochnili-vremya-segodnyashnego-razgovora-s-baydenom_n840515/,neutral,Zelensky-specified-the-time-of-today’s-conversation-with-Biden_n840515,qwen2.5:7b,1.5,1.5,,neutral,No clear migration-related tokens,qwen2.5:72b,,,,,unclear,Zelensky-specified-the-time-of-today’s-conversation-with-Biden_n840515,unresolved,2
20220102,30,AMERICAN,UKRAINIAN,https://www.lematin.ch/story/joe-biden-assure-au-president-ukrainien-de-son-soutien-face-a-la-russie-753628635749,pull,support-for-russia,qwen2.5:7b,1.5,1.5,,,,qwen2.5:72b,,,,,pull,support-for-russia,url_1,2
20220102,41,UNITED STATES,UKRAINE,https://gazeta.ua/articles/politics/_rozmova-zelenskogo-ta-bajdena-pro-scho-govorili-lideri/1065472,neutral,rozmova-zelenskogo-ta-baidena-pro-scho-spoken-leaders,qwen2.5:7b,1.5,1.5,,neutral,No clear migration-related tokens,qwen2.5:72b,,,,,unclear,rozmova-zelenskogo-ta-baidena-pro-scho-spoken-leaders,unresolved,2
20220102,46,UNITED STATES,UKRAINE,https://gazeta.ua/articles/politics/_rozmova-zelenskogo-ta-bajdena-pro-scho-govorili-lideri/1065472,neutral,Rozmov-Zelensky-and-Biden-what-the-leaders-talked about,qwen2.5:7b,1.5,1.5,,neutral,URL does not contain clear migration-related tokens,qwen2.5:72b,,,,,unclear,Rozmov-Zelensky-and-Biden-what-the-leaders-talked about,unresolved,2
20220102,46,UNITED STATES,UKRAINE,https://gazeta.ua/articles/politics/_rozmova-zelenskogo-ta-bajdena-pro-scho-govorili-lideri/1065472,neutral,Rozmov-Zelensky-and-Biden-what-the-leaders-talked about,qwen2.5:7b,1.5,1.5,,neutral,URL does not contain clear migration-related tokens,qwen2.5:72b,,,,,unclear,Rozmov-Zelensky-and-Biden-what-the-leaders-talked about,unresolved,2
20220102,36,UNITED STATES,THE WHITE HOUSE,https://pronedra.ru/v21-pervye-pervye-simptomy-pnevmonii-pomogut-svoevremenno-nachat-lechenie-i-soxranit-zhizn-439639.html,neutral,the first-first-symptoms-of-pneumonia-will-help-to-start-treatment-in-time-and-save-life-439639.html,qwen2.5:7b,1.5,1.5,,neutral,URL does not contain clear migration-related tokens,qwen2.5:72b,,,,,unclear,the first-first-symptoms-of-pneumonia-will-help-to-start-treatment-in-time-and-save-life-439639.html,unresolved,2
20220102,36,THE WHITE HOUSE,,https://pronedra.ru/v21-pervye-pervye-simptomy-pnevmonii-pomogut-svoevremenno-nachat-lechenie-i-soxranit-zhizn-439639.html,neutral,the first-first-symptoms-of-pneumonia-will-help-to-start-treatment-in-time-and-save-life-439639.html,qwen2.5:7b,1.5,1.5,,neutral,URL does not contain clear migration-related tokens,qwen2.5:72b,,,,,unclear,the first-first-symptoms-of-pneumonia-will-help-to-start-treatment-in-time-and-save-life-439639.html,unresolved,2
20220102,36,THE WHITE HOUSE,,https://news.online.ua/u-zelenskogo-utochnili-vremya-segodnyashnego-razgovora-s-baydenom_n840515/,neutral,Zelensky-specified-the-time-of-today’s-conversation-with-Biden_n840515,qwen2.5:7b,1.5,1.5,,neutral,URL does not contain clear migration-related tokens,qwen2.5:72b,,,,,unclear,Zelensky-specified-the-time-of-today’s-conversation-with-Biden_n840515,unresolved,2
20220102,41,THE WHITE HOUSE,,https://pronedra.ru/v21-pervye-pervye-simptomy-pnevmonii-pomogut-svoevremenno-nachat-lechenie-i-soxranit-zhizn-439639.html,neutral,<no migration-related tokens>,qwen2.5:7b,1.5,1.5,,neutral,URL tokens unrelated to migration pressure,qwen2.5:72b,,,,,unclear,<no migration-related tokens>,unresolved,2
20220102,90,NASA,,http://www.hispantv.com/noticias/ciencia-tecnologia/535007/nasa-asteroide-psyche,neutral,<no migration-related tokens>,qwen2.5:7b,1.5,1.5,,neutral,URL tokens unrelated to migration pressure,qwen2.5:72b,,,,,unclear,<no migration-related tokens>,unresolved,2
20220102,46,JOE BIDEN,VLADIMIR,https://gazeta.ua/articles/politics/_rozmova-zelenskogo-ta-bajdena-pro-scho-govorili-lideri/1065472,neutral,_rozmova_zelenskogo_ta_bajdena_pro_scho_govorili_leaderi,qwen2.5:7b,1.5,1.5,,push,"war implied by political discussion (Zelensky, Biden)",qwen2.5:72b,,,,,push,"war implied by political discussion (Zelensky, Biden)",url_2,2
20220102,30,AMERICAN,UKRAINIAN,https://www.lematin.ch/story/joe-biden-assure-au-president-ukrainien-de-son-soutien-face-a-la-russie-753628635749,push,ukrainian-facing-russia-push,qwen2.5:7b,1.5,1.5,,,,qwen2.5:72b,,,,,push,ukrainian-facing-russia-push,url_1,2
20220102,46,JOE BIDEN,UKRAINE,https://gazeta.ua/articles/politics/_rozmova-zelenskogo-ta-bajdena-pro-scho-govorili-lideri/1065472,neutral,_rozmova_zelenskogo_ta_bajdena_pro_scho_govorili_leaderi,qwen2.5:7b,1.5,1.5,,push,"war implied by political discussion (Zelensky, Biden)",qwen2.5:72b,,,,,push,"war implied by political discussion (Zelensky, Biden)",url_2,2
20220102,36,THE WHITE HOUSE,UNITED STATES,https://news.online.ua/u-zelenskogo-utochnili-vremya-segodnyashnego-razgovora-s-baydenom_n840515/,neutral,<no migration-related tokens>,qwen2.5:7b,1.5,1.5,,push,"war implied by political discussion (Zelensky, Biden)",qwen2.5:72b,,,,,push,"war implied by political discussion (Zelensky, Biden)",url_2,2
20220102,13,VENEZUELAN,VENEZUELA,http://www.hispantv.com/noticias/venezuela/535014/eeuu-confrontacion-dialogos-intervenezolanos,unclear,,qwen2.5:7b,1.5,1.5,,neutral,"confrontation, dialogues; no clear migration tokens",qwen2.5:72b,,,,,unclear,"confrontation, dialogues; no clear migration tokens",unresolved,2
20220102,111,VENEZUELAN,VENEZUELA,http://www.hispantv.com/noticias/venezuela/535014/eeuu-confrontacion-dialogos-intervenezolanos,unclear,,qwen2.5:7b,1.5,1.5,,neutral,"confrontation, dialogues; no clear migration tokens",qwen2.5:72b,,,,,unclear,"confrontation, dialogues; no clear migration tokens",unresolved,2
20220102,111,VENEZUELAN,,http://www.hispantv.com/noticias/venezuela/535014/eeuu-confrontacion-dialogos-intervenezolanos,unclear,,qwen2.5:7b,1.5,1.5,,neutral,"confrontation, dialogues; no clear migration tokens",qwen2.5:72b,,,,,unclear,"confrontation, dialogues; no clear migration tokens",unresolved,2
20220102,13,VENEZUELAN,VENEZUELAN,http://www.hispantv.com/noticias/venezuela/535014/eeuu-confrontacion-dialogos-intervenezolanos,unclear,,qwen2.5:7b,1.5,1.5,,neutral,"confrontation, dialogues; no clear migration tokens",qwen2.5:72b,,,,,unclear,"confrontation, dialogues; no clear migration tokens",unresolved,2
20220102,51,CATALAN,,https://sport1.oslobodjenje.ba/s1/fudbal/ino-fudbal/primera/barcelona-slavila-minimalnu-pobjedu-protiv-mallorce-721769,neutral,no clear migration-related tokens,qwen2.5:7b,1.5,1.5,,unclear,URL is about sports; not related to migration,qwen2.5:72b,,,,,unclear,no clear migration-related tokens,unresolved,2
