sqldate,eventcode,actor1name,actor2name,sourceurl,pressure_url_1,reason_url_1,model_url_1,pressure_url_2,reason_url_2,model_url_2,article_text,pressure_article,reason_article,model_article,pressure_final,reason_final,final_source,mode_used
20210101,130,GERMANY,,https://www.e110.de/terrorakte-vielleicht-verhindert/,push,acts of terrorism,mistral:7b,,,mistral:7b,,,,mistral:7b,push,acts of terrorism,url_1,3
20220101,43,,CHILE,http://www.funkuhr.de/fernsehprogramm/sendungsdetails/169446982/pumas-in-der-wildnis-patagoniens.html,neutral,pumas-in-the-wilds-of-patagonia,mistral:7b,,,mistral:7b,,,,mistral:7b,neutral,pumas-in-the-wilds-of-patagonia,url_1,3
20220101,112,,CRIMINAL,https://www.brasil247.com/brasil/bolsonaro-e-eleito-corrupto-do-ano-por-consorcio-internacional,unclear,brasil247.com,mistral:7b,unclear,<URL too short>,mistral:7b,"(ANSA) - O presidente Jair Bolsonaro foi eleito ""Personalidade do Ano"" por seu papel na promoção do crime organizado e da corrupção pelo Organized Crime and Corruption Reporting Project (OCCRP), um consórcio internacional que reúne jornalistas investigativos e centros de mídia independente.

""Eleito após o escândalo da Lava Jato como candidato anticorrupção, Bolsonaro se cercou de figuras corruptas, usou propaganda para promover sua agenda populista, minou o sistema de justiça e travou uma guerra destrutiva contra a região da Amazônia que enriqueceu alguns dos piores proprietários de terras do país"", afirma o OCCRP.

Segundo o relatório, Bolsonaro venceu ""por pouco"" outros dois líderes populistas, o presidente dos Estados Unidos, Donald Trump, e o líder turco, Recep Tayyp Erdogan, que também causaram ""grandes danos aos seus países, regiões e ao mundo"".

O texto enfatiza que ambos os políticos ""lucraram com a propaganda, minaram as instituições democráticas em seus países, politizaram seus sistemas de justiça, rejeitaram acordos multilaterais, recompensaram círculos internos corruptos e moveram seus países da lei e da ordem democráticas para a autocracia"".

Além disso, o consórcio destaca a denúncia contra o senador Flávio Bolsonaro, filho do presidente, no caso das ""rachadinhas"" na Assembleia Legislativa do Rio de Janeiro (Alerj), quando ele era deputado estadual.

As investigações contra o vereador Carlos Bolsonaro, outro filho do mandatário, também por um suposto esquema de repartição de salários de assessores; a verba depositada por Fabrício Queiroz na conta da primeira-dama, Michele Bolsonaro; e as denúncias contra o próprio Bolsonaro também foram ressaltadas no documento.

De acordo com Drew Sullivan, editor do OCCRP e um dos nove jurados, as acusações paira sobre os familiares do líder brasileiro. ""A família de Bolsonaro e seu círculo íntimo parecem estar envolvidos em uma conspiração criminosa em andamento e têm sido regularmente acusados de roubar do povo."" disse Sullivan.

""Essa é a definição de livro de uma gangue do crime organizado"". A publicação cita ainda que o prefeito afastado do Rio, Marcello Crivella, ""amigo e aliado"" do presidente, foi preso por liderar uma organização criminosa.

Amazônia - O consórcio internacional enfatizou que as ações do Bolsonaro ""não afetam apenas o Brasil"", porque ele ""abriu grandes extensões da Amazônia para a exploração por aqueles que já haviam se beneficiado da destruição da região crítica e ameaçada"".

""A destruição contínua da Amazônia está ocorrendo por causa de escolhas políticas corruptas feitas por Bolsonaro. Ele encorajou e alimentou os incêndios devastadores"", afirmou o jurado Rawan Damen, diretor do Arab Reporters for Investigative Journalism.

Para ele, ""Bolsonaro fez campanha com o compromisso explícito de explorar - ou seja, destruir - a Amazônia, que é vital para o meio ambiente global"".

O presidente da Rússia, Vladimir Putin, e o líder das Filipinas, Rodrigo Duterte, também já venceram a premiação.

Assine o 247, apoie por Pix, inscreva-se na TV 247, no canal Cortes 247 e assista:",push,"President Jair Bolsonaro's promotion of organized crime and corruption as per the Organized Crime and Corruption Reporting Project (OCCRP), his undermining of the justice system, and his destructive war against the Amazon region are conditions that may cause people to leave Brazil.",mistral:7b,push,"President Jair Bolsonaro's promotion of organized crime and corruption as per the Organized Crime and Corruption Reporting Project (OCCRP), his undermining of the justice system, and his destructive war against the Amazon region are conditions that may cause people to leave Brazil.",article,3
20220101,46,,AUTHORITIES,https://ria.ru/20220102/status-1766397981.html,unclear,ria.ru/20220102/status-1766397981.html,mistral:7b,neutral,<URL too short>,mistral:7b,,,,mistral:7b,neutral,<URL too short>,url_2,3
20220101,110,,PRIME MINISTER,https://www.aftenposten.no/verden/i/OrevnE/foerste-nyttaarsdag-ble-det-registrert-over-160000-koronatilfeller-i-en,push,"over 160,000 corona cases",mistral:7b,,,mistral:7b,,,,mistral:7b,push,"over 160,000 corona cases",url_1,3
20220101,190,,PRESIDENT,https://alquds.com/2022/01/01/%D8%A5%D8%B5%D8%A7%D8%A8%D8%A7%D8%AA-%D8%AE%D9%84%D8%A7%D9%84-%D9%85%D9%88%D8%A7%D8%AC%D9%87%D8%A7%D8%AA-%D9%81%D9%8A-%D8%A8%D8%B1%D9%82%D8%A9/,unclear,alquds.com/2022/01/01/إصاآباة-خلال-مواجهات-في-برقة/,mistral:7b,push,Brazil,mistral:7b,,,,mistral:7b,push,Brazil,url_2,3
20220101,42,,ITALIAN,https://www.interris.it/copertina/perno-opbg-omicron-bambini/,neutral,pin-opbg-omicron-children,mistral:7b,,,mistral:7b,,,,mistral:7b,neutral,pin-opbg-omicron-children,url_1,3
20220101,51,,WORKER,https://www.franceguyane.fr/actualite/social/mobilisation-sociale-a-pointe-a-pitre-elie-domota-a-ete-arrete-493999.php,pull,social-mobilization-at-point,mistral:7b,,,mistral:7b,,,,mistral:7b,pull,social-mobilization-at-point,url_1,3
20220101,51,,WORKER,https://www.franceguyane.fr/actualite/social/mobilisation-sociale-a-pointe-a-pitre-elie-domota-a-ete-arrete-493999.php,neutral,social-mobilization-at-point,mistral:7b,,,mistral:7b,,,,mistral:7b,neutral,social-mobilization-at-point,url_1,3
20220101,1823,,MILITARY,https://www.franceguyane.fr/actualite/france/feminicides-deux-hommes-en-garde-a-vue-le-jour-du-nouvel-an-494064.php,unclear,feminicides-two-men-in-custody-on-new-year-day-494064.php,mistral:7b,unclear,<URL too short>,mistral:7b,"Son propriétaire menacé avec un fusil et un couteau.

Quatre-vingt-dix jours d'interruption temporaire de travail (ITT). Une évaluation d'incapacité provisoire. Elle pourrait être revue à la hausse si l'état de santé de la victime venait à se détériorer. L'employé de la station-service Texaco du morne Vergain, aux Abymes, braquée dans la nuit de samedi à dimanche, vers 1 heure, est encore « sous...",push,"The employee was threatened with a gun and a knife, indicating potential violence or danger in the area.",mistral:7b,push,"The employee was threatened with a gun and a knife, indicating potential violence or danger in the area.",article,3
20220101,43,,POLE,https://as.com/futbol/2022/01/01/primera/1641057005_745473.html,neutral,<URL token unavailable>,mistral:7b,,,mistral:7b,,,,mistral:7b,neutral,<URL token unavailable>,url_1,3
20220101,51,,SAUDI ARABIA,https://www.okaz.com.sa/news/na/2092790,unclear,<URL token unavailable>,mistral:7b,unclear,<URL too short>,mistral:7b,"أحمد الشميري «عكاظ» (جدة،الرياض) a_shmeri@

‏ثمن وزير الإعلام اليمني معمر الإرياني، المواقف الأخوية والدعم اللامحدود من تحالف دعم الشرعية بقيادة السعودية التي قدمت الغالي والنفيس لنصرة اليمن، وإسناده في معركة استعادة الدولة وإسقاط الانقلاب الحوثي، بتوجيهات كريمة من خادم الحرمين الشريفين الملك سلمان بن عبدالعزيز، وولي العهد الأمير محمد بن سلمان.



ونوه بالجهود الاستثنائية النبيلة التي بذلها نائب وزير الدفاع الأمير خالد بن سلمان، وكذلك قائد القوات المشتركة الفريق الركن مطلق بن سالم الأزيمع، وكل المعنيين الذي يعملون ليل نهار لدعم اليمنيين في معركتهم المصيرية، مؤكدا بقوله «لن ننسى هذه المواقف النبيلة للأشقاء».



وأشاد الإرياني بتوحد أيادي وإرادة اليمنيين في التصدي للغزو الفارسي وأذياله من مليشيا الإرهاب الحوثية في جبهات مأرب والجوف وتعز والضالع وشبوة والحديدة والبيضاء، ومواقفهم في صوالين الساسة ودهاليز السياسة وصفحات المواقع الإخبارية والنشطاء في منصات التواصل الاجتماعي.



وقال في سلسلة تغريدات عبر حسابه في «تويتر» أمس (السبت): استثمر النظام الإيراني خلافات القوى السياسية للدفع بمليشيا الحوثي لقلب الطاولة على الجميع، للانقلاب على مخرجات مؤتمر الحوار الوطني الشامل، واحتلال العاصمة المختطفة صنعاء، والبدء بعمليات تجريف ممنهج لمؤسسات الدولة والهوية الوطنية والعربية، وتدمير النسيج الاجتماعي والسلم الأهلي.



وأضاف: اشتغلت مليشيا الحوثي على اختراق الجبهة الوطنية عبر بعض المواقع والصفحات لخلخلة الصفوف وتغذية الخلافات وتعميقها، وشغل اليمنيين بمعارك ثانوية وصرفهم عن معركتهم المصيرية، وما زالت تراهن على الانقسامات لتمرير مشروعها السرطاني بأحقاده التاريخية وخلفياته العقائدية المستوردة من طهران.



وأكد أن ما يحدث على الأرض من ترتيبات عسكرية بدعم من تحالف دعم الشرعية، لتغيير مسار المعركة من الدفاع للهجوم واستعادة ما تم فقدانه من الأراضي المحررة، وتحرير كل شبر من التراب اليمني، يحتم على القوى السياسية وكافة الإعلاميين والصحفيين ترك خلافاتهم والتوحد خلف الجيش اليمني والمقاومة.



وجدد الإرياني دعوة كافة القوى السياسية والإعلاميين والصحفيين للاستفادة من دروس الماضي، وتجاوز خلافاتهم وتوحيد الصف والجهود خلف الشرعية اليمنية بقيادة الرئيس عبدربه منصور هادي، إدراكا لخطورة المعركة، وتقديرا للدماء الطاهرة التي سكبت في مختلف جبهات القتال دفاعا عن الوطن ومكتسباته.



من جهة أخرى نجح الجيش اليمني الوطني بإسناد من تحالف دعم الشرعية في استنزاف وإفشال مخططات الانقلاب الإرهابية، ما تسبب في تفاقم الصراعات وحالات التصفية الداخلية بين أجنحة المليشيا في المديريات الجنوبية لمحافظة مأرب. وقالت مصادر قبلية لـ«عكاظ»، إن مسلحاً حوثياً أطلق الرصاص الحي على الزعيم القبلي صالح القاضي المعين وكيلاً لمحافظة مأرب من قبل الحوثي في منزله، (الخميس) الماضي، وأرداه قتيلاً .



وأضافت المصادر أن سيناريو الاضطرابات النفسية محاولة للتغطية على عملية التصفية المتعمدة، خصوصاً بعد تكتم المليشيا على الحادثة ونقل جثة الزعيم القبلي الذي ينتمي إلى قبلية مراد إلى صنعاء، مؤكدة أن التصفية جاءت على خلفية نجاحات الجيش اليمني في شبوة وسيطرته على مديرية عسيلان ما تتسبب في فرض حصار على العناصر الحوثية (جنوبي مأرب). وأفادت بأن القاضي من الشخصيات التي سهلت دخول المليشيا إلى مناطقه ورغم ذلك جرت تصفيته عل غرار ما حدث لموالين في محافظات عمران وصعدة. وفجرت مليشيا الحوثي في مديرية الجوبة (جنوبي مأرب) منزل مبخوت الفقير في منطقة الخثلة بعد أن زرعت فيه عبوات ناسفة من الداخل، ووفقاً لمصادر قبلية، فإن عشرات المنازل جرى تفجيرها خلال اليومين الماضيين في الجوبة.",push,"war, violence, persecution (mentioned as Yemeni rebels, Iran-backed Houthi militia)",mistral:7b,push,"war, violence, persecution (mentioned as Yemeni rebels, Iran-backed Houthi militia)",article,3
20220101,51,,SAUDI ARABIA,https://www.okaz.com.sa/news/na/2092790,unclear,<URL token unavailable>,mistral:7b,unclear,<URL too short>,mistral:7b,"أحمد الشميري «عكاظ» (جدة،الرياض) a_shmeri@

‏ثمن وزير الإعلام اليمني معمر الإرياني، المواقف الأخوية والدعم اللامحدود من تحالف دعم الشرعية بقيادة السعودية التي قدمت الغالي والنفيس لنصرة اليمن، وإسناده في معركة استعادة الدولة وإسقاط الانقلاب الحوثي، بتوجيهات كريمة من خادم الحرمين الشريفين الملك سلمان بن عبدالعزيز، وولي العهد الأمير محمد بن سلمان.



ونوه بالجهود الاستثنائية النبيلة التي بذلها نائب وزير الدفاع الأمير خالد بن سلمان، وكذلك قائد القوات المشتركة الفريق الركن مطلق بن سالم الأزيمع، وكل المعنيين الذي يعملون ليل نهار لدعم اليمنيين في معركتهم المصيرية، مؤكدا بقوله «لن ننسى هذه المواقف النبيلة للأشقاء».



وأشاد الإرياني بتوحد أيادي وإرادة اليمنيين في التصدي للغزو الفارسي وأذياله من مليشيا الإرهاب الحوثية في جبهات مأرب والجوف وتعز والضالع وشبوة والحديدة والبيضاء، ومواقفهم في صوالين الساسة ودهاليز السياسة وصفحات المواقع الإخبارية والنشطاء في منصات التواصل الاجتماعي.



وقال في سلسلة تغريدات عبر حسابه في «تويتر» أمس (السبت): استثمر النظام الإيراني خلافات القوى السياسية للدفع بمليشيا الحوثي لقلب الطاولة على الجميع، للانقلاب على مخرجات مؤتمر الحوار الوطني الشامل، واحتلال العاصمة المختطفة صنعاء، والبدء بعمليات تجريف ممنهج لمؤسسات الدولة والهوية الوطنية والعربية، وتدمير النسيج الاجتماعي والسلم الأهلي.



وأضاف: اشتغلت مليشيا الحوثي على اختراق الجبهة الوطنية عبر بعض المواقع والصفحات لخلخلة الصفوف وتغذية الخلافات وتعميقها، وشغل اليمنيين بمعارك ثانوية وصرفهم عن معركتهم المصيرية، وما زالت تراهن على الانقسامات لتمرير مشروعها السرطاني بأحقاده التاريخية وخلفياته العقائدية المستوردة من طهران.



وأكد أن ما يحدث على الأرض من ترتيبات عسكرية بدعم من تحالف دعم الشرعية، لتغيير مسار المعركة من الدفاع للهجوم واستعادة ما تم فقدانه من الأراضي المحررة، وتحرير كل شبر من التراب اليمني، يحتم على القوى السياسية وكافة الإعلاميين والصحفيين ترك خلافاتهم والتوحد خلف الجيش اليمني والمقاومة.



وجدد الإرياني دعوة كافة القوى السياسية والإعلاميين والصحفيين للاستفادة من دروس الماضي، وتجاوز خلافاتهم وتوحيد الصف والجهود خلف الشرعية اليمنية بقيادة الرئيس عبدربه منصور هادي، إدراكا لخطورة المعركة، وتقديرا للدماء الطاهرة التي سكبت في مختلف جبهات القتال دفاعا عن الوطن ومكتسباته.



من جهة أخرى نجح الجيش اليمني الوطني بإسناد من تحالف دعم الشرعية في استنزاف وإفشال مخططات الانقلاب الإرهابية، ما تسبب في تفاقم الصراعات وحالات التصفية الداخلية بين أجنحة المليشيا في المديريات الجنوبية لمحافظة مأرب. وقالت مصادر قبلية لـ«عكاظ»، إن مسلحاً حوثياً أطلق الرصاص الحي على الزعيم القبلي صالح القاضي المعين وكيلاً لمحافظة مأرب من قبل الحوثي في منزله، (الخميس) الماضي، وأرداه قتيلاً .



وأضافت المصادر أن سيناريو الاضطرابات النفسية محاولة للتغطية على عملية التصفية المتعمدة، خصوصاً بعد تكتم المليشيا على الحادثة ونقل جثة الزعيم القبلي الذي ينتمي إلى قبلية مراد إلى صنعاء، مؤكدة أن التصفية جاءت على خلفية نجاحات الجيش اليمني في شبوة وسيطرته على مديرية عسيلان ما تتسبب في فرض حصار على العناصر الحوثية (جنوبي مأرب). وأفادت بأن القاضي من الشخصيات التي سهلت دخول المليشيا إلى مناطقه ورغم ذلك جرت تصفيته عل غرار ما حدث لموالين في محافظات عمران وصعدة. وفجرت مليشيا الحوثي في مديرية الجوبة (جنوبي مأرب) منزل مبخوت الفقير في منطقة الخثلة بعد أن زرعت فيه عبوات ناسفة من الداخل، ووفقاً لمصادر قبلية، فإن عشرات المنازل جرى تفجيرها خلال اليومين الماضيين في الجوبة.",push,"War, violence, persecution by Houthi militia",mistral:7b,push,"War, violence, persecution by Houthi militia",article,3
20220101,20,,INTELLIGENCE,https://www.diariolaprovinciasj.com/elpais/2022/1/1/cuales-son-los-sectores-que-tendran-mayor-demanda-laboral-en-2022-165873.html,pull,"jobs, hiring",mistral:7b,,,mistral:7b,,,,mistral:7b,pull,"jobs, hiring",url_1,3
20220101,42,,VENEZUELAN,https://noticias.uol.com.br/ultimas-noticias/efe/2022/01/01/chanceler-venezuelano-pede-que-bolsonaro-aprove-transferencia-de-migrantes.htm,mixed,"visa, asylum",mistral:7b,,,mistral:7b,,,,mistral:7b,mixed,"visa, asylum",url_1,3
20220101,20,,BASQUE,https://omirante.pt/cavaleiro-andante/2022-01-01-Em-Abrantes-nada-como-dantes-a2fb5365,neutral,<URL token unavailable>,mistral:7b,,,mistral:7b,,,,mistral:7b,neutral,<URL token unavailable>,url_1,3
20220101,50,,CATALAN,https://sport1.oslobodjenje.ba/s1/fudbal/ino-fudbal/primera/postigao-dogovor-sa-kataloncima-barcelona-sljedeceg-ljeta-dobija-veliko-pojacanje-721568,pull,growth,mistral:7b,,,mistral:7b,,,,mistral:7b,pull,growth,url_1,3
20220101,51,,INDIGENOUS,https://g1.globo.com/mundo/noticia/2022/01/01/a-epidemia-de-desaparecimentos-de-indigenas-que-intriga-os-eua.ghtml,push,disaster,mistral:7b,,,mistral:7b,,,,mistral:7b,push,disaster,url_1,3
20220101,51,,INDIGENOUS,https://g1.globo.com/mundo/noticia/2022/01/01/a-epidemia-de-desaparecimentos-de-indigenas-que-intriga-os-eua.ghtml,push,disaster,mistral:7b,,,mistral:7b,,,,mistral:7b,push,disaster,url_1,3
20220101,161,MADEIRA,,https://www.akhbarona.com/last/340605.html,unclear,<URL token unavailable>,mistral:7b,pull,jobs,mistral:7b,,,,mistral:7b,pull,jobs,url_2,3
20220101,112,BRAZIL,CRIMINAL,https://www.brasil247.com/brasil/bolsonaro-e-eleito-corrupto-do-ano-por-consorcio-internacional,neutral,none,mistral:7b,,,mistral:7b,,,,mistral:7b,neutral,none,url_1,3
20220101,112,BRAZIL,CRIMINAL,https://www.brasil247.com/brasil/bolsonaro-e-eleito-corrupto-do-ano-por-consorcio-internacional,neutral,none,mistral:7b,,,mistral:7b,,,,mistral:7b,neutral,none,url_1,3
20220101,100,BUSINESS,,https://pronedra.ru/znaki-vostochnogo-kalendarya-po-godu-rozhdeniya-kotorym-povezet-v-2022-godu-628853.html,unclear,none,mistral:7b,neutral,<no clear migration-related tokens>,mistral:7b,,,,mistral:7b,neutral,<no clear migration-related tokens>,url_2,3
20220101,90,COMPANY,ADMINISTRATION,https://www.republika.co.id/berita/r520kx430/jepang-bantu-perusahaan-bill-gates-bangun-reaktor-nuklir,pull,Japan helps Bill Gates company build nuclear reactor,mistral:7b,,,mistral:7b,,,,mistral:7b,pull,Japan helps Bill Gates company build nuclear reactor,url_1,3
20220101,112,COMPANIES,REPRESENTATIVES,https://www.alarab.com/Article/1018144,unclear,none,mistral:7b,unclear,<URL too short>,mistral:7b,"أعلن الادعاء العام في ولاية نيويورك الأمريكية أن ""هيئة المحلفين خلصت إلى أن شركة ""تيفا"" الإسرائيلية للأدوية وشركاءها، مسؤولون عن موت ودمار ألحقوه بالشعب الأمريكي"".

وجاء ذلك بعد محاكمة تاريخية في قضية ""المواد الأفيونية"" (مسكنات الألم الأفيونية) التي استمرت ستة أشهر، وشملت أكثر من عشر شركات ثبتت براءة الكثير منها، لتبقى شركة ""تيفا"" والشركات التابعة لها في قفص الاتهام.

وقامت الدعوى التي حركتها ولاية نيويورك ومقاطعتا ناسو، وسوفولك، على أساس أن الشركات المذكورة ضللت الناس بشأن الخطر الحقيقي للمواد الأفيونية التي روجت لها.

وألقى ممثلو الادعاء باللوم على شركة ""تيفا"" والشركات التابعة لها في خلق ""آفة المواد الأفيونية""، واتهم المدعون شركات الأدوية بتغذية الوباء الذي أودى بحياة الآلاف وأصاب ملايين آخرين.

وجاء في الدعوى القضائية أن ""المصنعين والموزعين دفعوا بشكل جنوني نحو الترويج لمسكنات الألم الأفيونية إلى مجتمعات نيويورك مع عدم التحذير من المخاطر والإدمان الناشئ عن تعاطيها"".بينما قال مسؤولو الولاية والمقاطعة، إضافة إلى عائلات الضحايا إنهم ""يريدون تحميل شركات الأدوية المسؤولية عن الوفيات والبؤس الناجم عن وباء المواد الأفيونية"".

وقد رفضت ""تيفا"" بشدة نتيجة اليوم وأعلنت أنها تستعد لاستئناف سريع للطعن بالقرار.ومن المقرر أن تُعقد محاكمة أخرى لتحديد المبلغ الذي سيُطلب من ""تيفا"" وآخرين، والذي سيتم إضافته إلى مبلغ مقرر مسبقا يصل إلى مليار ونصف المليار دولار أمريكي.",push,"The article discusses a lawsuit against an Israeli pharmaceutical company, Teva, accusing it of causing harm and deaths due to faulty pharmaceuticals in New York. This suggests unfavorable conditions (push factor) for the company, leading potentially to them leaving the country.",mistral:7b,push,"The article discusses a lawsuit against an Israeli pharmaceutical company, Teva, accusing it of causing harm and deaths due to faulty pharmaceuticals in New York. This suggests unfavorable conditions (push factor) for the company, leading potentially to them leaving the country.",article,3
20220101,60,SWITZERLAND,,https://evz.ro/sinuciderea-asistata-este-acum-legala-austria-este-tara-care-a-decis-sa-curme-suferintele-bolnavilor.html,push,assisted suicide is now legal in Austria,mistral:7b,,,mistral:7b,,,,mistral:7b,push,assisted suicide is now legal in Austria,url_1,3
20220101,81,SWITZERLAND,,https://evz.ro/sinuciderea-asistata-este-acum-legala-austria-este-tara-care-a-decis-sa-curme-suferintele-bolnavilor.html,push,assisted suicide is now legal in Austria,mistral:7b,,,mistral:7b,,,,mistral:7b,push,sinuciderea asistata este acum legala Austria,url_1,3
20220101,42,CHILE,,http://www.funkuhr.de/fernsehprogramm/sendungsdetails/169446982/pumas-in-der-wildnis-patagoniens.html,neutral,none,mistral:7b,,,mistral:7b,,,,mistral:7b,neutral,none,url_1,3
20220101,54,CHINA,EMBASSY,https://gordonua.com/news/worldnews/kitay-otkryl-posolstvo-v-nikaragua-posle-vozobnovleniya-diplomaticheskih-otnosheniy-1589047.html,pull,China opens embassy in Nicaragua after resuming diplomatic relations,mistral:7b,,,mistral:7b,,,,mistral:7b,pull,China opens embassy in Nicaragua after resuming diplomatic relations,url_1,3
20220101,20,COLOMBIA,COLOMBIA,https://www.colombia.com/actualidad/nacionales/12415-contagios-por-la-covid-19-registra-colombia-en-el-primer-dia-del-ano-2022-333346,neutral,none,mistral:7b,,,mistral:7b,,,,mistral:7b,neutral,none,url_1,3
20220101,180,PRISON,,https://pronedra.ru/zaprety-i-primety-rozhdestvenskogo-sochelnik-chto-gotovyat-v-prazdnik-628846.html,neutral,No migration-related tokens found,mistral:7b,,,mistral:7b,,,,mistral:7b,neutral,No migration-related tokens found,url_1,3
20220101,30,PRISON,ACADEMICS,https://www.notigape.com/trabajara-gobierno-municipal-por-bienestar-y-progreso-en-2022/243835,pull,well-being and progress in 2022,mistral:7b,,,mistral:7b,,,,mistral:7b,pull,well-being and progress in 2022,url_1,3
20220101,173,POLICE,FRANCE,https://www.franceguyane.fr/actualite/social/mobilisation-sociale-a-pointe-a-pitre-elie-domota-a-ete-arrete-493999.php,push,social mobilization at Pointe a Pitre Elie Domota was arrested,mistral:7b,,,mistral:7b,,,,mistral:7b,push,social mobilization at Pointe a Pitre Elie Domota was arrested,url_1,3
20220101,186,PERPETRATOR,BAMAKO,http://malijet.com/les_faits_divers_au_mali/265488-commissariat-de-police-du-11eme-arrondissement-fin-de-course-pou.html,unclear,URL too short,mistral:7b,push,displacement,mistral:7b,,,,mistral:7b,push,displacement,url_2,3
20220101,10,COMMUNITY,,https://www.lopinionista.it/fico-ringrazia-mattarella-120130.html,neutral,No migration-related tokens found,mistral:7b,,,mistral:7b,,,,mistral:7b,neutral,No migration-related tokens found,url_1,3
20220101,111,RESIDENTS,,https://g1.globo.com/sp/piracicaba-regiao/noticia/2022/01/01/biblioteca-municipal-de-limeira-oferece-oficinas-gincana-show-e-sarau-durante-as-ferias-escolares.ghtml,neutral,No migration-related tokens found,mistral:7b,,,mistral:7b,,,,mistral:7b,neutral,No migration-related tokens found,url_1,3
20220101,1723,POPULATION,,https://gordonua.com/news/worldnews/vo-francii-v-novogodnyuyu-noch-sozhgli-874-mashiny-mvd-1589046.html,push,"in-France, 874-Ministry of Internal Affairs-cars were burned on New Year’s Eve",mistral:7b,,,mistral:7b,,,,mistral:7b,push,"in-France, 874-Ministry of Internal Affairs-cars were burned on New Year’s Eve",url_1,3
20220101,80,ACTOR,,https://www.interris.it/rubriche/opinione/affrontare-questioni-pressanti-luce-dottrina-sociale-chiesa/,unclear,No migration-related tokens found,mistral:7b,,,mistral:7b,"L’emergenza sanitaria accelera i cambiamenti in considerazione del fatto che gli scenari, l’economia, la democrazia, la società sono già mutati. Ormai, la società industriale, sulla quale si sono costruiti nel Novecento i vari miracoli economici, ha perso il primato a favore della società post-industriale. Al mercato locale e poi nazionale, si è aggiunto il mercato europeo e, su tutti incombe sempre più in maniera decisiva il mercato globale, quello senza regole e senza limiti. Con l’avvento di Internet, si marcia verso un mercato digitale, dove alla piazza del mercato del paese si affianca sempre più il luogo virtuale del mercato.

In questo inarrestabile processo, caratterizzato dalla continua trasformazione, i lavoratori sono costretti a variare spesso tipo di lavoro, con la conseguenza che le nuove generazioni dovranno abituarsi a fare più lavori nella vita, acquisendo estemporaneamente capacità e abilità da valere per i vari tipi di lavoro, che saranno chiamati a svolgere. Cosa succede in una società, come la nostra, fondata sul lavoro, come recita l’art. 1 della Costituzione italiana, se oggi il lavoro diventa sempre più raro, al punto che molti giovani, per scoraggiamento e per assenza di alternative, rinunciano anche a cercarlo? Oltre che rinunciare a studiare, spesso, anche troppo presto, ma soprattutto rinunciare ad essere protagonisti della loro vita. Il lavoro precario, i disoccupati che cercano lavoro e non lo trovano, gli scoraggiati che non hanno più la forza di cercarlo, e i sottoccupati, che lavorano solo qualche ora al mese senza riuscire a superare la soglia di povertà, rappresentano una ferita aperta per la società e la democrazia costituzionale.

Non è azzardato affermare che la situazione, anche a causa della pandemia, è drammaticamente peggiorata. Pertanto, ci vuole una svolta, che verrà, come ha detto il Papa, solo se sapremo formare le coscienze a non cercare soluzioni facili a tutela di chi è già garantito, ma formare le coscienze a proporre processi di cambiamento duraturi, a beneficio delle giovani generazioni. L’appello non può che essere rivolto, in prima battuta, al Governo che proprio in questi giorni sta predisponendo i provvedimenti per l’impiego dei fondi europei che, per l’appunto, prendono la denominazione di NextGenerationEU (Unione Europea di nuova generazione).

Insieme alle istituzioni, però, tutti siamo chiamati a dare segni di solidarietà; tutti siamo chiamati a essere lievito che fa fermentare la pasta (Mt 13,33). Per uscirne – ha detto papa Francesco pochi mesi fa nel suo messaggio alla Settimana sociale di Taranto – è richiesto un maggior coraggio anche ai cattolici italiani. In questa fase, non è pensabile rassegnarsi e rimanere indifferenti o apatici senza assumersi la responsabilità verso gli altri e verso la società. Papa Francesco invita ad affrontare, insieme, le questioni pressanti che la pandemia mette in rilievo, partendo dall’ecologia integrale per la cura del pianeta e dell’umanità, alla luce del Vangelo dei principi della Dottrina sociale della Chiesa cattolica.

Il Papa esorta ad esplorare la nostra tradizione sociale cattolica, che può aiutare la famiglia umana a guarire questo mondo che soffre di gravi malattie. In tal senso, Papa Francesco ricorda i principi chiave della Dottrina sociale che ancora guidano la Chiesa: quali la solidarietà, la sussidiarietà, la cura dei più poveri, la preservazione del Creato, che compongono quel nucleo di azioni necessarie a guarire le sofferenze del mondo.

In questa fase di crisi sanitaria, ma anche economica e sociale, come nel 2008, sorge l’interrogativo, sempre con maggiore intensità, se la direzione in cui l’umanità procede sia quella giusta. La domanda dell’uomo di buona volontà è che cosa si debba, e si possa, fare per scongiurare il proseguimento di una situazione sociale ed economica, ma anche culturale, così deprimente.",push,"Unemployment, precarious work, high unemployment rate among youth, lack of job opportunities",mistral:7b,push,"Unemployment, precarious work, high unemployment rate among youth, lack of job opportunities",article,3
20220101,833,EUROPE,,https://www.brasil247.com/blog/brasil-para-principiantes,neutral,No migration-related tokens found,mistral:7b,,,mistral:7b,,,,mistral:7b,neutral,No migration-related tokens found,url_1,3
20220101,90,EUROPE,,https://alquds.com/2022/01/02/%D8%A3%D9%88%D8%B1%D9%88%D8%A8%D8%A7-%D8%AA%D8%AA%D8%AC%D8%A7%D9%88%D8%B2-%D8%B9%D8%AA%D8%A8%D8%A9-100-%D9%85%D9%84%D9%8A%D9%88%D9%86-%D8%A5%D8%B5%D8%A7%D8%A8%D8%A9-%D8%A8%D9%83%D9%88%D9%81%D9%8A/,push,Europe-exceeds-100-million-households-infected-with-Covid-19,mistral:7b,,,mistral:7b,,,,mistral:7b,push,Europe-exceeds-100-million-households-infected-with-Covid-19,url_1,3
20220101,112,EUROPEAN,BELARUS,https://www.skivefolkeblad.dk/artikel/8426302b-78a7-3353-beaa-8731a102cde4/,neutral,No clear migration-related tokens,mistral:7b,,,mistral:7b,,,,mistral:7b,neutral,No clear migration-related tokens,url_1,3
20220101,112,EUROPEAN,RUSSIA,https://www.skivefolkeblad.dk/artikel/8426302b-78a7-3353-beaa-8731a102cde4/,neutral,No clear migration-related tokens,mistral:7b,,,mistral:7b,,,,mistral:7b,neutral,No clear migration-related tokens,url_1,3
20220101,112,EUROPEAN,RUSSIA,https://www.skivefolkeblad.dk/artikel/8426302b-78a7-3353-beaa-8731a102cde4/,neutral,No clear migration-related tokens,mistral:7b,,,mistral:7b,,,,mistral:7b,neutral,No clear migration-related tokens,url_1,3
20220101,50,FRANCE,,https://as.com/futbol/2022/01/01/primera/1641057005_745473.html,pull,hiring,mistral:7b,,,mistral:7b,,,,mistral:7b,pull,hiring,url_1,3
20220101,141,PARIS,POLICE,https://noticias.uol.com.br/ultimas-noticias/deutschewelle/2022/01/01/franca-ve-queda-em-numero-de-carros-incendiados-no-ano-novo.htm,push,displacement,mistral:7b,,,mistral:7b,,,,mistral:7b,push,displacement,url_1,3
20220101,192,FRENCH,SYRIA,https://naslovi.net/2022-01-02/rtv/vremeplov-otvorena-prva-citaonica-u-knezevini-srbiji/29652721,unclear,No clear migration-related tokens,mistral:7b,,,mistral:7b,"NOVI SAD - Na današnji dan 1846. godine otvorena je prva čitaonica u tadašnjoj Kneževini Srbiji, nazvana Srpsko čitalište, kasnije Čitalište beogradsko. Slične čitaonice ubrzo su osnovane i u drugim gradovima Srbije.

Danas je nedelja, 2. januar, drugi dan 2022. Do kraja godine ima 363 dana. 1492- Španija je preotela Granadu od Mavara, što je bio završni čin oslobođenja Španije od muslimana. 1799- Trupe francuskog generala Napoleona Bonaparte ušle su u Siriju. 1833- Britanske trupe zauzele su Folklandska ostrva u Atlantskom okeanu. Taj arhipelag udaljen je oko 500 kilometara od argentinske obale i nalazi se u južnom Atlantiku. Dan ranije London je proglasio suverenitet nad",unclear,The article does not contain information related to conditions that may cause people to leave or arrive at any specific country.,mistral:7b,unclear,The article does not contain information related to conditions that may cause people to leave or arrive at any specific country.,article,3
20220101,192,FRANCE,SYRIA,https://naslovi.net/2022-01-02/rtv/vremeplov-otvorena-prva-citaonica-u-knezevini-srbiji/29652721,unclear,No clear migration-related tokens,mistral:7b,,,mistral:7b,"NOVI SAD - Na današnji dan 1846. godine otvorena je prva čitaonica u tadašnjoj Kneževini Srbiji, nazvana Srpsko čitalište, kasnije Čitalište beogradsko. Slične čitaonice ubrzo su osnovane i u drugim gradovima Srbije.

Danas je nedelja, 2. januar, drugi dan 2022. Do kraja godine ima 363 dana. 1492- Španija je preotela Granadu od Mavara, što je bio završni čin oslobođenja Španije od muslimana. 1799- Trupe francuskog generala Napoleona Bonaparte ušle su u Siriju. 1833- Britanske trupe zauzele su Folklandska ostrva u Atlantskom okeanu. Taj arhipelag udaljen je oko 500 kilometara od argentinske obale i nalazi se u južnom Atlantiku. Dan ranije London je proglasio suverenitet nad",unclear,"The article does not discuss conditions that may cause people to leave or arrive in any specific country, instead it provides historical events about territories.",mistral:7b,unclear,"The article does not discuss conditions that may cause people to leave or arrive in any specific country, instead it provides historical events about territories.",article,3
20220101,190,LILLE,YEMENI,https://www.okaz.com.sa/news/na/2092790,neutral,No clear migration-related tokens,mistral:7b,,,mistral:7b,,,,mistral:7b,neutral,No clear migration-related tokens,url_1,3
20220101,141,GUADELOUPE,,https://www.franceguyane.fr/actualite/social/mobilisation-sociale-a-pointe-a-pitre-elie-domota-a-ete-arrete-493999.php,mixed,emigration (arrete - arrested) & immigration (mobilisation - mobilization),mistral:7b,,,mistral:7b,,,,mistral:7b,mixed,emigration (arrete - arrested) & immigration (mobilisation - mobilization),url_1,3
20220101,172,CONAKRY,,http://malijet.com/actualite_economique_du_mali/265491-lutte-contre-la-fraude-et-la-contrebande-les-douanes-saisissent-.html,push,displacement (fight-against-fraud-et-contrabande - fight against fraud and smuggling),mistral:7b,,,mistral:7b,,,,mistral:7b,push,displacement (lutte-contre-la-fraude-et-la-contrebande - fight against fraud and smuggling),url_1,3
20220101,70,GAMBIA,NORWEGIAN,https://www.analisidifesa.it/2022/01/il-2021-ha-rilanciato-limmigrazione-illegale-su-vasta-scala-in-italia/,push,illegal,mistral:7b,,,mistral:7b,,,,mistral:7b,push,illegal,url_1,3
20220101,70,GAMBIA,NORWAY,https://www.analisidifesa.it/2022/01/il-2021-ha-rilanciato-limmigrazione-illegale-su-vasta-scala-in-italia/,push,illegal,mistral:7b,,,mistral:7b,,,,mistral:7b,push,illegal,url_1,3
20220101,70,GAMBIA,NORWEGIAN,https://www.analisidifesa.it/2022/01/il-2021-ha-rilanciato-limmigrazione-illegale-su-vasta-scala-in-italia/,push,illegal,mistral:7b,,,mistral:7b,,,,mistral:7b,push,illegal,url_1,3
20220101,190,PRESIDENT,,https://alquds.com/2022/01/01/%D8%A5%D8%B5%D8%A7%D8%A8%D8%A7%D8%AA-%D8%AE%D9%84%D8%A7%D9%84-%D9%85%D9%88%D8%A7%D8%AC%D9%87%D8%A7%D8%AA-%D9%81%D9%8A-%D8%A8%D8%B1%D9%82%D8%A9/,unclear,<non-English tokens>,mistral:7b,,,mistral:7b,,unclear,,mistral:7b,unclear,,article,3
20220101,192,PRESIDENT,,https://alquds.com/2022/01/01/%D8%A5%D8%B5%D8%A7%D8%A8%D8%A7%D8%AA-%D8%AE%D9%84%D8%A7%D9%84-%D9%85%D9%88%D8%A7%D8%AC%D9%87%D8%A7%D8%AA-%D9%81%D9%8A-%D8%A8%D8%B1%D9%82%D8%A9/,unclear,<non-English tokens>,mistral:7b,push,During confrontations,mistral:7b,,,,mistral:7b,push,During confrontations,url_2,3
20220101,20,MINISTRY,EMIRATI,https://www.akhbarona.com/world/340606.html,neutral,unknown,mistral:7b,,,mistral:7b,,,,mistral:7b,neutral,unknown,url_1,3
20220101,51,MINISTRY,EMIRATI,https://www.akhbarona.com/world/340606.html,neutral,unknown,mistral:7b,,,mistral:7b,,,,mistral:7b,neutral,unknown,url_1,3
20220101,71,GOVERNMENT,EUROPEAN,https://www.interris.it/rubriche/opinione/affrontare-questioni-pressanti-luce-dottrina-sociale-chiesa/,unclear,unknown,mistral:7b,unclear,<URL too short>,mistral:7b,"L’emergenza sanitaria accelera i cambiamenti in considerazione del fatto che gli scenari, l’economia, la democrazia, la società sono già mutati. Ormai, la società industriale, sulla quale si sono costruiti nel Novecento i vari miracoli economici, ha perso il primato a favore della società post-industriale. Al mercato locale e poi nazionale, si è aggiunto il mercato europeo e, su tutti incombe sempre più in maniera decisiva il mercato globale, quello senza regole e senza limiti. Con l’avvento di Internet, si marcia verso un mercato digitale, dove alla piazza del mercato del paese si affianca sempre più il luogo virtuale del mercato.

In questo inarrestabile processo, caratterizzato dalla continua trasformazione, i lavoratori sono costretti a variare spesso tipo di lavoro, con la conseguenza che le nuove generazioni dovranno abituarsi a fare più lavori nella vita, acquisendo estemporaneamente capacità e abilità da valere per i vari tipi di lavoro, che saranno chiamati a svolgere. Cosa succede in una società, come la nostra, fondata sul lavoro, come recita l’art. 1 della Costituzione italiana, se oggi il lavoro diventa sempre più raro, al punto che molti giovani, per scoraggiamento e per assenza di alternative, rinunciano anche a cercarlo? Oltre che rinunciare a studiare, spesso, anche troppo presto, ma soprattutto rinunciare ad essere protagonisti della loro vita. Il lavoro precario, i disoccupati che cercano lavoro e non lo trovano, gli scoraggiati che non hanno più la forza di cercarlo, e i sottoccupati, che lavorano solo qualche ora al mese senza riuscire a superare la soglia di povertà, rappresentano una ferita aperta per la società e la democrazia costituzionale.

Non è azzardato affermare che la situazione, anche a causa della pandemia, è drammaticamente peggiorata. Pertanto, ci vuole una svolta, che verrà, come ha detto il Papa, solo se sapremo formare le coscienze a non cercare soluzioni facili a tutela di chi è già garantito, ma formare le coscienze a proporre processi di cambiamento duraturi, a beneficio delle giovani generazioni. L’appello non può che essere rivolto, in prima battuta, al Governo che proprio in questi giorni sta predisponendo i provvedimenti per l’impiego dei fondi europei che, per l’appunto, prendono la denominazione di NextGenerationEU (Unione Europea di nuova generazione).

Insieme alle istituzioni, però, tutti siamo chiamati a dare segni di solidarietà; tutti siamo chiamati a essere lievito che fa fermentare la pasta (Mt 13,33). Per uscirne – ha detto papa Francesco pochi mesi fa nel suo messaggio alla Settimana sociale di Taranto – è richiesto un maggior coraggio anche ai cattolici italiani. In questa fase, non è pensabile rassegnarsi e rimanere indifferenti o apatici senza assumersi la responsabilità verso gli altri e verso la società. Papa Francesco invita ad affrontare, insieme, le questioni pressanti che la pandemia mette in rilievo, partendo dall’ecologia integrale per la cura del pianeta e dell’umanità, alla luce del Vangelo dei principi della Dottrina sociale della Chiesa cattolica.

Il Papa esorta ad esplorare la nostra tradizione sociale cattolica, che può aiutare la famiglia umana a guarire questo mondo che soffre di gravi malattie. In tal senso, Papa Francesco ricorda i principi chiave della Dottrina sociale che ancora guidano la Chiesa: quali la solidarietà, la sussidiarietà, la cura dei più poveri, la preservazione del Creato, che compongono quel nucleo di azioni necessarie a guarire le sofferenze del mondo.

In questa fase di crisi sanitaria, ma anche economica e sociale, come nel 2008, sorge l’interrogativo, sempre con maggiore intensità, se la direzione in cui l’umanità procede sia quella giusta. La domanda dell’uomo di buona volontà è che cosa si debba, e si possa, fare per scongiurare il proseguimento di una situazione sociale ed economica, ma anche culturale, così deprimente.",push,"Unemployment, precarious work, high unemployment rate among youth",mistral:7b,push,"Unemployment, precarious work, high unemployment rate among youth",article,3
20220101,111,AUTHORITIES,EMPLOYEE,https://ria.ru/20220102/status-1766397981.html,unclear,<non-English tokens>,mistral:7b,neutral,<no clear migration-related tokens>,mistral:7b,,,,mistral:7b,neutral,<no clear migration-related tokens>,url_2,3
20220101,841,DIPLOMAT,PRISONER,https://www.republika.co.id/berita/r520da430/indiapakistan-tukar-daftar-tahanan,neutral,change-register,mistral:7b,,,mistral:7b,,,,mistral:7b,neutral,change-register,url_1,3
20220101,841,DIPLOMAT,PRISONER,https://www.republika.co.id/berita/r520da430/indiapakistan-tukar-daftar-tahanan,unclear,<6 tokens; URL too short>,mistral:7b,mixed,'tukar (change)' and 'daftar (list)' could indicate either push (as in a list of displaced people) or pull (as in changes for immigration),mistral:7b,,,,mistral:7b,mixed,'tukar (change)' and 'daftar (list)' could indicate either push (as in a list of displaced people) or pull (as in changes for immigration),url_2,3
20220101,1014,EMBASSY,UKRAINIAN,https://pronedra.ru/znaki-vostochnogo-kalendarya-po-godu-rozhdeniya-kotorym-povezet-v-2022-godu-628853.html,neutral,<6 tokens; no clear migration-related tokens>,mistral:7b,,,mistral:7b,,,,mistral:7b,neutral,<6 tokens; no clear migration-related tokens>,url_1,3
20220101,1014,EMBASSY,UKRAINIAN,https://pronedra.ru/znaki-vostochnogo-kalendarya-po-godu-rozhdeniya-kotorym-povezet-v-2022-godu-628853.html,neutral,<6 tokens; no clear migration-related tokens>,mistral:7b,,,mistral:7b,,,,mistral:7b,neutral,<6 tokens; no clear migration-related tokens>,url_1,3
20220101,36,MINIST OF EDUCATION,,https://www.diariolaprovinciasj.com/educacion/2022/1/1/el-ministerio-de-educacion-atendera-en-nuevo-horario-165874.html,neutral,<6 tokens; no clear migration-related tokens>,mistral:7b,,,mistral:7b,,,,mistral:7b,neutral,<6 tokens; no clear migration-related tokens>,url_1,3
20220101,13,MEDICAL ASSOCIATION,,https://www.aftenposten.no/verden/i/OrevnE/foerste-nyttaarsdag-ble-det-registrert-over-160000-koronatilfeller-i-en,push,'koronatilfeller' (corona cases) signals a crisis situation,mistral:7b,,,mistral:7b,,,,mistral:7b,push,'koronatilfeller' (corona cases) signals a crisis situation,url_1,3
20220101,120,DOCTOR,,https://kino.24tv.ua/ru/novogodnie-multfilmy-dlja-vsej-semi-dushevnaja-podborka-dlja_n1831930,neutral,<6 tokens; no clear migration-related tokens>,mistral:7b,,,mistral:7b,,,,mistral:7b,neutral,<6 tokens; no clear migration-related tokens>,url_1,3
20220101,120,DOCTOR,,https://kino.24tv.ua/ru/novogodnie-multfilmy-dlja-vsej-semi-dushevnaja-podborka-dlja_n1831930,neutral,<6 tokens; no clear migration-related tokens>,mistral:7b,,,mistral:7b,,,,mistral:7b,neutral,<6 tokens; no clear migration-related tokens>,url_1,3
20220101,10,CROATIAN,,https://madeinfoot.ouest-france.fr/infos/article-asm-l-as-monaco-officialise-le-depart-de-niko-kovac-officiel-364395.html,pull,'as monaco' signals a location and potentially job opportunities,mistral:7b,,,mistral:7b,,,,mistral:7b,pull,'as monaco' signals a location and potentially job opportunities,url_1,3
20220101,10,CROATIAN,,https://madeinfoot.ouest-france.fr/infos/article-asm-l-as-monaco-officialise-le-depart-de-niko-kovac-officiel-364395.html,mixed,"'depart de niko kovac' (departure of Niko Kovac) signals a change, possibly push or pull",mistral:7b,,,mistral:7b,,,,mistral:7b,mixed,"'depart de niko kovac' (departure of Niko Kovac) signals a change, possibly push or pull",url_1,3
20220101,42,CROATIAN,,https://madeinfoot.ouest-france.fr/infos/article-asm-l-as-monaco-officialise-le-depart-de-niko-kovac-officiel-364395.html,mixed,"'depart de niko kovac' (departure of Niko Kovac) signals a change, possibly push or pull",mistral:7b,,,mistral:7b,,,,mistral:7b,mixed,"'depart de niko kovac' (departure of Niko Kovac) signals a change, possibly push or pull",url_1,3
20220101,42,CROATIAN,,https://madeinfoot.ouest-france.fr/infos/article-asm-l-as-monaco-officialise-le-depart-de-niko-kovac-officiel-364395.html,neutral,None of the provided migration-related tokens were found in the URL,mistral:7b,,,mistral:7b,,,,mistral:7b,neutral,None of the provided migration-related tokens were found in the URL,url_1,3
20220101,43,JAKARTA,FLORIDA,https://www.republika.co.id/berita/r520u2384/ini-ketentuan-tes-antigen-di-stasiun,unclear,The URL does not contain any clear migration-related tokens,mistral:7b,neutral,<no clear migration-related tokens>,mistral:7b,,,,mistral:7b,neutral,<no clear migration-related tokens>,url_2,3
20220101,10,ISRAEL,,https://www.lematin.ch/story/apres-des-tirs-de-roquettes-frappes-israeliennes-sur-gaza-569823935907,push,"'gaza' and 'israeliennes' may indicate a conflict or unrest in the Gaza strip, potentially pushing people to leave",mistral:7b,,,mistral:7b,,,,mistral:7b,push,"'gaza' and 'israeliennes' may indicate a conflict or unrest in the Gaza strip, potentially pushing people to leave",url_1,3
20220101,61,ISRAEL,,https://www.alquds.co.uk/%D8%A7%D9%84%D8%AC%D9%8A%D8%B4-%D8%A7%D9%84%D8%A5%D8%B3%D8%B1%D8%A7%D8%A6%D9%8A%D9%84%D9%8A-%D9%8A%D9%82%D8%B5%D9%81-%D8%A3%D9%87%D8%AF%D8%A7%D9%81%D8%A7-%D9%81%D9%8A-%D9%82%D8%B7%D8%A7%D8%B9-%D8%BA/,unclear,The URL contains non-English characters that do not have clear migration-related meanings,mistral:7b,unclear,"<URL is mostly non-English and ambiguous; only 'قطاع (sector)' could possibly indicate a pull factor, but it's too vague to be certain>",mistral:7b,"غزة: شنت مقاتلات إسرائيلية، في ساعة مبكرة في فجر الأحد، نحو 10 غارات على موقع يتبع لكتائب عز الدين القسام، الجناح المسلح لحركة المقاومة الإسلامية “حماس”.

وأغارت الطائرات الحربية الإسرائيلية على نحو متكرر على موقع يطلق عليه اسم “القادسية”، غربي مدينة خانيونس، جنوبي قطاع غزة.

وذكر شهود عيان، أن الطائرات شنت 10 غارات متتابعة على الموقع المذكور.

كما قصفت المدفعية الإسرائيلية، 4 نقاط مراقبة، تستخدمها قوات أمنية تتبع لحركة حماس في مراقبة الشريط الحدودي مع إسرائيل، شمالي قطاع غزة.

ولم تعلن وزارة الصحة الفلسطينية عن وقوع إصابات جراء الغارات.

من ناحيته، قال الجيش الإسرائيلي في بيان: “شنت طائرات ومروحيات حربية قبل قليل غارات جوية مستهدفة مجموعة من الأهداف داخل مجمع لإنتاج قذائف صاروخية تابع لحماس في (مدينة) خانيونس، كما قصفت دبابات نقاطا عسكرية لحماس على الحدود مع قطاع غزة”.

وأضاف: “يعتبر حجم الأهداف ونوعيتها، بمثابة رد على إطلاق الصاروخين (صباح السبت) من قطاع غزة نحو شواطئ البحر قبالة منطقة تل أبيب الكبرى”.

وفي وقت سابق، قالت قناة “كان” الإسرائيلية الرسمية، إن الجيش قرر تنفيذ هجمات على أهداف في غزة ردا على إطلاق صاروخين من القطاع وسقوطهما في البحر قبالة شواطئ وسط البلاد.

ونقلت القناة عن مصدر أمني لم تسمه إن “الجيش الإسرائيلي قرر مهاجمة أهداف في غزة ردا على حادثة إطلاق الصاروخين”.

وصباح السبت، قال الجيش الإسرائيلي إن صاروخين أُطلقا من غزة، وسقطا في عرض البحر المتوسط قبالة ساحل منطقة غوش دان وسط البلاد، التي تضم مدينة تل أبيب.

واعتبر المصدر الأمني، لقناة “كان”، أن “ما حدث خطير وغير مقبول”.

وفي قطاع غزة، لم تصدر أي جهة، تعقيبا حول الحدث، كما لم تعلن أي جهة مسؤوليتها عن إطلاق أي صواريخ.

(الأناضول)",push,"Israeli military bombs Gaza, causing potential displacement of residents",mistral:7b,push,"Israeli military bombs Gaza, causing potential displacement of residents",article,3
20220101,190,ISRAELI,ISRAEL,https://ria.ru/20220102/status-1766397981.html,neutral,None of the provided migration-related tokens were found in the URL,mistral:7b,,,mistral:7b,,,,mistral:7b,neutral,None of the provided migration-related tokens were found in the URL,url_1,3
20220101,871,ISRAEL,PALESTINIAN,https://www.alquds.co.uk/%D8%A7%D9%84%D8%AC%D9%8A%D8%B4-%D8%A7%D9%84%D8%A5%D8%B3%D8%B1%D8%A7%D8%A6%D9%8A%D9%84%D9%8A-%D9%8A%D9%82%D8%B5%D9%81-%D8%A3%D9%87%D8%AF%D8%A7%D9%81%D8%A7-%D9%81%D9%8A-%D9%82%D8%B7%D8%A7%D8%B9-%D8%BA/,unclear,The URL contains non-English characters that do not have clear migration-related meanings,mistral:7b,unclear,URL too short,mistral:7b,"غزة: شنت مقاتلات إسرائيلية، في ساعة مبكرة في فجر الأحد، نحو 10 غارات على موقع يتبع لكتائب عز الدين القسام، الجناح المسلح لحركة المقاومة الإسلامية “حماس”.

وأغارت الطائرات الحربية الإسرائيلية على نحو متكرر على موقع يطلق عليه اسم “القادسية”، غربي مدينة خانيونس، جنوبي قطاع غزة.

وذكر شهود عيان، أن الطائرات شنت 10 غارات متتابعة على الموقع المذكور.

كما قصفت المدفعية الإسرائيلية، 4 نقاط مراقبة، تستخدمها قوات أمنية تتبع لحركة حماس في مراقبة الشريط الحدودي مع إسرائيل، شمالي قطاع غزة.

ولم تعلن وزارة الصحة الفلسطينية عن وقوع إصابات جراء الغارات.

من ناحيته، قال الجيش الإسرائيلي في بيان: “شنت طائرات ومروحيات حربية قبل قليل غارات جوية مستهدفة مجموعة من الأهداف داخل مجمع لإنتاج قذائف صاروخية تابع لحماس في (مدينة) خانيونس، كما قصفت دبابات نقاطا عسكرية لحماس على الحدود مع قطاع غزة”.

وأضاف: “يعتبر حجم الأهداف ونوعيتها، بمثابة رد على إطلاق الصاروخين (صباح السبت) من قطاع غزة نحو شواطئ البحر قبالة منطقة تل أبيب الكبرى”.

وفي وقت سابق، قالت قناة “كان” الإسرائيلية الرسمية، إن الجيش قرر تنفيذ هجمات على أهداف في غزة ردا على إطلاق صاروخين من القطاع وسقوطهما في البحر قبالة شواطئ وسط البلاد.

ونقلت القناة عن مصدر أمني لم تسمه إن “الجيش الإسرائيلي قرر مهاجمة أهداف في غزة ردا على حادثة إطلاق الصاروخين”.

وصباح السبت، قال الجيش الإسرائيلي إن صاروخين أُطلقا من غزة، وسقطا في عرض البحر المتوسط قبالة ساحل منطقة غوش دان وسط البلاد، التي تضم مدينة تل أبيب.

واعتبر المصدر الأمني، لقناة “كان”، أن “ما حدث خطير وغير مقبول”.

وفي قطاع غزة، لم تصدر أي جهة، تعقيبا حول الحدث، كما لم تعلن أي جهة مسؤوليتها عن إطلاق أي صواريخ.

(الأناضول)",push,Israeli military airstrikes on Gaza,mistral:7b,push,Israeli military airstrikes on Gaza,article,3
20220101,190,ISRAELI,GAZA,https://ria.ru/20220102/udary-1766397744.html,push,"'udary' (attacks) may indicate a conflict or unrest, potentially pushing people to leave",mistral:7b,,,mistral:7b,,,,mistral:7b,push,"'udary' (attacks) may indicate a conflict or unrest, potentially pushing people to leave",url_1,3
20220101,194,ISRAEL,PALESTINIAN,https://www.lematin.ch/story/apres-des-tirs-de-roquettes-frappes-israeliennes-sur-gaza-569823935907,push,"'gaza' and 'israeliennes' may indicate a conflict or unrest in the Gaza strip, potentially pushing people to leave",mistral:7b,,,mistral:7b,,,,mistral:7b,push,"'gaza' and 'israeliennes' may indicate a conflict or unrest in the Gaza strip, potentially pushing people to leave",url_1,3
20220101,194,ISRAEL,HAMAS,https://www.lematin.ch/story/apres-des-tirs-de-roquettes-frappes-israeliennes-sur-gaza-569823935907,push,"'gaza' and 'israeliennes' may indicate a conflict or unrest in the Gaza strip, potentially pushing people to leave",mistral:7b,,,mistral:7b,,,,mistral:7b,push,"'gaza' and 'israeliennes' may indicate a conflict or unrest in the Gaza strip, potentially pushing people to leave",url_1,3
20220101,90,ISRAELI,,https://www.adn40.mx/internacional/israel-flurona-gripe-covid-19-pfp,unclear,"The URL does not contain any clear migration-related tokens. However, 'flurona', a portmanteau of 'flu' and 'corona', is a new term related to the COVID-19 pandemic but does not directly indicate migration pressure",mistral:7b,neutral,<no clear migration-related tokens>,mistral:7b,,,,mistral:7b,neutral,<no clear migration-related tokens>,url_2,3
20220101,10,ISRAELI,ISRAEL,https://www.notigape.com/israel-detecto-primer-caso-de-flurona-gripe-y-covid-19-en-simultaneo/243839,unclear,"<8 tokens, URL too short>",mistral:7b,neutral,<no clear migration-related tokens>,mistral:7b,,,,mistral:7b,neutral,<no clear migration-related tokens>,url_2,3
20220101,90,ISRAELI,ISRAEL,https://www.adn40.mx/internacional/israel-flurona-gripe-covid-19-pfp,neutral,"<8 tokens, no clear migration-related tokens>",mistral:7b,,,mistral:7b,,,,mistral:7b,neutral,"<8 tokens, no clear migration-related tokens>",url_1,3
20220101,190,ISRAELI,,https://ria.ru/20220102/status-1766397981.html,push,udary,mistral:7b,,,mistral:7b,,,,mistral:7b,push,udary,url_1,3
20220101,190,ISRAEL,ISRAEL,https://ria.ru/20220102/status-1766397981.html,push,udary,mistral:7b,,,mistral:7b,,,,mistral:7b,push,udary,url_1,3
20220101,190,ISRAEL,ISRAEL,https://ria.ru/20220102/udary-1766397744.html,push,udary,mistral:7b,,,mistral:7b,,,,mistral:7b,push,udary,url_1,3
20220101,190,ISRAELI,GAZA,https://ria.ru/20220102/status-1766397981.html,push,udary,mistral:7b,,,mistral:7b,,,,mistral:7b,push,udary,url_1,3
20220101,190,ISRAELI,GAZA,https://ria.ru/20220102/udary-1766397744.html,push,udary,mistral:7b,,,mistral:7b,,,,mistral:7b,push,udary,url_1,3
20220101,20,ISRAELI,ISRAELI,https://www.alarab.com/Article/1018146,unclear,"<8 tokens, URL too short>",mistral:7b,unclear,URL too short,mistral:7b,"اتكالا منا على الله.. اول الحروف للعاصفة...في بيانها الاول... وحجر رمي في نهر الاردن قالوا سيغير مجرى التاريخ.... الى الاعتراف بتوثيق مؤتمر هرتزل الاول.. واقرار سياسي وتاريخي وقانوني . بالاعتراف على معظم الارض التاريخية لصالح المشروع الصهيوني.. باغتيال العاصفة .

احتفى المحتفون با حتفالات خجولة بالانطلاقة وتحفظات باطنة معترضة على هذا النهج من الفتحاويين وما زالت قواعد فتح وكوادرها غير قادرة على زحزحه وانهاء هذا النهج المدمر للحركة الوطنية وفتح. لانطلاقة ثورة انتهكت مبادئها واهدافها وشرد وقتل كثير من مناضليها ودخلت دهاليز التسوية المميتة لقضيتنا وحقوقنا وكرامتنا وشهدائنا ليحتفلوا بخيبتهم وسقوط ثورة .. كان الاجدر ان تصوبوا بموضوعية سلوك وطريق لحركة استولى عليها مارقين ولصوص لترجعوا الحق الوطني الى نصابه ولتعيدوا شرف القسم والوعد فان الوعد والعهد مسؤلا ... وما زالت مشكلتنا قائمة في نخب تجامل وهي تدري او لا تدري انها تتساوق وتؤيد هؤلاء اللصوص. لثورة وكيان يبيع غالبية فلسطين في اول محطة تمكنت فيها تلك الفئة، في

في حين قراءة الواقع بشكل جيد يعطيك احداثيات الماضي.

قال رئيس أركان الجيش الإسرائيلي، أفيف كوخافي، إن جيشه كان يستعد لشن عملية أمنية واسعة في جنين قبل ثلاثة أشهر، لكن إسرائيل مارست ضغوطا على السلطة الفلسطينية حتى نفذت العملية بنفسه وصادرت اسلحة واعتقلت العشرات ولاحقت الارهبيين وعمليات العنف .

عام مضى حمل معه الكثير من الروايات والاحداث على المستوى الذاتي والاقليمي والدولي وكان عاما قاسيا على جمبع الشعوب في العالم. وانذا ر للبشرية ومهما اتت من قوة البطش والتقدم العلمي بان القوة لله وحده الواحد الاحد..وفلسطينيا حمل معه استمرار لسلب ارادته وتكريس انقسامة والثبات على برنامج اضاع القضية وفتك بها واستمرار لوجود اللصوص والفاسدين والعصابات المنظمة في حياته ومتصدرين القرار .. وعام ياتي من جديد نتمنى ان يكون افضل حالا مما مضى على الكرة الارضية وعام جديد على شعبنا يتخلص من الامه وازماته وعام يتم فيه تقرير حق المصير لشعبنا ونيل حقوقه التاريخية واختفاء اللصوص والمستبدين والفاسدين من حياته. وكل عام ياتي وانتم بخير يا شعبنا الفلسطيني وامتنا العربية والاسلامية وشعوب العالم.

من عجب العجاب ان يتحدث رئيس السلطة بعبارات شعبوية تخالف سلوكه و ممارساته التي لم تعد تخفى حتى على العامة في حين ان سقف محادثاته واتصالاته بالاسرائيليين لا يعدو عن كونه دور وظيفي بموجب قناعة اسرائيلية امريكية بتعزيز دور السلطة مادامت تقوم بهذا الدور الوظيفي ربما كانت كلمة رئيس الاركان كوفاخي توجز كثير مما سنقول حين كثفت السلطة عملياتها الامنية في كل مناطق أ و ب قبل اللقاء الاخير الذي تم مع وزير الحرب الصهيوني في منزله في شمال فلسطين المحتلة والذي حمل اسم (الازدهار والامن) طبيعي ان يحمل هذا الاسم بما يحمل من معاني وسلوكيات نفذتها السلطة ضد الحركة الوطنية الفلسطينية في الضفة الغربية وتزايد عدد العمليات التي تستهدف المستوطنين و جيش الاحتلال و في ظل عمل معاكس بدأ به المستوطنين في التهجم على القرى الفلسطينية والمزارع الفلسطينية و الغريب هنا ان يقبل عباس قارورة من زيت الزيتون التي اقل شجرة فيه اطول من عمر الاحتلال وعمر عباس في حد ذاته وهو زيتون فلسطيني تاريخي واملاك فلسطينية وكأن غينتس يريد ان يقول لن نتخلى عن الاستيطان ومصادرة الارض والمياه والاشجار ايضا وقبل بذلك عباس بدون اي اعتراض .

ولكن عباس يتحدث ويقول انه سيحارب العنف ويلاحقه ولن يتخلى عن التنسيق الامني الذي اعترف بفائدته كوفاخي .

الانطلاقة و في التحضير لاحتفالاتها يذهب الرئيس الفلسطيني للقاء كوفاخي تحت جدول عمل الامن اولا ثم بعض الحقوق المدنية للشعب الفلسطيني وبالتأكيد ان الاسرائيليين يضعوا الامن اولا بمقايدة عجيبة بمال لتعزيز السلطة في حين ايضا ان الاحتلال وامريكا والغرب يقرون بقاء الوضع كما هو عليه بدون اي افق سياسي او الرجوع حتى للمبادرات والمشاريع التي لا تعطي الفلسطينيين حقهم والتي لا تهدف لحل الصراع .

ماذا يقول الفتحاويون المحتشدون في اماكن مختلفة لاشعال شعلة الانطلاقة اهم حقا فتحاويون او هل هناك مراجعات يمكن ان تعيد سريان النهر لمجراه الاساسي ام مازالت تلك النخب والقاعدة الشعبية لحركة فتح مغررة بجمل شعبوية يرفضها الواقع الذي حركة فتح فيه الان فشتان بين فتح الانطلاقة وشعائرها وشهدائها واسراها وبين سلوك قيادة حركة فتح منذ سنوات وليس الان فحسب ، لماذا لم تعترض تلك النخب على هذا النهج ؟ لماذا تحولت الثقافة من ثقافة التحرير الى ثقافة الترويض السلوكي والثقافي لقبول الواقع وقبول قراصنة على هذه الارض واعطائهم الشرعية ، هل هناك من حركة تحرر تنازلت عن شبر واحد من اراضيها او حرف من حروف مبادئها دعونا ان نقول ان هناك في الامر شيئا من البدايات الى واقع النهايات .

عن اي امن وازدهار يتحدث عباس و غينتس و المستوطنين الاسرائيليين مطلوب حمايتهم ليس من جيش الاحتلال بل من الاجهزة الامنية للسلطة التي تقول عن نفسها انها وطنية في حين ان اسرائيل في اتفاقية اوسلو رفضت وضع كلمة وطنية في تعريف السلطة في اشارة بلاغية بأن السلطة هي احد المؤسسات التي يديرها الاحتلال وقبلت القيادة الفلسطينية بشطب كلمة الوطنية ولم تذكر اي محددات للاستيطان او رفض الاستيطان او وقف الاستيطان هكذا الواقع و هكذا الامور بل مطلوب من الشعب الفلسطيني ان لا يواجه عملية مصادرة الاراضي او القتل على الحواجز او مقاومة الاحتلال وبالتالي يتحقق الامن والازدهار للاسرائيليين والقتل والدمار وتدمير المنازل والمزارع يجب ان يتحمله الشعب الفلسطيني مقابل امن وازدهار الاتحلال وبعض ملايين الدولارات التي تحيي رجال السلطة ولا تحيي الشعب الفلسطيني .",unclear,,mistral:7b,unclear,,article,3
20220101,43,ITALY,,https://www.analisidifesa.it/2022/01/il-2021-ha-rilanciato-limmigrazione-illegale-su-vasta-scala-in-italia/,pull,limmigrazione,mistral:7b,,,mistral:7b,,,,mistral:7b,pull,limmigrazione,url_1,3
20220101,173,ITALY,ALBANIA,http://www.oranews.tv/vendi/ky-eshte-shqiptari-i-arratisur-nga-burgu-ne-itali-naten-e-nderrimit-te-vit-i1023852,pull,fugitive,mistral:7b,,,mistral:7b,,,,mistral:7b,pull,fugitive,url_1,3
20220101,42,ITALY,ITALIAN,https://www.interris.it/copertina/perno-opbg-omicron-bambini/,neutral,No clear migration-related tokens,mistral:7b,,,mistral:7b,,,,mistral:7b,neutral,No clear migration-related tokens,url_1,3
20220101,43,ITALIAN,,https://www.interris.it/copertina/perno-opbg-omicron-bambini/,neutral,No clear migration-related tokens,mistral:7b,,,mistral:7b,,,,mistral:7b,neutral,No clear migration-related tokens,url_1,3
20220101,43,ITALIAN,ITALY,https://www.interris.it/copertina/perno-opbg-omicron-bambini/,neutral,No clear migration-related tokens,mistral:7b,,,mistral:7b,,,,mistral:7b,neutral,No clear migration-related tokens,url_1,3
20220101,10,JUDGE,,https://www.analisidifesa.it/2022/01/il-2021-ha-rilanciato-limmigrazione-illegale-su-vasta-scala-in-italia/,push,'illegal immigration',mistral:7b,,,mistral:7b,,,,mistral:7b,push,'illegal immigration',url_1,3
20220101,43,SOUTH KOREA,MUSLIM,https://portaljember.pikiran-rakyat.com/pariwisata/pr-163372393/7-destinasi-wisata-halal-di-korea-selatan-cocok-bagi-umat-muslim-yang-traveling-ke-negeri-ginseng,unclear,URL too short and generic,mistral:7b,neutral,<no clear migration-related tokens>,mistral:7b,,,,mistral:7b,neutral,<no clear migration-related tokens>,url_2,3
20220101,84,TRADE UNION,,https://www.franceguyane.fr/actualite/social/mobilisation-sociale-a-pointe-a-pitre-elie-domota-a-ete-arrete-493999.php,pull,'traveling to the land of ginseng',mistral:7b,,,mistral:7b,,,,mistral:7b,pull,'traveling ke negeri ginseng',url_1,3
20220101,111,TRADE UNION,,https://www.franceguyane.fr/actualite/social/mobilisation-sociale-a-pointe-a-pitre-elie-domota-a-ete-arrete-493999.php,neutral,No clear migration-related tokens,mistral:7b,,,mistral:7b,,,,mistral:7b,neutral,No clear migration-related tokens,url_1,3
20220101,100,REPRESENTATIVES,VOTER,https://www.corriere.it/editoriali/22_gennaio_01/i-partiti-quirinaleche-cosa-serve-ora-paese-466c0010-6b3e-11ec-a3c8-e3c830b3b1de.shtml,neutral,No clear migration-related tokens,mistral:7b,,,mistral:7b,,,,mistral:7b,neutral,No clear migration-related tokens,url_1,3
20220101,120,REPRESENTATIVES,VOTER,https://www.corriere.it/editoriali/22_gennaio_01/i-partiti-quirinaleche-cosa-serve-ora-paese-466c0010-6b3e-11ec-a3c8-e3c830b3b1de.shtml,neutral,No clear migration-related tokens,mistral:7b,,,mistral:7b,,,,mistral:7b,neutral,No clear migration-related tokens,url_1,3
20220101,161,MONACO,,https://madeinfoot.ouest-france.fr/infos/article-asm-l-as-monaco-officialise-le-depart-de-niko-kovac-officiel-364395.html,neutral,No clear migration-related tokens,mistral:7b,,,mistral:7b,,,,mistral:7b,neutral,No clear migration-related tokens,url_1,3
20220101,161,MONACO,,https://madeinfoot.ouest-france.fr/infos/article-asm-l-as-monaco-officialise-le-depart-de-niko-kovac-officiel-364395.html,neutral,No clear migration-related tokens,mistral:7b,,,mistral:7b,,,,mistral:7b,neutral,No clear migration-related tokens,url_1,3
20220101,51,MILITARY,,https://www.okaz.com.sa/news/na/2092790,unclear,URL too short or ambiguous,mistral:7b,unclear,URL too short,mistral:7b,"أحمد الشميري «عكاظ» (جدة،الرياض) a_shmeri@

‏ثمن وزير الإعلام اليمني معمر الإرياني، المواقف الأخوية والدعم اللامحدود من تحالف دعم الشرعية بقيادة السعودية التي قدمت الغالي والنفيس لنصرة اليمن، وإسناده في معركة استعادة الدولة وإسقاط الانقلاب الحوثي، بتوجيهات كريمة من خادم الحرمين الشريفين الملك سلمان بن عبدالعزيز، وولي العهد الأمير محمد بن سلمان.



ونوه بالجهود الاستثنائية النبيلة التي بذلها نائب وزير الدفاع الأمير خالد بن سلمان، وكذلك قائد القوات المشتركة الفريق الركن مطلق بن سالم الأزيمع، وكل المعنيين الذي يعملون ليل نهار لدعم اليمنيين في معركتهم المصيرية، مؤكدا بقوله «لن ننسى هذه المواقف النبيلة للأشقاء».



وأشاد الإرياني بتوحد أيادي وإرادة اليمنيين في التصدي للغزو الفارسي وأذياله من مليشيا الإرهاب الحوثية في جبهات مأرب والجوف وتعز والضالع وشبوة والحديدة والبيضاء، ومواقفهم في صوالين الساسة ودهاليز السياسة وصفحات المواقع الإخبارية والنشطاء في منصات التواصل الاجتماعي.



وقال في سلسلة تغريدات عبر حسابه في «تويتر» أمس (السبت): استثمر النظام الإيراني خلافات القوى السياسية للدفع بمليشيا الحوثي لقلب الطاولة على الجميع، للانقلاب على مخرجات مؤتمر الحوار الوطني الشامل، واحتلال العاصمة المختطفة صنعاء، والبدء بعمليات تجريف ممنهج لمؤسسات الدولة والهوية الوطنية والعربية، وتدمير النسيج الاجتماعي والسلم الأهلي.



وأضاف: اشتغلت مليشيا الحوثي على اختراق الجبهة الوطنية عبر بعض المواقع والصفحات لخلخلة الصفوف وتغذية الخلافات وتعميقها، وشغل اليمنيين بمعارك ثانوية وصرفهم عن معركتهم المصيرية، وما زالت تراهن على الانقسامات لتمرير مشروعها السرطاني بأحقاده التاريخية وخلفياته العقائدية المستوردة من طهران.



وأكد أن ما يحدث على الأرض من ترتيبات عسكرية بدعم من تحالف دعم الشرعية، لتغيير مسار المعركة من الدفاع للهجوم واستعادة ما تم فقدانه من الأراضي المحررة، وتحرير كل شبر من التراب اليمني، يحتم على القوى السياسية وكافة الإعلاميين والصحفيين ترك خلافاتهم والتوحد خلف الجيش اليمني والمقاومة.



وجدد الإرياني دعوة كافة القوى السياسية والإعلاميين والصحفيين للاستفادة من دروس الماضي، وتجاوز خلافاتهم وتوحيد الصف والجهود خلف الشرعية اليمنية بقيادة الرئيس عبدربه منصور هادي، إدراكا لخطورة المعركة، وتقديرا للدماء الطاهرة التي سكبت في مختلف جبهات القتال دفاعا عن الوطن ومكتسباته.



من جهة أخرى نجح الجيش اليمني الوطني بإسناد من تحالف دعم الشرعية في استنزاف وإفشال مخططات الانقلاب الإرهابية، ما تسبب في تفاقم الصراعات وحالات التصفية الداخلية بين أجنحة المليشيا في المديريات الجنوبية لمحافظة مأرب. وقالت مصادر قبلية لـ«عكاظ»، إن مسلحاً حوثياً أطلق الرصاص الحي على الزعيم القبلي صالح القاضي المعين وكيلاً لمحافظة مأرب من قبل الحوثي في منزله، (الخميس) الماضي، وأرداه قتيلاً .



وأضافت المصادر أن سيناريو الاضطرابات النفسية محاولة للتغطية على عملية التصفية المتعمدة، خصوصاً بعد تكتم المليشيا على الحادثة ونقل جثة الزعيم القبلي الذي ينتمي إلى قبلية مراد إلى صنعاء، مؤكدة أن التصفية جاءت على خلفية نجاحات الجيش اليمني في شبوة وسيطرته على مديرية عسيلان ما تتسبب في فرض حصار على العناصر الحوثية (جنوبي مأرب). وأفادت بأن القاضي من الشخصيات التي سهلت دخول المليشيا إلى مناطقه ورغم ذلك جرت تصفيته عل غرار ما حدث لموالين في محافظات عمران وصعدة. وفجرت مليشيا الحوثي في مديرية الجوبة (جنوبي مأرب) منزل مبخوت الفقير في منطقة الخثلة بعد أن زرعت فيه عبوات ناسفة من الداخل، ووفقاً لمصادر قبلية، فإن عشرات المنازل جرى تفجيرها خلال اليومين الماضيين في الجوبة.",push,"The article discusses the support from the Saudi-led coalition for Yemen's government, their efforts to fight Houthi rebels, and the consequences of Iranian support for the Houthi militia. This suggests conditions that may cause people (Yemenis) to leave their country due to war and violence.",mistral:7b,push,"The article discusses the support from the Saudi-led coalition for Yemen's government, their efforts to fight Houthi rebels, and the consequences of Iranian support for the Houthi militia. This suggests conditions that may cause people (Yemenis) to leave their country due to war and violence.",article,3
20220101,51,MILITARY,,https://www.okaz.com.sa/news/na/2092790,unclear,URL too short or ambiguous,mistral:7b,neutral,No clear migration-related tokens,mistral:7b,,,,mistral:7b,neutral,No clear migration-related tokens,url_2,3
20220101,114,NAVY,,https://omirante.pt/sociedade/2022-01-01-Vila-Franca-de-Xira-vai-ter-de-realizar-mais-obras-para-ganhar-novo-tribunal-a4687496,pull,Vila-Franca de Xira will have to carry out more works to gain a new court,mistral:7b,,,mistral:7b,,,,mistral:7b,pull,Vila-Franca de Xira vai ter de realizar mais obras para ganhar novo tribunal,url_1,3
20220101,190,MALI,,http://malijet.com/actualite-politique-au-mali/editorial-journaux-mali/265485-edito-le-pragmatisme-russe-aux-antipodes-des-th%C3%A9ories-fran%C3%A7aises.html,unclear,No clear migration-related tokens,mistral:7b,pull,aid,mistral:7b,,,,mistral:7b,pull,aid,url_2,3
20220101,42,MUSLIM,SOUTH KOREA,https://portaljember.pikiran-rakyat.com/pariwisata/pr-163372393/7-destinasi-wisata-halal-di-korea-selatan-cocok-bagi-umat-muslim-yang-traveling-ke-negeri-ginseng,pull,halal-tourism-destinations-in-South-Korea-suitable-for-Muslims-who-travel-to-ginseng-land,mistral:7b,,,mistral:7b,,,,mistral:7b,pull,halal-tourism-destinations-in-South-Korea-suitable-for-Muslims-who-travel-to-ginseng-land,url_1,3
20220101,841,PRISONER,DIPLOMAT,https://www.republika.co.id/berita/r520da430/indiapakistan-tukar-daftar-tahanan,unclear,No clear migration-related tokens,mistral:7b,,,mistral:7b,"REPUBLIKA.CO.ID,ISLAMABAD - - India dan Pakistan saling bertukar daftar warga negara yang ditahan di penjara pada Sabtu (1/1). Pertukaran dilakukan melalui diplomat masing-masing di Islamabad dan New Delhi.

Praktek ini konsisten dengan kesepakatan 2008 antara kedua belah pihak tentang akses konsuler ke tahanan. Kesepakatan itu mengharuskan mereka untuk bertukar daftar tahanan di tahanan masing-masing setiap Januari dan Juli.

Pakistan berbagi dengan diplomat top India di Islamabad daftar 628 tahanan India yang ditahan di Pakistan. Jumlah ini termasuk 577 nelayan yang dituduh melakukan penangkapan ikan ilegal di perairan teritorial Pakistan, dan 51 lainnya.

India secara bersamaan berbagi dengan Pakistan daftar tahanan tetangganya yang ditahan di India. India menyerahkan daftar 282 tahanan Pakistan dan 73 nelayan. Rincian tentang tahanan sipil yang ditahan India tidak tersedia.

Januari lalu, India menyerahkan kepada Pakistan daftar 263 tahanan Pakistan dan 77 nelayan di tahanan India. Pakistan pun pada 2021 membagikan daftar 270 nelayan India dan 49 tahanan lainnya dalam tahanannya.

Kedua belah pihak saling menangkap nelayan karena melintasi perbatasan laut tak bertanda antara kedua negara. Nelayan yang mencari hasil tangkapan yang lebih baik tanpa teknologi navigasi modern sering kali masuk ke wilayah perairan negara lain.

Badan keamanan maritim Pakistan dan India menyita kapal mereka dan memenjarakannya. Nelayan biasanya baru dibebaskan setelah kedua negara melakukan negosiasi. Biasanya para nelayan menghabiskan bertahun-tahun di balik jeruji besi tanpa pengadilan formal.

Baik Pakistan maupun India tidak memberikan rincian tentang tahanan sipil lainnya. Namun penangkapan di kedua belah pihak termasuk pelanggaran seperti visa tinggal lebih lama atau perjalanan ke kota-kota yang tidak sah.

Selain itu, menurut pernyataan resmi dari dua negara bersenjata nuklir itu, kedua belah pihak juga bertukar daftar aset dan fasilitas nuklir di bawah perjanjian yang berlaku selama tiga dekade.

Pertukaran tersebut merupakan bagian dari pakta yang ditandatangani oleh kedua negara pada Desember 1988. Dalam perjanjian itu disebut Larangan Serangan terhadap Instalasi dan Fasilitas Nuklir. Itu dilaksanakan pada 1991.

Tidak ada pihak yang memberikan rincian fasilitas dan instalasi nuklir. Hanya saja, sebagian besar diyakini bahwa daftar tersebut terdiri dari fasilitas nuklir yang diketahui.

Pakistan dan India memiliki hubungan yang tegang sejak kemerdekaan dari pemerintahan kolonial Inggris pada tahun 1947 atas wilayah Himalaya di Kashmir. Wilayah Kashmir yang indah terbagi antara India dan Pakistan. Keduanya mengklaimnya secara keseluruhan dan berperang dua dari tiga perang mereka di wilayah tersebut.

Hubungan antara kedua negara menjadi lebih tegang setelah India mencabut status khusus Kashmir yang dikuasai India dalam konstitusinya pada Agustus 2019.

Sumber:

https://apnews.com/article/pakistan-asia-india-new-delhi-kashmir-1cf725ec147d967c67b6a289014fe5eb",unclear,"The article focuses on the exchange of prisoners between India and Pakistan, which could be interpreted as a result of tension or conflict (push factor). However, it also discusses the nuclear asset and facilities exchange, which might suggest stability (pull factor). The overall context is too complex to definitively classify as push, pull, mixed, neutral, or unclear.",mistral:7b,unclear,"The article focuses on the exchange of prisoners between India and Pakistan, which could be interpreted as a result of tension or conflict (push factor). However, it also discusses the nuclear asset and facilities exchange, which might suggest stability (pull factor). The overall context is too complex to definitively classify as push, pull, mixed, neutral, or unclear.",article,3
20220101,42,POLE,,https://as.com/futbol/2022/01/01/primera/1641057005_745473.html,neutral,No clear migration-related tokens,mistral:7b,,,mistral:7b,,,,mistral:7b,neutral,No clear migration-related tokens,url_1,3
20220101,161,PORTUGAL,MADEIRA,https://www.akhbarona.com/last/340605.html,push,after-rocket-fire-israeli-strikes-on-gaza,mistral:7b,,,mistral:7b,,,,mistral:7b,push,after-rocket-fire-israeli-strikes-on-gaza,url_1,3
20220101,10,PALESTINIAN,,https://www.lematin.ch/story/apres-des-tirs-de-roquettes-frappes-israeliennes-sur-gaza-569823935907,push,rocket-fire-strikes-isra…lez-en-Gaza,mistral:7b,,,mistral:7b,,,,mistral:7b,push,rocket-fire-strikes-isra…lez-en-Gaza,url_1,3
20220101,10,PALESTINIAN,,https://www.lematin.ch/story/apres-des-tirs-de-roquettes-frappes-israeliennes-sur-gaza-569823935907,push,"rocket fire, Israeli strikes on Gaza",mistral:7b,,,mistral:7b,,,,mistral:7b,push,"rocket fire, Israeli strikes on Gaza",url_1,3
20220101,61,PALESTINIAN,,https://www.alquds.co.uk/%D8%A7%D9%84%D8%AC%D9%8A%D8%B4-%D8%A7%D9%84%D8%A5%D8%B3%D8%B1%D8%A7%D8%A6%D9%8A%D9%84%D9%8A-%D9%8A%D9%82%D8%B5%D9%81-%D8%A3%D9%87%D8%AF%D8%A7%D9%81%D8%A7-%D9%81%D9%8A-%D9%82%D8%B7%D8%A7%D8%B9-%D8%BA/,pull,Israeli army,mistral:7b,,,mistral:7b,,,,mistral:7b,pull,Israeli army,url_1,3
20220101,10,PALESTINIAN,ISRAEL,https://www.lematin.ch/story/apres-des-tirs-de-roquettes-frappes-israeliennes-sur-gaza-569823935907,push,"rocket fire, Israeli strikes on Gaza",mistral:7b,,,mistral:7b,,,,mistral:7b,push,"rocket fire, Israeli strikes on Gaza",url_1,3
20220101,10,PALESTINIAN,ISRAEL,https://www.lematin.ch/story/apres-des-tirs-de-roquettes-frappes-israeliennes-sur-gaza-569823935907,push,"rocket fire, Israeli strikes on Gaza",mistral:7b,,,mistral:7b,,,,mistral:7b,push,"rocket fire, Israeli strikes on Gaza",url_1,3
20220101,61,PALESTINIAN,ISRAEL,https://www.alquds.co.uk/%D8%A7%D9%84%D8%AC%D9%8A%D8%B4-%D8%A7%D9%84%D8%A5%D8%B3%D8%B1%D8%A7%D8%A6%D9%8A%D9%84%D9%8A-%D9%8A%D9%82%D8%B5%D9%81-%D8%A3%D9%87%D8%AF%D8%A7%D9%81%D8%A7-%D9%81%D9%8A-%D9%82%D8%B7%D8%A7%D8%B9-%D8%BA/,pull,Israeli army,mistral:7b,,,mistral:7b,,,,mistral:7b,pull,Israeli army,url_1,3
20220101,195,HAMAS,,https://alquds.com/2022/01/02/%D8%A7%D9%84%D8%A7%D8%AD%D8%AA%D9%84%D8%A7%D9%84-%D9%8A%D9%82%D8%B5%D9%81-%D9%85%D9%88%D9%82%D8%B9%D9%8B%D8%A7-%D9%84%D9%84%D9%85%D9%82%D8%A7%D9%88%D9%85%D8%A9-%D8%A8%D8%BA%D8%B2%D8%A9/,mixed,The occupation bombs a resistance site in Gaza,mistral:7b,,,mistral:7b,,,,mistral:7b,mixed,The occupation bombs a resistance site in Gaza,url_1,3
20220101,195,HAMAS,,https://alquds.com/2022/01/02/%D8%A7%D9%84%D8%A7%D8%AD%D8%AA%D9%84%D8%A7%D9%84-%D9%8A%D9%82%D8%B5%D9%81-%D9%85%D9%88%D9%82%D8%B9%D9%8B%D8%A7-%D9%84%D9%84%D9%85%D9%82%D8%A7%D9%88%D9%85%D8%A9-%D8%A8%D8%BA%D8%B2%D8%A9/,mixed,The occupation bombs a resistance site in Gaza,mistral:7b,,,mistral:7b,,,,mistral:7b,mixed,The occupation bombs a resistance site in Gaza,url_1,3
20220101,1712,POLITICIAN,,https://www.analisidifesa.it/2022/01/il-2021-ha-rilanciato-limmigrazione-illegale-su-vasta-scala-in-italia/,push,il-2021 has relaunched large-scale illegal immigration in Italy,mistral:7b,,,mistral:7b,,,,mistral:7b,push,il-2021 has relaunched large-scale illegal immigration in Italy,url_1,3
20220101,833,ARCHBISHOP,,https://noticias.uol.com.br/ultimas-noticias/efe/2022/01/01/sul-africanos-se-despedem-de-desmond-tutu.htm,unclear,South Africans say goodbye to Desmond Tutu,mistral:7b,unclear,URL too short,mistral:7b,"Joanesburgo, 1 jan (EFE).- Desmond Tutu foi um ""cruzado pela liberdade, justiça e paz"", disse o presidente da África do Sul, Cyril Ramaphosa, durante o funeral oficial realizado neste domingo do hoje para dar a última despedida solene ao arcebispo emérito.

Com uma missa de réquiem celebrada na Catedral Anglicana de São Jorge, na Cidade do Cabo, a África do Sul se despediu de Tutu, que faleceu no dia 26 de dezembro naquela mesma cidade aos 90 anos.

Ramaphosa destacou o apoio do arcebispo a uma longa lista de causas, o que levou ""grupos de ativistas do clima e LGBTQIA+"" a homenagear aquele que foi ""um ser humano humilde e corajoso que falou pelos oprimidos (...) de mundo"", disse o presidente.

Seguindo a vontade de Tutu, que havia pedido que não fosse gasto dinheiro desnecessariamente em seu funeral, o caixão escolhido foi um modelo de madeira muito simples e durante a cerimônia não houve outros discursos além do presidente sul-africano.

Naomi Tutu, filha do arcebispo, agradeceu as expressões de carinho recebidas durante esses dias.

""Nós compartilhamos (Tutu) com o mundo e vocês compartilharam conosco um pouco do amor que sentimos por ele"", disse a filha de Desmond Tutu, visivelmente emocionada.

Algumas das leituras da missa foram feitas por outras figuras proeminentes e próximas de Tutu, como a ex-presidente irlandesa Mary Robinson, a ativista moçambicana Graça Machel - viúva de Nelson Mandela - e a ministra da Infraestrutura e ex-prefeita da Cidade do Cabo Patricia de Lille. EFE

jhb-lbg/phg

(foto)(vídeo)",neutral,The article is about the funeral of Desmond Tutu and does not clearly discuss conditions that may cause people to leave or arrive in South Africa.,mistral:7b,neutral,The article is about the funeral of Desmond Tutu and does not clearly discuss conditions that may cause people to leave or arrive in South Africa.,article,3
20220101,84,ROMANIA,,https://evz.ro/catalin-harnagea-fostul-sef-al-serviciului-extern-de-informatii-incepe-sa-scrie-in-evenimentul-zilei.html,neutral,"Catalin Harnagea, the former head of the foreign intelligence service, begins to write in the event of the day",mistral:7b,,,mistral:7b,,,,mistral:7b,neutral,"Catalin Harnagea, the former head of the foreign intelligence service, begins to write in the event of the day",url_1,3
20220101,10,RUSSIA,,https://www.volynnews.com/news/all/5-naykrutishykh-skarbiv-volynskoho-krayeznavchoho-muzeiu-foto/,neutral,<URL token too short>,mistral:7b,,,mistral:7b,,,,mistral:7b,neutral,<URL token too short>,url_1,3
20220101,10,RUSSIA,,https://kino.24tv.ua/ru/novogodnie-multfilmy-dlja-vsej-semi-dushevnaja-podborka-dlja_n1831930,unclear,<URL token too short>,mistral:7b,unclear,<URL too short>,mistral:7b,"Рождество – это самый прекрасный праздник, который с большим нетерпением ждут дети и взрослые. Так как он полон радости, и каждый ждет в это время чуда. Ничто так не помогает окунуться в атмосферу праздника, как шедевры мировой анимации. Мы подготовили пятерку лучших.

Не пропустите Разрушаем мифы в кино: 5 популярных стереотипов о казино, которые нам навязывает Голливуд

Рождественская история

(A Christmas Carol)

Год выхода: 2009

О сюжете

Великолепная анимационная драма от студии Walt Disney Pictures ""Рождественская история"" является экранизацией повести известного классика мировой литературы Чарльза Диккенса.

События картины разворачиваются вокруг пожилого мужчины по имени Эбенезер Скрудж. Он жуткий скряга, и каждый день думает только о том, как бы сэкономить лишний цент. У него нет ни капельки сочувствия к бедным людям, да и ко всему прочему, Скруджу просто чужды дружба, любовь, а Рождество он вообще не считает праздником.

Однако в преддверии этого светлого и доброго праздника Эбенезеру предстоит пережить еще раз свое прошлое и увидеть настоящее и будущее, что заставит его по-другому взглянуть на мир, и это изменит его навсегда.

Трейлер мультфильма ""Рождественская история"": смотрите видео онлайн

Актер всегда находится в центре внимания на съемочной площадке. Так же, как SlotoKing среди любителей азартных игр. Это онлайн-казино занимает лидирующие позиции среди украинских аналогов, так как предоставляет только высококачественный сервис.

Полярный экспресс

(The Polar Express)

Год выхода: 2004

О сюжете

Мультфильм режиссера Роберта Земекиса, снятый по мотивам одноименной книги Криса Ван Оллсбурга.

Сюжет рассказывает о необычных путешествиях маленького мальчика по Северному полюсу в волшебном поезде к Санта-Клаусу. Мальчик верит в Санту, вопреки тому, что все его друзья и семья в один голос утверждают, что это лишь сказка. И вот однажды вера мальчика вознаграждается.

В канун Рождества мальчик вдруг получает возможность поехать на волшебном поезде к нему в гости. И в то время, как на спящий мир опускается Рождественская ночь, пассажиры экспресса мчатся на Северный полюс, встречая приключения и опасности на своем пути, которые подстерегают их в зловещих горах, темных лесах и ледяной тундре. Героев ждут удивительные путешествия на пути к их цели.

Трейлер мультфильма ""Полярный экспресс"": смотрите видео онлайн



Клаус

(Klaus)

Год выхода: 2019

О сюжете

История о том, как все началось...

Когда эгоистичный и ленивый сын богатого магната Джеспер проваливает учебу в почтовой академии, заслуженно становясь худшим студентом, отец парня отправляет его на перевоспитание на отдаленный остров за полярным кругом.

Чтобы вернуться домой и пользоваться благами родительского достатка, Джесперу придется послать шесть тысяч писем, однако вскоре он обнаруживает, что местные жители, разделенные на два противоборствующих лагеря, вообще не пользуются почтовыми услугами.

Джеспер, раздосадованный очередной неудачей, собирается признать миссию невыполнимой, но неожиданно находит союзников – очаровательную учительницу Альву и таинственного лесоруба Клауса.

Трейлер мультфильма ""Клаус"": смотрите видео онлайн



Хранители снов

(Rise of the Guardians)

Год выхода: 2012

О сюжете

Это полнометражный мультфильм-сказка, созданный по книге писателя Уильяма Джойса.

Герои этой истории, Санта-Клаус, Пасхальный кролик, Зубная фея и Песочный человек, дружат с детства, а теперь они являются одной дружной командой, которая охраняет сны малышей. Все шло замечательно, пока на горизонте не появился злой дух. Ему совсем не по нраву то, что дети очень много мечтают, и в планы злодея входит заменить детские фантазии ночными кошмарами.

Восемнадцатилетний Ледяной Джек приходит на помощь хранителям и возглавляет борьбу против злого духа. Ситуация осложняется тем, что прихвостни злодея похитили помощниц Зубной Феи и детские зубки, в том числе и зубы Джека, что лишает стража детских воспоминаний. Однако отступать нельзя. Детей, их мечты и веру надо спасти.

Трейлер мультфильма ""Хранители снов"": смотрите видео онлайн



Секретная служба Санта-Клауса

(Arthur Christmas)

Год выхода: 2011

О сюжете

Мультфильм погружает зрителя в мир захватывающих приключений Санта-Клауса и его младшего сына Артура. Каждый ребенок старается вести себя хорошо, чтобы в Новый Год увидеть под елкой желанные подарки, но одна девочка, несмотря на то, что весь год вела себя хорошо, осталась без подарка. Как такое могло произойти?

Почему верные помощники Санта-Клауса, эльфы, допустили такую ошибку? Ведь это же волшебный праздник, и у каждого ребенка должен быть подарок! Ситуацию решает исправить Артур, сын Санта-Клауса, который работает в почтовом отделении. Храбрый мальчик решается на опасные приключения ради справедливости.

Трейлер мультфильма ""Секретная служба Санта Клауса"": смотрите видео онлайн

Сайт 24 канала поздравляет всех с Новым годом и Рождеством Христовым. Спасибо, что доверяете – мы вместе меняем страну к лучшему.",neutral,The article does not primarily discuss conditions that may cause people to leave or arrive in any country. It is about Christmas movies.,mistral:7b,neutral,The article does not primarily discuss conditions that may cause people to leave or arrive in any country. It is about Christmas movies.,article,3
20220101,111,RUSSIAN,,https://www.teleport2001.ru/news/2022-01-02/140398-zasukha-grozit-lyudyam-i-zhivotnym-iz-za-stroitelstva-plotiny-na-dalnem-vostoke.html,push,dam construction,mistral:7b,,,mistral:7b,,,,mistral:7b,push,dam construction,url_1,3
20220101,110,RUSSIAN,FRENCH,http://malijet.com/actualite-politique-au-mali/editorial-journaux-mali/265485-edito-le-pragmatisme-russe-aux-antipodes-des-th%C3%A9ories-fran%C3%A7aises.html,unclear,<URL token too short>,mistral:7b,neutral,<no clear migration-related tokens>,mistral:7b,,,,mistral:7b,neutral,<no clear migration-related tokens>,url_2,3
20220101,182,JEDDAH,FRANCE,https://www.la-croix.com/Dakar-2022-Al-Attiyah-auto-Sanders-moto-remportent-prologue-concurrent-blesse-explosion-2022-01-01-1301192706,neutral,<URL token too short>,mistral:7b,,,mistral:7b,,,,mistral:7b,neutral,<URL token too short>,url_1,3
20220101,182,JEDDAH,FRANCE,https://www.la-croix.com/Dakar-2022-Al-Attiyah-auto-Sanders-moto-remportent-prologue-concurrent-blesse-explosion-2022-01-01-1301192706,neutral,<URL token the same as row_id 124>,mistral:7b,,,mistral:7b,,,,mistral:7b,neutral,<URL token the same as row_id 124>,url_1,3
20220101,182,JEDDAH,FRENCH,https://www.la-croix.com/Dakar-2022-Al-Attiyah-auto-Sanders-moto-remportent-prologue-concurrent-blesse-explosion-2022-01-01-1301192706,neutral,<URL token the same as row_id 124>,mistral:7b,,,mistral:7b,,,,mistral:7b,neutral,<URL token the same as row_id 124>,url_1,3
20220101,182,JEDDAH,FRANCE,https://www.la-croix.com/Dakar-2022-Al-Attiyah-auto-Sanders-moto-remportent-prologue-concurrent-blesse-explosion-2022-01-01-1301192706,neutral,<URL token the same as row_id 124>,mistral:7b,,,mistral:7b,,,,mistral:7b,neutral,<URL token the same as row_id 124>,url_1,3
20220101,120,SAUDI,SAUDI ARABIA,https://www.la-croix.com/Dakar-2022-Al-Attiyah-auto-Sanders-moto-remportent-prologue-concurrent-blesse-explosion-2022-01-01-1301192706,neutral,<URL token the same as row_id 124>,mistral:7b,,,mistral:7b,,,,mistral:7b,neutral,<URL token the same as row_id 124>,url_1,3
20220101,60,SENEGAL,,https://www.la-croix.com/Dakar-2022-Al-Attiyah-auto-Sanders-moto-remportent-prologue-concurrent-blesse-explosion-2022-01-01-1301192706,neutral,<URL token the same as row_id 124>,mistral:7b,,,mistral:7b,,,,mistral:7b,neutral,<URL token the same as row_id 124>,url_1,3
20220101,60,DAKAR,,https://www.la-croix.com/Dakar-2022-Al-Attiyah-auto-Sanders-moto-remportent-prologue-concurrent-blesse-explosion-2022-01-01-1301192706,unclear,<URL too short>,mistral:7b,neutral,<no clear migration-related tokens>,mistral:7b,,,,mistral:7b,neutral,<no clear migration-related tokens>,url_2,3
20220101,180,SETTLER,ISRAEL,https://www.alarab.com/Article/1018146,unclear,<URL too short>,mistral:7b,unclear,<URL too short>,mistral:7b,"اتكالا منا على الله.. اول الحروف للعاصفة...في بيانها الاول... وحجر رمي في نهر الاردن قالوا سيغير مجرى التاريخ.... الى الاعتراف بتوثيق مؤتمر هرتزل الاول.. واقرار سياسي وتاريخي وقانوني . بالاعتراف على معظم الارض التاريخية لصالح المشروع الصهيوني.. باغتيال العاصفة .

احتفى المحتفون با حتفالات خجولة بالانطلاقة وتحفظات باطنة معترضة على هذا النهج من الفتحاويين وما زالت قواعد فتح وكوادرها غير قادرة على زحزحه وانهاء هذا النهج المدمر للحركة الوطنية وفتح. لانطلاقة ثورة انتهكت مبادئها واهدافها وشرد وقتل كثير من مناضليها ودخلت دهاليز التسوية المميتة لقضيتنا وحقوقنا وكرامتنا وشهدائنا ليحتفلوا بخيبتهم وسقوط ثورة .. كان الاجدر ان تصوبوا بموضوعية سلوك وطريق لحركة استولى عليها مارقين ولصوص لترجعوا الحق الوطني الى نصابه ولتعيدوا شرف القسم والوعد فان الوعد والعهد مسؤلا ... وما زالت مشكلتنا قائمة في نخب تجامل وهي تدري او لا تدري انها تتساوق وتؤيد هؤلاء اللصوص. لثورة وكيان يبيع غالبية فلسطين في اول محطة تمكنت فيها تلك الفئة، في

في حين قراءة الواقع بشكل جيد يعطيك احداثيات الماضي.

قال رئيس أركان الجيش الإسرائيلي، أفيف كوخافي، إن جيشه كان يستعد لشن عملية أمنية واسعة في جنين قبل ثلاثة أشهر، لكن إسرائيل مارست ضغوطا على السلطة الفلسطينية حتى نفذت العملية بنفسه وصادرت اسلحة واعتقلت العشرات ولاحقت الارهبيين وعمليات العنف .

عام مضى حمل معه الكثير من الروايات والاحداث على المستوى الذاتي والاقليمي والدولي وكان عاما قاسيا على جمبع الشعوب في العالم. وانذا ر للبشرية ومهما اتت من قوة البطش والتقدم العلمي بان القوة لله وحده الواحد الاحد..وفلسطينيا حمل معه استمرار لسلب ارادته وتكريس انقسامة والثبات على برنامج اضاع القضية وفتك بها واستمرار لوجود اللصوص والفاسدين والعصابات المنظمة في حياته ومتصدرين القرار .. وعام ياتي من جديد نتمنى ان يكون افضل حالا مما مضى على الكرة الارضية وعام جديد على شعبنا يتخلص من الامه وازماته وعام يتم فيه تقرير حق المصير لشعبنا ونيل حقوقه التاريخية واختفاء اللصوص والمستبدين والفاسدين من حياته. وكل عام ياتي وانتم بخير يا شعبنا الفلسطيني وامتنا العربية والاسلامية وشعوب العالم.

من عجب العجاب ان يتحدث رئيس السلطة بعبارات شعبوية تخالف سلوكه و ممارساته التي لم تعد تخفى حتى على العامة في حين ان سقف محادثاته واتصالاته بالاسرائيليين لا يعدو عن كونه دور وظيفي بموجب قناعة اسرائيلية امريكية بتعزيز دور السلطة مادامت تقوم بهذا الدور الوظيفي ربما كانت كلمة رئيس الاركان كوفاخي توجز كثير مما سنقول حين كثفت السلطة عملياتها الامنية في كل مناطق أ و ب قبل اللقاء الاخير الذي تم مع وزير الحرب الصهيوني في منزله في شمال فلسطين المحتلة والذي حمل اسم (الازدهار والامن) طبيعي ان يحمل هذا الاسم بما يحمل من معاني وسلوكيات نفذتها السلطة ضد الحركة الوطنية الفلسطينية في الضفة الغربية وتزايد عدد العمليات التي تستهدف المستوطنين و جيش الاحتلال و في ظل عمل معاكس بدأ به المستوطنين في التهجم على القرى الفلسطينية والمزارع الفلسطينية و الغريب هنا ان يقبل عباس قارورة من زيت الزيتون التي اقل شجرة فيه اطول من عمر الاحتلال وعمر عباس في حد ذاته وهو زيتون فلسطيني تاريخي واملاك فلسطينية وكأن غينتس يريد ان يقول لن نتخلى عن الاستيطان ومصادرة الارض والمياه والاشجار ايضا وقبل بذلك عباس بدون اي اعتراض .

ولكن عباس يتحدث ويقول انه سيحارب العنف ويلاحقه ولن يتخلى عن التنسيق الامني الذي اعترف بفائدته كوفاخي .

الانطلاقة و في التحضير لاحتفالاتها يذهب الرئيس الفلسطيني للقاء كوفاخي تحت جدول عمل الامن اولا ثم بعض الحقوق المدنية للشعب الفلسطيني وبالتأكيد ان الاسرائيليين يضعوا الامن اولا بمقايدة عجيبة بمال لتعزيز السلطة في حين ايضا ان الاحتلال وامريكا والغرب يقرون بقاء الوضع كما هو عليه بدون اي افق سياسي او الرجوع حتى للمبادرات والمشاريع التي لا تعطي الفلسطينيين حقهم والتي لا تهدف لحل الصراع .

ماذا يقول الفتحاويون المحتشدون في اماكن مختلفة لاشعال شعلة الانطلاقة اهم حقا فتحاويون او هل هناك مراجعات يمكن ان تعيد سريان النهر لمجراه الاساسي ام مازالت تلك النخب والقاعدة الشعبية لحركة فتح مغررة بجمل شعبوية يرفضها الواقع الذي حركة فتح فيه الان فشتان بين فتح الانطلاقة وشعائرها وشهدائها واسراها وبين سلوك قيادة حركة فتح منذ سنوات وليس الان فحسب ، لماذا لم تعترض تلك النخب على هذا النهج ؟ لماذا تحولت الثقافة من ثقافة التحرير الى ثقافة الترويض السلوكي والثقافي لقبول الواقع وقبول قراصنة على هذه الارض واعطائهم الشرعية ، هل هناك من حركة تحرر تنازلت عن شبر واحد من اراضيها او حرف من حروف مبادئها دعونا ان نقول ان هناك في الامر شيئا من البدايات الى واقع النهايات .

عن اي امن وازدهار يتحدث عباس و غينتس و المستوطنين الاسرائيليين مطلوب حمايتهم ليس من جيش الاحتلال بل من الاجهزة الامنية للسلطة التي تقول عن نفسها انها وطنية في حين ان اسرائيل في اتفاقية اوسلو رفضت وضع كلمة وطنية في تعريف السلطة في اشارة بلاغية بأن السلطة هي احد المؤسسات التي يديرها الاحتلال وقبلت القيادة الفلسطينية بشطب كلمة الوطنية ولم تذكر اي محددات للاستيطان او رفض الاستيطان او وقف الاستيطان هكذا الواقع و هكذا الامور بل مطلوب من الشعب الفلسطيني ان لا يواجه عملية مصادرة الاراضي او القتل على الحواجز او مقاومة الاحتلال وبالتالي يتحقق الامن والازدهار للاسرائيليين والقتل والدمار وتدمير المنازل والمزارع يجب ان يتحمله الشعب الفلسطيني مقابل امن وازدهار الاتحلال وبعض ملايين الدولارات التي تحيي رجال السلطة ولا تحيي الشعب الفلسطيني .",unclear,,mistral:7b,unclear,,article,3
20220101,180,SETTLER,PALESTINIAN,https://www.alarab.com/Article/1018146,unclear,<URL too short>,mistral:7b,unclear,<URL identical to URL 131>,mistral:7b,"اتكالا منا على الله.. اول الحروف للعاصفة...في بيانها الاول... وحجر رمي في نهر الاردن قالوا سيغير مجرى التاريخ.... الى الاعتراف بتوثيق مؤتمر هرتزل الاول.. واقرار سياسي وتاريخي وقانوني . بالاعتراف على معظم الارض التاريخية لصالح المشروع الصهيوني.. باغتيال العاصفة .

احتفى المحتفون با حتفالات خجولة بالانطلاقة وتحفظات باطنة معترضة على هذا النهج من الفتحاويين وما زالت قواعد فتح وكوادرها غير قادرة على زحزحه وانهاء هذا النهج المدمر للحركة الوطنية وفتح. لانطلاقة ثورة انتهكت مبادئها واهدافها وشرد وقتل كثير من مناضليها ودخلت دهاليز التسوية المميتة لقضيتنا وحقوقنا وكرامتنا وشهدائنا ليحتفلوا بخيبتهم وسقوط ثورة .. كان الاجدر ان تصوبوا بموضوعية سلوك وطريق لحركة استولى عليها مارقين ولصوص لترجعوا الحق الوطني الى نصابه ولتعيدوا شرف القسم والوعد فان الوعد والعهد مسؤلا ... وما زالت مشكلتنا قائمة في نخب تجامل وهي تدري او لا تدري انها تتساوق وتؤيد هؤلاء اللصوص. لثورة وكيان يبيع غالبية فلسطين في اول محطة تمكنت فيها تلك الفئة، في

في حين قراءة الواقع بشكل جيد يعطيك احداثيات الماضي.

قال رئيس أركان الجيش الإسرائيلي، أفيف كوخافي، إن جيشه كان يستعد لشن عملية أمنية واسعة في جنين قبل ثلاثة أشهر، لكن إسرائيل مارست ضغوطا على السلطة الفلسطينية حتى نفذت العملية بنفسه وصادرت اسلحة واعتقلت العشرات ولاحقت الارهبيين وعمليات العنف .

عام مضى حمل معه الكثير من الروايات والاحداث على المستوى الذاتي والاقليمي والدولي وكان عاما قاسيا على جمبع الشعوب في العالم. وانذا ر للبشرية ومهما اتت من قوة البطش والتقدم العلمي بان القوة لله وحده الواحد الاحد..وفلسطينيا حمل معه استمرار لسلب ارادته وتكريس انقسامة والثبات على برنامج اضاع القضية وفتك بها واستمرار لوجود اللصوص والفاسدين والعصابات المنظمة في حياته ومتصدرين القرار .. وعام ياتي من جديد نتمنى ان يكون افضل حالا مما مضى على الكرة الارضية وعام جديد على شعبنا يتخلص من الامه وازماته وعام يتم فيه تقرير حق المصير لشعبنا ونيل حقوقه التاريخية واختفاء اللصوص والمستبدين والفاسدين من حياته. وكل عام ياتي وانتم بخير يا شعبنا الفلسطيني وامتنا العربية والاسلامية وشعوب العالم.

من عجب العجاب ان يتحدث رئيس السلطة بعبارات شعبوية تخالف سلوكه و ممارساته التي لم تعد تخفى حتى على العامة في حين ان سقف محادثاته واتصالاته بالاسرائيليين لا يعدو عن كونه دور وظيفي بموجب قناعة اسرائيلية امريكية بتعزيز دور السلطة مادامت تقوم بهذا الدور الوظيفي ربما كانت كلمة رئيس الاركان كوفاخي توجز كثير مما سنقول حين كثفت السلطة عملياتها الامنية في كل مناطق أ و ب قبل اللقاء الاخير الذي تم مع وزير الحرب الصهيوني في منزله في شمال فلسطين المحتلة والذي حمل اسم (الازدهار والامن) طبيعي ان يحمل هذا الاسم بما يحمل من معاني وسلوكيات نفذتها السلطة ضد الحركة الوطنية الفلسطينية في الضفة الغربية وتزايد عدد العمليات التي تستهدف المستوطنين و جيش الاحتلال و في ظل عمل معاكس بدأ به المستوطنين في التهجم على القرى الفلسطينية والمزارع الفلسطينية و الغريب هنا ان يقبل عباس قارورة من زيت الزيتون التي اقل شجرة فيه اطول من عمر الاحتلال وعمر عباس في حد ذاته وهو زيتون فلسطيني تاريخي واملاك فلسطينية وكأن غينتس يريد ان يقول لن نتخلى عن الاستيطان ومصادرة الارض والمياه والاشجار ايضا وقبل بذلك عباس بدون اي اعتراض .

ولكن عباس يتحدث ويقول انه سيحارب العنف ويلاحقه ولن يتخلى عن التنسيق الامني الذي اعترف بفائدته كوفاخي .

الانطلاقة و في التحضير لاحتفالاتها يذهب الرئيس الفلسطيني للقاء كوفاخي تحت جدول عمل الامن اولا ثم بعض الحقوق المدنية للشعب الفلسطيني وبالتأكيد ان الاسرائيليين يضعوا الامن اولا بمقايدة عجيبة بمال لتعزيز السلطة في حين ايضا ان الاحتلال وامريكا والغرب يقرون بقاء الوضع كما هو عليه بدون اي افق سياسي او الرجوع حتى للمبادرات والمشاريع التي لا تعطي الفلسطينيين حقهم والتي لا تهدف لحل الصراع .

ماذا يقول الفتحاويون المحتشدون في اماكن مختلفة لاشعال شعلة الانطلاقة اهم حقا فتحاويون او هل هناك مراجعات يمكن ان تعيد سريان النهر لمجراه الاساسي ام مازالت تلك النخب والقاعدة الشعبية لحركة فتح مغررة بجمل شعبوية يرفضها الواقع الذي حركة فتح فيه الان فشتان بين فتح الانطلاقة وشعائرها وشهدائها واسراها وبين سلوك قيادة حركة فتح منذ سنوات وليس الان فحسب ، لماذا لم تعترض تلك النخب على هذا النهج ؟ لماذا تحولت الثقافة من ثقافة التحرير الى ثقافة الترويض السلوكي والثقافي لقبول الواقع وقبول قراصنة على هذه الارض واعطائهم الشرعية ، هل هناك من حركة تحرر تنازلت عن شبر واحد من اراضيها او حرف من حروف مبادئها دعونا ان نقول ان هناك في الامر شيئا من البدايات الى واقع النهايات .

عن اي امن وازدهار يتحدث عباس و غينتس و المستوطنين الاسرائيليين مطلوب حمايتهم ليس من جيش الاحتلال بل من الاجهزة الامنية للسلطة التي تقول عن نفسها انها وطنية في حين ان اسرائيل في اتفاقية اوسلو رفضت وضع كلمة وطنية في تعريف السلطة في اشارة بلاغية بأن السلطة هي احد المؤسسات التي يديرها الاحتلال وقبلت القيادة الفلسطينية بشطب كلمة الوطنية ولم تذكر اي محددات للاستيطان او رفض الاستيطان او وقف الاستيطان هكذا الواقع و هكذا الامور بل مطلوب من الشعب الفلسطيني ان لا يواجه عملية مصادرة الاراضي او القتل على الحواجز او مقاومة الاحتلال وبالتالي يتحقق الامن والازدهار للاسرائيليين والقتل والدمار وتدمير المنازل والمزارع يجب ان يتحمله الشعب الفلسطيني مقابل امن وازدهار الاتحلال وبعض ملايين الدولارات التي تحيي رجال السلطة ولا تحيي الشعب الفلسطيني .",unclear,,mistral:7b,unclear,,article,3
20220101,193,SETTLER,GUNMEN,https://alquds.com/2022/01/02/%D8%A7%D9%84%D9%85%D9%82%D8%A7%D9%88%D9%85%D8%A9-%D8%A7%D9%84%D8%B4%D8%B9%D8%A8%D9%8A%D8%A9-%D8%AA%D8%B3%D8%AA%D8%B9%D8%B1-%D9%81%D9%8A-%D8%B4%D9%85%D8%A7%D9%84-%D8%A7%D9%84%D8%B6%D9%81%D8%A9/,push,Popularity is on the rise in northern Algouz,mistral:7b,,,mistral:7b,,,,mistral:7b,push,Popularity is on the rise in northern Algouz,url_1,3
20220101,36,SYRIAN,SYRIAN,https://www.alarab.com/Article/1018149,unclear,<URL too short>,mistral:7b,unclear,<URL too short>,mistral:7b,"تنبأ المنجم اللبناني مايك فغالي بسلسلة من التوقعات لتطور الأحداث السياسية في سوريا واليمن والسعودية ودول الخليج في 2022.

وحول الملف السوري توقع فغالي أن يترك الرئيس السوري بشار الأسد منصبه لراحة باله وضميره، وبسبب تعبه من السياسة.

وتوقع أن يترك الأسد الحكم في سوريا والاختفاء عن الساحة السياسية بكامل إرادته ورغبته الشخصية دون ضغوطات أو انقلابات.

ورأى أن وحدة سوريا لن يمسها اعتداءات أو مؤامرات، حيث لن تتجزأ سوريا إلى دويلات، وأن لا أساس للانقلاب في سوريا لتغيير الحكم أو السلطة فيها.

أما على صعيد اليمن، فتوقع فغالي أن ينشب نزاع بين السعودية والإمارات على ميناء الحديدة.

وأشار إلى أن تدخل السعودية والإمارات في شؤون اليمن وصراعاته الداخلية سيستمر.

ولفت إلى أن الإمارات ستحاول الاستيلاء على ميناء الحديدة لتحقق مصالح ذاتية.

وتوقع تشعب الحوثيين في اليمن وتوسع رقعة سيطرتهم، ما سيشعل غضب السعودية والإمارات.

ورأى أن الانقسام اليمني سينتهي والخلافات والحروب ستتلاشى بعد تدخلات من الدول الأجنبية لإنهاء الأزمة.

وفي السعودية، توقع حدوث خلافات قوية في العائلة الحاكمة وانقسام بعض الأراضي إلى دويلات صغيرة، وأن تدور صراعات شديدة ونزاعات كبيرة وخلافات بين الدول العربية في الخليج ستترك تأثيرا سلبيا كبيرا على الداخل السعودي.

كما توقع أن يقع خلاف بين الأميرين محمد بن نايف ومحمد بن سلمان، حيث يدور بينهما خلاف ونزاع كبير يخلخل الأسرة الحاكمة من الداخل ويؤثر على وضع السعودية.",push,"War, violence, internal conflicts and power struggles in Syria, Yemen, and Saudi Arabia are predicted by Fogaly.",mistral:7b,push,"War, violence, internal conflicts and power struggles in Syria, Yemen, and Saudi Arabia are predicted by Fogaly.",article,3
20220101,36,SYRIAN,SYRIAN,https://www.alarab.com/Article/1018149,unclear,<URL too short>,mistral:7b,unclear,<URL too short>,mistral:7b,"تنبأ المنجم اللبناني مايك فغالي بسلسلة من التوقعات لتطور الأحداث السياسية في سوريا واليمن والسعودية ودول الخليج في 2022.

وحول الملف السوري توقع فغالي أن يترك الرئيس السوري بشار الأسد منصبه لراحة باله وضميره، وبسبب تعبه من السياسة.

وتوقع أن يترك الأسد الحكم في سوريا والاختفاء عن الساحة السياسية بكامل إرادته ورغبته الشخصية دون ضغوطات أو انقلابات.

ورأى أن وحدة سوريا لن يمسها اعتداءات أو مؤامرات، حيث لن تتجزأ سوريا إلى دويلات، وأن لا أساس للانقلاب في سوريا لتغيير الحكم أو السلطة فيها.

أما على صعيد اليمن، فتوقع فغالي أن ينشب نزاع بين السعودية والإمارات على ميناء الحديدة.

وأشار إلى أن تدخل السعودية والإمارات في شؤون اليمن وصراعاته الداخلية سيستمر.

ولفت إلى أن الإمارات ستحاول الاستيلاء على ميناء الحديدة لتحقق مصالح ذاتية.

وتوقع تشعب الحوثيين في اليمن وتوسع رقعة سيطرتهم، ما سيشعل غضب السعودية والإمارات.

ورأى أن الانقسام اليمني سينتهي والخلافات والحروب ستتلاشى بعد تدخلات من الدول الأجنبية لإنهاء الأزمة.

وفي السعودية، توقع حدوث خلافات قوية في العائلة الحاكمة وانقسام بعض الأراضي إلى دويلات صغيرة، وأن تدور صراعات شديدة ونزاعات كبيرة وخلافات بين الدول العربية في الخليج ستترك تأثيرا سلبيا كبيرا على الداخل السعودي.

كما توقع أن يقع خلاف بين الأميرين محمد بن نايف ومحمد بن سلمان، حيث يدور بينهما خلاف ونزاع كبير يخلخل الأسرة الحاكمة من الداخل ويؤثر على وضع السعودية.",push,"War, violence, conflict, internal strife, Saudi-Emirati conflict in Yemen, power struggles within the ruling family and regional conflicts in the Gulf are predicted for 2022.",mistral:7b,push,"War, violence, conflict, internal strife, Saudi-Emirati conflict in Yemen, power struggles within the ruling family and regional conflicts in the Gulf are predicted for 2022.",article,3
20220101,36,SYRIAN,SYRIAN,https://www.alarab.com/Article/1018149,unclear,<URL too short>,mistral:7b,unclear,<URL too short>,mistral:7b,"تنبأ المنجم اللبناني مايك فغالي بسلسلة من التوقعات لتطور الأحداث السياسية في سوريا واليمن والسعودية ودول الخليج في 2022.

وحول الملف السوري توقع فغالي أن يترك الرئيس السوري بشار الأسد منصبه لراحة باله وضميره، وبسبب تعبه من السياسة.

وتوقع أن يترك الأسد الحكم في سوريا والاختفاء عن الساحة السياسية بكامل إرادته ورغبته الشخصية دون ضغوطات أو انقلابات.

ورأى أن وحدة سوريا لن يمسها اعتداءات أو مؤامرات، حيث لن تتجزأ سوريا إلى دويلات، وأن لا أساس للانقلاب في سوريا لتغيير الحكم أو السلطة فيها.

أما على صعيد اليمن، فتوقع فغالي أن ينشب نزاع بين السعودية والإمارات على ميناء الحديدة.

وأشار إلى أن تدخل السعودية والإمارات في شؤون اليمن وصراعاته الداخلية سيستمر.

ولفت إلى أن الإمارات ستحاول الاستيلاء على ميناء الحديدة لتحقق مصالح ذاتية.

وتوقع تشعب الحوثيين في اليمن وتوسع رقعة سيطرتهم، ما سيشعل غضب السعودية والإمارات.

ورأى أن الانقسام اليمني سينتهي والخلافات والحروب ستتلاشى بعد تدخلات من الدول الأجنبية لإنهاء الأزمة.

وفي السعودية، توقع حدوث خلافات قوية في العائلة الحاكمة وانقسام بعض الأراضي إلى دويلات صغيرة، وأن تدور صراعات شديدة ونزاعات كبيرة وخلافات بين الدول العربية في الخليج ستترك تأثيرا سلبيا كبيرا على الداخل السعودي.

كما توقع أن يقع خلاف بين الأميرين محمد بن نايف ومحمد بن سلمان، حيث يدور بينهما خلاف ونزاع كبير يخلخل الأسرة الحاكمة من الداخل ويؤثر على وضع السعودية.",push,"War, violence, internal conflicts and power struggles in Syria, Yemen, and Saudi Arabia are predicted to continue in 2022.",mistral:7b,push,"War, violence, internal conflicts and power struggles in Syria, Yemen, and Saudi Arabia are predicted to continue in 2022.",article,3
20220101,36,SYRIAN,SYRIAN,https://www.alarab.com/Article/1018149,unclear,<URL too short>,mistral:7b,unclear,<URL too short>,mistral:7b,"تنبأ المنجم اللبناني مايك فغالي بسلسلة من التوقعات لتطور الأحداث السياسية في سوريا واليمن والسعودية ودول الخليج في 2022.

وحول الملف السوري توقع فغالي أن يترك الرئيس السوري بشار الأسد منصبه لراحة باله وضميره، وبسبب تعبه من السياسة.

وتوقع أن يترك الأسد الحكم في سوريا والاختفاء عن الساحة السياسية بكامل إرادته ورغبته الشخصية دون ضغوطات أو انقلابات.

ورأى أن وحدة سوريا لن يمسها اعتداءات أو مؤامرات، حيث لن تتجزأ سوريا إلى دويلات، وأن لا أساس للانقلاب في سوريا لتغيير الحكم أو السلطة فيها.

أما على صعيد اليمن، فتوقع فغالي أن ينشب نزاع بين السعودية والإمارات على ميناء الحديدة.

وأشار إلى أن تدخل السعودية والإمارات في شؤون اليمن وصراعاته الداخلية سيستمر.

ولفت إلى أن الإمارات ستحاول الاستيلاء على ميناء الحديدة لتحقق مصالح ذاتية.

وتوقع تشعب الحوثيين في اليمن وتوسع رقعة سيطرتهم، ما سيشعل غضب السعودية والإمارات.

ورأى أن الانقسام اليمني سينتهي والخلافات والحروب ستتلاشى بعد تدخلات من الدول الأجنبية لإنهاء الأزمة.

وفي السعودية، توقع حدوث خلافات قوية في العائلة الحاكمة وانقسام بعض الأراضي إلى دويلات صغيرة، وأن تدور صراعات شديدة ونزاعات كبيرة وخلافات بين الدول العربية في الخليج ستترك تأثيرا سلبيا كبيرا على الداخل السعودي.

كما توقع أن يقع خلاف بين الأميرين محمد بن نايف ومحمد بن سلمان، حيث يدور بينهما خلاف ونزاع كبير يخلخل الأسرة الحاكمة من الداخل ويؤثر على وضع السعودية.",mixed,"Article discusses political instability and conflict in Syria, Yemen, and Saudi Arabia, which could potentially push people to leave these countries, as well as potential regional conflicts that may pull foreign powers into these countries' affairs.",mistral:7b,mixed,"Article discusses political instability and conflict in Syria, Yemen, and Saudi Arabia, which could potentially push people to leave these countries, as well as potential regional conflicts that may pull foreign powers into these countries' affairs.",article,3
20220101,23,UKRAINIAN,,https://kino.24tv.ua/ru/novogodnie-multfilmy-dlja-vsej-semi-dushevnaja-podborka-dlja_n1831930,neutral,<URL too short>,mistral:7b,,,mistral:7b,,,,mistral:7b,neutral,<URL too short>,url_1,3
20220101,90,WYOMING,,https://g1.globo.com/mundo/noticia/2022/01/01/a-epidemia-de-desaparecimentos-de-indigenas-que-intriga-os-eua.ghtml,pull,asylum,mistral:7b,,,mistral:7b,,,,mistral:7b,pull,asylum,url_1,3
20220101,42,FLORIDA,JAKARTA,https://www.republika.co.id/berita/r520u2384/ini-ketentuan-tes-antigen-di-stasiun,neutral,None of the tokens in this URL indicate migration pressure,mistral:7b,,,mistral:7b,,,,mistral:7b,neutral,None of the tokens in this URL indicate migration pressure,url_1,3
20220101,190,YEMENI,LILLE,https://www.okaz.com.sa/news/na/2092790,unclear,URL is too short and generic; no clear migration-related tokens,mistral:7b,neutral,<no clear migration-related tokens>,mistral:7b,,,,mistral:7b,neutral,<no clear migration-related tokens>,url_2,3
20220101,10,YEMENI,PERSIAN,https://www.okaz.com.sa/news/na/2092790,unclear,URL is a duplicate of row 141; no clear migration-related tokens,mistral:7b,unclear,The URL does not contain any clear migration-related tokens,mistral:7b,"أحمد الشميري «عكاظ» (جدة،الرياض) a_shmeri@

‏ثمن وزير الإعلام اليمني معمر الإرياني، المواقف الأخوية والدعم اللامحدود من تحالف دعم الشرعية بقيادة السعودية التي قدمت الغالي والنفيس لنصرة اليمن، وإسناده في معركة استعادة الدولة وإسقاط الانقلاب الحوثي، بتوجيهات كريمة من خادم الحرمين الشريفين الملك سلمان بن عبدالعزيز، وولي العهد الأمير محمد بن سلمان.



ونوه بالجهود الاستثنائية النبيلة التي بذلها نائب وزير الدفاع الأمير خالد بن سلمان، وكذلك قائد القوات المشتركة الفريق الركن مطلق بن سالم الأزيمع، وكل المعنيين الذي يعملون ليل نهار لدعم اليمنيين في معركتهم المصيرية، مؤكدا بقوله «لن ننسى هذه المواقف النبيلة للأشقاء».



وأشاد الإرياني بتوحد أيادي وإرادة اليمنيين في التصدي للغزو الفارسي وأذياله من مليشيا الإرهاب الحوثية في جبهات مأرب والجوف وتعز والضالع وشبوة والحديدة والبيضاء، ومواقفهم في صوالين الساسة ودهاليز السياسة وصفحات المواقع الإخبارية والنشطاء في منصات التواصل الاجتماعي.



وقال في سلسلة تغريدات عبر حسابه في «تويتر» أمس (السبت): استثمر النظام الإيراني خلافات القوى السياسية للدفع بمليشيا الحوثي لقلب الطاولة على الجميع، للانقلاب على مخرجات مؤتمر الحوار الوطني الشامل، واحتلال العاصمة المختطفة صنعاء، والبدء بعمليات تجريف ممنهج لمؤسسات الدولة والهوية الوطنية والعربية، وتدمير النسيج الاجتماعي والسلم الأهلي.



وأضاف: اشتغلت مليشيا الحوثي على اختراق الجبهة الوطنية عبر بعض المواقع والصفحات لخلخلة الصفوف وتغذية الخلافات وتعميقها، وشغل اليمنيين بمعارك ثانوية وصرفهم عن معركتهم المصيرية، وما زالت تراهن على الانقسامات لتمرير مشروعها السرطاني بأحقاده التاريخية وخلفياته العقائدية المستوردة من طهران.



وأكد أن ما يحدث على الأرض من ترتيبات عسكرية بدعم من تحالف دعم الشرعية، لتغيير مسار المعركة من الدفاع للهجوم واستعادة ما تم فقدانه من الأراضي المحررة، وتحرير كل شبر من التراب اليمني، يحتم على القوى السياسية وكافة الإعلاميين والصحفيين ترك خلافاتهم والتوحد خلف الجيش اليمني والمقاومة.



وجدد الإرياني دعوة كافة القوى السياسية والإعلاميين والصحفيين للاستفادة من دروس الماضي، وتجاوز خلافاتهم وتوحيد الصف والجهود خلف الشرعية اليمنية بقيادة الرئيس عبدربه منصور هادي، إدراكا لخطورة المعركة، وتقديرا للدماء الطاهرة التي سكبت في مختلف جبهات القتال دفاعا عن الوطن ومكتسباته.



من جهة أخرى نجح الجيش اليمني الوطني بإسناد من تحالف دعم الشرعية في استنزاف وإفشال مخططات الانقلاب الإرهابية، ما تسبب في تفاقم الصراعات وحالات التصفية الداخلية بين أجنحة المليشيا في المديريات الجنوبية لمحافظة مأرب. وقالت مصادر قبلية لـ«عكاظ»، إن مسلحاً حوثياً أطلق الرصاص الحي على الزعيم القبلي صالح القاضي المعين وكيلاً لمحافظة مأرب من قبل الحوثي في منزله، (الخميس) الماضي، وأرداه قتيلاً .



وأضافت المصادر أن سيناريو الاضطرابات النفسية محاولة للتغطية على عملية التصفية المتعمدة، خصوصاً بعد تكتم المليشيا على الحادثة ونقل جثة الزعيم القبلي الذي ينتمي إلى قبلية مراد إلى صنعاء، مؤكدة أن التصفية جاءت على خلفية نجاحات الجيش اليمني في شبوة وسيطرته على مديرية عسيلان ما تتسبب في فرض حصار على العناصر الحوثية (جنوبي مأرب). وأفادت بأن القاضي من الشخصيات التي سهلت دخول المليشيا إلى مناطقه ورغم ذلك جرت تصفيته عل غرار ما حدث لموالين في محافظات عمران وصعدة. وفجرت مليشيا الحوثي في مديرية الجوبة (جنوبي مأرب) منزل مبخوت الفقير في منطقة الخثلة بعد أن زرعت فيه عبوات ناسفة من الداخل، ووفقاً لمصادر قبلية، فإن عشرات المنازل جرى تفجيرها خلال اليومين الماضيين في الجوبة.",push,"war, violence, persecution",mistral:7b,push,"war, violence, persecution",article,3
20220101,50,CATALAN,,https://sport1.oslobodjenje.ba/s1/fudbal/ino-fudbal/primera/postigao-dogovor-sa-kataloncima-barcelona-sljedeceg-ljeta-dobija-veliko-pojacanje-721568,pull,barcelona-gets-a-big-reinforcement-next-summer,mistral:7b,,,mistral:7b,,,,mistral:7b,pull,barcelona-gets-a-big-reinforcement-next-summer,url_1,3
20220101,141,SLAVIC,TARA,https://www.kramatorsk.info/view/272909,unclear,None of the tokens in this URL indicate migration pressure,mistral:7b,push,"'Kramatorsk' can imply a region affected by conflict in Ukraine, which could potentially push people to leave",mistral:7b,,,,mistral:7b,push,"'Kramatorsk' can imply a region affected by conflict in Ukraine, which could potentially push people to leave",url_2,3
20220101,141,SLAVIC,UKRAINE,https://www.kramatorsk.info/view/272909,unclear,This URL is a duplicate of row 144; no clear migration-related tokens,mistral:7b,pull,"'Kramatorsk.info' suggests a website related to Kramatorsk, a city with potential job opportunities that may attract immigration",mistral:7b,,,,mistral:7b,pull,"'Kramatorsk.info' suggests a website related to Kramatorsk, a city with potential job opportunities that may attract immigration",url_2,3
20210102,51,POLAND,,https://logistyka.rp.pl/drogowy/art19249821-na-ten-rok-w-planach-oddanie-do-uzytku-345-km-drog-krajowych,pull,345-km-of-national-roads,mistral:7b,,,mistral:7b,,,,mistral:7b,pull,345-km-of-national-roads,url_1,3
20210102,51,POLISH,,https://logistyka.rp.pl/drogowy/art19249821-na-ten-rok-w-planach-oddanie-do-uzytku-345-km-drog-krajowych,pull,345-km-of-national-roads,mistral:7b,,,mistral:7b,,,,mistral:7b,pull,345-km-drog-krajowych,url_1,3
20210102,51,POLISH,,https://logistyka.rp.pl/drogowy/art19249821-na-ten-rok-w-planach-oddanie-do-uzytku-345-km-drog-krajowych,pull,345-km-of-national-roads,mistral:7b,,,mistral:7b,,,,mistral:7b,pull,345-km-of-national-roads,url_1,3
20220102,36,,BUENOS AIRES,https://urgente24.com/actualidad/tragedia-palermo-asesino-al-volante-alcohol-y-muerte-n531977,push,tragedy-palermo-murderer-at-the-wheel-alcohol-and-death,mistral:7b,,,mistral:7b,,,,mistral:7b,push,tragedy-palermo-murderer-at-the-wheel-alcohol-and-death,url_1,3
20220102,100,,BUSINESS,https://www.eluniversal.com.mx/cartera/concanaco-pide-comercios-mantener-medidas-sanitarias-y-evitar-cierres-por-ola-de-covid,neutral,No clear migration-related tokens,mistral:7b,,,mistral:7b,,,,mistral:7b,neutral,No clear migration-related tokens,url_1,3
20220102,190,,TYCOON,https://revistamonet.globo.com/Celebridades/noticia/2022/01/look-de-jeff-bezos-um-dos-homens-mais-ricos-do-mundo-no-reveillon-rende-piadas-nas-redes-meio-vin-diesel-meio-agostinho-carrara.html,unclear,"URL too short, generic",mistral:7b,neutral,The URL does not contain any clear migration-related tokens,mistral:7b,,,,mistral:7b,neutral,The URL does not contain any clear migration-related tokens,url_2,3
20220102,112,,CALGARY,https://www.journaldemontreal.com/2022/01/02/manifestations-anti-covid-un-pasteur-et-son-frere-arretes-par-calgary,push,calgary,mistral:7b,,,mistral:7b,,,,mistral:7b,push,calgary,url_1,3
20220102,841,,POLICE,https://www.hoydiariodelmagdalena.com.co/archivos/613756,unclear,"URL too short, ambiguous",mistral:7b,unclear,The URL does not contain any clear migration-related tokens,mistral:7b,"“Archivos del DAS revelan perfilamientos contra Álvaro Gómez Hurtado”: Enrique Gómez – HOY DIARIO DEL MAGDALENA HOY DIARIO DEL MAGDALENA Líder en la región LOGO HDM INICIO EDITORIAL COLUMNISTAS GRAFICA EL PERSONAJE NOTICIAS SANTA MARTA MAGDALENA JUDICIAL JUDICIAL NACIONAL POLÍTICA DEPORTES CLASIFICADOS MI PERFIL Ver más… SOCIALES REGIONAL LOCALES MUNDO NACIÓN ACTUALIDAD ECONOMIA Noticias de Santa Marta, el Magdalena, y el mundo! Me Gusta Síguenos Suscríbete Síguenos Friends Me Gusta Síguenos Suscríbete Síguenos Friends miércoles, marzo 18, 2026 MI SUSCRIPCIÓN Hoy Diario Del Magdalena - Periódico de Santa Marta, LOGO HDM INICIO EDITORIAL COLUMNISTAS GRAFICA EL PERSONAJE NOTICIAS SANTA MARTA MAGDALENA JUDICIAL JUDICIAL NACIONAL POLÍTICA DEPORTES CLASIFICADOS MI PERFIL Ver más… SOCIALES REGIONAL LOCALES MUNDO NACIÓN ACTUALIDAD ECONOMIA “Archivos del DAS revelan perfilamientos contra Álvaro Gómez Hurtado”: Enrique Gómez JUDICIAL Publicado en 09/09/2020 10:03 am Compartir En diálogo con Enrique Gómez Martínez, abogado de la familia y sobrino del asesinado líder conservador Álvaro Gómez Hurtado, explicó en La FM los pormenores de los documentos del archivo de vigilancia del (Departamento Administrativo de Seguridad) DAS, a los que recientemente lograron acceder y que daría más luces para esclarecer los hechos que rodean el magnicidio ejecutado el 2 de noviembre de 1995. Gómez Martínez relató que desde hace 5 años se ha librado una lucha compleja para que se revelen en su totalidad los archivos de vigilancia del DAS y tras ganar una tutela que permitió el acceso a esa documentación se logró encontrar varias referencias relacionadas sobre la investigación de la muerte de Álvaro Gómez Hurtado. El abogado sostiene que hay varias evidencias sobre diferentes perfilamientos sistemáticos que ejecutó la división de inteligencia a todos los opositores y críticos del entonces presidente Enrique Samper Pizano y entre estas personas figura Gómez Hurtado. «Estamos esperando poder confirmar la época en que fueron realizados estos seguimientos y queremos establecer si en esos seguimientos hubo interceptaciones telefónicas». De igual manera, Enrique Gómez Martínez sostiene que halló evidencia que demuestra que en ninguno de los diferentes boletines que el DAS generaba para el presidente Samper, se habló sobre una presunta conspiración militar o golpista en su contra. El abogado precisó que en dichos documentos también se descartó que la muerte de Álvaro Gómez Hurtado estuviese relacionada con un supuesto golpe de estado. «El DAS descartó en 1995 la hipótesis que indica que la muerte de Álvaro Gómez se produjo en un fallido golpe de estado, Ramiro Bejarano durante años ha venido diciendo mentiras al país, estos informes deben ser puestos en conocimiento entre las partes del caso». “Eso dio lugar a dos tutelas y de ahí vimos como la administración Santos con la asesoría de Ramiro Bejarano (director del DAS en la época en la que ocurrió el asesinato de Gómez Hurtado), desmontó los archivos del DAS; pero por cosas de la vida, la verdad siempre brilla y brota, han aparecido los archivos de seguimiento del DAS (…)”. Gómez Martínez también señaló que la mafia también estuvo relacionada con la muerte de Gómez Hurtado, pues a Orlando Heano, jefe del cartel del Norte del Valle, se le solicitó que asesinara a Álvaro Gómez Hurtado a cambio de mejores beneficios en su proceso de entrega a las autoridades. «Heano accedió y esta operación contó con la participación del entonces director del Gaula, Danilo Alfonso González». La siniestra nota de Laude Fernández El exdirector de inteligencia del DAS Laude Fernández, también está siendo investigado por su supuesta participación en interceptaciones ilegales a integrantes del sindicato de Avianca. El abogado de la familia del político conservador aseguró que, Fernández también habría estado involucrado con los perfilamientos de los que fue objeto la víctima. “Ya habíamos encontrado una siniestra nota de Laude Fernández, director de inteligencia de Ramiro Bejarano (no sé si el país recuerda porque está preso y cómo ha participado durante décadas, en todos los desarrollos del antiguo DAS), donde el primero de noviembre en una entrevista que Álvaro Gómez Hurtado, le concedió a la revista Diners, Laude Fernández, de alguna manera vaticinaba lo que iba a ocurrir al día siguiente, diciendo en su nota de comentario de revisión – Al que no quiere caldo se le dan dos tazas (…) – ”, dijo el abogado. El abogado Gómez Martínez añadió que, se están agregando más pruebas al proceso por el crimen que fue considerado como de lesa humanidad. “La extensión del tiempo no se ha determinado pero eran seguimientos personales; de inteligencia humana, seguimientos de inteligencia electrónica o lo que llamamos hoy día, ‘chuzadas’; lo que es claro es que había un trabajo de seguimiento personal”, añadió el jurista. “Otros testigos que han declarado acreditan que en su momento, Danilo González, comandante del Gaula en el Gobierno de Ernesto Samper, recibió la orden de adelantar el homicidio pero parece que transcurrió muy poco tiempo entre el momento que recibió la orden y la puso en práctica, con la ayuda de Wilber Alirio Varela alias ‘Jabón’”, manifestó el abogado. Agregó que, “me ha quedado la inquietud con base en qué inteligencia sabían el día, la hora y el lugar en que Álvaro Gómez Hurtado, dictaba sus clases en la Universidad Sergio Arboleda, aquel fatídico 2 de noviembre”. Señaló que una de las hipótesis es que, desde el Gobierno se entregó información para facilitar que se cometiera el crimen. “Pareciera que la respuesta es que posiblemente el Gobierno de Samper, le haya filtrado al cartel del Norte del Valle estos seguimientos para facilitar el homicidio”, sentenció. Corte Suprema de Justicia El abogado también anunció que ante el alto tribunal presentará las pruebas contra Horario Serpa Uribe quien para la época de los hechos, ocupaba el cargo de Ministro del Gobierno de Samper. “Vamos a pedir la resolución de acusación contra Horacio Serpa, ahora la Corte Suprema de Justicia conoce el proceso en su contra a través de la Fiscalía delegada porque él, era aforado como exministro del Interior del Gobierno de Ernesto Samper y trasladaremos esas pruebas ante la Comisión de Acusaciones”, dijo. Manifestó que, “queremos que al cumplirse 25 años de impunidad que se conmemoran en noviembre; se lleven a juicio esas pruebas”. Aseguró, que no busca que el expresidente Ernesto Samper sea condenado pero que sí, se conozcan las pruebas. “Querían enterrar estas pruebas con la complicidad de fiscales patrocinados por Ernesto Samper y que no se pudieran conocer: cuatro casas criminales confirmando la realización del homicidio por parte de Orlando Henao a solicitud de Ernesto Samper y Horacio Serpa, esas pruebas deben ir a juicio”, aseguró en su entrevista. El abogado Gómez Martínez también cuestionó el trino de la exsenadora Piedad Córdoba, en el que advierte que la reunión entre el expresidente Juan Manuel Santos, exministro Cristo, senador Cepeda, Rodrigo Londoño ‘Timochenko’ y Carlos Lozada, permitirá descubrir qué sucedió con el crimen del destacado político conservador. Fuente: LA FM You can use this method to make deposits in instant Bank Transfer casino NZ . In most cases, you can do so by supplying your bank details. If you don’t have an account in NZ, you may be required to pay an additional fee. Once you’ve made the deposit, you can play! In some cases, the minimum deposit for this method is NZ$10, although it can range from $10 to $50. Depending on your bank, the withdrawal time can take two to seven days. id 30.528 Únete al canal de WhatsApp de HOY DIARIO DEL MAGDALENA Sigue a HOY DIARIO DEL MAGDALENA en G o o g l e News Archivos del DAS COLOMBIA Enrique Gómez Hoy Diario del Magdalena magdalena perfilamientos contra Álvaro Gómez SANTA MARTA Compartir Anterior Expresidente de Volkswagen será juzgado por escándalo del ‘dieselgate’ Siguiente Fiscalía indaga muerte de ciudadano por exceso de fuerza policial Pagina oficial del periódico HOY DIARIO DEL MAGDALENA Fundado el 29 de julio de 1993 ¡Noticias de Santa Marta, el Magdalena y el Mundo! Términos y Condiciones Políticas de privacidad Política de eliminación de datos Sobre nosotros • Dirección: Distrito Turístico Cultural E Histórico, Cra. 4 #19 - 49, Santa Marta, Colombia • Email: gerencia@grupodemedios.com • Teléfonos: PBX 605 4214171 Atención y Servicio al Cliente 605 4214200 Publicidad , Clasificados y Edictos 315 7253186 • Información Adicional: Razón social: GRUPO DE MEDIOS SAS Medio afiliado a AMI. © 2026 - HOY DIARIO DEL MAGDALENA. All Rights Reserved. Este sitio web utiliza cookies para mejorar su experiencia. Asumiremos que está de acuerdo con esto, pero puede optar por no participar si lo desea. Aceptar Leer más LOGO HDM INICIO EDITORIAL COLUMNISTAS GRAFICA EL PERSONAJE NOTICIAS SANTA MARTA MAGDALENA JUDICIAL JUDICIAL NACIONAL POLÍTICA DEPORTES CLASIFICADOS MI PERFIL Ver más… SOCIALES ",push,"article discusses perfilamientos against Álvaro Gómez Hurtado, which is a form of systematic persecution",mistral:7b,push,"article discusses perfilamientos against Álvaro Gómez Hurtado, which is a form of systematic persecution",article,3
20220102,36,,SCHOOL,https://olhardireto.com.br/noticias/exibir.asp?id=496488&noticia=porto-relembra-dificuldades-com-45-dos-estudantes-sem-internet-e-projeta-2022-como-melhor-ano-letivo-da-historia,pull,2022 as the best school year in history,mistral:7b,,,mistral:7b,,,,mistral:7b,pull,2022 as the best school year in history,url_1,3
20220102,42,,SCHOOL,https://olhardireto.com.br/noticias/exibir.asp?id=496488&noticia=porto-relembra-dificuldades-com-45-dos-estudantes-sem-internet-e-projeta-2022-como-melhor-ano-letivo-da-historia,pull,2022 as the best school year in history,mistral:7b,,,mistral:7b,,,,mistral:7b,pull,2022 as the best school year in history,url_1,3
20220102,42,,FRANCE,https://www.mdzol.com/deportes/2022/1/2/cuando-vuelve-lionel-messi-su-posible-debut-con-el-psg-en-2022-212536.html,unclear,No clear migration-related tokens,mistral:7b,neutral,No clear migration-related tokens,mistral:7b,,,,mistral:7b,neutral,No clear migration-related tokens,url_2,3
20220102,42,,FRANCE,https://www.mdzol.com/deportes/2022/1/2/cuando-vuelve-lionel-messi-su-posible-debut-con-el-psg-en-2022-212536.html,unclear,No clear migration-related tokens,mistral:7b,neutral,No clear migration-related tokens,mistral:7b,,,,mistral:7b,neutral,No clear migration-related tokens,url_2,3
20220102,141,,THE UK,https://www.clarin.com/opinion/malvinas-pasado-presente-conflicto_0_4JQu1pJwH.html,mixed,Malvinas past present conflict,mistral:7b,,,mistral:7b,,,,mistral:7b,mixed,Malvinas pasado presente conflicto,url_1,3
20220102,42,,UNITED KINGDOM,https://www.elbotola.com/article/2022-01-02-22-03-111.html,unclear,"URL too short, ambiguous",mistral:7b,unclear,"URL too short, generic",mistral:7b,"المنتخب الوطني يبرمج أولى حصصه التدريبية في الكاميرون غدا الإثنين استعدادا لودية بوركينا فاسو و""رحلة الكان""

حدد الطاقم التقني للناخب الوطني وحيد خليلوزيتش، برنامج ""الأسود"" في الكاميرون، قبل مواجهة غانا، لحساب الجولة الأولى من دور المجموعات لكأس أمم أفريقيا 2021.





ومن المقرر أن يخوض المنتخب الوطني يوم غد الإثنين، أولى حصصه التدريبية استعدادا لودية بوركينا فاسو، المبرمجة يوم الخميس 6 يناير الجاري.





ويدشن رفاق أشرف حكيمي، رحلتهم القارية، بمواجهة غانا، يوم الإثنين 10 يناير، بداية من الساعة الخامسة عصرا (17:00 غرينيتش +1)، بملعب ""أحمدو أهيدجو"" في مدينة ياوندي الكاميرونية.





وحطت بعثة المنتخب المغربي، يومه الأحد، الرحال في الكاميرون، إذ وجدت في استقبالها سفير المملكة هناك، مصطفى بوه.





يذكر أن المغرب يتواجد في المجموعة الثالثة، رفقة منتخبات غانا والغابون وجزر القمر.",neutral,The article is about the Cameroon national football team preparing for a match and does not clearly discuss conditions related to migration pressure,mistral:7b,neutral,The article is about the Cameroon national football team preparing for a match and does not clearly discuss conditions related to migration pressure,article,3
20220102,42,,UNITED KINGDOM,https://www.elbotola.com/article/2022-01-02-22-03-111.html,neutral,URL is too short and generic,mistral:7b,,,mistral:7b,,,,mistral:7b,neutral,URL is too short and generic,url_1,3
20220102,40,,KINGDOM,https://alghad.com/%D9%88%D8%B2%D9%8A%D8%B1-%D8%A7%D9%84%D8%AE%D8%A7%D8%B1%D8%AC%D9%8A%D8%A9-%D8%A7%D9%84%D8%B3%D8%B9%D9%88%D8%AF%D9%8A-%D9%81%D9%8A-%D8%B9%D9%85%D8%A7%D9%86/,unclear,URL contains Arabic characters but no clear migration-related tokens,mistral:7b,unclear,"URL is in Arabic, cannot classify without translation",mistral:7b,,unclear,,mistral:7b,unclear,,article,3
20220102,46,,MINIST,https://alghad.com/%D9%88%D8%B2%D9%8A%D8%B1-%D8%A7%D9%84%D8%AE%D8%A7%D8%B1%D8%AC%D9%8A%D8%A9-%D8%A7%D9%84%D8%B3%D8%B9%D9%88%D8%AF%D9%8A-%D9%81%D9%8A-%D8%B9%D9%85%D8%A7%D9%86/,unclear,URL contains Arabic characters but no clear migration-related tokens,mistral:7b,unclear,"URL is the same as row 161, no new information provided",mistral:7b,,unclear,,mistral:7b,unclear,,article,3
20220102,46,,KINGDOM,https://alghad.com/%D9%88%D8%B2%D9%8A%D8%B1-%D8%A7%D9%84%D8%AE%D8%A7%D8%B1%D8%AC%D9%8A%D8%A9-%D8%A7%D9%84%D8%B3%D8%B9%D9%88%D8%AF%D9%8A-%D9%81%D9%8A-%D8%B9%D9%85%D8%A7%D9%86/,unclear,URL contains Arabic characters but no clear migration-related tokens,mistral:7b,push,External,mistral:7b,,,,mistral:7b,push,External,url_2,3
20220102,57,,GOVERNMENT,https://www.cas.sk/clanok/2626553/predseda-civilnej-vlady-v-sudane-oznamil-svoju-rezignaciu-snazil-som-sa-zo-vsetkych-sil/,push,resignation (indicating potential instability or crisis) in Sudan,mistral:7b,,,mistral:7b,,,,mistral:7b,push,resignation (indicating potential instability or crisis) in Sudan,url_1,3
20220102,84,,PRESIDENT,https://www.lematin.ch/story/lhomme-fort-du-parti-ennahdha-hospitalise-dans-un-etat-critique-474086927675,neutral,URL contains no clear migration-related tokens,mistral:7b,,,mistral:7b,,,,mistral:7b,neutral,URL contains no clear migration-related tokens,url_1,3
20220102,141,,AUTHORITIES,http://lratvakan.com/news/76958.html,unclear,URL is too short and generic,mistral:7b,unclear,<12 words; URL too short>,mistral:7b,"Участники акции протеста в центре Киева пошли на штурм кордонов, которые выставлены вокруг квартала правительственных зданий.

На улице Грушевского в Киеве не утихают столкновения протестующих и правоохранителей. На улице стоят несколько разбитых автобусов милиции, один автобус подожгли. Силовики регулярно бросают в толпу дымовые шашки, используют слезоточивый газ.

Ожидается приезд водометов. Об этом сообщают местные СМИ. Использование водометов на морозе угрожает смертями протестующим. При таком температуре может наступить переохлаждение от воды за несколько минут.

Помимо этого, протестующие захватили пять пустых милицейских автобусов. Лидер партии «УДАР» Виталий Кличко призвал протестующих отказаться от силовых действий в отношении правоохранителей, заявив, что это наверняка вызовет ответную реакцию со стороны «Беркута». Политик пообещал договориться о том, чтобы людям открыли проход к зданию Верховной Рады.

Столкновения активистов с милицией начались после так называемого народного вече на Майдане Незалежности, в котором приняли участие несколько сотен тысяч человек. Собравшиеся протестовали против политики действующих властей страны.",push,"violence, persecution, repression",mistral:7b,push,"violence, persecution, repression",article,3
20220102,141,,AUTHORITIES,https://lugradar.net/2022/01/337334,unclear,URL is too short and generic,mistral:7b,mixed,Jordanian|Commerce,mistral:7b,,,,mistral:7b,mixed,Jordanian|Commerce,url_2,3
20220102,42,,UNITED NATIONS,http://www.hispantv.com/noticias/palestina/535010/preso-israel-huelga-hambre,neutral,URL contains no clear migration-related tokens,mistral:7b,,,mistral:7b,,,,mistral:7b,neutral,URL contains no clear migration-related tokens,url_1,3
20220102,14,,ISRAELI,https://itongadol.com/coronavirus/coronavirus-en-israel-se-espera-que-tres-millones-de-israelies-se-infecten-con-el-virus,push,expectation of three million Israelis to be infected with the virus (potential crisis or disaster) in Israel,mistral:7b,,,mistral:7b,,,,mistral:7b,push,expectation of three million Israelis to be infected with the virus (potential crisis or disaster) in Israel,url_1,3
20220102,51,,ISRAEL,http://www.hispantv.com/noticias/palestina/535010/preso-israel-huelga-hambre,push,preso (imprisoned),mistral:7b,,,mistral:7b,,,,mistral:7b,push,preso (imprisoned),url_1,3
20220102,53,,ISRAEL,http://www.hispantv.com/noticias/palestina/535010/preso-israel-huelga-hambre,push,preso (imprisoned),mistral:7b,,,mistral:7b,,,,mistral:7b,push,preso (imprisoned),url_1,3
20220102,43,,JORDAN,https://alghad.com/%D9%85%D8%B9%D8%B1%D8%B6-%D8%A3%D8%B1%D8%AF%D9%86%D9%8A-%D9%84%D9%84%D8%AA%D8%AC%D8%A7%D8%B1%D8%A9-%D9%88%D8%A7%D9%84%D8%AE%D8%AF%D9%85%D8%A7%D8%AA-%D9%8A%D9%86%D8%B7%D9%84%D9%82-%D9%81%D9%8A-%D8%B3/,unclear,unable to determine a clear migration-related token from the URL,mistral:7b,pull,Exhibition|Jordan|Services,mistral:7b,,,,mistral:7b,pull,Exhibition|Jordan|Services,url_2,3
20220102,130,,LAWYER,https://www.vesti-online.com/stopiran-otkaz-za-nevakcinisanog-cuvara-reda/,push,stopped (Stop Iran) refusal (denial) for unvaccinated guardian,mistral:7b,,,mistral:7b,,,,mistral:7b,push,stopped (Stop Iran) refusal (denial) for unvaccinated guardian,url_1,3
20220102,42,,ANTANANARIVO,http://www.taringa.net/+salud_bienestar/la-proxima-gran-pandemia-la-resistencia-a-antibioticos-ya-esta-aqui_4zonot/,unclear,unable to determine a clear migration-related token from the URL,mistral:7b,unclear,<12 words; URL too short>,mistral:7b,Taringa! - Inteligencia Colectiva,unclear,,mistral:7b,unclear,,article,3
20220102,71,,OAXACA,https://oaxaca.eluniversal.com.mx/estatal/aumenta-congreso-de-oaxaca-presupuesto-de-comision-forestal-en-14-mdp,neutral,no clear migration-related tokens in the URL,mistral:7b,,,mistral:7b,,,,mistral:7b,neutral,no clear migration-related tokens in the URL,url_1,3
20220102,43,,MACHU PICCHU,https://www.segnidalcielo.it/peru-un-turista-fotografa-un-ufo-sullantica-citta-di-machu-picchu/,unclear,unable to determine a clear migration-related token from the URL,mistral:7b,unclear,No clear migration-related tokens,mistral:7b,,unclear,,mistral:7b,unclear,,article,3
20220102,53,,PALESTINE,http://www.hispantv.com/noticias/palestina/535010/preso-israel-huelga-hambre,push,preso (imprisoned),mistral:7b,,,mistral:7b,,,,mistral:7b,push,preso (imprisoned),url_1,3
20220102,51,,PALESTINE,http://www.hispantv.com/noticias/palestina/535010/preso-israel-huelga-hambre,push,preso (imprisoned),mistral:7b,,,mistral:7b,,,,mistral:7b,push,preso (imprisoned),url_1,3
20220102,53,,PALESTINE,http://www.hispantv.com/noticias/palestina/535010/preso-israel-huelga-hambre,push,preso (imprisoned),mistral:7b,,,mistral:7b,,,,mistral:7b,push,preso (imprisoned),url_1,3
20220102,43,,SAINT,https://g1.globo.com/sp/santos-regiao/porto-mar/noticia/2022/01/02/anvisa-reforca-urgencia-em-acabar-com-temporada-de-cruzeiros-e-fala-em-risco-a-saude-publica.ghtml,push,anvisa-reforca-urgencia,mistral:7b,,,mistral:7b,,,,mistral:7b,push,anvisa-reforca-urgencia,url_1,3
20220102,51,,SETTLER,https://www.eluniversal.com.mx/ciencia-y-salud/tras-aparente-extincion-el-pez-picote-tequila-fue-reintegrado-su-habitat,neutral,unclear_token,mistral:7b,,,mistral:7b,,,,mistral:7b,neutral,unclear_token,url_1,3
20220102,20,,TURKEY,https://eleftherostypos.gr/ellinotourkika/880814-empristikos-o-akar-ebale-xio-samo-kai-oinousses-sto-stoma-tis-tourkias/,unclear,unclear_token,mistral:7b,neutral,No clear migration-related tokens,mistral:7b,,,,mistral:7b,neutral,No clear migration-related tokens,url_2,3
20220102,36,,THE WHITE HOUSE,https://pronedra.ru/v21-pervye-pervye-simptomy-pnevmonii-pomogut-svoevremenno-nachat-lechenie-i-soxranit-zhizn-439639.html,push,pneumonia-timely-start-treatment,mistral:7b,,,mistral:7b,,,,mistral:7b,push,pneumonia-timely-start-treatment,url_1,3
20220102,41,,THE WHITE HOUSE,https://pronedra.ru/v21-pervye-pervye-simptomy-pnevmonii-pomogut-svoevremenno-nachat-lechenie-i-soxranit-zhizn-439639.html,repeat,unclear_token,mistral:7b,,,mistral:7b,,,,mistral:7b,repeat,unclear_token,url_1,3
20220102,112,FARMER,MINIST OF ENVIRONMENT,https://www.diariolibre.com/actualidad/sucesos/2022/01/02/acusan-ganaderos-de-provocar-incendios-en-sierra-de-bahoruco/1563459,push,ranchers-accused-of-causing-fires,mistral:7b,,,mistral:7b,,,,mistral:7b,push,ranchers-accused-of-causing-fires,url_1,3
20220102,356,ARGENTINIAN,,https://www.clarin.com/opinion/malvinas-primeros-200-anos-_0_7SMJC2Ult.html,neutral,unclear_token,mistral:7b,,,mistral:7b,,,,mistral:7b,neutral,unclear_token,url_1,3
20220102,36,BUENOS AIRES,,https://urgente24.com/actualidad/tragedia-palermo-asesino-al-volante-alcohol-y-muerte-n531977,push,alcohol-and-death,mistral:7b,,,mistral:7b,,,,mistral:7b,push,alcohol-and-death,url_1,3
20220102,80,ARGENTINA,,https://www.clarin.com/opinion/malvinas-pasado-presente-conflicto_0_4JQu1pJwH.html,neutral,unclear_token,mistral:7b,,,mistral:7b,,,,mistral:7b,neutral,unclear_token,url_1,3
20220102,160,ARGENTINA,FALKLANDS,https://www.clarin.com/opinion/malvinas-pasado-presente-conflicto_0_4JQu1pJwH.html,repeat,unclear_token,mistral:7b,,,mistral:7b,,,,mistral:7b,repeat,unclear_token,url_1,3
20220102,190,BELGIAN,BELGIUM,https://geeko.lesoir.be/2022/01/02/une-entreprise-belge-lutte-contre-contre-le-gaspillage-pharmaceutique/,neutral,None of the provided tokens indicate clear migration-related pressure,mistral:7b,,,mistral:7b,,,,mistral:7b,neutral,None of the provided tokens indicate clear migration-related pressure,url_1,3
20220102,190,BELGIAN,,https://geeko.lesoir.be/2022/01/02/une-entreprise-belge-lutte-contre-contre-le-gaspillage-pharmaceutique/,neutral,None of the provided tokens indicate clear migration-related pressure,mistral:7b,,,mistral:7b,,,,mistral:7b,neutral,None of the provided tokens indicate clear migration-related pressure,url_1,3
20220102,112,BELARUSIAN,BELARUS,http://www.kvir.ru/author/andre-galinin/,unclear,URL is too short and ambiguous,mistral:7b,neutral,No clear migration-related tokens,mistral:7b,,,,mistral:7b,neutral,No clear migration-related tokens,url_2,3
20220102,190,BELARUSIAN,BELARUS,http://www.kvir.ru/author/andre-galinin/,unclear,URL is too short and ambiguous,mistral:7b,neutral,No clear migration-related tokens,mistral:7b,,,,mistral:7b,neutral,No clear migration-related tokens,url_2,3
20220102,51,BRAZIL,ARGENTINE,https://www.clarin.com/opinion/malvinas-pasado-presente-conflicto_0_4JQu1pJwH.html,push,"conflicto (implies conflict or crisis, which can lead to displacement)",mistral:7b,,,mistral:7b,,,,mistral:7b,push,"conflicto (implies conflict or crisis, which can lead to displacement)",url_1,3
20220102,10,BRAZIL,BRAZIL,https://www.clarin.com/opinion/malvinas-pasado-presente-conflicto_0_4JQu1pJwH.html,push,"conflicto (implies conflict or crisis, which can lead to displacement)",mistral:7b,,,mistral:7b,,,,mistral:7b,push,"conflicto (implies conflict or crisis, which can lead to displacement)",url_1,3
20220102,10,BRAZIL,BRAZIL,https://www.clarin.com/opinion/malvinas-pasado-presente-conflicto_0_4JQu1pJwH.html,push,"conflicto (implies conflict or crisis, which can lead to displacement)",mistral:7b,,,mistral:7b,,,,mistral:7b,push,"conflicto (implies conflict or crisis, which can lead to displacement)",url_1,3
20220102,12,TYCOON,,https://revistamonet.globo.com/Celebridades/noticia/2022/01/look-de-jeff-bezos-um-dos-homens-mais-ricos-do-mundo-no-reveillon-rende-piadas-nas-redes-meio-vin-diesel-meio-agostinho-carrara.html,neutral,None of the provided tokens indicate clear migration-related pressure,mistral:7b,,,mistral:7b,,,,mistral:7b,neutral,None of the provided tokens indicate clear migration-related pressure,url_1,3
20220102,90,COMPANY,,https://e24.no/ledige-stillinger/s/Kzeo24/har-du-inkasso-erfaring-men-kan-tenke-deg-strre-ansvar,pull,vacancies (implies job openings or hiring),mistral:7b,,,mistral:7b,,,,mistral:7b,pull,ledige-stillinger (implies job openings or hiring),url_1,3
20220102,145,BUSINESS,,https://www.limburger.nl/cnt/dmf20220102_97854382,neutral,None of the provided tokens indicate clear migration-related pressure,mistral:7b,,,mistral:7b,,,,mistral:7b,neutral,None of the provided tokens indicate clear migration-related pressure,url_1,3
20220102,160,AIRLINE,,https://es.investing.com/news/stock-market-news/disrupciones-relacionadas-con-omicron-provocan-mas-de-4000-cancelaciones-de-vuelos-en-inicio-de-2022-2199117,neutral,[no clear migration-related tokens],mistral:7b,,,mistral:7b,,,,mistral:7b,neutral,[no clear migration-related tokens],url_1,3
20220102,190,TYCOON,,https://revistamonet.globo.com/Celebridades/noticia/2022/01/look-de-jeff-bezos-um-dos-homens-mais-ricos-do-mundo-no-reveillon-rende-piadas-nas-redes-meio-vin-diesel-meio-agostinho-carrara.html,unclear,[no clear migration-related tokens],mistral:7b,unclear,No clear migration-related tokens,mistral:7b,"Jeff Bezos e a namorada (Foto: Reprodução/Instagram)

Jeff Bezos, um dos homens mais ricos do mundo, começou 2022 inspirando piadas e memes nas redes sociais com seu look para a festa de Réveillon acompanhado de amigos e da namorada, a apresentadora de TV Lauren Sanchez.



O megaempresário tem chamado atenção nos últimos tempos pelo físico 'bombadão' e usou uma camisa colorida que ornou com a festa temática dos anos 1970 que promoveu para celebrar a chegada do Ano Novo.

Na legenda do seu post, ele compartilhou uma reflexão sobre a virada de 21 para 22. ""Nós nos divertimos muito na noite passada celebrando com uma festa louca de discoteca com a família, mas o Ano Novo também é um ótimo momento para fazer um balanço e focar no crescimento pessoal, renovação, renascimento e prestar atenção a cada momento de sua vida. Os bons e os maus. Tudo. Comemore e cresça"", escreveu.

saiba mais Ex de Kanye e eterna rival de Kim Kardashian desafia Insta ao postar foto completamente nua Ex de Kanye e eterna rival de Kim Kardashian desafia Insta ao postar foto completamente nua

Os internautas, tanto nos EUA quanto no Brasil, não perderam a piada. ""Jeff Bezos está a poucos centímetros de se transformar em Pitbull"", comentou uma usuária, fazendo referência ao músico de ascendência cubana. ""A transformação física de Jeff Bezos parece uma dessa história de origens de vilões do Homem-Aranha"", brincou outro.

Já um brasileiro foi mortal ao resumir tudo em um inusitado mash-up do astro de 'Velozes e Furiosos e o personagem de Pedro Cardoso na série 'A Grande Família': ""Jeff Bezos passou a virada com um look meio Vin Diesel, meio Agostinho Carrara.""

Houve também usuários que repararam nos dedos desproporcionais da namorada no clique principal. ""Não consigo parar de olhar"", afirmou um.

saiba mais Filha de Steve Jobs se despede de 2021 e dá boas vindas para 2022 em fotos com biquíni minúsculo Filha de Steve Jobs se despede de 2021 e dá boas vindas para 2022 em fotos com biquíni minúsculo

Pedro Cardoso em A Grande Família (Foto: Divulgação)

Vin Diesel em Velozes e Furiosos 9 (2021) (Foto: Divulgação)

Pitbull (Foto: Divulgação)

saiba mais Hilary Duff surpreende fãs com sequência de selfies de topless na banheira Hilary Duff surpreende fãs com sequência de selfies de topless na banheira

Claro que também apareceu quem achasse o figurino do magnata da Amazon de gosto duvidoso e que destoa com um sujeito com mais de 190 bilhões de dólares em propriedades (o que ultrapassa a marca de 1 trilhão de reais pela cotação atual). ""Jeff Bezos, sendo o homem mais rico do mundo, se veste como um sujeito que perdeu tudo em criptomoedas"", brincou um. ""Mais dinheiro não necessariamente é uma coisa boa"", complementou outro.

Jeff Bezos e Lauren Sanchez estão juntos desde o fim de 2018 e tornaram público seu namoro no início de 2019. O relacionamento tomou de assalto inclusive as editorias voltadas a celebridades e gossip por que resultou no término do casamento de 25 anos de Bezos com MacKenzie Bezos, mãe de seus quatro filhos. Já Sanchez era casada com o também empresário Patrick Whitesell, ex-amigo de Bezos.

Abaixo, confira mais fotos de Bezos na sua festa de Réveillon.

Jeff Bezos, a namorada e amiga (Foto: Reprodução/Instagram)",neutral,"The article is about Jeff Bezos' New Year's Eve party and his look, not conditions related to migration",mistral:7b,neutral,"The article is about Jeff Bezos' New Year's Eve party and his look, not conditions related to migration",article,3
20220102,20,AIRLINE,EMPLOYEE,https://es.investing.com/news/stock-market-news/disrupciones-relacionadas-con-omicron-provocan-mas-de-4000-cancelaciones-de-vuelos-en-inicio-de-2022-2199117,neutral,[no clear migration-related tokens],mistral:7b,,,mistral:7b,,,,mistral:7b,neutral,[no clear migration-related tokens],url_1,3
20220102,30,BUSINESS,,https://www.eluniversal.com.mx/nacion/tras-vacaciones-de-invierno-sep-se-declara-lista-para-retorno-actividades-escolares-presenciales,neutral,[no clear migration-related tokens],mistral:7b,,,mistral:7b,,,,mistral:7b,neutral,[no clear migration-related tokens],url_1,3
20220102,173,CALGARY,CALGARY,https://www.journaldemontreal.com/2022/01/02/manifestations-anti-covid-un-pasteur-et-son-frere-arretes-par-calgary,unclear,[no clear migration-related tokens],mistral:7b,unclear,<URL too short>,mistral:7b,"Un pasteur connu pour ses positions anti-mesures sanitaires et son frère ont été arrêtés et accusés, samedi, après avoir manifesté sur le terrain du ministre de la Santé de l’Alberta.

• À lire aussi: L’exaspération se fait ressentir aux centres de dépistage

Le pasteur Artur Pawlowski et son frère Dawid, qui ont déjà fait face à la justice pour avoir défié les règles sanitaires par le passé, ont rejoint une cinquantaine de manifestants devant la demeure du ministre Jason Copping.

La police de Calgary a confirmé qu'elle a arrêté deux manifestants parce qu'ils violaient une ordonnance de la cour, sans dévoiler leurs noms. Cependant, une vidéo publiée sur la page Facebook du pasteur controversé montre l’arrestation de ce dernier et de son frère peu de temps après la manifestation, alors qu’ils se trouvent en voiture.

«C’est ce qui se produit lorsque vous vivez au China-da, s’est insurgé Artur en se filmant. Vous allez vous faire arrêter par la Gestapo.»

La vidéo, d’une durée d’un peu plus de sept minutes, recèle un vaste éventail de références au nazisme, le pasteur allant jusqu’à rebaptiser le premier ministre Jason Kenney du nom de «Adolf Kenney».

Plus tard, au cours de l’arrestation des deux frères, on entend une troisième personne dans le véhicule, qui filme toute la scène, traiter les policiers de Calgary de «nazis» et se moquer d’eux.

L’avocate des deux frères, Sarah Miller, a confirmé au Calgary Herald que les Pawlowski ont été accusés de bris d’ordonnance.

Le premier ministre s’est désolé de la tournure de cette soirée du jour de l’An. «Tous les Albertains ont le droit de manifester pacifiquement. Ce droit ne permet pas d’empiéter sur les terrains de maisons privées et de harceler les familles des gens du service public», s’est-il insurgé sur Twitter.

«Malheureusement, ce n’est pas la première fois que cette portion des conspirationnistes antivaccins tente d’intimider des élus du gouvernement de cette façon. Je suis certain que la majorité des Albertains rejettent cette forme d’extrémisme», a-t-il ajouté.

À VOIR AUSSI",push,"The article is about anti-vaccine protesters being arrested for violating court orders, and references to the Gestapo and Nazism. These conditions may push people to leave Alberta due to increased government repression.",mistral:7b,push,"The article is about anti-vaccine protesters being arrested for violating court orders, and references to the Gestapo and Nazism. These conditions may push people to leave Alberta due to increased government repression.",article,3
20220102,175,CALGARY,DEMONSTRATOR,https://www.journaldemontreal.com/2022/01/02/manifestations-anti-covid-un-pasteur-et-son-frere-arretes-par-calgary,unclear,[no clear migration-related tokens],mistral:7b,unclear,<URL identical to previous row>,mistral:7b,"Un pasteur connu pour ses positions anti-mesures sanitaires et son frère ont été arrêtés et accusés, samedi, après avoir manifesté sur le terrain du ministre de la Santé de l’Alberta.

• À lire aussi: L’exaspération se fait ressentir aux centres de dépistage

Le pasteur Artur Pawlowski et son frère Dawid, qui ont déjà fait face à la justice pour avoir défié les règles sanitaires par le passé, ont rejoint une cinquantaine de manifestants devant la demeure du ministre Jason Copping.

La police de Calgary a confirmé qu'elle a arrêté deux manifestants parce qu'ils violaient une ordonnance de la cour, sans dévoiler leurs noms. Cependant, une vidéo publiée sur la page Facebook du pasteur controversé montre l’arrestation de ce dernier et de son frère peu de temps après la manifestation, alors qu’ils se trouvent en voiture.

«C’est ce qui se produit lorsque vous vivez au China-da, s’est insurgé Artur en se filmant. Vous allez vous faire arrêter par la Gestapo.»

La vidéo, d’une durée d’un peu plus de sept minutes, recèle un vaste éventail de références au nazisme, le pasteur allant jusqu’à rebaptiser le premier ministre Jason Kenney du nom de «Adolf Kenney».

Plus tard, au cours de l’arrestation des deux frères, on entend une troisième personne dans le véhicule, qui filme toute la scène, traiter les policiers de Calgary de «nazis» et se moquer d’eux.

L’avocate des deux frères, Sarah Miller, a confirmé au Calgary Herald que les Pawlowski ont été accusés de bris d’ordonnance.

Le premier ministre s’est désolé de la tournure de cette soirée du jour de l’An. «Tous les Albertains ont le droit de manifester pacifiquement. Ce droit ne permet pas d’empiéter sur les terrains de maisons privées et de harceler les familles des gens du service public», s’est-il insurgé sur Twitter.

«Malheureusement, ce n’est pas la première fois que cette portion des conspirationnistes antivaccins tente d’intimider des élus du gouvernement de cette façon. Je suis certain que la majorité des Albertains rejettent cette forme d’extrémisme», a-t-il ajouté.

À VOIR AUSSI",push,"anti-sanitary measures, arrest and accusations, comparison to nazism",mistral:7b,push,"anti-sanitary measures, arrest and accusations, comparison to nazism",article,3
20220102,51,ORTHODOX CHRISTIAN,SAINT,https://www.mngz.ru/russia-world-sensation/2464160-v-vargashinskom-rayone-sotrudniki-policii-proveli-20-profilakticheskih-besed-so-shkolnikami.html,neutral,[no clear migration-related tokens],mistral:7b,,,mistral:7b,,,,mistral:7b,neutral,[no clear migration-related tokens],url_1,3
20220102,51,ORTHODOX CHRISTIAN,SAINT,https://pronedra.ru/pozdravleniya-ko-dnyu-svyatoj-anastasii-4-yanvarya-tradiczii-prazdnika-630226.html,neutral,[no clear migration-related tokens],mistral:7b,,,mistral:7b,,,,mistral:7b,neutral,[no clear migration-related tokens],url_1,3
20220102,90,POLICE,,https://www.noviny.sk/krimi/652963-mrtvy-muz-v-aute-telo-hladaneho-slovenskeho-policajta-nasli-v-polsku,unclear,[no clear migration-related tokens],mistral:7b,unclear,<URL in non-English language>,mistral:7b,"Mŕtvy muž v aute: Telo hľadaného slovenského policajta našli v Poľsku JOJ24.SK TOPSTAR 24 podcast Zdravie Krimi Šport TV program ZPH 2026 ZOH 2026 Epsteinove spisy Slovensko - aktuality Zahraničie Počasie Politika Ekonomika Horoskopy Slováci v EÚ Koronavírus SME CHLAPI History Rozhovory 12 PLUS PR správy MS v hokeji Eurovoľby 2024 NA HRANE TV JOJ Darované Vianoce Náš tím 6° Bratislava Jozef 19.3.2026 Ďalšie od TV JOJ Späť Noviny.sk JOJ JOJ PLAY JOJ ŠPORT JOJ CZ JOJ GROUP Šport Ženské TopStar Sme chlapi Videonoviny Ranné noviny NA HRANE TV JOJ Zdravie 24 podcast joj24.sk History eunoviny.sk Copyright 2026 Československá filmová společnost, s.r.o. · Webdesign by Kennymax JOJ24.SK TOPSTAR 24 podcast Zdravie Krimi Šport TV program ZPH 2026 ZOH 2026 Epsteinove spisy Slovensko - aktuality Bratislava Trnava Trenčín Nitra Žilina Banská Bystrica Prešov Košice Zahraničie Počasie Úvod Mestá Dovolenkové destinácie Svetové metropoly Politika Ekonomika Horoskopy Slováci v EÚ Koronavírus SME CHLAPI History Rozhovory 12 PLUS PR správy MS v hokeji Eurovoľby 2024 NA HRANE TV JOJ Darované Vianoce Náš tím Chaos na Kamennom námestí: Auto zdemolovalo betónové črepníky a vydalo sa na útek Dôležité dni pre deviatakov: Celoslovenské Testovanie 9 sa začalo Odvolávanie Gašpara a zmeny volebného systému: Čo sa deje v Národnej rade? Takmer 35-metrové nosníky nového mosta prevážali cez centrum Banskej Bystrice Mŕtvy muž v aute: Telo hľadaného slovenského policajta našli v Poľsku Zdielať Zdielať na Peter Dzurilla redakcia/KK 2.1.2022 Krimi Mŕtvy muž v aute: Telo hľadaného slovenského policajta našli v Poľsku Máte vypnuté reklamy Vďaka financiám z reklamy prinášame kvalitné a objektívne informácie. Povoľte si prosím zobrazovanie reklamy na našom webe. Ďakujeme, že podporujete kvalitnú žurnalistiku. Embed kód NOVÝ TARG / POĽSKO / Z Poľska k nám dorazila smutná správa. Pátranie po 40-ročnom policajtovi z Nitry sa skončilo tragicky. Počas Silvestrovskej noci našli jeho auto v poľskej obci Ludmiež pri Novom Targu. Telo muža so strelnou ranou bolo v batožinovom priestore. Pátracia akcia bola rozsiahla Keďže po mužovi nebolo ani stopy, rozbehla sa rozsiahla pátracia akcia. Muž mal so svojím autom odísť z domu ešte 20. decembra a odvtedy sa nikomu neozval. Slovenskí policajti po ňom vyhlásili pátranie. Poľskí policajti s hasičmi prehľadávali terén v okolí miesta, kde našli auto. ""Niekoľko hodín policajti, hasiči a ďalší prehľadávali okolitý terén, avšak muža sa nepodarilo nájsť. Nakoniec sa policajti rozhodli odtiahnuť auto,"" informovala poľská novinárka Teresa Gut. Poľskí policajti objavili telo muža až po tom, ako auto odtiahli na policajné záchytné parkovisko. ""Miestni policajti skúmali auto z dôvodu podozrenia z krádeže. Počas snímania odtlačkov prstov bolo v batožinovom priestore objavené telo muža so strelným zranením a vedľa neho ležala pištoľ,"" poznamenal hovorca polície v Krakove Bartosz Izdebski. Išlo o príslušníka polície To však nebolo všetko. Podľa informácií TV JOJ má ísť o príslušníka Policajného zboru Slovenskej republiky a jeho služobnú zbraň. Tomu majú nasvedčovať aj osobné veci nájdené v aute. ""Vedľa muža sa nachádzala aj služobná legitimácia a dokumenty potvrdzujúceho jeho totožnosť. Išlo o 40-ročného obyvateľa Slovenska,"" doplnila Gut. Veľmi podozrivá okolnosť Podozrivé je, že telo muža sa nachádzalo v zamknutom kufri auta. Policajti z kriminalisticko-expertízneho útvaru v Krakove prišli na miesto v priebehu niekoľkých hodín. ""Strelná rana, ktorú mal nájdený muž, veľmi znepokojila policajtov, nakoľko v danej chvíli nemohli nič vylúčiť. Celú noc boli vykonávané procesné činnosti,"" uviedol Izdebski. Cudzie zavinenie je nateraz mimo hru Spôsob, akým bolo telo muža objavené, vzbudzuje pochybnosti. Polícia nateraz vylúčila cudzie zavinenie. ""Z prvých informácií, ktoré máme k dispozícii vyplýva, že pravdepodobne mohlo dôjsť k samovražde. Poľská polícia nateraz vylúčila cudzie zavinenie,"" upresnil Izdebski. ""Na objasnení okolností tohto prípadu intenzívne spolupracujeme s poľskou políciou. Nateraz nemôžme poskytnúť verejnosti viac informácií,"" uviedla hovorkyňa krajského riaditeľstva Policajného zboru v Nitre Renáta Čuháková. Peter Dzurilla redakcia/KK publikované 2.1.2022 o 18:45 · zdroj noviny.sk/TVJOJ Tagy: Samovražda strelná rana Poľsko pátracia akcia Policajti mŕtvy muž Zdielať na Vložte si video na vlastnú stránku 640x360 860x480 960x540 1280x720 Súvisiace články Tragédia v Bratislave: Podľa informácií TV JOJ mala pod vlak skočiť žena Krimi Na zelenú transformáciu nemáme v EÚ dostatok surovín. Sme závislí od Číny a iných krajín Slováci v EÚ Najčítanejšie správy Dnes 7 dní 30 dní Chaos na Kamennom námestí: Auto zdemolovalo betónové črepníky a vydalo sa na útek Zlodeji ukradli bankomat priamo zo zastávky: Predtým znefunkčnili kamery a ušli Rodinný dom zachvátili plamene. Staršiu pani previezli do nemocnice Osemročné dievčatko bolo v noci samé na lavičke, okoloidúci zalarmovali políciu Vyšetrovanie tragédie je uzavreté: Za požiar, pri ktorom uhoreli 4 deti, je zodpovedná nebohá prababka Nebezpečný únik plynov: Bytovku evakuovali, začiatkom roka v nej na otravu zomrel nájomník Tragédia počas stavebných prác: Pri zrútení lešenia zomreli štyria ľudia Veľká tragédia pri Banskej Štiavnici: Ročné dieťa sa utopilo v záhradnom jazierku V rodinnom dome našli telo v kaluži krvi. Z miesta odviedli staršieho muža Polícia rozbila drogovú skupinu na západe Slovenska. V akcii Hlavička pôjde do väzby päť ľudí Materská škola prišla o viac než 230-tisíc eur. Riaditeľka naletela podvodníkom Rušné ráno vo Zvolene: Základnej škole prišiel nebezpečný mail, odosielateľ hrozil vystrieľaním detí voličov koalície Finančná správa odhalila tajnú výrobňu cigariet. Škoda na dani je takmer 900-tisíc eur Výbuch v Demänovskej doline: Zlodeji odpálili bankomat a ušli. Polícia ich chytila Tragická nehoda: Auto zrazilo malého chlapca. Za volantom sedel jeho otec Západné Slovensko zasiahlo zemetrasenie s magnitúdou 4,3 Prenajali si byt na noc, do rána z neho zmizlo všetko. Bratislavou sa šíri nový, drzejší spôsob vykrádania Vlak narazil do auta, dvaja ľudia neprežili. Medzi obeťami je otec Romana z Parchovian Na Dunaji pri Medveďove sa potápal šlep s tisíc tonami pšenice Veľká tragédia pri Banskej Štiavnici: Ročné dieťa sa utopilo v záhradnom jazierku Zásielky miznú a menia obsah. ""Je to bohapustá krádež, "" hovorí poškodená Odporúčame Chaos na Kamennom námestí: Auto zdemolovalo betónové črepníky a vydalo sa na útek Krimi Ministerstvo dopravy zverejnilo príčinu zrážky vlakov pri Pezinku Krimi Vyšetrovanie tragédie je uzavreté: Za požiar, pri ktorom uhoreli 4 deti, je zodpovedná nebohá prababka Krimi V dome unikal plyn. Muž sa takouto formou pravdepodobne rozhodol ukončiť život Krimi Zlodeji ukradli bankomat priamo zo zastávky: Predtým znefunkčnili kamery a ušli Krimi Vo Švajčiarsku sa odtrhla lanovka. Po páde sa kabína opakovane pretáčala Zahraničie Noviny.sk Auto skončilo vo výklade: 68-ročná vodička si mala pomýliť písmená na prevodovke Krimi Dôchodkyne doplatili na súcit, teraz riešia dlhy a exekúciu Krimi Na diaľnici horelo auto, cesta je prejazdná iba v jednom pruhu Krimi Riadime sa kódexom JOJ.SK JOJ JOJ PLAY JOJ ŠPORT JOJ CZ JOJ GROUP Šport Ženské TopStar Sme chlapi Zdravie History Počasie SPRAVODAJSTVO Noviny.sk joj24.sk Noviny PLUS Videonoviny Ranné noviny NA HRANE TV JOJ 24 podcast Slovensko - aktuality Zahraničie Krimi Politika Ekonomika Slováci v EÚ NEPREHLIADNITE Reklama Kontakt Podmienky pre spracovanie osobnych udajov Cookies Nastavenia súkromia © Copyright 2026 Slovenská produkčná, a.s. Webdesign by Kennymax Developed by eFabrica",unclear,"The article discusses a tragic death of a man in Poland, and although the circumstances suggest a potential push factor (suicide), it is not explicitly stated that this event was caused by conditions in Slovakia. The text does not provide enough information to definitively classify the pressure as pull or mixed.",mistral:7b,unclear,"The article discusses a tragic death of a man in Poland, and although the circumstances suggest a potential push factor (suicide), it is not explicitly stated that this event was caused by conditions in Slovakia. The text does not provide enough information to definitively classify the pressure as pull or mixed.",article,3
20220102,192,POLICE OFFICER,,https://www.hoydiariodelmagdalena.com.co/archivos/613776,unclear,[no clear migration-related tokens],mistral:7b,neutral,<No clear migration-related tokens>,mistral:7b,,,,mistral:7b,neutral,<No clear migration-related tokens>,url_2,3
20220102,193,POLICE OFFICER,,https://www.ensonhaber.com/3-sayfa/adanada-silahli-kavgaya-mudahale-eden-polis-vuruldu,push,'mudahale' (interference),mistral:7b,,,mistral:7b,,,,mistral:7b,push,'mudahale' (interference),url_1,3
20220102,190,POLICE,ACTIVIST,http://lratvakan.com/news/76958.html,unclear,URL too short,mistral:7b,unclear,<URL too short>,mistral:7b,"Участники акции протеста в центре Киева пошли на штурм кордонов, которые выставлены вокруг квартала правительственных зданий.

На улице Грушевского в Киеве не утихают столкновения протестующих и правоохранителей. На улице стоят несколько разбитых автобусов милиции, один автобус подожгли. Силовики регулярно бросают в толпу дымовые шашки, используют слезоточивый газ.

Ожидается приезд водометов. Об этом сообщают местные СМИ. Использование водометов на морозе угрожает смертями протестующим. При таком температуре может наступить переохлаждение от воды за несколько минут.

Помимо этого, протестующие захватили пять пустых милицейских автобусов. Лидер партии «УДАР» Виталий Кличко призвал протестующих отказаться от силовых действий в отношении правоохранителей, заявив, что это наверняка вызовет ответную реакцию со стороны «Беркута». Политик пообещал договориться о том, чтобы людям открыли проход к зданию Верховной Рады.

Столкновения активистов с милицией начались после так называемого народного вече на Майдане Незалежности, в котором приняли участие несколько сотен тысяч человек. Собравшиеся протестовали против политики действующих властей страны.",push,"violence, repression, danger from water cannons",mistral:7b,push,"violence, repression, danger from water cannons",article,3
20220102,10,PERPETRATOR,CREATIVITY,https://www.hespress.com/%D8%AA%D8%AC%D8%A7%D9%88%D8%B2-%D9%88%D8%B1%D8%B7%D8%A9-%D8%B9%D8%B5%D8%B1-%D8%A7%D9%84%D8%B9%D8%AA%D9%85%D8%A9-925188.html,neutral,URL does not contain any clear migration-related tokens,mistral:7b,,,mistral:7b,,,,mistral:7b,neutral,URL does not contain any clear migration-related tokens,url_1,3
20220102,172,VILLAGE,,https://www.volynnews.com/news/all/cherez-novorichni-feyerverky-v-chernivtsiakh-zahynuly-desiatky-ptakhiv/,unclear,URL does not contain any clear migration-related tokens,mistral:7b,push,cherez-novorichni-feyerverky-v-chernivtsiakh-zahynuly-desiatky-ptakhiv,mistral:7b,,,,mistral:7b,push,cherez-novorichni-feyerverky-v-chernivtsiakh-zahynuly-desiatky-ptakhiv,url_2,3
20220102,10,COMMUNITY,POLICE,https://www.hoydiariodelmagdalena.com.co/archivos/613752,neutral,URL does not contain any clear migration-related tokens,mistral:7b,,,mistral:7b,,,,mistral:7b,neutral,URL does not contain any clear migration-related tokens,url_1,3
20220102,42,GERMAN,LISBON,https://naslovi.net/2022-01-03/blic/zarobljeni-u-luci-nemacki-kruzer-usidren-do-daljeg-u-lisabonu-zbog-izbijanja-epidemije-korona-virusa/29657724,push,"""captured"" and ""stranded""",mistral:7b,,,mistral:7b,,,,mistral:7b,push,"""captured"" and ""stranded""",url_1,3
20220102,42,GERMAN,LISBON,https://naslovi.net/2022-01-03/blic/zarobljeni-u-luci-nemacki-kruzer-usidren-do-daljeg-u-lisabonu-zbog-izbijanja-epidemije-korona-virusa/29657724,repeat of row 215,URL is a repeat of row 215,mistral:7b,,,mistral:7b,,,,mistral:7b,repeat of row 215,URL is a repeat of row 215,url_1,3
20220102,10,UNIVERSITY,,https://www.elmanana.com/cae-ex-rector-de-la-uabjo-por-fraude/5475695,unclear,URL does not contain any clear migration-related tokens,mistral:7b,unclear,former-rector-of-uabjo-for-fraud,mistral:7b,"CIUDAD DE MÉXICO.- Eduardo Martínez Helmes, ex Rector de la Universidad Autónoma Benito Juárez de Oaxaca (UABJO), fue detenido el pasado 31 de diciembre por el delito Equiparado a la Defraudación Fiscal Agravado contra la Hacienda Estatal.



Elementos de la Agencia Estatal de Investigaciones de Oaxaca le ejecutaron una orden de aprehensión por un presunto desfalco de alrededor de los 90 millones de pesos.

Tras su detención, se trasladó al penal de San Francisco Tanivet, ubicado en el Municipio de Tlacolula de Matamoros, lugar en el que tendrá su primera audiencia y un juez decidirá si es vinculado a proceso.

Al término de la administración de Martínez Helmes como Rector, cargo que ostentó entre 2012 y 2016, se observaron irregularidades financieras en la institución, más tarde, las investigaciones detectaron su posible responsabilidad

En un primer momento, la Auditoría Superior de la Federación manejó que el monto de 56 millones de pesos; sin embargo, la cifra podría ser de hasta 90 millones de pesos.

Este domingo, Eduardo M.H., emitió un comunicado en el que asegura que su detención fue hecha con el fin de generar un clima de caos al interior de la universidad, la cual tendrá elecciones para elegir al próximo Rector en el mes de mayo.

""Expreso mi férrea convicción por mantener la defensa de la Autonomía Universitaria, mi libertad está restringida, pero mi pensamiento firme y claro, no debemos doblegar la legalidad ni el respeto a la Autonomía"" aseveró Eduardo Martínez.

No obstante, de acuerdo con fuentes del Ministerio Público Estatal, el ex Rector recurrió tres veces a la justicia federal para solicitar un amparo que evitara que fuera aprehendido.",unclear,"The article primarily discusses the detention of a university rector due to financial irregularities, and does not directly indicate conditions that may cause people to leave or arrive in Mexico.",mistral:7b,unclear,"The article primarily discusses the detention of a university rector due to financial irregularities, and does not directly indicate conditions that may cause people to leave or arrive in Mexico.",article,3
20220102,36,STUDENT,,https://olhardireto.com.br/noticias/exibir.asp?id=496488&noticia=porto-relembra-dificuldades-com-45-dos-estudantes-sem-internet-e-projeta-2022-como-melhor-ano-letivo-da-historia,pull,'projects' and 'better',mistral:7b,,,mistral:7b,,,,mistral:7b,pull,'projects' and 'better',url_1,3
20220102,36,SCHOOL,,https://olhardireto.com.br/noticias/exibir.asp?id=496488&noticia=porto-relembra-dificuldades-com-45-dos-estudantes-sem-internet-e-projeta-2022-como-melhor-ano-letivo-da-historia,repeat of row 218,URL is a repeat of row 218,mistral:7b,,,mistral:7b,,,,mistral:7b,repeat of row 218,URL is a repeat of row 218,url_1,3
20220102,43,SCHOOL,,https://olhardireto.com.br/noticias/exibir.asp?id=496488&noticia=porto-relembra-dificuldades-com-45-dos-estudantes-sem-internet-e-projeta-2022-como-melhor-ano-letivo-da-historia,neutral,none,mistral:7b,,,mistral:7b,,,,mistral:7b,neutral,none,url_1,3
20220102,1721,SCHOOL,,https://itongadol.com/coronavirus/coronavirus-en-israel-se-espera-que-tres-millones-de-israelies-se-infecten-con-el-virus,pull,trees millions of Israelis infected with the virus,mistral:7b,,,mistral:7b,,,,mistral:7b,pull,trees millions of Israelis infected with the virus,url_1,3
20220102,42,STUDENT,OAXACA,https://oaxaca.eluniversal.com.mx/sociedad/regresan-clases-mas-de-874-mil-estudiantes-de-oaxaca-este-3-de-enero,unclear,none,mistral:7b,pull,Classes return-more than-874-thousand-students-of-Oaxaca-this-January-3,mistral:7b,,,,mistral:7b,pull,Classes return-more than-874-thousand-students-of-Oaxaca-this-January-3,url_2,3
20220102,71,ACTOR,,https://bagikanberita.pikiran-rakyat.com/bisnis/pr-683379835/rezeki-senin-ceria-khusus-wanita-berjiwa-entrepreneur-dapat-pinjaman-tanpa-agunan-rp25-juta-di-pnm-mekaar-plus,pull,IDR 25 million unsecured loan at PNM Mekaar Plus,mistral:7b,,,mistral:7b,,,,mistral:7b,pull,IDR 25 million unsecured loan at PNM Mekaar Plus,url_1,3
20220102,1821,ACTOR,BANDUNG,https://www.pikiran-rakyat.com/nasional/pr-013379874/genting-susi-pudjiastuti-desak-ruu-pks-disahkan-perlu-berapa-banyak-lagi-korban,unclear,none,mistral:7b,unclear,genting-susi-pudjiastuti-urges-the-ruu-pks-to-be-passed-requires-how-many-more-victims,mistral:7b,,unclear,,mistral:7b,unclear,,article,3
20220102,10,MADRID,,https://es.euronews.com/2022/01/02/espana-dice-no-a-la-propuesta-de-bruselas-de-incluir-la-energia-nuclear-y-el-gas-en-su-pla,push,Spain says no to the Brussels proposal to include nuclear energy and gas in its plan,mistral:7b,,,mistral:7b,,,,mistral:7b,push,espana dice no a la propuesta de bruselas de incluir la energia nuclear y el gas en su pla,url_1,3
20220102,111,EUROPEAN,,https://1prime.ru/business/20220103/835674504.html,unclear,none,mistral:7b,neutral,unclear|too short,mistral:7b,,,,mistral:7b,neutral,unclear|too short,url_2,3
20220102,20,FINNISH,RUSSIA,https://www.geopolitica.ru/news/vlasti-finlyandii-zagovorili-o-vstuplenii-v-nato,pull,joining NATO,mistral:7b,,,mistral:7b,,,,mistral:7b,pull,joining NATO,url_1,3
20220102,42,UNITED KINGDOM,UNITED KINGDOM,https://www.elbotola.com/article/2022-01-02-22-03-111.html,unclear,none,mistral:7b,unclear,<URL too short>,mistral:7b,"المنتخب الوطني يبرمج أولى حصصه التدريبية في الكاميرون غدا الإثنين استعدادا لودية بوركينا فاسو و""رحلة الكان""

حدد الطاقم التقني للناخب الوطني وحيد خليلوزيتش، برنامج ""الأسود"" في الكاميرون، قبل مواجهة غانا، لحساب الجولة الأولى من دور المجموعات لكأس أمم أفريقيا 2021.





ومن المقرر أن يخوض المنتخب الوطني يوم غد الإثنين، أولى حصصه التدريبية استعدادا لودية بوركينا فاسو، المبرمجة يوم الخميس 6 يناير الجاري.





ويدشن رفاق أشرف حكيمي، رحلتهم القارية، بمواجهة غانا، يوم الإثنين 10 يناير، بداية من الساعة الخامسة عصرا (17:00 غرينيتش +1)، بملعب ""أحمدو أهيدجو"" في مدينة ياوندي الكاميرونية.





وحطت بعثة المنتخب المغربي، يومه الأحد، الرحال في الكاميرون، إذ وجدت في استقبالها سفير المملكة هناك، مصطفى بوه.





يذكر أن المغرب يتواجد في المجموعة الثالثة، رفقة منتخبات غانا والغابون وجزر القمر.",neutral,"Article is about football matches and team training, not conditions that may cause people to leave or arrive in the country",mistral:7b,neutral,"Article is about football matches and team training, not conditions that may cause people to leave or arrive in the country",article,3
20220102,42,UNITED KINGDOM,UNITED KINGDOM,https://www.elbotola.com/article/2022-01-02-22-03-111.html,unclear,none,mistral:7b,neutral,<no clear migration-related tokens>,mistral:7b,,,,mistral:7b,neutral,<no clear migration-related tokens>,url_2,3
20220102,43,UNITED KINGDOM,,https://www.elbotola.com/article/2022-01-02-22-03-111.html,unclear,<URL too short>,mistral:7b,neutral,<no clear migration-related tokens>,mistral:7b,,,,mistral:7b,neutral,<no clear migration-related tokens>,url_2,3
20220102,43,UNITED KINGDOM,,https://www.elbotola.com/article/2022-01-02-22-03-111.html,unclear,<URL too short>,mistral:7b,neutral,<no clear migration-related tokens>,mistral:7b,,,,mistral:7b,neutral,<no clear migration-related tokens>,url_2,3
20220102,43,UNITED KINGDOM,UNITED KINGDOM,https://www.elbotola.com/article/2022-01-02-22-03-111.html,unclear,<URL too short>,mistral:7b,neutral,<no clear migration-related tokens>,mistral:7b,,,,mistral:7b,neutral,<no clear migration-related tokens>,url_2,3
20220102,43,UNITED KINGDOM,UNITED KINGDOM,https://www.elbotola.com/article/2022-01-02-22-03-111.html,unclear,<URL too short>,mistral:7b,unclear,<URL too short>,mistral:7b,"المنتخب الوطني يبرمج أولى حصصه التدريبية في الكاميرون غدا الإثنين استعدادا لودية بوركينا فاسو و""رحلة الكان""

حدد الطاقم التقني للناخب الوطني وحيد خليلوزيتش، برنامج ""الأسود"" في الكاميرون، قبل مواجهة غانا، لحساب الجولة الأولى من دور المجموعات لكأس أمم أفريقيا 2021.





ومن المقرر أن يخوض المنتخب الوطني يوم غد الإثنين، أولى حصصه التدريبية استعدادا لودية بوركينا فاسو، المبرمجة يوم الخميس 6 يناير الجاري.





ويدشن رفاق أشرف حكيمي، رحلتهم القارية، بمواجهة غانا، يوم الإثنين 10 يناير، بداية من الساعة الخامسة عصرا (17:00 غرينيتش +1)، بملعب ""أحمدو أهيدجو"" في مدينة ياوندي الكاميرونية.





وحطت بعثة المنتخب المغربي، يومه الأحد، الرحال في الكاميرون، إذ وجدت في استقبالها سفير المملكة هناك، مصطفى بوه.





يذكر أن المغرب يتواجد في المجموعة الثالثة، رفقة منتخبات غانا والغابون وجزر القمر.",neutral,"The article is about a soccer team preparing for a match in Cameroon, there is no clear mention of push or pull factors related to migration.",mistral:7b,neutral,"The article is about a soccer team preparing for a match in Cameroon, there is no clear mention of push or pull factors related to migration.",article,3
20220102,10,AUTHORITIES,,https://www.telemundo.com/noticias/noticias-telemundo/clima/no-esto-no-es-una-broma-llovieron-peces-en-texas-poco-antes-de-fin-de-rcna10639,neutral,no clear migration-related tokens,mistral:7b,,,mistral:7b,,,,mistral:7b,neutral,no clear migration-related tokens,url_1,3
20220102,12,SECRETARIAT,,https://olhardireto.com.br/noticias/exibir.asp?id=496488&noticia=porto-relembra-dificuldades-com-45-dos-estudantes-sem-internet-e-projeta-2022-como-melhor-ano-letivo-da-historia,neutral,no clear migration-related tokens,mistral:7b,,,mistral:7b,,,,mistral:7b,neutral,no clear migration-related tokens,url_1,3
20220102,14,MINISTRY,,https://tsn.ua/ru/svit/izrail-odobril-chetvertuyu-covid-privivku-dlya-medrabotnikov-i-lyudey-ot-60-let-1945456.html,neutral,no clear migration-related tokens,mistral:7b,,,mistral:7b,,,,mistral:7b,neutral,no clear migration-related tokens,url_1,3
20220102,40,KINGDOM,,https://alghad.com/%D9%88%D8%B2%D9%8A%D8%B1-%D8%A7%D9%84%D8%AE%D8%A7%D8%B1%D8%AC%D9%8A%D8%A9-%D8%A7%D9%84%D8%B3%D8%B9%D9%88%D8%AF%D9%8A-%D9%81%D9%8A-%D8%B9%D9%85%D8%A7%D9%86/,unclear,<URL in Arabic>,mistral:7b,pull,Saudi Foreign Ministry,mistral:7b,,,,mistral:7b,pull,Saudi Foreign Ministry,url_2,3
20220102,40,KINGDOM,,https://alghad.com/%D9%88%D8%B2%D9%8A%D8%B1-%D8%A7%D9%84%D8%AE%D8%A7%D8%B1%D8%AC%D9%8A%D8%A9-%D8%A7%D9%84%D8%B3%D8%B9%D9%88%D8%AF%D9%8A-%D9%81%D9%8A-%D8%B9%D9%85%D8%A7%D9%86/,unclear,<URL in Arabic>,mistral:7b,pull,Saudi Foreign Ministry,mistral:7b,,,,mistral:7b,pull,Saudi Foreign Ministry,url_2,3
20220102,46,MINIST,,https://alghad.com/%D9%88%D8%B2%D9%8A%D8%B1-%D8%A7%D9%84%D8%AE%D8%A7%D8%B1%D8%AC%D9%8A%D8%A9-%D8%A7%D9%84%D8%B3%D8%B9%D9%88%D8%AF%D9%8A-%D9%81%D9%8A-%D8%B9%D9%85%D8%A7%D9%86/,unclear,<URL in Arabic>,mistral:7b,pull,Saudi Foreign Ministry,mistral:7b,,,,mistral:7b,pull,Saudi Foreign Ministry,url_2,3
20220102,46,KINGDOM,,https://alghad.com/%D9%88%D8%B2%D9%8A%D8%B1-%D8%A7%D9%84%D8%AE%D8%A7%D8%B1%D8%AC%D9%8A%D8%A9-%D8%A7%D9%84%D8%B3%D8%B9%D9%88%D8%AF%D9%8A-%D9%81%D9%8A-%D8%B9%D9%85%D8%A7%D9%86/,push,External,mistral:7b,,,mistral:7b,,,,mistral:7b,push,External,url_1,3
20220102,57,GOVERNMENT,,https://www.cas.sk/clanok/2626553/predseda-civilnej-vlady-v-sudane-oznamil-svoju-rezignaciu-snazil-som-sa-zo-vsetkych-sil/,unclear,no clear migration-related tokens,mistral:7b,unclear,<URL tokens non-English>,mistral:7b,"Predseda civilnej vlády v Sudáne oznámil svoju rezignáciu: Snažil som sa zo všetkých síl Preskočiť na hlavný obsah Správy PREMIUM Útok na Irán PROMINENTI ŠPORTOVÝ ČAS TIP OD VÁS KVÍZY VIDEO HOROSKOP 0 Hľadať ... Predplatné Digitálne predplatné Printové predplatné 0 Reklama Predseda civilnej vlády v Sudáne oznámil svoju rezignáciu: Snažil som sa zo všetkých síl 2. 1. 2022, 23:25 Zdroj: TASR/AP Reklama Logo Nový Čas Logo Nový Čas Redakcia Nový Čas Predseda sudánskej civilnej vlády Abdallá Hamdúk oznámil v nedeľu večer svoju rezignáciu, viac než dva mesiace po tom, čo v krajine došlo k vojenskému prevratu. Informovala o tom agentúra AFP. "" Zo všetkých síl som sa snažil zabrániť katastrofe ,"" povedal Hamdúk v prejave v štátnej televízii. ""Vzhľadom na fragmentáciu politických strán a konflikty medzi (vojenskými a civilnými) zložkami prechodnej (vlády)... napriek všetkým snahám dosiahnuť konsenzus... sa tak nestalo ,"" pokračoval Hamdúk. Sudán sa podľa odchádzajúceho premiéra nachádza v ""zlomovom okamihu"", ktorý ohrozuje ""jeho existenciu"". Hamdúk sa stal predsedom civilnej vlády Sudánu v auguste 2019, keď vznikla Zvrchovaná rada Sudánu, ktorá nahradila dovtedy vládnucu vojenskú radu. Toto civilno-vojenské vládnuce teleso malo dohliadať na prechod krajiny k civilnej vláde. Ďalší olej do ohňa nemecko-ruských vzťahov, Nečajev si je istý: Rusko bude reagovať Celý článok V októbri 2021 však došlo k vojenskému prevratu a predseda Zvrchovanej rady Sudánu generál Abdal Fattáh Burhán rozpustil tento orgán fungujúci ako kolektívna hlava štátu, ako aj vládny kabinet a zároveň zosadil Hamdúka. Burhán a Hamdúk podpísali takmer mesiac po prevrate v novembri 2021 dohodu o obnovení prechodu na civilnú vládu , ktorá zabezpečila opätovné dosadenie Hamdúka do funkcie premiéra a prepustenie väznených civilných vodcov. Tento krok nahneval mnohých stúpencov prodemokratického hnutia , podľa ktorých Hamdúk týmto spôsobom poskytol pučistom zdanie legality. Sudánske bezpečnostné sily podľa miestnych zdravotníkov zabili počas nedeľňajších protivládnych demonštrácií ďalších dvoch ľudí. Bezpečnostné sily zároveň opäť zablokovali mosty cez rieku Níl prepravnými kontajnermi, aby hlavné mesto Chartúm odrezali od severných predmestí a susedného mesta Omdurmán. Prodemokratickí aktivisti vytrvalo protestujú proti vojenskému prevratu už dva mesiace aj napriek násilným represáliám, v rámci ktorých – podľa nezávislého výboru lekárov – zahynulo už najmenej 56 ľudí a ďalšie stovky utrpeli zranenia. Spánok vodiča autobusu si vyžiadal svoju daň: Rusko hlási 5 mŕtvych, žiaľ, zraneniam sa nevyhli ani deti Celý článok Autor: TASR Reklama Zdieľať Diskusia ( 0 ) Krátke videá Robert Fico sa pýta, kto riadi EÚ – či Zelenskyj, alebo členské štáty Premiér Fico sa opäť chystá do Mosky. Naposledy tam bol vlani na 80. výročie Máme novú päťeurovku! Pozrite sa, čo na nej je: To je rozkošné! Fanúšikovia neverili vlastným očiam: Ako si mohol dať takého vlastenca? Meryl Streep držala dcéry mimo reflektorov, napriek tomu sú všetky v šoubiznise Bývalá parťáčka Agáty Hanychovej: Ornella Koktová ukázala dom Václav Sivák pred RFA 29 hodnotí legendárneho Yasuhira Kida Športová moderátorka Kristína Kucianová na sebe neustále tvrdo drie O spoločnosti Etický kódex ABC Audit Kontakt Predplatné Inzercia Zamestnanie GDPR Nariadenie DSA Žiadosť o opravu Vyhlásenie o prístupnosti Nastavenie cookies Zoznam cookies © 2026 News and Media Holding, a.s. Autorské práva sú vyhradené a vykonáva ich vydavateľ. Akékoľvek rozmnožovanie časti alebo celku textov, fotografií, videí, zvukov, grafov akýmkoľvek spôsobom, v slovenskom, ale aj v inom jazyku bez písomného súhlasu vydavateľa je zakázané. Rovnako je zakázaný prístup na web, zakázané akékoľvek spracovanie, využitie akéhokoľvek obsahu (text, foto, video, zvuk) a v akomkoľvek rozsahu na účely trénovania, učenia, sumarizácie alebo alebo iného rozvoja modelov umelej inteligencie vrátane jazykových, obrazových, zvukových, video alebo multimodálnych systémov či modelov strojového učenia, či už komerčných alebo nekomerčných, bez predchádzajúceho písomného súhlasu vydavateľa. EV 24/22/SWP",push,"violence, persecution, repression",mistral:7b,push,"violence, persecution, repression",article,3
20220102,73,AUTHORITIES,,https://www.mbl.is/frettir/erlent/2022/01/02/heilbrigdisstarfsmenn_fa_fjorda_skammtinn/,neutral,no clear migration-related tokens,mistral:7b,,,mistral:7b,,,,mistral:7b,neutral,no clear migration-related tokens,url_1,3
20220102,90,GOVERNMENT,,https://newpost.gr/kosmos/61d20c59922542136ad20343/italia-koronoios-i-kyvernisi-exetazei-to-endehomeno-ypohreotikoy-emvoliasmoy-gia-oloys-toys-ano-ton-18-eton,pull,vaccination,mistral:7b,,,mistral:7b,,,,mistral:7b,pull,vaccination,url_1,3
20220102,160,GOVERNMENT,INDUSTRY,https://www.rp.pl/praca/art19248621-wielka-brytania-przedluza-program-wizowy-dla-pracownikow-z-ue,push,uk-extends-visa-programme,mistral:7b,,,mistral:7b,,,,mistral:7b,push,uk-extends-visa-programme,url_1,3
20220102,90,AUTHORITIES,CRIMINAL,https://sledcom.ru/news/item/1645072/,unclear,no clear migration-related tokens,mistral:7b,push,'collapse',mistral:7b,,,,mistral:7b,push,'collapse',url_2,3
20220102,14,DIRECTOR GENERAL,ISRAELI,https://itongadol.com/coronavirus/coronavirus-en-israel-se-espera-que-tres-millones-de-israelies-se-infecten-con-el-virus,push,three-million-israelis,mistral:7b,,,mistral:7b,,,,mistral:7b,push,three-million-israelis,url_1,3
20220102,43,GOVERNMENT,DEMONSTRATOR,http://lratvakan.com/news/76958.html,unclear,no clear migration-related tokens,mistral:7b,pull,'hiring',mistral:7b,,,,mistral:7b,pull,'hiring',url_2,3
20220102,43,GOVERNMENT,DEMONSTRATOR,https://lugradar.net/2022/01/337334,neutral,no clear migration-related tokens,mistral:7b,,,mistral:7b,,,,mistral:7b,neutral,no clear migration-related tokens,url_1,3
20220102,46,MINIST,DEMONSTRATOR,https://www.journaldemontreal.com/2022/01/02/manifestations-anti-covid-un-pasteur-et-son-frere-arretes-par-calgary,pull,manifestations-anti-covid,mistral:7b,,,mistral:7b,,,,mistral:7b,pull,manifestations-anti-covid,url_1,3
20220102,30,GOVERNMENT,GUERRILLA,https://www.hoydiariodelmagdalena.com.co/archivos/613800,unclear,<URL too short>,mistral:7b,unclear,,mistral:7b,"En diálogo con Enrique Gómez Martínez, abogado de la familia y sobrino del asesinado líder conservador Álvaro Gómez Hurtado, explicó en La FM los pormenores de los documentos del archivo de vigilancia del (Departamento Administrativo de Seguridad) DAS, a los que recientemente lograron acceder y que daría más luces para esclarecer los hechos que rodean el magnicidio ejecutado el 2 de noviembre de 1995.

Gómez Martínez relató que desde hace 5 años se ha librado una lucha compleja para que se revelen en su totalidad los archivos de vigilancia del DAS y tras ganar una tutela que permitió el acceso a esa documentación se logró encontrar varias referencias relacionadas sobre la investigación de la muerte de Álvaro Gómez Hurtado.

El abogado sostiene que hay varias evidencias sobre diferentes perfilamientos sistemáticos que ejecutó la división de inteligencia a todos los opositores y críticos del entonces presidente Enrique Samper Pizano y entre estas personas figura Gómez Hurtado.

«Estamos esperando poder confirmar la época en que fueron realizados estos seguimientos y queremos establecer si en esos seguimientos hubo interceptaciones telefónicas».

De igual manera, Enrique Gómez Martínez sostiene que halló evidencia que demuestra que en ninguno de los diferentes boletines que el DAS generaba para el presidente Samper, se habló sobre una presunta conspiración militar o golpista en su contra.

El abogado precisó que en dichos documentos también se descartó que la muerte de Álvaro Gómez Hurtado estuviese relacionada con un supuesto golpe de estado.

«El DAS descartó en 1995 la hipótesis que indica que la muerte de Álvaro Gómez se produjo en un fallido golpe de estado, Ramiro Bejarano durante años ha venido diciendo mentiras al país, estos informes deben ser puestos en conocimiento entre las partes del caso».

“Eso dio lugar a dos tutelas y de ahí vimos como la administración Santos con la asesoría de Ramiro Bejarano (director del DAS en la época en la que ocurrió el asesinato de Gómez Hurtado), desmontó los archivos del DAS; pero por cosas de la vida, la verdad siempre brilla y brota, han aparecido los archivos de seguimiento del DAS (…)”.

Gómez Martínez también señaló que la mafia también estuvo relacionada con la muerte de Gómez Hurtado, pues a Orlando Heano, jefe del cartel del Norte del Valle, se le solicitó que asesinara a Álvaro Gómez Hurtado a cambio de mejores beneficios en su proceso de entrega a las autoridades.

«Heano accedió y esta operación contó con la participación del entonces director del Gaula, Danilo Alfonso González».

La siniestra nota de Laude Fernández

El exdirector de inteligencia del DAS Laude Fernández, también está siendo investigado por su supuesta participación en interceptaciones ilegales a integrantes del sindicato de Avianca.

El abogado de la familia del político conservador aseguró que, Fernández también habría estado involucrado con los perfilamientos de los que fue objeto la víctima.

“Ya habíamos encontrado una siniestra nota de Laude Fernández, director de inteligencia de Ramiro Bejarano (no sé si el país recuerda porque está preso y cómo ha participado durante décadas, en todos los desarrollos del antiguo DAS), donde el primero de noviembre en una entrevista que Álvaro Gómez Hurtado, le concedió a la revista Diners, Laude Fernández, de alguna manera vaticinaba lo que iba a ocurrir al día siguiente, diciendo en su nota de comentario de revisión – Al que no quiere caldo se le dan dos tazas (…) – ”, dijo el abogado.

El abogado Gómez Martínez añadió que, se están agregando más pruebas al proceso por el crimen que fue considerado como de lesa humanidad.

“La extensión del tiempo no se ha determinado pero eran seguimientos personales; de inteligencia humana, seguimientos de inteligencia electrónica o lo que llamamos hoy día, ‘chuzadas’; lo que es claro es que había un trabajo de seguimiento personal”, añadió el jurista.

“Otros testigos que han declarado acreditan que en su momento, Danilo González, comandante del Gaula en el Gobierno de Ernesto Samper, recibió la orden de adelantar el homicidio pero parece que transcurrió muy poco tiempo entre el momento que recibió la orden y la puso en práctica, con la ayuda de Wilber Alirio Varela alias ‘Jabón’”, manifestó el abogado.

Agregó que, “me ha quedado la inquietud con base en qué inteligencia sabían el día, la hora y el lugar en que Álvaro Gómez Hurtado, dictaba sus clases en la Universidad Sergio Arboleda, aquel fatídico 2 de noviembre”.

Señaló que una de las hipótesis es que, desde el Gobierno se entregó información para facilitar que se cometiera el crimen.

“Pareciera que la respuesta es que posiblemente el Gobierno de Samper, le haya filtrado al cartel del Norte del Valle estos seguimientos para facilitar el homicidio”, sentenció.

Corte Suprema de Justicia

El abogado también anunció que ante el alto tribunal presentará las pruebas contra Horario Serpa Uribe quien para la época de los hechos, ocupaba el cargo de Ministro del Gobierno de Samper.

“Vamos a pedir la resolución de acusación contra Horacio Serpa, ahora la Corte Suprema de Justicia conoce el proceso en su contra a través de la Fiscalía delegada porque él, era aforado como exministro del Interior del Gobierno de Ernesto Samper y trasladaremos esas pruebas ante la Comisión de Acusaciones”, dijo.

Manifestó que, “queremos que al cumplirse 25 años de impunidad que se conmemoran en noviembre; se lleven a juicio esas pruebas”.

Aseguró, que no busca que el expresidente Ernesto Samper sea condenado pero que sí, se conozcan las pruebas.

“Querían enterrar estas pruebas con la complicidad de fiscales patrocinados por Ernesto Samper y que no se pudieran conocer: cuatro casas criminales confirmando la realización del homicidio por parte de Orlando Henao a solicitud de Ernesto Samper y Horacio Serpa, esas pruebas deben ir a juicio”, aseguró en su entrevista.

El abogado Gómez Martínez también cuestionó el trino de la exsenadora Piedad Córdoba, en el que advierte que la reunión entre el expresidente Juan Manuel Santos, exministro Cristo, senador Cepeda, Rodrigo Londoño ‘Timochenko’ y Carlos Lozada, permitirá descubrir qué sucedió con el crimen del destacado político conservador.

Fuente: LA FM

You can use this method to make deposits in instant Bank Transfer casino NZ. In most cases, you can do so by supplying your bank details. If you don’t have an account in NZ, you may be required to pay an additional fee. Once you’ve made the deposit, you can play! In some cases, the minimum deposit for this method is NZ$10, although it can range from $10 to $50. Depending on your bank, the withdrawal time can take two to seven days.",push,"The article discusses a complex fight over revealing documents related to surveillance by the Department Administrativo de Seguridad (DAS) regarding the assassination of Álvaro Gómez Hurtado, a conservative leader. The text mentions systematic profiling of opponents and critics of then-president Enrique Samper Pizano, including Gómez Hurtado. It also suggests involvement of organized crime in his death. The article implies that there may have been government complicity in facilitating the crime.",mistral:7b,push,"The article discusses a complex fight over revealing documents related to surveillance by the Department Administrativo de Seguridad (DAS) regarding the assassination of Álvaro Gómez Hurtado, a conservative leader. The text mentions systematic profiling of opponents and critics of then-president Enrique Samper Pizano, including Gómez Hurtado. It also suggests involvement of organized crime in his death. The article implies that there may have been government complicity in facilitating the crime.",article,3
20220102,20,AUTHORITIES,RUSSIAN FEDERATION,https://lugradar.net/2022/01/337336,pull,'hiring',mistral:7b,,,mistral:7b,,,,mistral:7b,pull,'hiring',url_1,3
20220102,20,AUTHORITIES,RUSSIAN FEDERATION,https://lugradar.net/2022/01/337319,pull,'jobs',mistral:7b,,,mistral:7b,,,,mistral:7b,pull,'jobs',url_1,3
20220102,40,PRESIDENT,RUSSIA,https://tsn.ua/ru/politika/bayden-i-zelenskiy-proveli-telefonnye-peregovory-chto-izvestno-1945450.html,unclear,<URL in Russian; no English tokens>,mistral:7b,neutral,,mistral:7b,,,,mistral:7b,neutral,,url_2,3
20220102,41,PRESIDENT,RUSSIA,https://tsn.ua/ru/politika/bayden-i-zelenskiy-proveli-telefonnye-peregovory-chto-izvestno-1945450.html,unclear,<URL in Russian; no English tokens>,mistral:7b,neutral,,mistral:7b,,,,mistral:7b,neutral,,url_2,3
20220102,41,PRESIDENT,RUSSIA,https://tsn.ua/ru/politika/bayden-i-zelenskiy-proveli-telefonnye-peregovory-chto-izvestno-1945450.html,unclear,<URL in Russian; no English tokens>,mistral:7b,neutral,No clear migration-related tokens,mistral:7b,,,,mistral:7b,neutral,No clear migration-related tokens,url_2,3
20220102,10,MINIST OF HEALTH,,https://www.mdzol.com/sociedad/2022/1/2/coronavirus-en-argentina-mas-de-20000-casos-23-fallecidos-212523.html,push,'coronavirus',mistral:7b,,,mistral:7b,,,,mistral:7b,push,'coronavirus',url_1,3
20220102,10,DOCTOR,,https://pronedra.ru/v21-pervye-pervye-simptomy-pnevmonii-pomogut-svoevremenno-nachat-lechenie-i-soxranit-zhizn-439639.html,pull,'asylum',mistral:7b,,,mistral:7b,,,,mistral:7b,pull,'asylum',url_1,3
20220102,13,HOSPITAL,,https://pronedra.ru/v21-pervye-pervye-simptomy-pnevmonii-pomogut-svoevremenno-nachat-lechenie-i-soxranit-zhizn-439639.html,pull,'residency',mistral:7b,,,mistral:7b,,,,mistral:7b,pull,'residency',url_1,3
20220102,193,DOCTOR,POLICE OFFICER,https://pronedra.ru/v21-pervye-pervye-simptomy-pnevmonii-pomogut-svoevremenno-nachat-lechenie-i-soxranit-zhizn-439639.html,pull,'asylum',mistral:7b,,,mistral:7b,,,,mistral:7b,pull,'asylum',url_1,3
20220102,193,DOCTOR,POLICE OFFICER,https://www.mngz.ru/russia-world-sensation/2463989-v-gorode-rezh-sotrudnikami-sledstvennogo-komiteta-vozbuzhdeno-ugolovnoe-delo-po-faktu-ubiystva-iz-revnosti-medic.html,push,kill,mistral:7b,,,mistral:7b,,,,mistral:7b,push,'ubiystva',url_1,3
20220102,193,DOCTOR,POLICE OFFICER,https://www.mngz.ru/russia-world-sensation/2463989-v-gorode-rezh-sotrudnikami-sledstvennogo-komiteta-vozbuzhdeno-ugolovnoe-delo-po-faktu-ubiystva-iz-revnosti-medic.html,neutral,unclear (same URL as previous),mistral:7b,,,mistral:7b,,,,mistral:7b,neutral,unclear (same URL as previous),url_1,3
20220102,172,HAITI,,https://www.diariolibre.com/actualidad/sucesos/2022/01/02/acusan-ganaderos-de-provocar-incendios-en-sierra-de-bahoruco/1563459,push,'fires',mistral:7b,,,mistral:7b,,,,mistral:7b,push,'incendios',url_1,3
20220102,90,THE EUROPEAN UNION,,https://lugradar.net/2022/01/337336,unclear,unclear (URL too short),mistral:7b,unclear,URL too short or ambiguous,mistral:7b,"Содержание:

Париматч — одна из самых известных букмекерских платформ, работающая с 1994 года. За это время бренд завоевал доверие миллионов пользователей в Украине и за рубежом. Сегодня Parimatch предлагает ставки на спорт, казино, покер и другие азартные развлечения. Платформа имеет лицензию Curacao Gaming Authority (no. 157), сотрудничает с ведущими разработчиками игрового софта и обеспечивает защиту данных современными технологиями шифрования.

⚠️ Некоторые ссылки на сайте являются партнерскими. Это значит, что мы можем получать комиссию, если вы зарегистрируетесь или сделаете депозит по одной из них. Это не влияет на содержание и оценки, но помогает развивать проект.

Преимущества Parimatch

Преимущество Описание Надежность и безопасность Современные технологии шифрования обеспечивают защиту данных и честность игр. Широкий выбор азартных игр и ставок Большой ассортимент спортивных событий, казино, покера и других развлечений. Удобная система ввода и вывода средств Быстрые транзакции через популярные платежные системы. Щедрые бонусы и турниры Программы лояльности, кэшбэки и розыгрыши для активных пользователей. Доступ с любого устройства Мобильное приложение Париматч и адаптивная мобильная версия сайта для смартфонов и планшетов. Поддержка 24/7 Оперативные ответы через онлайн-чат, email и телефон. Сертифицированные игры Все слоты и лайв-игры проходят независимое тестирование на честность и соответствие заявленному RTP. Лицензия Curacao Gaming Authority under the National Ordinance on Games of Chance (LOK), P.B. 2024, no. 157

⚠️ Азартные игры могут вызывать зависимость. Перед тем как начать — оцените свои риски. Рекомендуем ознакомиться с разделом «Ответственная игра».

Как войти в Пари Матч

Пари Матч вход выполняется через официальный сайт или мобильное приложение. Для авторизации понадобятся логин (номер телефона, email или номер счета) и пароль, указанные при регистрации. Вход в Париматч доступен с любого устройства — смартфона, планшета или компьютера.

Общий алгоритм входа в Пари Матч:

Откройте сайт Parimatch или запустите приложение. Нажмите кнопку «Войти» в правом верхнем углу. Выберите способ авторизации: номер телефона, номер счета или электронная почта. Введите логин и пароль от своей учетной записи. Нажмите «Войти» для завершения авторизации.

После успешного входа вы попадете в личный кабинет Париматч, откуда доступны ставки, казино, пополнение счета и вывод средств.

Вход в Пари Матч через мобильную версию

Если вы предпочитаете не устанавливать приложение, используйте мобильную версию Parimatch. Пари Матч вход через мобильный браузер работает так же, как и с компьютера — сайт автоматически адаптируется под размер экрана.

Чтобы войти в Пари Матч с телефона без приложения:

Откройте браузер на мобильном устройстве. Перейдите на сайт Parimatch. Нажмите «Войти» в верхнем правом углу. Укажите логин и пароль. Подтвердите вход.

Мобильная версия Parimatch поддерживает все функции десктопного сайта: ставки на спорт, казино, управление балансом и бонусами.

💡 Совет: если не приходит SMS-код — проверьте правильность номера и повторите попытку через 2 минуты. Если проблема сохраняется, обратитесь в поддержку через онлайн-чат.

Вход в казино Пари Матч

Пари Матч вход в казино выполняется через тот же аккаунт, что используется для ставок на спорт. Отдельная регистрация не требуется. После авторизации перейдите в раздел «Казино» в главном меню.

Казино Париматч предлагает широкий выбор развлечений:

Игровые автоматы (слоты) от NetEnt, Novomatic, BetSoft и других провайдеров.

Настольные игры — рулетка, блэкджек, баккара.

Live-казино с реальными дилерами.

Покер и видеопокер.

Все игры сертифицированы независимыми лабораториями и работают на генераторе случайных чисел, что гарантирует честность результатов. Чтобы играть на деньги, необходимо пройти регистрацию, верификацию и пополнить игровой счет.

Вход на сайт Париматч через компьютер

Для входа в Parimatch с компьютера откройте браузер и перейдите на официальный сайт. Нажмите «Войти» и введите данные от своего аккаунта. Процедура авторизации на ПК ничем не отличается от мобильной версии.

Регистрация в Пари Матч

Регистрация в букмекерской конторе Париматч занимает несколько минут. Создать аккаунт можно по номеру телефона или электронной почте. Рекомендуется сразу заполнить все поля анкеты — это ускорит прохождение верификации.

Как зарегистрироваться в Париматч:

Зайдите на сайт Parimatch с любого устройства. Нажмите кнопку «Регистрация» в верхнем правом углу. Укажите email или номер телефона. Придумайте надежный пароль, следуя рекомендациям системы. Нажмите «Зарегистрироваться».

После создания аккаунта необходимо подтвердить личность. Для этого зайдите в личный кабинет, перейдите в раздел «Подтвердить учетную запись», выберите тип документа и загрузите его фотографии. Верификация нужна для вывода средств и полноценного использования всех функций Parimatch.

Перед регистрацией рекомендуется внимательно ознакомиться с правилами платформы.

Скачать Париматч бесплатно

Скачать Париматч можно бесплатно с официального сайта. Приложение Пари Матч доступно для устройств на Android и iOS. Мобильное приложение обеспечивает быстрый доступ к ставкам и казино без необходимости открывать браузер.

Скачать Париматч на Андроид

Чтобы скачать Пари Матч на Андроид бесплатно:

Откройте официальный сайт Parimatch в браузере телефона. На главной странице найдите кнопку «Скачать приложение». Выберите версию для Android — начнется загрузка APK-файла. Если загрузка не началась, проверьте настройки устройства: разрешите установку приложений из неизвестных источников. После загрузки откройте файл и установите приложение.

После установки запустите приложение Париматч, войдите в свой аккаунт или пройдите регистрацию.

Скачать Париматч на Айфон

Скачать приложение Пари Матч на iPhone можно через App Store или с официального сайта:

Перейдите на сайт Parimatch с вашего iPhone. Нажмите «Скачать приложение» и выберите версию для iOS. Вы будете перенаправлены в App Store — нажмите «Загрузить». После установки откройте приложение и авторизуйтесь.

Мобильное приложение Париматч

Мобильное приложение Пари Матч — это полноценная версия платформы для смартфонов. Приложение Париматч предоставляет те же возможности, что и десктопный сайт:

Ставки на спорт в прематче и лайве.

Казино и игровые автоматы.

Пополнение счета и вывод средств.

Push-уведомления о результатах и акциях.

Управление бонусами и промокодами.

Приложение работает стабильно даже при слабом интернет-соединении и потребляет меньше трафика, чем мобильная версия сайта в браузере. Для входа в Пари Матч через приложение используйте тот же логин и пароль, что и на сайте.

Личный кабинет Пари Матч

После входа в Париматч игрок получает доступ к личному кабинету с расширенным функционалом:

Пополнение игрового счета и вывод средств.

Выбор и активация бонусов.

Статистика использованных поощрений от букмекера.

Финансовая отчетность с фильтрацией по дате.

Изменение персональных данных.

Прохождение верификации.

Обращение в службу поддержки.

Настройки аккаунта и безопасности.

Личный кабинет Parimatch позволяет полноценно управлять аккаунтом, контролировать финансы и использовать все функции букмекерской конторы и казино.

Проблемы со входом в Париматч

Рассмотрим распространенные ситуации, когда вход в Пари Матч может быть затруднен.

Блокировка сайта. В некоторых регионах доступ к Parimatch может быть ограничен. В этом случае попробуйте использовать VPN или Proxy для обхода блокировки. Также можно скачать приложение Париматч — оно работает независимо от ограничений браузера.

Забыт пароль. Нажмите «Забыл пароль» на странице входа, укажите email или номер телефона и следуйте инструкции для сброса пароля.

Неверные данные. Убедитесь, что логин и пароль введены корректно. Проверьте раскладку клавиатуры и регистр символов.

Технические неполадки. Попробуйте очистить кеш браузера, обновить страницу или использовать другой браузер. Если проблема сохраняется, обратитесь в службу поддержки Париматч — специалисты работают круглосуточно через онлайн-чат, email и телефон.",neutral,The article is about a betting platform and does not discuss migration pressure conditions.,mistral:7b,neutral,The article is about a betting platform and does not discuss migration pressure conditions.,article,3
20220102,43,UNITED NATIONS,,http://www.hispantv.com/noticias/palestina/535010/preso-israel-huelga-hambre,pull,'apply-fourth-dose',mistral:7b,,,mistral:7b,,,,mistral:7b,pull,'apply-fourth-dose',url_1,3
20220102,20,ISRAELI,WORKER,https://g1.globo.com/mundo/noticia/2022/01/02/israel-comeca-a-aplicar-quarta-dose-da-vacina-contra-a-covid.ghtml,pull,'apply-fourth-dose',mistral:7b,,,mistral:7b,,,,mistral:7b,pull,'apply-fourth-dose',url_1,3
20220102,51,ISRAEL,PALESTINE,http://www.hispantv.com/noticias/palestina/535010/preso-israel-huelga-hambre,push,'hunger strike',mistral:7b,,,mistral:7b,,,,mistral:7b,push,'hunger strike',url_1,3
20220102,53,ISRAEL,PALESTINE,http://www.hispantv.com/noticias/palestina/535010/preso-israel-huelga-hambre,push,'hunger strike',mistral:7b,,,mistral:7b,,,,mistral:7b,push,'hunger strike',url_1,3
20220102,142,ISRAEL,PALESTINE,http://www.hispantv.com/noticias/palestina/535010/preso-israel-huelga-hambre,push,'hunger strike',mistral:7b,,,mistral:7b,,,,mistral:7b,push,'hunger strike',url_1,3
20220102,42,JORDAN,,https://alghad.com/%D9%85%D8%B9%D8%B1%D8%B6-%D8%A3%D8%B1%D8%AF%D9%86%D9%8A-%D9%84%D9%84%D8%AA%D8%AC%D8%A7%D8%B1%D8%A9-%D9%88%D8%A7%D9%84%D8%AE%D8%AF%D9%85%D8%A7%D8%AA-%D9%8A%D9%86%D8%B7%D9%84%D9%82-%D9%81%D9%8A-%D8%B3/,unclear,unclear (non-English URL),mistral:7b,push,displacement,mistral:7b,,,,mistral:7b,push,displacement,url_2,3
20220102,234,FEDERAL COURT,,https://www.elmanana.com/cae-ex-rector-de-la-uabjo-por-fraude/5475695,neutral,URL does not contain migration-related tokens,mistral:7b,,,mistral:7b,,,,mistral:7b,neutral,URL does not contain migration-related tokens,url_1,3
20220102,84,JUDGE,,https://www.vesti-online.com/stopiran-otkaz-za-nevakcinisanog-cuvara-reda/,unclear,URL does not contain clear migration-related tokens,mistral:7b,neutral,No clear migration-related tokens,mistral:7b,,,,mistral:7b,neutral,No clear migration-related tokens,url_2,3
20220102,173,PUBLIC PROSECUTOR,,https://www.hoydiariodelmagdalena.com.co/archivos/613776,neutral,URL does not contain migration-related tokens,mistral:7b,,,mistral:7b,,,,mistral:7b,neutral,URL does not contain migration-related tokens,url_1,3
20220102,10,LAWYER,MELBOURNE,https://www.vesti-online.com/samo-pisani-testament-je-vazeci/,neutral,URL does not contain migration-related tokens,mistral:7b,,,mistral:7b,,,,mistral:7b,neutral,URL does not contain migration-related tokens,url_1,3
20220102,114,PUBLIC PROSECUTOR,OAXACA,https://oaxaca.eluniversal.com.mx/municipios/denuncian-ante-el-ieepco-edil-de-ocotlan-oaxaca-por-violencia-politica-de-genero,unclear,URL does not contain clear migration-related tokens,mistral:7b,unclear,URL too short or ambiguous,mistral:7b,"Ocotlán de Morelos Marina Martínez y Juana Pacheco Díaz interpusieron una denuncia ante el Instituto Estatal Electoral y de Participación Ciudadana de Oaxaca (IEEPCO) contra el presidente municipal Luis Martínez Aquino, a quien acusan de ejercer violencia política contra las mujeres en razón de género.



Oaxaca de Juárez .- Las regidoras dedeinterpusieron una denuncia ante el Instituto Estatal Electoral y de Participación Ciudadana de Oaxaca () contra el, a quien acusan de ejercercontra las mujeres en razón de

En conferencia de prensa, explicaron que el edil les quitó el nombramiento de regidoras de Obras y Mercados, respectivamente, porque no tenían el perfil para desempeñar ese cargo. A Marina Martínez le asignó la regiduría de Salud y Juana Pacheco la de Ecología.





“Ahora resulta que por compromisos políticos y económicos del presidente municipal con actores ajenos al municipio, se opone y me niega el derecho a que una ciudadana desempeñe la concejalía de Mercados, porque según él no tengo los estudios ni el perfil y que son órdenes de arriba”, aseguró Juana Pacheco.

“Mis derechos políticos fueron atropellados por ser mujer. Fui electa como Regidora de Obras y en la sesión de cabildo me presenta (el edil) como Regidora de Salud bajo el argumento de que no tengo el perfil”, afirmó Marina Martínez.

Adicionalmente interpusieron una denuncia por el delito de lesiones ante la Fiscalía General del Estado de Oaxaca, por los hechos de violencia que se registraron el 1 de enero, posterior a la toma de protesta del nuevo cabildo municipal.





En estos hecho violentos fue agredida Rufina Josefina Ramírez Martínez, de 60 años de edad, y madre de la regidora Marina Martínez. Los agresores fueron identificados como hijo y sobrino del regidor de Hacienda, Ernesto Sánchez Ramírez.





Las concejales afirmaron que la sesión de cabildo en las que les reasignaron las regidurías no se realizó dentro del marco legal porque se hizo a puerta cerrada, cuando la ley establece que las sesiones de cabildo deben ser públicas y abiertas a la ciudadanía.

Ambas también exigieron al edil Luis Martínez Aquino que cumpla su palabra y lo exhortaron a retomar el diálogo para solucionar este conflicto político que originó desde el primer día de gobierno de la nueva administración municipal de Ocotlán de Morelos.",push,"allegations of political violence against women, denial of political rights due to gender, physical aggression, private sessions of council meetings",mistral:7b,push,"allegations of political violence against women, denial of political rights due to gender, physical aggression, private sessions of council meetings",article,3
20220102,112,LAWYER,UNITED STATES,https://www.diariolibre.com/usa/revista/2022/01/02/juez-impide-que-bloqueo-de-demanda-contra-el-principe-andres/1563621,neutral,URL does not contain migration-related tokens,mistral:7b,,,mistral:7b,,,,mistral:7b,neutral,URL does not contain migration-related tokens,url_1,3
20220102,30,EMPLOYEE,,https://es.investing.com/news/stock-market-news/goldman-sachs-pide-a-sus-empleados-estadounidenses-que-trabajen-desde-casa-hasta-el-18-de-enero-2199115,pull,hiring|work from home,mistral:7b,,,mistral:7b,,,,mistral:7b,pull,hiring|work from home,url_1,3
20220102,10,CONGRESS,,https://www.telemundo.com/noticias/noticias-telemundo/clima/no-esto-no-es-una-broma-llovieron-peces-en-texas-poco-antes-de-fin-de-rcna10639,neutral,URL does not contain clear migration-related tokens,mistral:7b,,,mistral:7b,,,,mistral:7b,neutral,URL does not contain clear migration-related tokens,url_1,3
20220102,10,STATE DUMA,,https://www.ridus.ru/news/370096,unclear,URL does not contain clear migration-related tokens,mistral:7b,unclear,<URL too short>,mistral:7b,"IT-комитет Госдумы назвал главные события года для цифровой индустрии найти × предложить новость Войти Поиск Картина дня Гражданская журналистика Интересное Полезное Развлечения Авторские колонки Сюжеты Тэги Фото репортаж Еще Гороскопы Авто Бизнес Военное дело Военные конфликты Видео Город Дизайн Еда Животные Здоровье Знаменитости Интернет История Кино Космос Криминал Компьютерные игры Культура Литература Музыка Наука и техника Недвижимость Образование Общество Погода Политика Право Происшествия Путешествия Расследования Религия СМИ Советы Спорт Стиль Тесты Технологии Фоторепортаж Экология Экономика Юмор Авторские колонки Фоторепортажи Бездна Нет логина? Зарегистрируйтесь ! Добро пожаловать! Войти через социальные сети: Facebook vKontakte Google+ Twitter Войти как пользователь ""РИДУС"": Запомнить меня Забыли пароль? Восстановить При регистрации и входе вы соглашаетесь с условиями использования сайта и политикой обработки данных Войти в систему Закрыть + 0 − Сохранить Сохранено 7 × IT-комитет Госдумы назвал главные события года для цифровой индустрии Нет логина? Зарегистрируйтесь ! Добро пожаловать! Войти через социальные сети: Facebook vKontakte Google+ Twitter Войти как пользователь ""РИДУС"": Запомнить меня Забыли пароль? Восстановить Войти в систему Закрыть Картина дня Интернет Право 0 0 19744 IT-комитет Госдумы назвал главные события года для цифровой индустрии 03 января 2022 00:51 Максим Котов , Журналист «Ридуса». © pixabay.com Интернет стремится к превращению в зону безопасности, где пользователи смогут общаться, невзирая на границы, получать знания, несмотря на расстояния и удаленность их населенных пунктов, а также пользоваться госуслугами в один клик. Члены комитета Госдумы по информационной политике назвали самые важные события 2021 года, приближающие тренд на безопасную Сеть. Для обеспечения комфорта и безопасности обитателей Сети нижняя палата парламента в 2021 году приняла целый ряд знаковых законопроектов. Некоторые из законотворческих инициатив уже вступили в силу, что позволяет дать точную оценку их эффективности, напомнил глава IT-комитета Госдумы Александр Хинштейн. «Так, 1 февраля заработал закон, согласно которому социальные сети должны самостоятельно выявлять и блокировать запрещенный контент. С марта действует закон, который закрепил право граждан удалять свои персданные и отменять ранее данное ими согласие на обработку данных. Вспоминая принятые законопроекты, хочу отметить установление квоты на размещение соцрекламы в Сети (5%) по аналогии с ТВ и наружной рекламой. Закон о „приземлении“, реализацию которого наш Комитет по информационной политике и связи Госдумы будет оценивать самым детальным образом. Мы планируем уже в начале следующего года провести расширенное заседание Комитета, посвященное как раз реализации закона о „приземлении“, и пригласить туда всех представителей иностранных IT-гигантов, подпадающих под требования этого нормативного акта», — цитирует Хинштейна Telegram-канал думского IT-комитета. Не менее активно велась работа по защите россиян от киберпреступников и угроз цифрового пространства. Хинштейн перечислил эти инициативы: Введение административной ответственности и штрафы до миллиона рублей для операторов связи за пропуск так называемых «подменных номеров». Досудебная блокировка сайтов, торгующих поддельными документами, включая дипломы, права, военные билеты и сертификаты о вакцинации. Введение единых интернет-тарифов операторов для школ и других социально значимых объектов. Бесплатные СМС при двухфакторной идентификации на «Госуслугах». Зампредседателя IT-комитета Антон Горелкин в свою очередь перечислил вызовы, на которые предстоит отвечать и в наступившем 2022 году: «Я вижу три основных проблемы, которые нас очень беспокоят. Это рост киберпреступности, и законодательные инициативы в этом направлении, безусловно, будут. Это защита персональных данных наших граждан — это большое направление, которое нуждается в доработке, развитии и обсуждении с бизнесом обязательно. Здесь, я думаю, будут инициативы. Третье направление, которое нас беспокоит, это вопросы манипулирования общественным мнением. Манипулирования пользователями. Речь идет, прежде всего, о социальных сетях и видеохостингах. Речь идет о специально настроенных рекомендательных алгоритмах», — подчеркнул парламентарий. Телеграм Дзен Подписывайтесь на наши каналы и первыми узнавайте о главных новостях и важнейших событиях дня. Нам важно ваше мнение! + 0 − Комментарии ( 0 ) От редакции Комментировать главное за сегодня Синоптик Тишковец предсказал слабые магнитные бури в Москве 19 марта Трамп смягчил правила морских перевозок для сдерживания цен на нефть Силы ПВО сбили 32 украинских беспилотника над регионами России Гороскопы Авто Бизнес Военное дело Военные конфликты Видео Город Дизайн Еда Животные Здоровье Знаменитости Интернет История Кино Космос Криминал Компьютерные игры Культура Литература Музыка Наука и техника Недвижимость Образование Общество Погода Политика Право Происшествия Путешествия Расследования Религия СМИ Советы Спорт Стиль Тесты Технологии Фоторепортаж Экология Экономика Юмор Картина дня Гражданская журналистика Интересное Полезное Развлечения Авторские колонки Фоторепортажи Бездна vKontakte Twitter Ok.ru RSS Ежедневная рассылка лучших новостей подписаться Попробуйте мобильные приложения Ридуса: FAQ: технология размещения пользовательских материалов на ""Ридусе"" Новый дизайн «Ридуса»: руководство пользователя и навигация по сайту Пользовательское соглашение Политика обработки персональных данных Политика конфиденциальности Согласие на обработку персональных данных Реклама на сайте Об издании Вести Камаза © 2011-2026 Ридус. Интернет-газета «Ридус». Использование материалов Ридус разрешено только с предварительного согласия правообладателей. Все права на картинки и тексты принадлежат их авторам. Сайт может содержать материалы, не предназначенные для лиц младше 21 года.",neutral,"The article discusses the development and safety measures of the digital industry in Russia, without directly mentioning conditions that would cause people to leave or arrive in the country.",mistral:7b,neutral,"The article discusses the development and safety measures of the digital industry in Russia, without directly mentioning conditions that would cause people to leave or arrive in the country.",article,3
20220102,83,SENATE,,https://sipse.com/mexico/las-breves-del-senado-inclusion-y-derechos-de-las-personas-sordas-415533.html,neutral,URL does not contain migration-related tokens,mistral:7b,,,mistral:7b,,,,mistral:7b,neutral,URL does not contain migration-related tokens,url_1,3
20220102,13,MEXICO,,https://sipse.com/mexico/isste-se-prepara-para-la-cuarta-ola-de-la-pandemia-por-covid-19-en-mexico-415544.html,unclear,<URL too short>,mistral:7b,pull,jobs,mistral:7b,,,,mistral:7b,pull,jobs,url_2,3
20220102,190,COMMANDER,,https://www.antaranews.com/berita/2620221/dilan-series-gelar-audisi-terbuka-untuk-cari-pemain,neutral,<no clear migration-related tokens>,mistral:7b,,,mistral:7b,,,,mistral:7b,neutral,<no clear migration-related tokens>,url_1,3
20220102,17,COMMANDER,ISLAMIC,http://www.hispantv.com/noticias/siria/535008/iran-siria-relaciones-cooperacion,neutral,<no clear migration-related tokens>,mistral:7b,,,mistral:7b,,,,mistral:7b,neutral,<no clear migration-related tokens>,url_1,3
20220102,17,COMMANDER,ISLAMIC,http://www.hispantv.com/noticias/siria/535008/iran-siria-relaciones-cooperacion,neutral,<no clear migration-related tokens>,mistral:7b,,,mistral:7b,,,,mistral:7b,neutral,<no clear migration-related tokens>,url_1,3
20220102,195,FIGHTER PLANE,SAUDI,http://www.hispantv.com/noticias/yemen/535011/ataque-saudi-mezquita-muertos,push,attack,mistral:7b,,,mistral:7b,,,,mistral:7b,push,attack,url_1,3
20220102,195,FIGHTER PLANE,SAUDI,http://www.hispantv.com/noticias/yemen/535011/ataque-saudi-mezquita-muertos,push,attack,mistral:7b,,,mistral:7b,,,,mistral:7b,push,ataque,url_1,3
20220102,195,FIGHTER PLANE,SAUDI,http://www.hispantv.com/noticias/yemen/535011/ataque-saudi-mezquita-muertos,push,attack,mistral:7b,,,mistral:7b,,,,mistral:7b,push,attack,url_1,3
20220102,70,MILITARY POLICE,,https://g1.globo.com/sp/santos-regiao/noticia/2022/01/02/prefeito-de-peruibe-critica-atuacao-da-policia-militar-contra-pancadoes-no-reveillon-caos-na-seguranca.ghtml,unclear,<URL too short>,mistral:7b,push,crackdown,mistral:7b,,,,mistral:7b,push,crackdown,url_2,3
20220102,20,NAVAL,AMBASSADOR,https://sipse.com/mexico/las-breves-del-senado-inclusion-y-derechos-de-las-personas-sordas-415533.html,neutral,<no clear migration-related tokens>,mistral:7b,,,mistral:7b,,,,mistral:7b,neutral,<no clear migration-related tokens>,url_1,3
20220102,20,GOLDMAN SACHS,AMERICAN,https://es.investing.com/news/stock-market-news/goldman-sachs-pide-a-sus-empleados-estadounidenses-que-trabajen-desde-casa-hasta-el-18-de-enero-2199115,pull,work from home,mistral:7b,,,mistral:7b,,,,mistral:7b,pull,trabajen desde casa,url_1,3
20220102,20,VERIZON,REUTERS,https://es.investing.com/news/stock-market-news/presidentes-ejecutivos-de-att-y-verizon-rechazan-peticion-de-eeuu-de-retrasar-despliegue-del-5g-2199124,neutral,No clear migration-related tokens,mistral:7b,,,mistral:7b,,,,mistral:7b,neutral,No clear migration-related tokens,url_1,3
20220102,120,VERIZON,REUTERS,https://es.investing.com/news/stock-market-news/presidentes-ejecutivos-de-att-y-verizon-rechazan-peticion-de-eeuu-de-retrasar-despliegue-del-5g-2199124,neutral,No clear migration-related tokens,mistral:7b,,,mistral:7b,,,,mistral:7b,neutral,No clear migration-related tokens,url_1,3
20220102,113,PROTESTER,,http://lratvakan.com/news/76958.html,unclear,URL too short,mistral:7b,neutral,<URL too short>,mistral:7b,,,,mistral:7b,neutral,<URL too short>,url_2,3
20220102,113,PROTESTER,,https://lugradar.net/2022/01/337334,unclear,URL too short,mistral:7b,unclear,<URL too short>,mistral:7b,"Содержание:

Париматч — одна из самых известных букмекерских платформ, работающая с 1994 года. За это время бренд завоевал доверие миллионов пользователей в Украине и за рубежом. Сегодня Parimatch предлагает ставки на спорт, казино, покер и другие азартные развлечения. Платформа имеет лицензию Curacao Gaming Authority (no. 157), сотрудничает с ведущими разработчиками игрового софта и обеспечивает защиту данных современными технологиями шифрования.

⚠️ Некоторые ссылки на сайте являются партнерскими. Это значит, что мы можем получать комиссию, если вы зарегистрируетесь или сделаете депозит по одной из них. Это не влияет на содержание и оценки, но помогает развивать проект.

Преимущества Parimatch

Преимущество Описание Надежность и безопасность Современные технологии шифрования обеспечивают защиту данных и честность игр. Широкий выбор азартных игр и ставок Большой ассортимент спортивных событий, казино, покера и других развлечений. Удобная система ввода и вывода средств Быстрые транзакции через популярные платежные системы. Щедрые бонусы и турниры Программы лояльности, кэшбэки и розыгрыши для активных пользователей. Доступ с любого устройства Мобильное приложение Париматч и адаптивная мобильная версия сайта для смартфонов и планшетов. Поддержка 24/7 Оперативные ответы через онлайн-чат, email и телефон. Сертифицированные игры Все слоты и лайв-игры проходят независимое тестирование на честность и соответствие заявленному RTP. Лицензия Curacao Gaming Authority under the National Ordinance on Games of Chance (LOK), P.B. 2024, no. 157

⚠️ Азартные игры могут вызывать зависимость. Перед тем как начать — оцените свои риски. Рекомендуем ознакомиться с разделом «Ответственная игра».

Как войти в Пари Матч

Пари Матч вход выполняется через официальный сайт или мобильное приложение. Для авторизации понадобятся логин (номер телефона, email или номер счета) и пароль, указанные при регистрации. Вход в Париматч доступен с любого устройства — смартфона, планшета или компьютера.

Общий алгоритм входа в Пари Матч:

Откройте сайт Parimatch или запустите приложение. Нажмите кнопку «Войти» в правом верхнем углу. Выберите способ авторизации: номер телефона, номер счета или электронная почта. Введите логин и пароль от своей учетной записи. Нажмите «Войти» для завершения авторизации.

После успешного входа вы попадете в личный кабинет Париматч, откуда доступны ставки, казино, пополнение счета и вывод средств.

Вход в Пари Матч через мобильную версию

Если вы предпочитаете не устанавливать приложение, используйте мобильную версию Parimatch. Пари Матч вход через мобильный браузер работает так же, как и с компьютера — сайт автоматически адаптируется под размер экрана.

Чтобы войти в Пари Матч с телефона без приложения:

Откройте браузер на мобильном устройстве. Перейдите на сайт Parimatch. Нажмите «Войти» в верхнем правом углу. Укажите логин и пароль. Подтвердите вход.

Мобильная версия Parimatch поддерживает все функции десктопного сайта: ставки на спорт, казино, управление балансом и бонусами.

💡 Совет: если не приходит SMS-код — проверьте правильность номера и повторите попытку через 2 минуты. Если проблема сохраняется, обратитесь в поддержку через онлайн-чат.

Вход в казино Пари Матч

Пари Матч вход в казино выполняется через тот же аккаунт, что используется для ставок на спорт. Отдельная регистрация не требуется. После авторизации перейдите в раздел «Казино» в главном меню.

Казино Париматч предлагает широкий выбор развлечений:

Игровые автоматы (слоты) от NetEnt, Novomatic, BetSoft и других провайдеров.

Настольные игры — рулетка, блэкджек, баккара.

Live-казино с реальными дилерами.

Покер и видеопокер.

Все игры сертифицированы независимыми лабораториями и работают на генераторе случайных чисел, что гарантирует честность результатов. Чтобы играть на деньги, необходимо пройти регистрацию, верификацию и пополнить игровой счет.

Вход на сайт Париматч через компьютер

Для входа в Parimatch с компьютера откройте браузер и перейдите на официальный сайт. Нажмите «Войти» и введите данные от своего аккаунта. Процедура авторизации на ПК ничем не отличается от мобильной версии.

Регистрация в Пари Матч

Регистрация в букмекерской конторе Париматч занимает несколько минут. Создать аккаунт можно по номеру телефона или электронной почте. Рекомендуется сразу заполнить все поля анкеты — это ускорит прохождение верификации.

Как зарегистрироваться в Париматч:

Зайдите на сайт Parimatch с любого устройства. Нажмите кнопку «Регистрация» в верхнем правом углу. Укажите email или номер телефона. Придумайте надежный пароль, следуя рекомендациям системы. Нажмите «Зарегистрироваться».

После создания аккаунта необходимо подтвердить личность. Для этого зайдите в личный кабинет, перейдите в раздел «Подтвердить учетную запись», выберите тип документа и загрузите его фотографии. Верификация нужна для вывода средств и полноценного использования всех функций Parimatch.

Перед регистрацией рекомендуется внимательно ознакомиться с правилами платформы.

Скачать Париматч бесплатно

Скачать Париматч можно бесплатно с официального сайта. Приложение Пари Матч доступно для устройств на Android и iOS. Мобильное приложение обеспечивает быстрый доступ к ставкам и казино без необходимости открывать браузер.

Скачать Париматч на Андроид

Чтобы скачать Пари Матч на Андроид бесплатно:

Откройте официальный сайт Parimatch в браузере телефона. На главной странице найдите кнопку «Скачать приложение». Выберите версию для Android — начнется загрузка APK-файла. Если загрузка не началась, проверьте настройки устройства: разрешите установку приложений из неизвестных источников. После загрузки откройте файл и установите приложение.

После установки запустите приложение Париматч, войдите в свой аккаунт или пройдите регистрацию.

Скачать Париматч на Айфон

Скачать приложение Пари Матч на iPhone можно через App Store или с официального сайта:

Перейдите на сайт Parimatch с вашего iPhone. Нажмите «Скачать приложение» и выберите версию для iOS. Вы будете перенаправлены в App Store — нажмите «Загрузить». После установки откройте приложение и авторизуйтесь.

Мобильное приложение Париматч

Мобильное приложение Пари Матч — это полноценная версия платформы для смартфонов. Приложение Париматч предоставляет те же возможности, что и десктопный сайт:

Ставки на спорт в прематче и лайве.

Казино и игровые автоматы.

Пополнение счета и вывод средств.

Push-уведомления о результатах и акциях.

Управление бонусами и промокодами.

Приложение работает стабильно даже при слабом интернет-соединении и потребляет меньше трафика, чем мобильная версия сайта в браузере. Для входа в Пари Матч через приложение используйте тот же логин и пароль, что и на сайте.

Личный кабинет Пари Матч

После входа в Париматч игрок получает доступ к личному кабинету с расширенным функционалом:

Пополнение игрового счета и вывод средств.

Выбор и активация бонусов.

Статистика использованных поощрений от букмекера.

Финансовая отчетность с фильтрацией по дате.

Изменение персональных данных.

Прохождение верификации.

Обращение в службу поддержки.

Настройки аккаунта и безопасности.

Личный кабинет Parimatch позволяет полноценно управлять аккаунтом, контролировать финансы и использовать все функции букмекерской конторы и казино.

Проблемы со входом в Париматч

Рассмотрим распространенные ситуации, когда вход в Пари Матч может быть затруднен.

Блокировка сайта. В некоторых регионах доступ к Parimatch может быть ограничен. В этом случае попробуйте использовать VPN или Proxy для обхода блокировки. Также можно скачать приложение Париматч — оно работает независимо от ограничений браузера.

Забыт пароль. Нажмите «Забыл пароль» на странице входа, укажите email или номер телефона и следуйте инструкции для сброса пароля.

Неверные данные. Убедитесь, что логин и пароль введены корректно. Проверьте раскладку клавиатуры и регистр символов.

Технические неполадки. Попробуйте очистить кеш браузера, обновить страницу или использовать другой браузер. Если проблема сохраняется, обратитесь в службу поддержки Париматч — специалисты работают круглосуточно через онлайн-чат, email и телефон.",neutral,"The article is about a betting platform, and there are no conditions related to push or pull factors that may cause people to leave or arrive in the country of Ukraine where the platform operates.",mistral:7b,neutral,"The article is about a betting platform, and there are no conditions related to push or pull factors that may cause people to leave or arrive in the country of Ukraine where the platform operates.",article,3
20220102,112,DETAINEE,BELARUSIAN,http://www.kvir.ru/author/andre-galinin/,neutral,No clear migration-related tokens,mistral:7b,,,mistral:7b,,,,mistral:7b,neutral,No clear migration-related tokens,url_1,3
20220102,190,DETAINEE,BELARUSIAN,http://www.kvir.ru/author/andre-galinin/,neutral,No clear migration-related tokens,mistral:7b,,,mistral:7b,,,,mistral:7b,neutral,No clear migration-related tokens,url_1,3
20220102,141,DEMONSTRATOR,CALGARY,https://www.journaldemontreal.com/2022/01/02/manifestations-anti-covid-un-pasteur-et-son-frere-arretes-par-calgary,push,protesters,mistral:7b,,,mistral:7b,,,,mistral:7b,push,protesters,url_1,3
20220102,145,PROTESTER,SECURITY FORCE,https://www.expressen.se/nyheter/efter-protesterna--sudans-premiarminister-avgar/,unclear,URL too short,mistral:7b,push,'the protests',mistral:7b,,,,mistral:7b,push,'the protests',url_2,3
20220102,190,ACTIVIST,POLICE,http://lratvakan.com/news/76958.html,unclear,URL too short,mistral:7b,unclear,<12 tokens>,mistral:7b,"Участники акции протеста в центре Киева пошли на штурм кордонов, которые выставлены вокруг квартала правительственных зданий.

На улице Грушевского в Киеве не утихают столкновения протестующих и правоохранителей. На улице стоят несколько разбитых автобусов милиции, один автобус подожгли. Силовики регулярно бросают в толпу дымовые шашки, используют слезоточивый газ.

Ожидается приезд водометов. Об этом сообщают местные СМИ. Использование водометов на морозе угрожает смертями протестующим. При таком температуре может наступить переохлаждение от воды за несколько минут.

Помимо этого, протестующие захватили пять пустых милицейских автобусов. Лидер партии «УДАР» Виталий Кличко призвал протестующих отказаться от силовых действий в отношении правоохранителей, заявив, что это наверняка вызовет ответную реакцию со стороны «Беркута». Политик пообещал договориться о том, чтобы людям открыли проход к зданию Верховной Рады.

Столкновения активистов с милицией начались после так называемого народного вече на Майдане Незалежности, в котором приняли участие несколько сотен тысяч человек. Собравшиеся протестовали против политики действующих властей страны.",push,"protests against government policies, violence between protesters and police, use of tear gas and threat of water cannons",mistral:7b,push,"protests against government policies, violence between protesters and police, use of tear gas and threat of water cannons",article,3
20220102,42,DEMONSTRATOR,GOVERNMENT,https://lugradar.net/2022/01/337334,unclear,URL too short,mistral:7b,neutral,<12 tokens>,mistral:7b,,,,mistral:7b,neutral,<12 tokens>,url_2,3
20220102,46,DEMONSTRATOR,MINIST,https://www.journaldemontreal.com/2022/01/02/manifestations-anti-covid-un-pasteur-et-son-frere-arretes-par-calgary,neutral,URL token does not contain any migration-related tokens,mistral:7b,,,mistral:7b,,,,mistral:7b,neutral,URL token does not contain any migration-related tokens,url_1,3
20220102,145,DEMONSTRATOR,GOVERNMENT,http://lratvakan.com/news/76958.html,unclear,"URL is too short and generic, no clear migration-related tokens",mistral:7b,unclear,<12 tokens>,mistral:7b,"Участники акции протеста в центре Киева пошли на штурм кордонов, которые выставлены вокруг квартала правительственных зданий.

На улице Грушевского в Киеве не утихают столкновения протестующих и правоохранителей. На улице стоят несколько разбитых автобусов милиции, один автобус подожгли. Силовики регулярно бросают в толпу дымовые шашки, используют слезоточивый газ.

Ожидается приезд водометов. Об этом сообщают местные СМИ. Использование водометов на морозе угрожает смертями протестующим. При таком температуре может наступить переохлаждение от воды за несколько минут.

Помимо этого, протестующие захватили пять пустых милицейских автобусов. Лидер партии «УДАР» Виталий Кличко призвал протестующих отказаться от силовых действий в отношении правоохранителей, заявив, что это наверняка вызовет ответную реакцию со стороны «Беркута». Политик пообещал договориться о том, чтобы людям открыли проход к зданию Верховной Рады.

Столкновения активистов с милицией начались после так называемого народного вече на Майдане Незалежности, в котором приняли участие несколько сотен тысяч человек. Собравшиеся протестовали против политики действующих властей страны.",push,"violence, repression",mistral:7b,push,"violence, repression",article,3
20220102,145,DEMONSTRATOR,GOVERNMENT,https://lugradar.net/2022/01/337334,neutral,URL token does not contain any migration-related tokens,mistral:7b,,,mistral:7b,,,,mistral:7b,neutral,URL token does not contain any migration-related tokens,url_1,3
20220102,130,PRISONER,TEL AVIV,http://www.hispantv.com/noticias/palestina/535010/preso-israel-huelga-hambre,push,"preso (implies detention or arrest, potentially push factor)",mistral:7b,,,mistral:7b,,,,mistral:7b,push,"preso (implies detention or arrest, potentially push factor)",url_1,3
20220102,20,ACTIVIST,NATIONAL ASSEMBLY,http://lratvakan.com/news/76958.html,unclear,"URL is identical to row 301, no new information",mistral:7b,unclear,<12 tokens>,mistral:7b,"Участники акции протеста в центре Киева пошли на штурм кордонов, которые выставлены вокруг квартала правительственных зданий.

На улице Грушевского в Киеве не утихают столкновения протестующих и правоохранителей. На улице стоят несколько разбитых автобусов милиции, один автобус подожгли. Силовики регулярно бросают в толпу дымовые шашки, используют слезоточивый газ.

Ожидается приезд водометов. Об этом сообщают местные СМИ. Использование водометов на морозе угрожает смертями протестующим. При таком температуре может наступить переохлаждение от воды за несколько минут.

Помимо этого, протестующие захватили пять пустых милицейских автобусов. Лидер партии «УДАР» Виталий Кличко призвал протестующих отказаться от силовых действий в отношении правоохранителей, заявив, что это наверняка вызовет ответную реакцию со стороны «Беркута». Политик пообещал договориться о том, чтобы людям открыли проход к зданию Верховной Рады.

Столкновения активистов с милицией начались после так называемого народного вече на Майдане Незалежности, в котором приняли участие несколько сотен тысяч человек. Собравшиеся протестовали против политики действующих властей страны.",push,"protests against government policies, violence between protesters and police, potential use of water cannons in freezing temperatures which poses a risk of death for protesters",mistral:7b,push,"protests against government policies, violence between protesters and police, potential use of water cannons in freezing temperatures which poses a risk of death for protesters",article,3
20220102,20,ACTIVIST,NATIONAL ASSEMBLY,https://lugradar.net/2022/01/337334,neutral,URL token does not contain any migration-related tokens,mistral:7b,,,mistral:7b,,,,mistral:7b,neutral,URL token does not contain any migration-related tokens,url_1,3
20220102,42,MACHU PICCHU,,https://www.segnidalcielo.it/peru-un-turista-fotografa-un-ufo-sullantica-citta-di-machu-picchu/,unclear,URL token does not contain any migration-related tokens,mistral:7b,neutral,No clear migration-related tokens,mistral:7b,,,,mistral:7b,neutral,No clear migration-related tokens,url_2,3
20220102,20,POLAND,UKRAINIAN,https://www.volynnews.com/news/all/chomu-v-polshchi-vse-chastishe-napadaiut-na-zarobitchan-z-ukrayiny/,pull,"zarobitchan (implies work or employment, potentially pull factor)",mistral:7b,,,mistral:7b,,,,mistral:7b,pull,"zarobitchan (implies work or employment, potentially pull factor)",url_1,3
20220102,20,POLAND,UKRAINIAN,https://www.volynnews.com/news/all/chomu-v-polshchi-vse-chastishe-napadaiut-na-zarobitchan-z-ukrayiny/,pull,"zarobitchan (repeated from row 307, same reason)",mistral:7b,,,mistral:7b,,,,mistral:7b,pull,"zarobitchan (repeated from row 307, same reason)",url_1,3
20220102,90,POLISH,UKRAINIAN,https://www.volynnews.com/news/all/chomu-v-polshchi-vse-chastishe-napadaiut-na-zarobitchan-z-ukrayiny/,pull,"zarobitchan (repeated from row 307 and 308, same reason)",mistral:7b,,,mistral:7b,,,,mistral:7b,pull,"zarobitchan (repeated from row 307 and 308, same reason)",url_1,3
20220102,90,POLISH,UKRAINIAN,https://www.volynnews.com/news/all/chomu-v-polshchi-vse-chastishe-napadaiut-na-zarobitchan-z-ukrayiny/,unclear,,mistral:7b,unclear,No clear migration-related tokens,mistral:7b,"Чому в Польщі все частіше нападають на заробітчан з України Вхід Авторизація Зареєструйтеся на сайті , якщо у вас немає облікового запису на Волинських Новинах. Забули пароль? Або якщо ви - користувач попередньої версії сайту, пам’ятаєте свій логін - просто створіть новий пароль . Якщо у вас виникли проблеми з авторизацією, будь ласка, напишіть нам листа . Увійти USD 40.45 40.75 USD 40.45 40.75 EUR 44.50 45.20 PLN 3.30 4.00 15:45 07.04.2025 RSS Контакти Четвер 05:21 19 Березня 2026 Новини Луцьк Волинь Україна Світ Політика Економіка Гроші Бізнес Нерухомість НП Соціум Медицина Освіта Довкілля Вікенд Релігія Благодійництво Техно, IT Культура Музика Кіно Література Мистецтво Історія Авто Спорт Таблоїд Проекти ВН Акценти Трибуна повідом новину Аверс Інтерв'ю Аналітика Фото Відео Блоги Досьє Анонси Популярне Запитай юриста PDF-архів газети Новини Луцьк Волинь Україна Світ Політика Влада Партії Економіка Гроші Бізнес Нерухомість НП Соціум Медицина Освіта Довкілля Вікенд Релігія Благодійництво Техно, IT Культура Музика Кіно Література Мистецтво Історія Авто Спорт Таблоїд Проекти ВН Тільки разом Волинь не забуває Походеньки-поїзденьки Ми це бачили На межі Відлупцюй волинського журналіста Marichka Kulish влог Власний досвід Луцьк буденний Розвідка ВН Де влітку відпочити на Волині МандроСвіт Музичний проект Acoustic Diary Соромлюсь запитати Віп-новина «Від школярів до козаків» Інтерв'ю Аналітика Привітання Акценти Трибуна PDF-архів газети Анонси ТОП-анонс Повідом новину Фото Відео Блоги Досьє Анонси Популярне Запитай юриста Чому в Польщі все частіше нападають на заробітчан з України 2 Січня 2022 23:11 Коментарів: 11 6 Твіт У Польщі почастішали атаки на українських заробітчан. У країні, де працює майже два мільйони наших земляків, їх дедалі частіше б’ють через національність та мову. І з кожним разом нападників більше, а катують дедалі жорстокіше. 1 січня у містечку неподалік Варшави знайшли мертвим 47-річного українця . Чоловікові проломили голову під час святкування Нового року. Польські поліцейські вважають, що до смерті заробітчанина можуть бути причетні його колеги. Наразі затримали 12 людей, які відзначали з убитим свято, але вони були настільки п’яними, що не змогли дати свідчень. Ще перед Новим роком у Вроцлаві сталася бійка між місцевими та учасником «Айдару». Як написав у Facebook його побратим Віталій Корун , четверо поляків нібито увірвалися в хостел, де він жив, і вимагали «української крові», пише « Страна ». Однак, «на їхню біду», як висловився автор запису, в хостелі на той час був колишній танкіст з «Айдару» Акс . Корун опустив подробиці початку бійки, тому неясно, хто її затіяв. «Акс виконав їхнє бажання – ці дебіли відчули смак крові, тільки своєї. У двох із нападників – вибиті зуби, двоє інших тупо втекли, побачивши, як Акс тих «частує», – написав Корун. Він додав, що поліцію мешканці хостелу не викликали, викинувши поляків на двір. У польській пресі цей інцидент пройшов непомітно. У поліції Вроцлаві також сказали, що їм нічого невідомо про бійку за участю українця. Проте джерела видання у правоохоронних органах Вроцлава підтвердили, що сутичка була. «Пройшла чутка, що на заробітки приїхав український радикал, фанат Бандери. І ще пішла чутка, що він любить чіплятись до місцевих дівчат. Ну і група наших хлопців пішла «поговорити». А українець першим накинувся з кулаками. У поліцію вони не скаржилися, щоб не нагнітати ситуацію», – розповіло джерело. За останні кілька місяців це вже другий інцидент із українцем у Вроцлаві. Минулого літа поліцейські до смерті побили у витверезнику 25-річного українця Дмитра Никифоренка . Цю трагічну історію порівнювали із вбивством білим поліцейським темношкірого Флойда, що спровокувало масштабні протести. Щоправда, незважаючи на резонанс у пресі та хвилю обурення серед українських мігрантів, «польського BLM» не вийшло. Експерти кажуть: напади триватимуть, а польська влада цьому потурає. «На українців нападають навмисно. Хвиля ненависті в нашій країні зростає за мовчазною згодою держави, проти «чужинців» застосовують фізичне насильство», – сказав польський соціолог Цезар Обрахт-Прондзінський. Відносини України та Польщі при Зе, як і за Порошенка, переживають не найкращі часи. Одна з причин – зростання націоналізму в обох країнах. «Прославлення ОУН-УПА та їхніх лідерів, яких частина поляків вважає вбивцями, перейменування вулиць на честь Бандери, приїзд на заробітки радикальних націоналістів – все це лише налаштовує людей проти українців. Деякі мстять, взявшись за бити. З іншого боку, Польщі потрібні українські працівники, своїх не вистачає. Тому ситуація навряд чи погіршиться», – сказав польський журналіст Томаш Кравчик . Проте українці скаржаться, що загалом ставлення до наших у Польщі змінилося не на краще. «Чув не раз «бандерівці, геть із Польщі!» та розмови на кшталт «Львів наш». Вже страшно розмовляти на вулиці рідною мовою, – зізнається житель Трускавця Іван Михайлюк , який працює у польському Лодзі. – Коли до влади прийшла партія Качинського, який недолюблює українців, у Польщі підняли голови націоналісти. Та й багатьох простих поляків почало дратувати, що в Україні вулиці називають на честь Бандери та прославляють УПА, які нібито вирізали поляків під час Другої світової війни. У суперечках часто згадують Волинську різню». Втім, за прогнозами експертів, напади не відлякають українських заробітчан у Польщі. «В Україні роботи немає, платять мало, а середня зарплата у Польщі для некваліфікованих працівників становить від 20 тисяч гривень. На польських фабриках та заводах зараз можна заробити 25–40 тисяч гривень та більше», – каже експерт з міграційних питань, політолог Сергій Мальський . Серед іноземних працівників у Польщі найбільше саме громадян України. За інформацією Rzeczpospolita, минулого року понад 80% усіх дозволів на роботу було видано українцям. Здебільшого їх беруть на будівництва, збирання врожаю, в прислуги та доглядальниці. За даними опитування польської рекрутингової агенції Work Service, від третини до половини польських роботодавців шукали українців, оскільки вони згодні працювати за менші зарплати, ніж поляки. Знайшли помилку? Виділіть текст і натисніть Повідомити Підписуйтесь на наш Telegram-канал , аби першими дізнаватись найактуальніші новини Волині, України та світу Читайте також Українці в Польщі: 60% біженців після закінчення війни планують повернутися додому 23 Вересня 2022 06:38 Українці в Польщі: скільки заробляють, де витрачають та як шукають роботу 24 Лютого 2020 07:00 Не менше 900€: українці більше не хочуть працювати в Польщі за низьку зарплату, – ЗМІ 27 Грудня 2024 20:01 Скільки заробляють українці в Польщі: мінімальні виплати та необхідні витрати 10 Травня 2025 21:53 Додати свій коментар Коментарів: 11 Франція Показати IP 2 Січня 2022 23:28 відповісти + 26 - 3 Польща не Європа, а буферна зона, їдьте в Європу Якась Показати IP 2 Січня 2022 23:40 відповісти + 1 - 25 маячня... Сергій Показати IP 3 Січня 2022 00:20 відповісти + 61 - 3 Бо ведуть себе як бидло,через те і нападають Олесь до Сергій Показати IP 5 Січня 2022 01:45 відповісти + 2 - 0 Скотину яка не розуміє легенького батіга б'ють дишлом поміж роги Віталій. Показати IP 3 Січня 2022 11:15 відповісти + 20 - 0 Згоден з дописувачем з Лодзі,я також працюю в Лодзі. І на роботі була неприємна така собі розмова-суперечка за Бандеру,...""він ваш"" bohater"" ,а він наш ворог.то якого ви .....""....сюди приїхали зі своїми героями. скептик до Віталій. Показати IP 3 Січня 2022 23:07 відповісти + 5 - 2 українцям не варто вступати з поляками в суперечки на цю тему і тим більше провокувати такі суперечки. треба мати певні історичні знання і дискутувати лише на тверезу голову і з відповідними освіченими солідними опонентами, а не з 20-літніми шмаркачами . кожна країна має своїх героїв турист Показати IP 3 Січня 2022 11:39 відповісти + 20 - 13 В Польщу в переважній більшості їде бидлота, яка не хоче дома працювати і прагне зловити Бога за бороду. Не вдається вкрасти тут, то гадає, що вкраде на чужині. Але зась! Для прикладу: Коли так звані совяни прийшли в Афганістан в якості ""визволителів"", то совєцький солдат міг пройти весь Афган і його ніхто не зачіпав пальцем. А коли почалися грабежі, вбивства, тоді афганські пастухи зрозуміли, що то за люди. Пан Млєчко Показати IP 3 Січня 2022 12:01 відповісти + 26 - 3 Приїзджає зачухана голота, а через місяць отримує зарплату і поводиться як олігарх. От і причина усіх конфліктів 1 до Пан Млєчко Показати IP 3 Січня 2022 19:49 відповісти + 11 - 0 Не варто казати про всіх заробітчан у такій зневазі.Більшість з них люди,які дбають про свої родини.Окремі з них , то не показник, бо багато їм подібних живуть в Україні і вичворяють тут. Те, що поляки знають і пам'ятають ,як бандерівці вбивали їх народ , то це не дати не взяти,історичні факти. Нормальні люди ніде не будуть показувати свою незрозумілу ""зверхність"" Володимир Показати IP 3 Січня 2022 13:51 відповісти + 26 - 1 хай менше морду горілкою заливають, менше своє цебе на чужині показують й такого не буде. навіть на Росії менше подіб",unclear,,mistral:7b,unclear,,article,3
20220102,20,POLAND,UKRAINIAN,https://www.volynnews.com/news/all/chomu-v-polshchi-vse-chastishe-napadaiut-na-zarobitchan-z-ukrayiny/,unclear,,mistral:7b,unclear,No clear migration-related tokens,mistral:7b,"Чому в Польщі все частіше нападають на заробітчан з України Вхід Авторизація Зареєструйтеся на сайті , якщо у вас немає облікового запису на Волинських Новинах. Забули пароль? Або якщо ви - користувач попередньої версії сайту, пам’ятаєте свій логін - просто створіть новий пароль . Якщо у вас виникли проблеми з авторизацією, будь ласка, напишіть нам листа . Увійти USD 40.45 40.75 USD 40.45 40.75 EUR 44.50 45.20 PLN 3.30 4.00 15:45 07.04.2025 RSS Контакти Четвер 05:21 19 Березня 2026 Новини Луцьк Волинь Україна Світ Політика Економіка Гроші Бізнес Нерухомість НП Соціум Медицина Освіта Довкілля Вікенд Релігія Благодійництво Техно, IT Культура Музика Кіно Література Мистецтво Історія Авто Спорт Таблоїд Проекти ВН Акценти Трибуна повідом новину Аверс Інтерв'ю Аналітика Фото Відео Блоги Досьє Анонси Популярне Запитай юриста PDF-архів газети Новини Луцьк Волинь Україна Світ Політика Влада Партії Економіка Гроші Бізнес Нерухомість НП Соціум Медицина Освіта Довкілля Вікенд Релігія Благодійництво Техно, IT Культура Музика Кіно Література Мистецтво Історія Авто Спорт Таблоїд Проекти ВН Тільки разом Волинь не забуває Походеньки-поїзденьки Ми це бачили На межі Відлупцюй волинського журналіста Marichka Kulish влог Власний досвід Луцьк буденний Розвідка ВН Де влітку відпочити на Волині МандроСвіт Музичний проект Acoustic Diary Соромлюсь запитати Віп-новина «Від школярів до козаків» Інтерв'ю Аналітика Привітання Акценти Трибуна PDF-архів газети Анонси ТОП-анонс Повідом новину Фото Відео Блоги Досьє Анонси Популярне Запитай юриста Чому в Польщі все частіше нападають на заробітчан з України 2 Січня 2022 23:11 Коментарів: 11 6 Твіт У Польщі почастішали атаки на українських заробітчан. У країні, де працює майже два мільйони наших земляків, їх дедалі частіше б’ють через національність та мову. І з кожним разом нападників більше, а катують дедалі жорстокіше. 1 січня у містечку неподалік Варшави знайшли мертвим 47-річного українця . Чоловікові проломили голову під час святкування Нового року. Польські поліцейські вважають, що до смерті заробітчанина можуть бути причетні його колеги. Наразі затримали 12 людей, які відзначали з убитим свято, але вони були настільки п’яними, що не змогли дати свідчень. Ще перед Новим роком у Вроцлаві сталася бійка між місцевими та учасником «Айдару». Як написав у Facebook його побратим Віталій Корун , четверо поляків нібито увірвалися в хостел, де він жив, і вимагали «української крові», пише « Страна ». Однак, «на їхню біду», як висловився автор запису, в хостелі на той час був колишній танкіст з «Айдару» Акс . Корун опустив подробиці початку бійки, тому неясно, хто її затіяв. «Акс виконав їхнє бажання – ці дебіли відчули смак крові, тільки своєї. У двох із нападників – вибиті зуби, двоє інших тупо втекли, побачивши, як Акс тих «частує», – написав Корун. Він додав, що поліцію мешканці хостелу не викликали, викинувши поляків на двір. У польській пресі цей інцидент пройшов непомітно. У поліції Вроцлаві також сказали, що їм нічого невідомо про бійку за участю українця. Проте джерела видання у правоохоронних органах Вроцлава підтвердили, що сутичка була. «Пройшла чутка, що на заробітки приїхав український радикал, фанат Бандери. І ще пішла чутка, що він любить чіплятись до місцевих дівчат. Ну і група наших хлопців пішла «поговорити». А українець першим накинувся з кулаками. У поліцію вони не скаржилися, щоб не нагнітати ситуацію», – розповіло джерело. За останні кілька місяців це вже другий інцидент із українцем у Вроцлаві. Минулого літа поліцейські до смерті побили у витверезнику 25-річного українця Дмитра Никифоренка . Цю трагічну історію порівнювали із вбивством білим поліцейським темношкірого Флойда, що спровокувало масштабні протести. Щоправда, незважаючи на резонанс у пресі та хвилю обурення серед українських мігрантів, «польського BLM» не вийшло. Експерти кажуть: напади триватимуть, а польська влада цьому потурає. «На українців нападають навмисно. Хвиля ненависті в нашій країні зростає за мовчазною згодою держави, проти «чужинців» застосовують фізичне насильство», – сказав польський соціолог Цезар Обрахт-Прондзінський. Відносини України та Польщі при Зе, як і за Порошенка, переживають не найкращі часи. Одна з причин – зростання націоналізму в обох країнах. «Прославлення ОУН-УПА та їхніх лідерів, яких частина поляків вважає вбивцями, перейменування вулиць на честь Бандери, приїзд на заробітки радикальних націоналістів – все це лише налаштовує людей проти українців. Деякі мстять, взявшись за бити. З іншого боку, Польщі потрібні українські працівники, своїх не вистачає. Тому ситуація навряд чи погіршиться», – сказав польський журналіст Томаш Кравчик . Проте українці скаржаться, що загалом ставлення до наших у Польщі змінилося не на краще. «Чув не раз «бандерівці, геть із Польщі!» та розмови на кшталт «Львів наш». Вже страшно розмовляти на вулиці рідною мовою, – зізнається житель Трускавця Іван Михайлюк , який працює у польському Лодзі. – Коли до влади прийшла партія Качинського, який недолюблює українців, у Польщі підняли голови націоналісти. Та й багатьох простих поляків почало дратувати, що в Україні вулиці називають на честь Бандери та прославляють УПА, які нібито вирізали поляків під час Другої світової війни. У суперечках часто згадують Волинську різню». Втім, за прогнозами експертів, напади не відлякають українських заробітчан у Польщі. «В Україні роботи немає, платять мало, а середня зарплата у Польщі для некваліфікованих працівників становить від 20 тисяч гривень. На польських фабриках та заводах зараз можна заробити 25–40 тисяч гривень та більше», – каже експерт з міграційних питань, політолог Сергій Мальський . Серед іноземних працівників у Польщі найбільше саме громадян України. За інформацією Rzeczpospolita, минулого року понад 80% усіх дозволів на роботу було видано українцям. Здебільшого їх беруть на будівництва, збирання врожаю, в прислуги та доглядальниці. За даними опитування польської рекрутингової агенції Work Service, від третини до половини польських роботодавців шукали українців, оскільки вони згодні працювати за менші зарплати, ніж поляки. Знайшли помилку? Виділіть текст і натисніть Повідомити Підписуйтесь на наш Telegram-канал , аби першими дізнаватись найактуальніші новини Волині, України та світу Читайте також Українці в Польщі: 60% біженців після закінчення війни планують повернутися додому 23 Вересня 2022 06:38 Українці в Польщі: скільки заробляють, де витрачають та як шукають роботу 24 Лютого 2020 07:00 Не менше 900€: українці більше не хочуть працювати в Польщі за низьку зарплату, – ЗМІ 27 Грудня 2024 20:01 Скільки заробляють українці в Польщі: мінімальні виплати та необхідні витрати 10 Травня 2025 21:53 Додати свій коментар Коментарів: 11 Франція Показати IP 2 Січня 2022 23:28 відповісти + 26 - 3 Польща не Європа, а буферна зона, їдьте в Європу Якась Показати IP 2 Січня 2022 23:40 відповісти + 1 - 25 маячня... Сергій Показати IP 3 Січня 2022 00:20 відповісти + 61 - 3 Бо ведуть себе як бидло,через те і нападають Олесь до Сергій Показати IP 5 Січня 2022 01:45 відповісти + 2 - 0 Скотину яка не розуміє легенького батіга б'ють дишлом поміж роги Віталій. Показати IP 3 Січня 2022 11:15 відповісти + 20 - 0 Згоден з дописувачем з Лодзі,я також працюю в Лодзі. І на роботі була неприємна така собі розмова-суперечка за Бандеру,...""він ваш"" bohater"" ,а він наш ворог.то якого ви .....""....сюди приїхали зі своїми героями. скептик до Віталій. Показати IP 3 Січня 2022 23:07 відповісти + 5 - 2 українцям не варто вступати з поляками в суперечки на цю тему і тим більше провокувати такі суперечки. треба мати певні історичні знання і дискутувати лише на тверезу голову і з відповідними освіченими солідними опонентами, а не з 20-літніми шмаркачами . кожна країна має своїх героїв турист Показати IP 3 Січня 2022 11:39 відповісти + 20 - 13 В Польщу в переважній більшості їде бидлота, яка не хоче дома працювати і прагне зловити Бога за бороду. Не вдається вкрасти тут, то гадає, що вкраде на чужині. Але зась! Для прикладу: Коли так звані совяни прийшли в Афганістан в якості ""визволителів"", то совєцький солдат міг пройти весь Афган і його ніхто не зачіпав пальцем. А коли почалися грабежі, вбивства, тоді афганські пастухи зрозуміли, що то за люди. Пан Млєчко Показати IP 3 Січня 2022 12:01 відповісти + 26 - 3 Приїзджає зачухана голота, а через місяць отримує зарплату і поводиться як олігарх. От і причина усіх конфліктів 1 до Пан Млєчко Показати IP 3 Січня 2022 19:49 відповісти + 11 - 0 Не варто казати про всіх заробітчан у такій зневазі.Більшість з них люди,які дбають про свої родини.Окремі з них , то не показник, бо багато їм подібних живуть в Україні і вичворяють тут. Те, що поляки знають і пам'ятають ,як бандерівці вбивали їх народ , то це не дати не взяти,історичні факти. Нормальні люди ніде не будуть показувати свою незрозумілу ""зверхність"" Володимир Показати IP 3 Січня 2022 13:51 відповісти + 26 - 1 хай менше морду горілкою заливають, менше своє цебе на чужині показують й такого не буде. навіть на Росії менше подіб",unclear,,mistral:7b,unclear,,article,3
20220102,90,POLISH,UKRAINIAN,https://www.volynnews.com/news/all/chomu-v-polshchi-vse-chastishe-napadaiut-na-zarobitchan-z-ukrayiny/,unclear,,mistral:7b,unclear,No clear migration-related tokens,mistral:7b,"Чому в Польщі все частіше нападають на заробітчан з України Вхід Авторизація Зареєструйтеся на сайті , якщо у вас немає облікового запису на Волинських Новинах. Забули пароль? Або якщо ви - користувач попередньої версії сайту, пам’ятаєте свій логін - просто створіть новий пароль . Якщо у вас виникли проблеми з авторизацією, будь ласка, напишіть нам листа . Увійти USD 40.45 40.75 USD 40.45 40.75 EUR 44.50 45.20 PLN 3.30 4.00 15:45 07.04.2025 RSS Контакти Четвер 05:21 19 Березня 2026 Новини Луцьк Волинь Україна Світ Політика Економіка Гроші Бізнес Нерухомість НП Соціум Медицина Освіта Довкілля Вікенд Релігія Благодійництво Техно, IT Культура Музика Кіно Література Мистецтво Історія Авто Спорт Таблоїд Проекти ВН Акценти Трибуна повідом новину Аверс Інтерв'ю Аналітика Фото Відео Блоги Досьє Анонси Популярне Запитай юриста PDF-архів газети Новини Луцьк Волинь Україна Світ Політика Влада Партії Економіка Гроші Бізнес Нерухомість НП Соціум Медицина Освіта Довкілля Вікенд Релігія Благодійництво Техно, IT Культура Музика Кіно Література Мистецтво Історія Авто Спорт Таблоїд Проекти ВН Тільки разом Волинь не забуває Походеньки-поїзденьки Ми це бачили На межі Відлупцюй волинського журналіста Marichka Kulish влог Власний досвід Луцьк буденний Розвідка ВН Де влітку відпочити на Волині МандроСвіт Музичний проект Acoustic Diary Соромлюсь запитати Віп-новина «Від школярів до козаків» Інтерв'ю Аналітика Привітання Акценти Трибуна PDF-архів газети Анонси ТОП-анонс Повідом новину Фото Відео Блоги Досьє Анонси Популярне Запитай юриста Чому в Польщі все частіше нападають на заробітчан з України 2 Січня 2022 23:11 Коментарів: 11 6 Твіт У Польщі почастішали атаки на українських заробітчан. У країні, де працює майже два мільйони наших земляків, їх дедалі частіше б’ють через національність та мову. І з кожним разом нападників більше, а катують дедалі жорстокіше. 1 січня у містечку неподалік Варшави знайшли мертвим 47-річного українця . Чоловікові проломили голову під час святкування Нового року. Польські поліцейські вважають, що до смерті заробітчанина можуть бути причетні його колеги. Наразі затримали 12 людей, які відзначали з убитим свято, але вони були настільки п’яними, що не змогли дати свідчень. Ще перед Новим роком у Вроцлаві сталася бійка між місцевими та учасником «Айдару». Як написав у Facebook його побратим Віталій Корун , четверо поляків нібито увірвалися в хостел, де він жив, і вимагали «української крові», пише « Страна ». Однак, «на їхню біду», як висловився автор запису, в хостелі на той час був колишній танкіст з «Айдару» Акс . Корун опустив подробиці початку бійки, тому неясно, хто її затіяв. «Акс виконав їхнє бажання – ці дебіли відчули смак крові, тільки своєї. У двох із нападників – вибиті зуби, двоє інших тупо втекли, побачивши, як Акс тих «частує», – написав Корун. Він додав, що поліцію мешканці хостелу не викликали, викинувши поляків на двір. У польській пресі цей інцидент пройшов непомітно. У поліції Вроцлаві також сказали, що їм нічого невідомо про бійку за участю українця. Проте джерела видання у правоохоронних органах Вроцлава підтвердили, що сутичка була. «Пройшла чутка, що на заробітки приїхав український радикал, фанат Бандери. І ще пішла чутка, що він любить чіплятись до місцевих дівчат. Ну і група наших хлопців пішла «поговорити». А українець першим накинувся з кулаками. У поліцію вони не скаржилися, щоб не нагнітати ситуацію», – розповіло джерело. За останні кілька місяців це вже другий інцидент із українцем у Вроцлаві. Минулого літа поліцейські до смерті побили у витверезнику 25-річного українця Дмитра Никифоренка . Цю трагічну історію порівнювали із вбивством білим поліцейським темношкірого Флойда, що спровокувало масштабні протести. Щоправда, незважаючи на резонанс у пресі та хвилю обурення серед українських мігрантів, «польського BLM» не вийшло. Експерти кажуть: напади триватимуть, а польська влада цьому потурає. «На українців нападають навмисно. Хвиля ненависті в нашій країні зростає за мовчазною згодою держави, проти «чужинців» застосовують фізичне насильство», – сказав польський соціолог Цезар Обрахт-Прондзінський. Відносини України та Польщі при Зе, як і за Порошенка, переживають не найкращі часи. Одна з причин – зростання націоналізму в обох країнах. «Прославлення ОУН-УПА та їхніх лідерів, яких частина поляків вважає вбивцями, перейменування вулиць на честь Бандери, приїзд на заробітки радикальних націоналістів – все це лише налаштовує людей проти українців. Деякі мстять, взявшись за бити. З іншого боку, Польщі потрібні українські працівники, своїх не вистачає. Тому ситуація навряд чи погіршиться», – сказав польський журналіст Томаш Кравчик . Проте українці скаржаться, що загалом ставлення до наших у Польщі змінилося не на краще. «Чув не раз «бандерівці, геть із Польщі!» та розмови на кшталт «Львів наш». Вже страшно розмовляти на вулиці рідною мовою, – зізнається житель Трускавця Іван Михайлюк , який працює у польському Лодзі. – Коли до влади прийшла партія Качинського, який недолюблює українців, у Польщі підняли голови націоналісти. Та й багатьох простих поляків почало дратувати, що в Україні вулиці називають на честь Бандери та прославляють УПА, які нібито вирізали поляків під час Другої світової війни. У суперечках часто згадують Волинську різню». Втім, за прогнозами експертів, напади не відлякають українських заробітчан у Польщі. «В Україні роботи немає, платять мало, а середня зарплата у Польщі для некваліфікованих працівників становить від 20 тисяч гривень. На польських фабриках та заводах зараз можна заробити 25–40 тисяч гривень та більше», – каже експерт з міграційних питань, політолог Сергій Мальський . Серед іноземних працівників у Польщі найбільше саме громадян України. За інформацією Rzeczpospolita, минулого року понад 80% усіх дозволів на роботу було видано українцям. Здебільшого їх беруть на будівництва, збирання врожаю, в прислуги та доглядальниці. За даними опитування польської рекрутингової агенції Work Service, від третини до половини польських роботодавців шукали українців, оскільки вони згодні працювати за менші зарплати, ніж поляки. Знайшли помилку? Виділіть текст і натисніть Повідомити Підписуйтесь на наш Telegram-канал , аби першими дізнаватись найактуальніші новини Волині, України та світу Читайте також Українці в Польщі: 60% біженців після закінчення війни планують повернутися додому 23 Вересня 2022 06:38 Українці в Польщі: скільки заробляють, де витрачають та як шукають роботу 24 Лютого 2020 07:00 Не менше 900€: українці більше не хочуть працювати в Польщі за низьку зарплату, – ЗМІ 27 Грудня 2024 20:01 Скільки заробляють українці в Польщі: мінімальні виплати та необхідні витрати 10 Травня 2025 21:53 Додати свій коментар Коментарів: 11 Франція Показати IP 2 Січня 2022 23:28 відповісти + 26 - 3 Польща не Європа, а буферна зона, їдьте в Європу Якась Показати IP 2 Січня 2022 23:40 відповісти + 1 - 25 маячня... Сергій Показати IP 3 Січня 2022 00:20 відповісти + 61 - 3 Бо ведуть себе як бидло,через те і нападають Олесь до Сергій Показати IP 5 Січня 2022 01:45 відповісти + 2 - 0 Скотину яка не розуміє легенького батіга б'ють дишлом поміж роги Віталій. Показати IP 3 Січня 2022 11:15 відповісти + 20 - 0 Згоден з дописувачем з Лодзі,я також працюю в Лодзі. І на роботі була неприємна така собі розмова-суперечка за Бандеру,...""він ваш"" bohater"" ,а він наш ворог.то якого ви .....""....сюди приїхали зі своїми героями. скептик до Віталій. Показати IP 3 Січня 2022 23:07 відповісти + 5 - 2 українцям не варто вступати з поляками в суперечки на цю тему і тим більше провокувати такі суперечки. треба мати певні історичні знання і дискутувати лише на тверезу голову і з відповідними освіченими солідними опонентами, а не з 20-літніми шмаркачами . кожна країна має своїх героїв турист Показати IP 3 Січня 2022 11:39 відповісти + 20 - 13 В Польщу в переважній більшості їде бидлота, яка не хоче дома працювати і прагне зловити Бога за бороду. Не вдається вкрасти тут, то гадає, що вкраде на чужині. Але зась! Для прикладу: Коли так звані совяни прийшли в Афганістан в якості ""визволителів"", то совєцький солдат міг пройти весь Афган і його ніхто не зачіпав пальцем. А коли почалися грабежі, вбивства, тоді афганські пастухи зрозуміли, що то за люди. Пан Млєчко Показати IP 3 Січня 2022 12:01 відповісти + 26 - 3 Приїзджає зачухана голота, а через місяць отримує зарплату і поводиться як олігарх. От і причина усіх конфліктів 1 до Пан Млєчко Показати IP 3 Січня 2022 19:49 відповісти + 11 - 0 Не варто казати про всіх заробітчан у такій зневазі.Більшість з них люди,які дбають про свої родини.Окремі з них , то не показник, бо багато їм подібних живуть в Україні і вичворяють тут. Те, що поляки знають і пам'ятають ,як бандерівці вбивали їх народ , то це не дати не взяти,історичні факти. Нормальні люди ніде не будуть показувати свою незрозумілу ""зверхність"" Володимир Показати IP 3 Січня 2022 13:51 відповісти + 26 - 1 хай менше морду горілкою заливають, менше своє цебе на чужині показують й такого не буде. навіть на Росії менше подіб",unclear,,mistral:7b,unclear,,article,3
20220102,90,POLAND,UKRAINE,https://www.volynnews.com/news/all/chomu-v-polshchi-vse-chastishe-napadaiut-na-zarobitchan-z-ukrayiny/,unclear,,mistral:7b,unclear,No clear migration-related tokens,mistral:7b,"Чому в Польщі все частіше нападають на заробітчан з України Вхід Авторизація Зареєструйтеся на сайті , якщо у вас немає облікового запису на Волинських Новинах. Забули пароль? Або якщо ви - користувач попередньої версії сайту, пам’ятаєте свій логін - просто створіть новий пароль . Якщо у вас виникли проблеми з авторизацією, будь ласка, напишіть нам листа . Увійти USD 40.45 40.75 USD 40.45 40.75 EUR 44.50 45.20 PLN 3.30 4.00 15:45 07.04.2025 RSS Контакти Четвер 05:21 19 Березня 2026 Новини Луцьк Волинь Україна Світ Політика Економіка Гроші Бізнес Нерухомість НП Соціум Медицина Освіта Довкілля Вікенд Релігія Благодійництво Техно, IT Культура Музика Кіно Література Мистецтво Історія Авто Спорт Таблоїд Проекти ВН Акценти Трибуна повідом новину Аверс Інтерв'ю Аналітика Фото Відео Блоги Досьє Анонси Популярне Запитай юриста PDF-архів газети Новини Луцьк Волинь Україна Світ Політика Влада Партії Економіка Гроші Бізнес Нерухомість НП Соціум Медицина Освіта Довкілля Вікенд Релігія Благодійництво Техно, IT Культура Музика Кіно Література Мистецтво Історія Авто Спорт Таблоїд Проекти ВН Тільки разом Волинь не забуває Походеньки-поїзденьки Ми це бачили На межі Відлупцюй волинського журналіста Marichka Kulish влог Власний досвід Луцьк буденний Розвідка ВН Де влітку відпочити на Волині МандроСвіт Музичний проект Acoustic Diary Соромлюсь запитати Віп-новина «Від школярів до козаків» Інтерв'ю Аналітика Привітання Акценти Трибуна PDF-архів газети Анонси ТОП-анонс Повідом новину Фото Відео Блоги Досьє Анонси Популярне Запитай юриста Чому в Польщі все частіше нападають на заробітчан з України 2 Січня 2022 23:11 Коментарів: 11 6 Твіт У Польщі почастішали атаки на українських заробітчан. У країні, де працює майже два мільйони наших земляків, їх дедалі частіше б’ють через національність та мову. І з кожним разом нападників більше, а катують дедалі жорстокіше. 1 січня у містечку неподалік Варшави знайшли мертвим 47-річного українця . Чоловікові проломили голову під час святкування Нового року. Польські поліцейські вважають, що до смерті заробітчанина можуть бути причетні його колеги. Наразі затримали 12 людей, які відзначали з убитим свято, але вони були настільки п’яними, що не змогли дати свідчень. Ще перед Новим роком у Вроцлаві сталася бійка між місцевими та учасником «Айдару». Як написав у Facebook його побратим Віталій Корун , четверо поляків нібито увірвалися в хостел, де він жив, і вимагали «української крові», пише « Страна ». Однак, «на їхню біду», як висловився автор запису, в хостелі на той час був колишній танкіст з «Айдару» Акс . Корун опустив подробиці початку бійки, тому неясно, хто її затіяв. «Акс виконав їхнє бажання – ці дебіли відчули смак крові, тільки своєї. У двох із нападників – вибиті зуби, двоє інших тупо втекли, побачивши, як Акс тих «частує», – написав Корун. Він додав, що поліцію мешканці хостелу не викликали, викинувши поляків на двір. У польській пресі цей інцидент пройшов непомітно. У поліції Вроцлаві також сказали, що їм нічого невідомо про бійку за участю українця. Проте джерела видання у правоохоронних органах Вроцлава підтвердили, що сутичка була. «Пройшла чутка, що на заробітки приїхав український радикал, фанат Бандери. І ще пішла чутка, що він любить чіплятись до місцевих дівчат. Ну і група наших хлопців пішла «поговорити». А українець першим накинувся з кулаками. У поліцію вони не скаржилися, щоб не нагнітати ситуацію», – розповіло джерело. За останні кілька місяців це вже другий інцидент із українцем у Вроцлаві. Минулого літа поліцейські до смерті побили у витверезнику 25-річного українця Дмитра Никифоренка . Цю трагічну історію порівнювали із вбивством білим поліцейським темношкірого Флойда, що спровокувало масштабні протести. Щоправда, незважаючи на резонанс у пресі та хвилю обурення серед українських мігрантів, «польського BLM» не вийшло. Експерти кажуть: напади триватимуть, а польська влада цьому потурає. «На українців нападають навмисно. Хвиля ненависті в нашій країні зростає за мовчазною згодою держави, проти «чужинців» застосовують фізичне насильство», – сказав польський соціолог Цезар Обрахт-Прондзінський. Відносини України та Польщі при Зе, як і за Порошенка, переживають не найкращі часи. Одна з причин – зростання націоналізму в обох країнах. «Прославлення ОУН-УПА та їхніх лідерів, яких частина поляків вважає вбивцями, перейменування вулиць на честь Бандери, приїзд на заробітки радикальних націоналістів – все це лише налаштовує людей проти українців. Деякі мстять, взявшись за бити. З іншого боку, Польщі потрібні українські працівники, своїх не вистачає. Тому ситуація навряд чи погіршиться», – сказав польський журналіст Томаш Кравчик . Проте українці скаржаться, що загалом ставлення до наших у Польщі змінилося не на краще. «Чув не раз «бандерівці, геть із Польщі!» та розмови на кшталт «Львів наш». Вже страшно розмовляти на вулиці рідною мовою, – зізнається житель Трускавця Іван Михайлюк , який працює у польському Лодзі. – Коли до влади прийшла партія Качинського, який недолюблює українців, у Польщі підняли голови націоналісти. Та й багатьох простих поляків почало дратувати, що в Україні вулиці називають на честь Бандери та прославляють УПА, які нібито вирізали поляків під час Другої світової війни. У суперечках часто згадують Волинську різню». Втім, за прогнозами експертів, напади не відлякають українських заробітчан у Польщі. «В Україні роботи немає, платять мало, а середня зарплата у Польщі для некваліфікованих працівників становить від 20 тисяч гривень. На польських фабриках та заводах зараз можна заробити 25–40 тисяч гривень та більше», – каже експерт з міграційних питань, політолог Сергій Мальський . Серед іноземних працівників у Польщі найбільше саме громадян України. За інформацією Rzeczpospolita, минулого року понад 80% усіх дозволів на роботу було видано українцям. Здебільшого їх беруть на будівництва, збирання врожаю, в прислуги та доглядальниці. За даними опитування польської рекрутингової агенції Work Service, від третини до половини польських роботодавців шукали українців, оскільки вони згодні працювати за менші зарплати, ніж поляки. Знайшли помилку? Виділіть текст і натисніть Повідомити Підписуйтесь на наш Telegram-канал , аби першими дізнаватись найактуальніші новини Волині, України та світу Читайте також Українці в Польщі: 60% біженців після закінчення війни планують повернутися додому 23 Вересня 2022 06:38 Українці в Польщі: скільки заробляють, де витрачають та як шукають роботу 24 Лютого 2020 07:00 Не менше 900€: українці більше не хочуть працювати в Польщі за низьку зарплату, – ЗМІ 27 Грудня 2024 20:01 Скільки заробляють українці в Польщі: мінімальні виплати та необхідні витрати 10 Травня 2025 21:53 Додати свій коментар Коментарів: 11 Франція Показати IP 2 Січня 2022 23:28 відповісти + 26 - 3 Польща не Європа, а буферна зона, їдьте в Європу Якась Показати IP 2 Січня 2022 23:40 відповісти + 1 - 25 маячня... Сергій Показати IP 3 Січня 2022 00:20 відповісти + 61 - 3 Бо ведуть себе як бидло,через те і нападають Олесь до Сергій Показати IP 5 Січня 2022 01:45 відповісти + 2 - 0 Скотину яка не розуміє легенького батіга б'ють дишлом поміж роги Віталій. Показати IP 3 Січня 2022 11:15 відповісти + 20 - 0 Згоден з дописувачем з Лодзі,я також працюю в Лодзі. І на роботі була неприємна така собі розмова-суперечка за Бандеру,...""він ваш"" bohater"" ,а він наш ворог.то якого ви .....""....сюди приїхали зі своїми героями. скептик до Віталій. Показати IP 3 Січня 2022 23:07 відповісти + 5 - 2 українцям не варто вступати з поляками в суперечки на цю тему і тим більше провокувати такі суперечки. треба мати певні історичні знання і дискутувати лише на тверезу голову і з відповідними освіченими солідними опонентами, а не з 20-літніми шмаркачами . кожна країна має своїх героїв турист Показати IP 3 Січня 2022 11:39 відповісти + 20 - 13 В Польщу в переважній більшості їде бидлота, яка не хоче дома працювати і прагне зловити Бога за бороду. Не вдається вкрасти тут, то гадає, що вкраде на чужині. Але зась! Для прикладу: Коли так звані совяни прийшли в Афганістан в якості ""визволителів"", то совєцький солдат міг пройти весь Афган і його ніхто не зачіпав пальцем. А коли почалися грабежі, вбивства, тоді афганські пастухи зрозуміли, що то за люди. Пан Млєчко Показати IP 3 Січня 2022 12:01 відповісти + 26 - 3 Приїзджає зачухана голота, а через місяць отримує зарплату і поводиться як олігарх. От і причина усіх конфліктів 1 до Пан Млєчко Показати IP 3 Січня 2022 19:49 відповісти + 11 - 0 Не варто казати про всіх заробітчан у такій зневазі.Більшість з них люди,які дбають про свої родини.Окремі з них , то не показник, бо багато їм подібних живуть в Україні і вичворяють тут. Те, що поляки знають і пам'ятають ,як бандерівці вбивали їх народ , то це не дати не взяти,історичні факти. Нормальні люди ніде не будуть показувати свою незрозумілу ""зверхність"" Володимир Показати IP 3 Січня 2022 13:51 відповісти + 26 - 1 хай менше морду горілкою заливають, менше своє цебе на чужині показують й такого не буде. навіть на Росії менше подіб",unclear,,mistral:7b,unclear,,article,3
20220102,43,LISBON,GERMAN,https://naslovi.net/2022-01-03/blic/zarobljeni-u-luci-nemacki-kruzer-usidren-do-daljeg-u-lisabonu-zbog-izbijanja-epidemije-korona-virusa/29657724,unclear,URL too short,mistral:7b,,,mistral:7b,,unclear,,mistral:7b,unclear,,article,3
20220102,43,LISBON,GERMAN,https://naslovi.net/2022-01-03/blic/zarobljeni-u-luci-nemacki-kruzer-usidren-do-daljeg-u-lisabonu-zbog-izbijanja-epidemije-korona-virusa/29657724,unclear,URL too short,mistral:7b,,,mistral:7b,,unclear,,mistral:7b,unclear,,article,3
20220102,20,PALESTINIAN,,http://www.hispantv.com/noticias/palestina/535010/preso-israel-huelga-hambre,unclear,,mistral:7b,,,mistral:7b,"Siguen protestas en apoyo a preso palestino en huelga de hambre | HISPANTV × Usted puede descargar el app en su móvil para un mejor funcionamiento. HispanTV Noticias noticias IRÁN ASIA OCCIDENTAL ASIA Y OCEANÍA ÁFRICA EUROPA AMÉRICA DEL NORTE SUDAMÉRICA CENTROAMÉRICA SOCIEDAD ECONOMÍA CIENCIA/TEC DEPORTE SALUD CULTURA OPINIóN Programas Programas Detrás de la Razón Causa Palestina Grin Go! El Frasco PoliMedios Negro y Blanco con Eduardo Artés El Porqué de las Noticias Ventana a Palestina Dice Israel Etiquetaje Sobh Wikihispan Recuento Monoblock Entre Líneas - Temporada 2 Verdadera Promesa Documentales Reporteros Cine Iraní Series Fotos Radio TV en Directo Radio en Directo Distribución Programación SÍganos En Instagram como: hispan_tv https://www.youtube.com/@nexo_latino http://twitter.com/nexo_latino https://t.me/hispantvcanal https://urmedium.com/c/hispantv WhatsApp y Viber: +98 921 79 29 404 ASIA OCCIDENTAL / Palestina Siguen protestas en apoyo a preso palestino en huelga de hambre Publicada: domingo, 2 de enero de 2022 21:06 Actualizada: lunes, 3 de enero de 2022 1:42 a • A Ver en Descargar Imprimir Embed En Palestina, continúan las movilizaciones para pedir la libertad para el preso, Hisham Abu Hawash, en huelga de hambre en cárceles israelíes desde hace 139 días. Los palestinos siguen reclamando justicia para Hisham Abu Hawash, encarcelado en Israel y en un “estado crítico” al cabo de cuatro meses de huelga de hambre, en rechazo a su detención “arbitraria”, sin ser imputado ni procesado. En diferentes partes de la ciudad cisjordana de Al-Jalil, incluido el pueblo de Dura, los ciudadanos y familiares de Abu Hawash, pidieron su liberación inmediata. La asediada Franja de Gaza también fue escenario de un acto en solidaridad con Abu Hawash. Los participantes, congregados frente a la sede del Alto Comisionado de las Naciones Unidas para los Derechos Humanos, denunciaron el silencio de las instituciones internacionales ante la criminal detención de Abu Hawash. Desde el movimiento de Resistencia Islámica de Palestina (HAMAS) advirtieron que Tel Aviv tiene plena responsabilidad por la vida del preso. Ahmed al-Mudalal, un líder de Yihad Islámica Palestina, advirtió a su vez al régimen israelí de respuestas si algo le pasa al preso Abu Hawash. El Comité internacional de la Cruz Roja (CICR) aseveró, el sábado, que los grupos médicos que visitaron a Abu Hawash, lo hallaron en estado crítico, por lo que se declararon “preocupados por las consecuencias irreversibles para su salud y por su posible trágica muerte”. mag/hnb Etiquetas Presos Palestinos Apartheid Israelí Represión de Palestinos Palestina Libre Yihad Islámica Palestina CICR HAMAS Enlace corto relacionadas 34 palestinos han muerto desde inicio de la Tercera Intifada Palestina denuncia ante CPI las ejecuciones de campo israelíes HAMAS rechaza declaraciones de EEUU contra palestinos Israel endurecerá castigos contra palestinos que lancen piedras Palestina Ansaralá de Yemen y HAMAS: recurrir a asesinatos no debilitan a Irán Agresión contra Irán genera fuerte presión presupuestaria para Israel Israel masacra a una familia palestina, padres y 2 niños, en Cisjordania HAMAS alaba ataques con misiles de Irán contra objetivos israelíes LO MÁS LEÍDO DE Palestina Minuto a Minuto: Guerra israelí contra Palestina Sionismo: Una ideología delirante y perversa HAMAS ataca con novedoso misil contra el aeropuerto israelí Ramon Minuto a Minuto: La agresión israelí contra Palestina en directo Comentarios Últimas Noticias LO MÁS LEÍDO El asesinato de Ali Lariyani y la lógica del martirio estratégico Ansaralá de Yemen y HAMAS: recurrir a asesinatos no debilitan a Irán Irán empleará armamento más moderno en días siguientes de la guerra Canciller iraní: Asesinatos no afectarán estructura política sólida de Irán Dura venganza de Irán deja más de 230 muertos y heridos en Tel Aviv Irán protesta ante ONU ataques de EEUU desde países de la región USS Abraham Lincoln se aleja de la zona; Gerald Ford regresa a Grecia México, dispuesto a albergar partidos de Irán en el Mundial en lugar de EEUU Ver más 24 horas 1 semana 1 mes SÍganos en    Pakistán declara la “guerra abierta” contra Afganistán- Noticiero 21:30 boletÍn de noticias OPINIóN El asesinato de Ali Lariyani y la lógica del martirio estratégico Estados Unidos: Armas, Monopolio e Injerencia Irán ante la guerra: cuando la presión externa termina uniendo a una nación Perfil: Ali Lariyani, un experimentado estratega político y de seguridad de Irán Irán: Agresiones desde múltiples frentes. Parte II ENCUESTA LOs vídeos MÁS populares 1 de “Guerra abierta” al Talibán | El Porqué de las Noticias Los usurpadores de Palestina quieren más| El Frasco, medios sin cura ¿Por qué Estados Unidos no puede tolerar a Irán? - P 1 Irán mostró una vez más, una gran firmeza diplomática en la 3era. ronda de diálogos entre el país persa y EEUU| Detrás de la Razón Venezuela: Cuando ataca el imperio - Parte 1 14 C Ciudad de México 23 C La Habana, CUB 19 C Washington, EE.UU. 9 C Bogotá, COL 18 C Caracas, VEN 6 C Quito, ECU 17 C Brasilia, BRA 13 C Lima, PER -5 C La Paz, BOL 10 C Buenos Aire, ARG 21 C Madrid, ESP 31 C Teherán, IRI 23 C Santiago, CHI 12 C Asunción, PAR 9 C Montevideo, URU Ciudad de México La Habana, CUB Washington, EE.UU. Bogotá, COL Caracas, VEN Quito, ECU Brasilia, BRA Lima, PER La Paz, BOL Buenos Aire, ARG Madrid, ESP Teherán, IRI Santiago, CHI Asunción, PAR Montevideo, URU    Noticias Secciones HispanTV Irán Asia Occidental Asia y Oceanía África Europa América del Norte Sudamérica Centroamérica Sociedad Economía Ciencia/Tec Deporte Salud Cultura Programas Series Cine Iraní Reporteros Análisis del día Opinión Documentales Distribución Nosotros Contacto Programación Rss Recibir noticias por email Registrarse © HispanTV 2023. Todos los derechos reservados. Al usar los materiales parcial o completamente, es obligatorio hacer referencia a HispanTV",push,"detention 'arbitraria', without being imputed or processed, and medical concern due to 139-day hunger strike",mistral:7b,push,"detention 'arbitraria', without being imputed or processed, and medical concern due to 139-day hunger strike",article,3
20220102,1831,SUICIDE BOMBER,KABUL,https://www.journaldemontreal.com/2022/01/02/en-afghanistan-les-femmes-victimes-de-violences-abandonnees-a-leur-sort-1,unclear,,mistral:7b,,,mistral:7b,"Mariée à sept ans à un homme de 80, puis à un autre, Fatema a enduré les viols, la faim et les coups jusqu'à ce qu'elle n'en puisse plus et qu'elle tente de se suicider.

• À lire aussi: Le journal des médecins canadiens englué dans une polémique sur le hijab

• À lire aussi: Pour Noël, le pape appelle au «dialogue» et déplore les «tragédies oubliées»

• À lire aussi: Afghanistan: un kamikaze abattu devant le bureau des passeports à Kaboul

Après une énième fuite, elle se cache aujourd'hui dans un des rares refuges pour femmes restés ouverts en Afghanistan depuis l'arrivée au pouvoir des talibans, mi-août.

Les larmes aux yeux, la jeune femme de 22 ans raconte les violences conjugales, comme cette fois, à 10 ans, où «ma tête s'est écrasée contre un clou dans le mur et mon crâne a craqué».

«J'en suis presque morte», ajoute-t-elle.

En Afghanistan, où traditions patriarcales, pauvreté et manque d'éducation freinent les droits des femmes depuis des décennies, 87% d'entre elles ont déjà vécu une forme de violence physique, sexuelle ou psychologique, selon l'ONU.

Sous l'ancien gouvernement, ce pays de 38 millions d'habitants ne comptait que 24 refuges - quasiment tous financés par la communauté internationale et mal vus par une partie de la société. Déjà très imparfait, ce système de protection s'est effondré.

Si le refuge de Fatema ferme, elle n'aura nulle part où aller: son père est décédé, ses belles-familles souhaitent la tuer. Dans son foyer, une vingtaine d'autres survivantes se cachent de leurs anciens bourreaux.

AFP

«Recommencer de zéro»

Sous couvert d'anonymat, la directrice d'une ONG raconte à l'AFP qu'elle a suivi avec inquiétude la conquête progressive de l'Afghanistan par les talibans.

Dans les provinces les plus instables, elle s'est préparée des mois à l'avance, renvoyant les pensionnaires le souhaitant dans leurs familles et en transférant d'autres.

Puis il a fallu, en panique, déplacer une centaine de femmes et d'employées vers Kaboul. Quand la capitale est tombée, les dernières sont retournées dans leurs familles, parties chez des amis ou avec le personnel.

«Nous devons recommencer de zéro», déplore la directrice, qui n'a pas encore obtenu l'autorisation de rouvrir ses refuges.

Les talibans assurent pourtant qu'ils ont changé. Fin novembre, le porte-parole du mouvement, Suhail Shaheen, avait affirmé à Amnistie internationale que les femmes battues pouvaient saisir les tribunaux.

Leur chef suprême, Hibatullah Akhundzada, a dénoncé les mariages forcés en décembre.

Les combattants islamistes ne se sont pas prononcés officiellement sur les refuges ni n'ont ordonné leur fermeture, offrant même leur protection à certaines ONG. Insuffisant pour rassurer celles-ci: la plupart ont fermé leurs centres.

Les talibans ont rendu plusieurs visites à celui qui héberge Fatema, laissant une impression mitigée et l'«avenir incertain», selon une employée. Ils «disent que ce n'est pas un endroit sûr pour les femmes, que leur place est à la maison.»

Une autre est moins inquiète. Ils «sont venus, ont regardé les chambres, vérifié qu'il n'y avait pas d'hommes», raconte-t-elle. «C'était bien mieux que ce à quoi nous nous attendions.»

Selon plusieurs sources, certains centres officiellement fermés continuent à abriter des femmes n'ayant aucun point de chute.

Menaces

Avant même la prise de Kaboul par les talibans, beaucoup de victimes ne savaient ni où ni comment recevoir de l'aide et de graves manquements ont souvent été imputés aux institutions étatiques.

Zakia, menacée de mort par le père du mari qui la battait, se souvient que les employées du ministère des Femmes, chargé théoriquement de la protéger, «ne m'ont même pas écoutée et m'ont dit que ma situation n'était pas si mauvaise».

Le ministère, fermé par les talibans, l'a accusée «de mentir», raconte Mina, 17 ans, qui a fui un oncle violent à 15 ans, avec sa petite-soeur.

Mais le système restait vital. Désormais, de nombreuses femmes, mais aussi les employées des refuges, «risquent des violences et la mort», selon Amnistie internationale.

AFP

Plusieurs employées disent avoir été menacées au téléphone par des talibans cherchant des membres de leurs familles. Une fonctionnaire de l'ancien ministère des Femmes raconte que des talibans ont tenté d'obtenir d'elle les adresses des refuges.

L'heure est d'autant plus critique que la situation s'aggrave. «Quand la situation économique empire, les hommes sont sans travail, les cas de violence augmentent», explique cette fonctionnaire.

Une inquiétude partagée par Alison Davidian, représentante d'ONU Femmes en Afghanistan: «La situation a probablement empiré [...], mais les services ont de façon générale diminué», dit-elle, précisant que l'ONU négocie la réouverture de refuges.

C'est la mission que s'est fixée Mahbouba Seraj aussi, une figure centrale de la lutte pour les droits des Afghanes. Son refuge resté ouvert a été inspecté par les talibans, qui l'ont «en quelque sorte laissé tranquille».

AFP

Mme Seraj souhaite continuer de discuter avec les islamistes, ayant l'espoir «qu'il va y avoir des changements».

Mais elle s'inquiète surtout pour les victimes qui ne se manifestent plus: «Personne ne va s'occuper d'elles».

* Le nom des témoins a été changé.",push,"Violence, persecution, repression, displacement",mistral:7b,push,"Violence, persecution, repression, displacement",article,3
20220102,42,SAINT,,https://g1.globo.com/sp/santos-regiao/porto-mar/noticia/2022/01/02/anvisa-reforca-urgencia-em-acabar-com-temporada-de-cruzeiros-e-fala-em-risco-a-saude-publica.ghtml,neutral,URL lacks clear migration indicators,mistral:7b,,,mistral:7b,,,,mistral:7b,neutral,URL lacks clear migration indicators,url_1,3
20220102,14,ROMANIA,,https://ziare.com/sorin-grindeanu/grindeanu-acuzatii-drula-autostrada-brasov-ploiesti-licitatie-studiu-fezabilitate-1718214,unclear,URL too short,mistral:7b,neutral,<URL too short to classify>,mistral:7b,,,,mistral:7b,neutral,<URL too short to classify>,url_2,3
20220102,130,RUSSIAN,EGYPTIAN,https://aif.ru/society/genkonsulstvo_rf_v_hurgade_predupredilo_o_zaderzhkah_reysov_iz-za_nepogody,unclear,,mistral:7b,,,mistral:7b,"Генконсульство России в египетской Хургаде предупредило о задержках авиарейсов с курорта в российские города из-за перебоев в работе местного аэропорта, передает РИА Новости.

По информации ведомства, вылетающие в РФ и другие страны рейсы задерживаются на срок от двух до трех часов.

Перебои в работе воздушной гавани были вызваны градом и ливнем, которые обрушились на египетский курорт и близлежащий город Сафага в минувшую субботу.

Также в российском консульстве отметили, что актуальные сведения о времени отправления воздушных судов необходимо получать у представителей туроператоров и авиакомпаний.

Напомним, Россия возобновила чартерные рейсы в Хургаду и Шарм-эль-Шейх с 9 ноября.",neutral,"The article is about flight delays due to bad weather in Egypt, not related to migration pressure.",mistral:7b,neutral,"The article is about flight delays due to bad weather in Egypt, not related to migration pressure.",article,3
20220102,46,RUSSIA,TURKEY,https://www.geopolitica.ru/news/putin-i-erdogan-obsudili-garantii-bezopasnosti-mezhdu-rf-i-nato,unclear,,mistral:7b,,,mistral:7b,,unclear,,mistral:7b,unclear,,article,3
20220102,112,RUSSIA,UKRAINE,https://www.cas.sk/cl/1003185/2626559/biden-telefonoval-s-ukrajinskym-prezidentom-usa-budu-na-rusku-invaziu-reagovat,unclear,,mistral:7b,,,mistral:7b,,unclear,,mistral:7b,unclear,,article,3
20220102,120,RUSSIA,UKRAINE,https://www.cas.sk/cl/1003185/2626559/biden-telefonoval-s-ukrajinskym-prezidentom-usa-budu-na-rusku-invaziu-reagovat,unclear,,mistral:7b,,,mistral:7b,,unclear,,mistral:7b,unclear,,article,3
20220102,120,RUSSIA,UKRAINE,https://www.cas.sk/cl/1003185/2626559/biden-telefonoval-s-ukrajinskym-prezidentom-usa-budu-na-rusku-invaziu-reagovat,unclear,,mistral:7b,,,mistral:7b,,unclear,,mistral:7b,unclear,,article,3
20220102,46,VLADIMIR,JOE BIDEN,https://gazeta.ua/articles/politics/_rozmova-zelenskogo-ta-bajdena-pro-scho-govorili-lideri/1065472,unclear,,mistral:7b,neutral,[no clear migration-related tokens],mistral:7b,,,,mistral:7b,neutral,[no clear migration-related tokens],url_2,3
20220102,40,RUSSIA,PRESIDENT,https://tsn.ua/ru/politika/bayden-i-zelenskiy-proveli-telefonnye-peregovory-chto-izvestno-1945450.html,unclear,,mistral:7b,neutral,[no clear migration-related tokens],mistral:7b,,,,mistral:7b,neutral,[no clear migration-related tokens],url_2,3
20220102,195,SAUDI,,http://www.hispantv.com/noticias/yemen/535011/ataque-saudi-mezquita-muertos,unclear,,mistral:7b,push,attack [attack],mistral:7b,,,,mistral:7b,push,attack [attack],url_2,3
20220102,195,SAUDI,SAUDI ARABIA,http://www.hispantv.com/noticias/yemen/535011/ataque-saudi-mezquita-muertos,unclear,,mistral:7b,push,attack [attack],mistral:7b,,,,mistral:7b,push,attack [attack],url_2,3
20220102,180,SENEGAL,,https://www.elmundo.es/comunidad-valenciana/castellon/2022/01/02/61d1ffb121efa045798b4589.html,unclear,,mistral:7b,unclear,[no clear migration-related tokens],mistral:7b,"El piloto castellonense cede cerca de 40 minutos en la primera especial del rally, en el que aspira a superar el récord de triunfos de etapa de Peterhansel y Despres

Joan Barreda es una leyenda del Dakar. En la edición de 2021 hizo historia con sus tres triunfos de etapa, ya que alcanzó las 27 victorias del mítico Jordi Arcarons, con el que el piloto castellonense del Monster Energy Honda Team comparte el tercer lugar del podio histórico por número de triunfos de etapa. Solo le superan Peterhansel y Després (33 cada uno). Barreda es el piloto en activo con más victorias y asegura que le seduce el reto de intentar alcanzar el récord histórico de triunfos en esta edición 2022, que arrancó ayer. Será su duodécima participación en moto, en la que busca llegar a la meta por séptima ocasión.

«El récord de victorias es algo que está ahí y que habla de todo el trabajo que he hecho durante estos años. Aunque no haya ganado el Dakar por diferentes motivos, he estado durante muchos años a un nivel altísimo y he logrado muchos triunfos. El récord de victorias es algo que me seduce bastante», explica Barreda en declaraciones facilitadas por la organización del Dakar.

Su mejor resultado es el quinto puesto de 2017 pese a que estuvo muy cerca de alcanzar la gloria en 2013, 2014 y 2015, logrando repetidas victorias, pero las caídas o los problemas mecánicos le impidieron triunfar. También peleó por ello en el Dakar 2021, pero finalmente se vio obligado a abandonar en la etapa 11 al quedarse sin gasolina, mermado por una caída que había sufrido dos días antes. Las tres ediciones anteriores ya habían puesto a prueba la entereza del piloto de Torreblanca. En 2018 se retiró cuando era segundo por problemas en la rodilla y la muñeca. En 2019 se salió de ruta en la tercera etapa y cayó a un precipicio de rocas cuando era líder. En 2020, afectado por una fisura de costilla en la previa del Dakar, Barreda pilotó en las primeras etapas muy condicionado y su lesión se resintió por caídas en la segunda y la cuarta jornada. Sufrió problemas mecánicos pero terminó en séptima posición.

En 2022, 'Bang Bang' sigue estando entre los grandes favoritos en la lucha por el triunfo final, aunque en la etapa de este domingo, segunda de la prueba y primera especial tras el prólogo del sábado, sufrió su primer contratiempo tras perder 39 minutos y 48 segundos al resultarle ""casi imposible"", como a la mayoría de pilotos, encontrar el penúltimo punto de control.

""Fue una etapa difícil durante todo el día, pero sobre todo en los últimos 50 kilómetros. Había una nota con un punto de control no visible, con pocas referencias y resultó casi imposible encontrarlo. Hice un bucle de varios kilómetros, pasé varias veces por el mismo punto y llegué incluso a temer por la gasolina para llegar al final. Con la referencia de otros pilotos que llegaban pude encontrarlo"", dijo al llegar al campamento.

A pesar de encontrarse a 41 minutos y 54 segundos en la general del líder, el austríaco Daniel Sanders (Gas Gas), Barreda confía en que cambien las tornas en las próximas etapas. ""Es el primer día, queda mucho Dakar por delante y esto es un anticipo de lo que pueden ser estos días. Es un rally difícil, cada día cambian las cosas. Lo importante es mantenerse en carrera con opciones, intentaremos ir recuperando el tiempo de hoy. Estamos bien físicamente y hay que darlo todo"", valoró el piloto castellonense, que arrancó su duodécima participación con el objetivo de ""ganar el Dakar"".",neutral,The article is not clearly about migration-driving conditions as it discusses a rally race and the performance of a Spanish motorcycle racer.,mistral:7b,neutral,The article is not clearly about migration-driving conditions as it discusses a rally race and the performance of a Spanish motorcycle racer.,article,3
20220102,172,SYRIAN,,https://correio.rac.com.br/agencias/agencia-estado/2022/01/1153709-israel-aprova-plano-para-dobrar-numero-de-colonos-nas-colinas-do-golan.html,pull,'settlers',mistral:7b,,,mistral:7b,,,,mistral:7b,pull,'colonos',url_1,3
20220102,193,ADANA,POLICE,https://www.ensonhaber.com/3-sayfa/adanada-silahli-kavgaya-mudahale-eden-polis-vuruldu,unclear,<12 words exceeded>,mistral:7b,push,'The police officer who intervened in the armed fight was shot',mistral:7b,,,,mistral:7b,push,'The police officer who intervened in the armed fight was shot',url_2,3
20220102,41,TURKEY,RUSSIA,https://www.geopolitica.ru/news/putin-i-erdogan-obsudili-garantii-bezopasnosti-mezhdu-rf-i-nato,neutral,<no clear migration-related tokens>,mistral:7b,,,mistral:7b,,,,mistral:7b,neutral,<no clear migration-related tokens>,url_1,3
20220102,46,TURKEY,RUSSIA,https://www.geopolitica.ru/news/putin-i-erdogan-obsudili-garantii-bezopasnosti-mezhdu-rf-i-nato,neutral,<no clear migration-related tokens>,mistral:7b,,,mistral:7b,,,,mistral:7b,neutral,<no clear migration-related tokens>,url_1,3
20220102,46,TURKEY,RUSSIA,https://www.geopolitica.ru/news/putin-i-erdogan-obsudili-garantii-bezopasnosti-mezhdu-rf-i-nato,neutral,<no clear migration-related tokens>,mistral:7b,,,mistral:7b,,,,mistral:7b,neutral,<no clear migration-related tokens>,url_1,3
20220102,50,UKRAINE,,https://www.lematin.ch/story/joe-biden-assure-au-president-ukrainien-de-son-soutien-face-a-la-russie-753628635749,pull,'assure',mistral:7b,,,mistral:7b,,,,mistral:7b,pull,'assure',url_1,3
20220102,51,UKRAINE,,https://www.volynnews.com/news/all/chomu-v-polshchi-vse-chastishe-napadaiut-na-zarobitchan-z-ukrayiny/,push,'chomu v polshchi vsie chastishe napadaiut na zarobitchan z ukrainy',mistral:7b,,,mistral:7b,,,,mistral:7b,push,'chomu v polshchi vsie chastishe napadaiut na zarobitchan z ukrainy',url_1,3
20220102,51,UKRAINE,,https://www.volynnews.com/news/all/chomu-v-polshchi-vse-chastishe-napadaiut-na-zarobitchan-z-ukrayiny/,push,'chomu v polshchi vsie chastishe napadaiut na zarobitchan z ukrainy',mistral:7b,,,mistral:7b,,,,mistral:7b,push,'chomu v polshchi vsie chastishe napadaiut na zarobitchan z ukrainy',url_1,3
20220102,173,UKRAINIAN,,https://kosice.korzar.sme.sk/c/22812499/rusi-12-rokov-patrali-po-ukrajincovi-obvinenom-z-vrazdy-uz-je-v-kosickej-vaznici.html,unclear,<12 words exceeded>,mistral:7b,unclear,URL too short,mistral:7b,,unclear,,mistral:7b,unclear,,article,3
20220102,173,UKRAINE,CHINA,https://kosice.korzar.sme.sk/c/22812499/rusi-12-rokov-patrali-po-ukrajincovi-obvinenom-z-vrazdy-uz-je-v-kosickej-vaznici.html,unclear,<12 words exceeded>,mistral:7b,unclear,"URL is the same as row 338, too short",mistral:7b,,unclear,,mistral:7b,unclear,,article,3
20220102,190,UKRAINE,CHINA,https://kosice.korzar.sme.sk/c/22812499/rusi-12-rokov-patrali-po-ukrajincovi-obvinenom-z-vrazdy-uz-je-v-kosickej-vaznici.html,push,'Ukrainian accused of murder',mistral:7b,,,mistral:7b,,,,mistral:7b,push,'Ukrainian accused of murder',url_1,3
20220102,51,UKRAINE,RUSSIA,https://www.lematin.ch/story/joe-biden-assure-au-president-ukrainien-de-son-soutien-face-a-la-russie-753628635749,unclear,'joe biden assures the ukrainian president of his support against russia',mistral:7b,neutral,No clear migration-related tokens,mistral:7b,,,,mistral:7b,neutral,No clear migration-related tokens,url_2,3
20220102,32,UKRAINE,RUSSIA,https://www.lematin.ch/story/joe-biden-assure-au-president-ukrainien-de-son-soutien-face-a-la-russie-753628635749,unclear,'joe biden assures the ukrainian president of his support against russia',mistral:7b,neutral,No clear migration-related tokens (same as row 341),mistral:7b,,,,mistral:7b,neutral,No clear migration-related tokens (same as row 341),url_2,3
20220102,51,UKRAINE,RUSSIA,https://www.lematin.ch/story/joe-biden-assure-au-president-ukrainien-de-son-soutien-face-a-la-russie-753628635749,unclear,'joe biden assures the ukrainian president of his support against russia',mistral:7b,neutral,No clear migration-related tokens,mistral:7b,,,,mistral:7b,neutral,No clear migration-related tokens,url_2,3
20220102,51,UKRAINE,RUSSIA,https://www.lematin.ch/story/joe-biden-assure-au-president-ukrainien-de-son-soutien-face-a-la-russie-753628635749,unclear,'joe biden assures the ukrainian president of his support against russia',mistral:7b,neutral,No clear migration-related tokens,mistral:7b,,,,mistral:7b,neutral,No clear migration-related tokens,url_2,3
20220102,32,UKRAINE,UKRAINE,https://www.lematin.ch/story/joe-biden-assure-au-president-ukrainien-de-son-soutien-face-a-la-russie-753628635749,unclear,'joe biden assures the ukrainian president of his support against russia',mistral:7b,neutral,No clear migration-related tokens,mistral:7b,,,,mistral:7b,neutral,No clear migration-related tokens,url_2,3
20220102,50,UKRAINE,UKRAINE,https://www.lematin.ch/story/joe-biden-assure-au-president-ukrainien-de-son-soutien-face-a-la-russie-753628635749,unclear,'joe biden assures the ukrainian president of his support against russia',mistral:7b,neutral,No clear migration-related tokens,mistral:7b,,,,mistral:7b,neutral,No clear migration-related tokens,url_2,3
20220102,50,UKRAINE,UKRAINE,https://www.lematin.ch/story/joe-biden-assure-au-president-ukrainien-de-son-soutien-face-a-la-russie-753628635749,unclear,'joe biden assures the ukrainian president of his support against russia',mistral:7b,neutral,No clear migration-related tokens,mistral:7b,,,,mistral:7b,neutral,No clear migration-related tokens,url_2,3
20220102,51,UKRAINE,UKRAINE,https://www.lematin.ch/story/joe-biden-assure-au-president-ukrainien-de-son-soutien-face-a-la-russie-753628635749,unclear,'joe biden assures the ukrainian president of his support against russia',mistral:7b,neutral,No clear migration-related tokens,mistral:7b,,,,mistral:7b,neutral,No clear migration-related tokens,url_2,3
20220102,41,UKRAINE,UNITED STATES,https://gazeta.ua/articles/politics/_rozmova-zelenskogo-ta-bajdena-pro-scho-govorili-lideri/1065472,neutral,"""rozmova zelenskogo ta biden pro scho spoke leaders""",mistral:7b,,,mistral:7b,,,,mistral:7b,neutral,"""rozmova zelenskogo ta biden pro scho spoke leaders""",url_1,3
20220102,41,UKRAINE,UNITED STATES,https://gazeta.ua/articles/politics/_rozmova-zelenskogo-ta-bajdena-pro-scho-govorili-lideri/1065472,neutral,[URL token not found],mistral:7b,,,mistral:7b,,,,mistral:7b,neutral,[URL token not found],url_1,3
20220102,46,UKRAINE,UNITED STATES,https://gazeta.ua/articles/politics/_rozmova-zelenskogo-ta-bajdena-pro-scho-govorili-lideri/1065472,neutral,[URL token not found],mistral:7b,,,mistral:7b,,,,mistral:7b,neutral,[URL token not found],url_1,3
20220102,46,UKRAINE,UNITED STATES,https://gazeta.ua/articles/politics/_rozmova-zelenskogo-ta-bajdena-pro-scho-govorili-lideri/1065472,neutral,[URL token not found],mistral:7b,,,mistral:7b,,,,mistral:7b,neutral,[URL token not found],url_1,3
20220102,100,UKRAINIAN,A US,https://naslovi.net/2022-01-03/blic/da-sacuvamo-mir-u-evropi-zelenski-razgovarao-sa-bajdenom-o-akcijama-u-ukrajini-reformi-i-borbama-protiv-oligarha/29657762,unclear,[URL token not found],mistral:7b,unclear,"URL too short, generic",mistral:7b,"Ukrajinski predsednik Volodimir Zelenski rekao je da je sa američkim predsenikom Džoom Bajdenom u nedelju razgovarao o akcijama koje treba preduzeti kako bi se sačuvao mir u Evropi, reformama i borbi protiv oligarha u Ukrajini. - Razgovarali smo o zajedničkim akcijama Ukrajine, SAD i partnera kako bismo sačuvali mir u Evropi i sprečili dalju eskalaciju, reformama i bobi protiv oligarhije. Cenimo nepokolebljivu podršku Ukrajini - napisao je Zelenski na Tviteru.",unclear,"Article does not discuss conditions that would cause people to leave or arrive in Ukraine, but rather focuses on political discussions between leaders of Ukraine and the US.",mistral:7b,unclear,"Article does not discuss conditions that would cause people to leave or arrive in Ukraine, but rather focuses on political discussions between leaders of Ukraine and the US.",article,3
20220102,46,UKRAINE,JOE BIDEN,https://gazeta.ua/articles/politics/_rozmova-zelenskogo-ta-bajdena-pro-scho-govorili-lideri/1065472,neutral,[URL token not found],mistral:7b,,,mistral:7b,,,,mistral:7b,neutral,[URL token not found],url_1,3
20220102,50,UKRAINIAN,RUSSIA,https://www.lematin.ch/story/joe-biden-assure-au-president-ukrainien-de-son-soutien-face-a-la-russie-753628635749,unclear,[URL token not found],mistral:7b,neutral,No clear migration-related tokens,mistral:7b,,,,mistral:7b,neutral,No clear migration-related tokens,url_2,3
20220102,51,UKRAINIAN,RUSSIA,https://www.lematin.ch/story/joe-biden-assure-au-president-ukrainien-de-son-soutien-face-a-la-russie-753628635749,unclear,[URL token not found],mistral:7b,neutral,No clear migration-related tokens,mistral:7b,,,,mistral:7b,neutral,No clear migration-related tokens,url_2,3
20220102,51,UKRAINIAN,RUSSIA,https://www.lematin.ch/story/joe-biden-assure-au-president-ukrainien-de-son-soutien-face-a-la-russie-753628635749,unclear,[URL token not found],mistral:7b,neutral,No clear migration-related tokens,mistral:7b,,,,mistral:7b,neutral,No clear migration-related tokens,url_2,3
20220102,32,UKRAINIAN,UKRAINIAN,https://www.lematin.ch/story/joe-biden-assure-au-president-ukrainien-de-son-soutien-face-a-la-russie-753628635749,unclear,[URL token not found],mistral:7b,neutral,[no clear migration-related tokens],mistral:7b,,,,mistral:7b,neutral,[no clear migration-related tokens],url_2,3
20220102,100,UKRAINIAN,A US,https://naslovi.net/2022-01-03/blic/da-sacuvamo-mir-u-evropi-zelenski-razgovarao-sa-bajdenom-o-akcijama-u-ukrajini-reformi-i-borbama-protiv-oligarha/29657762,unclear,[URL token not found],mistral:7b,unclear,[URL too short],mistral:7b,"Ukrajinski predsednik Volodimir Zelenski rekao je da je sa američkim predsenikom Džoom Bajdenom u nedelju razgovarao o akcijama koje treba preduzeti kako bi se sačuvao mir u Evropi, reformama i borbi protiv oligarha u Ukrajini. - Razgovarali smo o zajedničkim akcijama Ukrajine, SAD i partnera kako bismo sačuvali mir u Evropi i sprečili dalju eskalaciju, reformama i bobi protiv oligarhije. Cenimo nepokolebljivu podršku Ukrajini - napisao je Zelenski na Tviteru.",unclear,"Article is about discussion between Zelensky and Biden regarding maintaining peace in Europe, reforms, and fighting oligarchy in Ukraine, which does not directly indicate push or pull migration factors.",mistral:7b,unclear,"Article is about discussion between Zelensky and Biden regarding maintaining peace in Europe, reforms, and fighting oligarchy in Ukraine, which does not directly indicate push or pull migration factors.",article,3
20220102,12,UNITED STATES,,https://www.telemundo.com/noticias/noticias-telemundo/desastres-naturales/hallan-con-vida-a-uno-de-los-tres-desaparecidos-en-los-incendios-de-co-rcna10641,unclear,<URL too short>,mistral:7b,pull,hallan con vida [aid found life],mistral:7b,,,,mistral:7b,pull,found alive [aid found life],url_2,3
20220102,30,THE US,,http://www.kvir.ru/articles/glavnoe-kachestvo-boyca.html,neutral,<no clear migration-related tokens>,mistral:7b,,,mistral:7b,,,,mistral:7b,neutral,<no clear migration-related tokens>,url_1,3
20220102,36,UNITED STATES,,https://news.online.ua/u-zelenskogo-utochnili-vremya-segodnyashnego-razgovora-s-baydenom_n840515/,neutral,<no clear migration-related tokens>,mistral:7b,,,mistral:7b,,,,mistral:7b,neutral,<no clear migration-related tokens>,url_1,3
20220102,30,AMERICAN,UKRAINIAN,https://www.lematin.ch/story/joe-biden-assure-au-president-ukrainien-de-son-soutien-face-a-la-russie-753628635749,unclear,<no clear migration-related tokens>,mistral:7b,push|pull,Joe Biden assures the President of Ukraine of his support against Russia,mistral:7b,,,,mistral:7b,push|pull,Joe Biden assures the President of Ukraine of his support against Russia,url_2,3
20220102,41,UNITED STATES,UKRAINE,https://gazeta.ua/articles/politics/_rozmova-zelenskogo-ta-bajdena-pro-scho-govorili-lideri/1065472,unclear,<no clear migration-related tokens>,mistral:7b,unclear,[URL too short],mistral:7b,"Президенти США та України провели телефонну розмову. Фото: Reuters

2 січня президенти США та України Джо Байден і Володимир Зеленський провели телефонну розмову.

Під час перемовин американський лідер чітко дав зрозуміти, що США із союзниками й партнерами дадуть рішучу відповідь, якщо Росія вторгнеться в Україну.

""Байден підкреслив прихильність США, їхніх союзників і партнерів принципу ""нічого про вас без вас"", - ідеться в повідомленні Білого дому.

Також він підтвердив відданість США суверенітету й територіальній цілісності України. І висловив підтримку заходам зміцнення довіри для деескалації напруженості на Донбасі та активній дипломатії для впровадження Мінських домовленостей на підтримку ""нормандського формату"".

Лідери також висловили підтримку дипломатичним зусиллям, які розпочнуться наступного тижня з двостороннього діалогу про стратегічну стабільність, у НАТО через Раду Росія-НАТО та в Організації з безпеки й співробітництва в Європі.

ЧИТАЙТЕ ТАКОЖ: Україна отримає додаткову допомогу від США

Президенти РФ і США Володимир Путін і Джо Байден провели телефонну розмову вдруге за місяць. Головна тема - агресія РФ проти України.",neutral,"The article primarily discusses a phone call between the Presidents of the U.S. and Ukraine, focusing on diplomatic efforts to maintain stability and security in relation to Russia's aggression towards Ukraine. There is no clear indication of push or pull factors related to migration pressure.",mistral:7b,neutral,"The article primarily discusses a phone call between the Presidents of the U.S. and Ukraine, focusing on diplomatic efforts to maintain stability and security in relation to Russia's aggression towards Ukraine. There is no clear indication of push or pull factors related to migration pressure.",article,3
20220102,46,UNITED STATES,UKRAINE,https://gazeta.ua/articles/politics/_rozmova-zelenskogo-ta-bajdena-pro-scho-govorili-lideri/1065472,unclear,<no clear migration-related tokens>,mistral:7b,neutral,[no clear migration-related tokens],mistral:7b,,,,mistral:7b,neutral,[no clear migration-related tokens],url_2,3
20220102,46,UNITED STATES,UKRAINE,https://gazeta.ua/articles/politics/_rozmova-zelenskogo-ta-bajdena-pro-scho-govorili-lideri/1065472,unclear,<no clear migration-related tokens>,mistral:7b,neutral,[no clear migration-related tokens],mistral:7b,,,,mistral:7b,neutral,[no clear migration-related tokens],url_2,3
20220102,36,UNITED STATES,THE WHITE HOUSE,https://pronedra.ru/v21-pervye-pervye-simptomy-pnevmonii-pomogut-svoevremenno-nachat-lechenie-i-soxranit-zhizn-439639.html,push,pneumonia,mistral:7b,,,mistral:7b,,,,mistral:7b,push,pnevmonii,url_1,3
20220102,36,THE WHITE HOUSE,,https://pronedra.ru/v21-pervye-pervye-simptomy-pnevmonii-pomogut-svoevremenno-nachat-lechenie-i-soxranit-zhizn-439639.html,push,pneumonia,mistral:7b,,,mistral:7b,,,,mistral:7b,push,pneumonia,url_1,3
20220102,36,THE WHITE HOUSE,,https://news.online.ua/u-zelenskogo-utochnili-vremya-segodnyashnego-razgovora-s-baydenom_n840515/,neutral,<no clear migration-related tokens>,mistral:7b,,,mistral:7b,,,,mistral:7b,neutral,<no clear migration-related tokens>,url_1,3
20220102,41,THE WHITE HOUSE,,https://pronedra.ru/v21-pervye-pervye-simptomy-pnevmonii-pomogut-svoevremenno-nachat-lechenie-i-soxranit-zhizn-439639.html,unclear,<URL token too short>,mistral:7b,unclear,[URL too short],mistral:7b,"Первые первые симптомы пневмонии помогут своевременно начать лечение и сохранить жизнь

В последнее время мы часто слышим о пневмонии. Это острое или хроническое воспаление инфекционного характера, которое локализуется в ткани легких и провоцирует дыхательные нарушения. Это очень сложное заболевание, которое может приводить к опасным последствиям. Чтобы справиться с недугом, очень важно вовремя обратиться к врачу.

Первые признаки и симптомы пневмонии, на что обратить внимание

Распознать пневмонию не так уж и легко, как может показаться. Данная болезнь опасна тем, что может развиваться без проявления каких-либо симптомов в самом начале. Люди часто путают признаки пневмонии с обычной простудой или ОРВИ. Стоит отметить, что при появлении каких-либо симптомов, которые хоть как-то указывают на воспаление легких, сразу же нужно обращаться к медикам.

Симптомы пневмонии появляются после того, как человек выздоровел. Проще говоря, неделю человек находился на больничном с насморком и повышенной температурой, а затем выписался и жил себе как ни в чем не бывало, но после у него вновь поднялась температура и появился целый букет следующих симптомов:

чрезмерная утомляемость;

упадок сил;

сильные приступы кашля;

одышка особенно должна встревожить тех, у кого ее никогда ранее не было;

дискомфорт в грудной клетке, возможно, даже болевые ощущения.

Если вы не знаете, как отличить бактериальное воспаление легких от вирусного, то здесь стоит выделить несколько факторов: если возбудителем болезни является бактерия, то симптомы будут менее выражены, температура не будет подниматься, она будет на отметке до 37,5 градуса. Когда у человека вирусная пневмония, то все перечисленные выше признаки появятся в полную силу, и температура будет достигать уже 40 градусов.

Для справки: Термин «пневмония» объединяет большую группу болезней. Выделяют первичную (самостоятельное заболевание) и вторичную пневмонию (развивается на фоне другой болезни, часто — гриппа), а также радиационную (может возникать после лучевой терапии, применяемой для лечения злокачественных опухолей) и посттравматическую (возникает в результате травм грудной клетки). Также пневмония может быть внебольничной (внегоспитальной), если она возникла вне лечебного учреждения или в первые 48 часов после поступления больного в стационар. Внутрибольничной пневмонией считается заболевание, которое развилось через 48-72 часа после госпитализации, если оно не находилось в фазе инкубационного периода до момента поступления пациента в лечебное учреждение.

Как происходит лечение воспаления легких

Воспаление легких — это одна из самых тяжелых болезней, которая поражает дыхательные пути. Пневмония попадает в список 10 самых распространенных причин смертности во всем мире. Нужно относиться к этой болезни со всей серьезность и вовремя распознавать ее, а затем приступать к лечению, которое назначает врач.

«Не каждая пневмония требует госпитализации, но стоит помнить, что при самом лёгком варианте течения заболевания вероятность летального исхода практически равна нулю, а при самом тяжёлом может превышать 50%. Это значит, что врач должен оценить тяжесть состояния пациента и необходимость госпитализации. Больному с лёгкой пневмонией госпитализация может принести больше вреда, чем пользы, так как нахождение в стационаре увеличивает риск так называемой госпитальной инфекции и осложнений от внутривенной терапии. Считается, что пациенты с лёгким вариантом пневмонии должны оставаться дома, а пациенты с тяжёлой и крайне тяжёлой пневмонией должны проходить лечение в стационаре. Пациенты с пневмонией средней степени тяжести могут быть госпитализированы на усмотрение врача», — говорит к. м. н., пульмонолог в клиниках «Чайка» и «Рассвет» Василий Штабницкий.

Профилактика пневмонии

Самое лучшее лечение заболевания — это его предупреждение. Предупредить любой недуг можно только с помощью правильной и своевременной профилактики.

Прививки;

Тщательно мойте руки;

Нужно бросить курить.

Первое, о чем следует сказать, это прививки. Дело в том, что пневмония появляется на фоне других заболеваний. Нужно сделать прививку от гриппа. Интересно, что с 2014 года в национальном календаре прививок была включена прививка от пневмококка. Эту прививку рекомендуют делать детям от 5 лет и взрослым после 65, известно, что в этом возрасте организм больше всего уязвим к такому роду болезням. Прививка не спасет вас от всевозможных видов воспаления легких, но она способна защитить от самых распространенных.

Мытье рук — это совет не только для тех, кто хочет защитить себя от воспаления легких. Об этом следует помнить всем. Миллионы микробов попадают к нам через рукопожатия, дверные ручки и через клавиатуру. Если вы дотронулись до глаз или носа, они попадают внутрь и вызывают различные заболевания. Мыть руки — это очень важное правило, их нужно мыть не только перед едой, но и в течение всего дня.

Курение увеличивает риск заболеть воспалением легких, более того, это может привести вас к смерти. Во время курения в легких происходят процессы, из-за которых ваш организм ослабевает. Увеличивается число клеток, который производят мокроту.",neutral,The article is about a lung disease (pneumonia) and does not directly discuss factors that may cause people to leave or arrive in a specific country.,mistral:7b,neutral,The article is about a lung disease (pneumonia) and does not directly discuss factors that may cause people to leave or arrive in a specific country.,article,3
20220102,90,NASA,,http://www.hispantv.com/noticias/ciencia-tecnologia/535007/nasa-asteroide-psyche,neutral,<no clear migration-related tokens>,mistral:7b,,,mistral:7b,,,,mistral:7b,neutral,<no clear migration-related tokens>,url_1,3
20220102,46,JOE BIDEN,VLADIMIR,https://gazeta.ua/articles/politics/_rozmova-zelenskogo-ta-bajdena-pro-scho-govorili-lideri/1065472,neutral,<no clear migration-related tokens>,mistral:7b,,,mistral:7b,,,,mistral:7b,neutral,<no clear migration-related tokens>,url_1,3
20220102,30,AMERICAN,UKRAINIAN,https://www.lematin.ch/story/joe-biden-assure-au-president-ukrainien-de-son-soutien-face-a-la-russie-753628635749,neutral,<no clear migration-related tokens>,mistral:7b,,,mistral:7b,,,,mistral:7b,neutral,<no clear migration-related tokens>,url_1,3
20220102,46,JOE BIDEN,UKRAINE,https://gazeta.ua/articles/politics/_rozmova-zelenskogo-ta-bajdena-pro-scho-govorili-lideri/1065472,neutral,<no clear migration-related tokens>,mistral:7b,,,mistral:7b,,,,mistral:7b,neutral,<no clear migration-related tokens>,url_1,3
20220102,36,THE WHITE HOUSE,UNITED STATES,https://news.online.ua/u-zelenskogo-utochnili-vremya-segodnyashnego-razgovora-s-baydenom_n840515/,unclear,<URL token too short>,mistral:7b,neutral,[no clear migration-related tokens],mistral:7b,,,,mistral:7b,neutral,[no clear migration-related tokens],url_2,3
20220102,13,VENEZUELAN,VENEZUELA,http://www.hispantv.com/noticias/venezuela/535014/eeuu-confrontacion-dialogos-intervenezolanos,unclear,<no clear migration-related tokens>,mistral:7b,unclear,[URL too short],mistral:7b,"Lo Bue: EEUU incita la confrontación en diálogos intervenezolanos | HISPANTV × Usted puede descargar el app en su móvil para un mejor funcionamiento. HispanTV Noticias noticias IRÁN ASIA OCCIDENTAL ASIA Y OCEANÍA ÁFRICA EUROPA AMÉRICA DEL NORTE SUDAMÉRICA CENTROAMÉRICA SOCIEDAD ECONOMÍA CIENCIA/TEC DEPORTE SALUD CULTURA OPINIóN Programas Programas Detrás de la Razón Causa Palestina Grin Go! El Frasco PoliMedios Negro y Blanco con Eduardo Artés El Porqué de las Noticias Ventana a Palestina Dice Israel Etiquetaje Sobh Wikihispan Recuento Monoblock Entre Líneas - Temporada 2 Verdadera Promesa Documentales Reporteros Cine Iraní Series Fotos Radio TV en Directo Radio en Directo Distribución Programación SÍganos En Instagram como: hispan_tv https://www.youtube.com/@nexo_latino http://twitter.com/nexo_latino https://t.me/hispantvcanal https://urmedium.com/c/hispantv WhatsApp y Viber: +98 921 79 29 404 Sudamérica / Venezuela Lo Bue: EEUU incita la confrontación en diálogos intervenezolanos Publicada: domingo, 2 de enero de 2022 22:49 Actualizada: domingo, 2 de enero de 2022 23:31 a • A Ver en Ver en Descargar Imprimir Embed El objetivo de las sanciones impuestas por EE.UU. contra Venezuela es provocar una confrontación en la mesa de diálogos intervenezolanos, opina una periodista. “Es evidente que el sabotaje de la mesa de diálogo intervenezolano es parte de las medidas de provocación, incluso para tratar de fracturar las relaciones internacionales de Venezuela y estrangularla”, ha señalado la periodista Rosalba Lo Bue en una entrevista concedida este domingo a la cadena HispanTV. En este sentido, la experta ha indicado que Washington intensifica su guerra mediática internacional contra Venezuela para mantener una matriz internacional de un país en condiciones de guerra virtual que implica amenazas para los socios venezolanos e incrementos en los costos de simples operaciones de transacción internacional. En otra parte de sus declaraciones, la entrevistada ha asegurado que el retorno a la vía y la estabilidad democrática en Venezuela pudiera darse si la mesa de diálogo puede pasar a un segundo plano de negociación. Maduro destaca el diálogo en el avance hacia estabilidad política Maduro: EEUU metió una puñalada por la espalda a diálogos con oposición | HISPANTV El presidente de Venezuela, Nicolás Maduro, ha destacado que EE.UU. saboteó el proceso de los diálogos de México con la oposición del país suramericano. La conquista de distintos espacios, ha añado Lo Bue, de tres gobernaciones regionales por parte de la oposición en las últimas elecciones en el país sudamericano, demuestra a la oposición venezolana y al mundo entero que Venezuela tiene un sistema electoral democrático y transparente. Irán: Elecciones en Venezuela, una demostración de democracia El Gobierno de Venezuela ha arremetido en diversas ocasiones contra las pretensiones injerencistas de EE.UU. en los diálogos de paz que buscan el levantamiento de las sanciones ilegales contra la economía de Venezuela, el reconocimiento de las autoridades legítimas y constitucionales, y el cese de actos de violencia y conspiración por parte de la derecha. Maduro repudia subordinación de la oposición a Estados Unidos Además, las autoridades venezolanas expresan sus esperanzas de que se lleve a cabo un diálogo directo, valiente, sincero y de entendimiento con Washington. El presidente Joe Biden habló en su campaña de cambiar la política de EE.UU. hacia Venezuela; sin embargo, los reportes muestran que la postura del mandatario demócrata no difiere a la de su predecesor en el cargo, Donald con respecto a Caracas. Maduro, dispuesto a dialogar con Biden: Injerencias son “game over” Fuente: Hispan TV Noticias rth/ncl/hnb Etiquetas Derecha Venezolana Oposición Venezolana Tensiones Venezuela-EEUU Elecciones Venezuela Enlace corto relacionadas Venezuela rechaza “insolentes” declaraciones del portavoz de la Diplomacia de EEUU Cabello: Echamos al FMI y al Banco Mundial de Venezuela Maduro felicita la instalación de comandos electorales En elecciones del 6D, ""Gana Chávez y gana el pueblo"" venezolano Venezuela Delcy Rodríguez insta a Trump a cesar “bloqueo y sanciones” a Venezuela Washington anula autorización que permitía pagar defensa de Maduro Comienza en Venezuela una campaña de solidaridad activa con Cuba Avanza con rapidez aplicación de amnistía en Venezuela LO MÁS LEÍDO DE Venezuela Venezuela posee el sistema de defensa más poderoso de la región “Si me fastidian los mataré a todos”, plan de EEUU en Venezuela Colombia se prepara para lanzar incursión militar contra Venezuela Bloqueo de EEUU impide a Venezuela compra de alimentos y medicinas Comentarios Últimas Noticias LO MÁS LEÍDO El asesinato de Ali Lariyani y la lógica del martirio estratégico Ansaralá de Yemen y HAMAS: recurrir a asesinatos no debilitan a Irán Irán empleará armamento más moderno en días siguientes de la guerra Canciller iraní: Asesinatos no afectarán estructura política sólida de Irán Dura venganza de Irán deja más de 230 muertos y heridos en Tel Aviv Irán protesta ante ONU ataques de EEUU desde países de la región USS Abraham Lincoln se aleja de la zona; Gerald Ford regresa a Grecia México, dispuesto a albergar partidos de Irán en el Mundial en lugar de EEUU Ver más 24 horas 1 semana 1 mes SÍganos en    Pakistán declara la “guerra abierta” contra Afganistán- Noticiero 21:30 boletÍn de noticias OPINIóN El asesinato de Ali Lariyani y la lógica del martirio estratégico Estados Unidos: Armas, Monopolio e Injerencia Irán ante la guerra: cuando la presión externa termina uniendo a una nación Perfil: Ali Lariyani, un experimentado estratega político y de seguridad de Irán Irán: Agresiones desde múltiples frentes. Parte II ENCUESTA LOs vídeos MÁS populares 1 de “Guerra abierta” al Talibán | El Porqué de las Noticias Los usurpadores de Palestina quieren más| El Frasco, medios sin cura ¿Por qué Estados Unidos no puede tolerar a Irán? - P 1 Irán mostró una vez más, una gran firmeza diplomática en la 3era. ronda de diálogos entre el país persa y EEUU| Detrás de la Razón Venezuela: Cuando ataca el imperio - Parte 1 14 C Ciudad de México 23 C La Habana, CUB 19 C Washington, EE.UU. 9 C Bogotá, COL 18 C Caracas, VEN 6 C Quito, ECU 17 C Brasilia, BRA 13 C Lima, PER -5 C La Paz, BOL 10 C Buenos Aire, ARG 21 C Madrid, ESP 31 C Teherán, IRI 23 C Santiago, CHI 12 C Asunción, PAR 9 C Montevideo, URU Ciudad de México La Habana, CUB Washington, EE.UU. Bogotá, COL Caracas, VEN Quito, ECU Brasilia, BRA Lima, PER La Paz, BOL Buenos Aire, ARG Madrid, ESP Teherán, IRI Santiago, CHI Asunción, PAR Montevideo, URU    Noticias Secciones HispanTV Irán Asia Occidental Asia y Oceanía África Europa América del Norte Sudamérica Centroamérica Sociedad Economía Ciencia/Tec Deporte Salud Cultura Programas Series Cine Iraní Reporteros Análisis del día Opinión Documentales Distribución Nosotros Contacto Programación Rss Recibir noticias por email Registrarse © HispanTV 2023. Todos los derechos reservados. Al usar los materiales parcial o completamente, es obligatorio hacer referencia a HispanTV",push,"The article states that the US is imposing sanctions and sabotaging dialogue in Venezuela, which are conditions that may cause confrontation and instability, potentially causing people to leave Venezuela.",mistral:7b,push,"The article states that the US is imposing sanctions and sabotaging dialogue in Venezuela, which are conditions that may cause confrontation and instability, potentially causing people to leave Venezuela.",article,3
20220102,111,VENEZUELAN,VENEZUELA,http://www.hispantv.com/noticias/venezuela/535014/eeuu-confrontacion-dialogos-intervenezolanos,unclear,<no clear migration-related tokens>,mistral:7b,unclear,<URL too short>,mistral:7b,"El objetivo de las sanciones impuestas por EE.UU. contra Venezuela es provocar una confrontación en la mesa de diálogos intervenezolanos, opina una periodista.

“Es evidente que el sabotaje de la mesa de diálogo intervenezolano es parte de las medidas de provocación, incluso para tratar de fracturar las relaciones internacionales de Venezuela y estrangularla”, ha señalado la periodista Rosalba Lo Bue en una entrevista concedida este domingo a la cadena HispanTV.

En este sentido, la experta ha indicado que Washington intensifica su guerra mediática internacional contra Venezuela para mantener una matriz internacional de un país en condiciones de guerra virtual que implica amenazas para los socios venezolanos e incrementos en los costos de simples operaciones de transacción internacional.

En otra parte de sus declaraciones, la entrevistada ha asegurado que el retorno a la vía y la estabilidad democrática en Venezuela pudiera darse si la mesa de diálogo puede pasar a un segundo plano de negociación.

La conquista de distintos espacios, ha añado Lo Bue, de tres gobernaciones regionales por parte de la oposición en las últimas elecciones en el país sudamericano, demuestra a la oposición venezolana y al mundo entero que Venezuela tiene un sistema electoral democrático y transparente.

El Gobierno de Venezuela ha arremetido en diversas ocasiones contra las pretensiones injerencistas de EE.UU. en los diálogos de paz que buscan el levantamiento de las sanciones ilegales contra la economía de Venezuela, el reconocimiento de las autoridades legítimas y constitucionales, y el cese de actos de violencia y conspiración por parte de la derecha.

Además, las autoridades venezolanas expresan sus esperanzas de que se lleve a cabo un diálogo directo, valiente, sincero y de entendimiento con Washington. El presidente Joe Biden habló en su campaña de cambiar la política de EE.UU. hacia Venezuela; sin embargo, los reportes muestran que la postura del mandatario demócrata no difiere a la de su predecesor en el cargo, Donald con respecto a Caracas.

Fuente: Hispan TV Noticias

rth/ncl/hnb",push,"Sanctions imposed by the U.S. against Venezuela are intended to provoke conflict in the Venezuelan dialogue table, according to a journalist. Washington intensifies its international media war against Venezuela to maintain an international matrix of a country in virtual war conditions that involves threats to Venezuelan allies and increases in international transaction costs.",mistral:7b,push,"Sanctions imposed by the U.S. against Venezuela are intended to provoke conflict in the Venezuelan dialogue table, according to a journalist. Washington intensifies its international media war against Venezuela to maintain an international matrix of a country in virtual war conditions that involves threats to Venezuelan allies and increases in international transaction costs.",article,3
20220102,111,VENEZUELAN,,http://www.hispantv.com/noticias/venezuela/535014/eeuu-confrontacion-dialogos-intervenezolanos,unclear,<no clear migration-related tokens>,mistral:7b,unclear,<URL too short>,mistral:7b,"El objetivo de las sanciones impuestas por EE.UU. contra Venezuela es provocar una confrontación en la mesa de diálogos intervenezolanos, opina una periodista.

“Es evidente que el sabotaje de la mesa de diálogo intervenezolano es parte de las medidas de provocación, incluso para tratar de fracturar las relaciones internacionales de Venezuela y estrangularla”, ha señalado la periodista Rosalba Lo Bue en una entrevista concedida este domingo a la cadena HispanTV.

En este sentido, la experta ha indicado que Washington intensifica su guerra mediática internacional contra Venezuela para mantener una matriz internacional de un país en condiciones de guerra virtual que implica amenazas para los socios venezolanos e incrementos en los costos de simples operaciones de transacción internacional.

En otra parte de sus declaraciones, la entrevistada ha asegurado que el retorno a la vía y la estabilidad democrática en Venezuela pudiera darse si la mesa de diálogo puede pasar a un segundo plano de negociación.

La conquista de distintos espacios, ha añado Lo Bue, de tres gobernaciones regionales por parte de la oposición en las últimas elecciones en el país sudamericano, demuestra a la oposición venezolana y al mundo entero que Venezuela tiene un sistema electoral democrático y transparente.

El Gobierno de Venezuela ha arremetido en diversas ocasiones contra las pretensiones injerencistas de EE.UU. en los diálogos de paz que buscan el levantamiento de las sanciones ilegales contra la economía de Venezuela, el reconocimiento de las autoridades legítimas y constitucionales, y el cese de actos de violencia y conspiración por parte de la derecha.

Además, las autoridades venezolanas expresan sus esperanzas de que se lleve a cabo un diálogo directo, valiente, sincero y de entendimiento con Washington. El presidente Joe Biden habló en su campaña de cambiar la política de EE.UU. hacia Venezuela; sin embargo, los reportes muestran que la postura del mandatario demócrata no difiere a la de su predecesor en el cargo, Donald con respecto a Caracas.

Fuente: Hispan TV Noticias

rth/ncl/hnb",push,"The imposed sanctions by the US against Venezuela aim to provoke confrontation in the intervenezolano dialogue table, according to a journalist. The expert has indicated that Washington intensifies its international media war against Venezuela to maintain an international matrix of a country in virtual war conditions, which involves threats for Venezuelan partners and increased costs for simple international transaction operations.",mistral:7b,push,"The imposed sanctions by the US against Venezuela aim to provoke confrontation in the intervenezolano dialogue table, according to a journalist. The expert has indicated that Washington intensifies its international media war against Venezuela to maintain an international matrix of a country in virtual war conditions, which involves threats for Venezuelan partners and increased costs for simple international transaction operations.",article,3
20220102,13,VENEZUELAN,VENEZUELAN,http://www.hispantv.com/noticias/venezuela/535014/eeuu-confrontacion-dialogos-intervenezolanos,unclear,<no clear migration-related tokens>,mistral:7b,unclear,<URL too short>,mistral:7b,"El objetivo de las sanciones impuestas por EE.UU. contra Venezuela es provocar una confrontación en la mesa de diálogos intervenezolanos, opina una periodista.

“Es evidente que el sabotaje de la mesa de diálogo intervenezolano es parte de las medidas de provocación, incluso para tratar de fracturar las relaciones internacionales de Venezuela y estrangularla”, ha señalado la periodista Rosalba Lo Bue en una entrevista concedida este domingo a la cadena HispanTV.

En este sentido, la experta ha indicado que Washington intensifica su guerra mediática internacional contra Venezuela para mantener una matriz internacional de un país en condiciones de guerra virtual que implica amenazas para los socios venezolanos e incrementos en los costos de simples operaciones de transacción internacional.

En otra parte de sus declaraciones, la entrevistada ha asegurado que el retorno a la vía y la estabilidad democrática en Venezuela pudiera darse si la mesa de diálogo puede pasar a un segundo plano de negociación.

La conquista de distintos espacios, ha añado Lo Bue, de tres gobernaciones regionales por parte de la oposición en las últimas elecciones en el país sudamericano, demuestra a la oposición venezolana y al mundo entero que Venezuela tiene un sistema electoral democrático y transparente.

El Gobierno de Venezuela ha arremetido en diversas ocasiones contra las pretensiones injerencistas de EE.UU. en los diálogos de paz que buscan el levantamiento de las sanciones ilegales contra la economía de Venezuela, el reconocimiento de las autoridades legítimas y constitucionales, y el cese de actos de violencia y conspiración por parte de la derecha.

Además, las autoridades venezolanas expresan sus esperanzas de que se lleve a cabo un diálogo directo, valiente, sincero y de entendimiento con Washington. El presidente Joe Biden habló en su campaña de cambiar la política de EE.UU. hacia Venezuela; sin embargo, los reportes muestran que la postura del mandatario demócrata no difiere a la de su predecesor en el cargo, Donald con respecto a Caracas.

Fuente: Hispan TV Noticias

rth/ncl/hnb",push,"The article discusses US sanctions against Venezuela, which the journalist opines as part of a media war intended to provoke confrontation in the Venezuelan dialogue table and strangle Venezuela's international relations. The author also mentions increased costs for international transactions due to these sanctions.",mistral:7b,push,"The article discusses US sanctions against Venezuela, which the journalist opines as part of a media war intended to provoke confrontation in the Venezuelan dialogue table and strangle Venezuela's international relations. The author also mentions increased costs for international transactions due to these sanctions.",article,3
20220102,51,CATALAN,,https://sport1.oslobodjenje.ba/s1/fudbal/ino-fudbal/primera/barcelona-slavila-minimalnu-pobjedu-protiv-mallorce-721769,neutral,,mistral:7b,,,mistral:7b,,,,mistral:7b,neutral,,url_1,3
