sqldate,eventcode,actor1name,actor2name,sourceurl,pressure_url_1,reason_url_1,model_url_1,pressure_url_2,reason_url_2,model_url_2,article_text,pressure_article,reason_article,model_article,pressure_final,reason_final,final_source,mode_used
20210101,130,GERMANY,,https://www.e110.de/terrorakte-vielleicht-verhindert/,push,'acts of terrorism',mistral:7b,,,,,,,mistral:7b,push,'acts of terrorism',url_1,4
20220101,43,,CHILE,http://www.funkuhr.de/fernsehprogramm/sendungsdetails/169446982/pumas-in-der-wildnis-patagoniens.html,neutral,,mistral:7b,,,,,,,mistral:7b,neutral,,url_1,4
20220101,112,,CRIMINAL,https://www.brasil247.com/brasil/bolsonaro-e-eleito-corrupto-do-ano-por-consorcio-internacional,unclear,,mistral:7b,,,,"(ANSA) - O presidente Jair Bolsonaro foi eleito ""Personalidade do Ano"" por seu papel na promoção do crime organizado e da corrupção pelo Organized Crime and Corruption Reporting Project (OCCRP), um consórcio internacional que reúne jornalistas investigativos e centros de mídia independente.

""Eleito após o escândalo da Lava Jato como candidato anticorrupção, Bolsonaro se cercou de figuras corruptas, usou propaganda para promover sua agenda populista, minou o sistema de justiça e travou uma guerra destrutiva contra a região da Amazônia que enriqueceu alguns dos piores proprietários de terras do país"", afirma o OCCRP.

Segundo o relatório, Bolsonaro venceu ""por pouco"" outros dois líderes populistas, o presidente dos Estados Unidos, Donald Trump, e o líder turco, Recep Tayyp Erdogan, que também causaram ""grandes danos aos seus países, regiões e ao mundo"".

O texto enfatiza que ambos os políticos ""lucraram com a propaganda, minaram as instituições democráticas em seus países, politizaram seus sistemas de justiça, rejeitaram acordos multilaterais, recompensaram círculos internos corruptos e moveram seus países da lei e da ordem democráticas para a autocracia"".

Além disso, o consórcio destaca a denúncia contra o senador Flávio Bolsonaro, filho do presidente, no caso das ""rachadinhas"" na Assembleia Legislativa do Rio de Janeiro (Alerj), quando ele era deputado estadual.

As investigações contra o vereador Carlos Bolsonaro, outro filho do mandatário, também por um suposto esquema de repartição de salários de assessores; a verba depositada por Fabrício Queiroz na conta da primeira-dama, Michele Bolsonaro; e as denúncias contra o próprio Bolsonaro também foram ressaltadas no documento.

De acordo com Drew Sullivan, editor do OCCRP e um dos nove jurados, as acusações paira sobre os familiares do líder brasileiro. ""A família de Bolsonaro e seu círculo íntimo parecem estar envolvidos em uma conspiração criminosa em andamento e têm sido regularmente acusados de roubar do povo."" disse Sullivan.

""Essa é a definição de livro de uma gangue do crime organizado"". A publicação cita ainda que o prefeito afastado do Rio, Marcello Crivella, ""amigo e aliado"" do presidente, foi preso por liderar uma organização criminosa.

Amazônia - O consórcio internacional enfatizou que as ações do Bolsonaro ""não afetam apenas o Brasil"", porque ele ""abriu grandes extensões da Amazônia para a exploração por aqueles que já haviam se beneficiado da destruição da região crítica e ameaçada"".

""A destruição contínua da Amazônia está ocorrendo por causa de escolhas políticas corruptas feitas por Bolsonaro. Ele encorajou e alimentou os incêndios devastadores"", afirmou o jurado Rawan Damen, diretor do Arab Reporters for Investigative Journalism.

Para ele, ""Bolsonaro fez campanha com o compromisso explícito de explorar - ou seja, destruir - a Amazônia, que é vital para o meio ambiente global"".

O presidente da Rússia, Vladimir Putin, e o líder das Filipinas, Rodrigo Duterte, também já venceram a premiação.

Assine o 247, apoie por Pix, inscreva-se na TV 247, no canal Cortes 247 e assista:",push,"The article highlights Bolsonaro's involvement in corruption, undermining democratic institutions, and destructive actions towards the Amazon region which enriches some of Brazil's worst landowners.",mistral:7b,push,"The article highlights Bolsonaro's involvement in corruption, undermining democratic institutions, and destructive actions towards the Amazon region which enriches some of Brazil's worst landowners.",article,4
20220101,46,,AUTHORITIES,https://ria.ru/20220102/status-1766397981.html,unclear,,mistral:7b,,,,"ООН, 2 янв — РИА Новости. Статус персоны нон грата неприменим к сотрудникам Статус персоны нон грата неприменим к сотрудникам ООН — так официальный представитель генсека организации Стефан Дюжаррик прокомментировал решение властей самопровозглашенной республики Косово в отношении российского дипломата.

« ""Нам стало известно о том, что власти Косово объявили персоной нон грата сотрудника миссии ООН в Косово (МООНК). Никакого официального уведомления от властей Косово по поводу этого объявления миссии не поступало"", — сказал он.

Представитель генсека подчеркнул, что доктрина персоны нон грата неприменима к сотрудникам ООН и не предусмотрена в постановлении 2000/47 МООНК (о статусе, привилегиях и иммунитете СДК и МООНК и их персонала в Косово).

По словам Дюжаррика, любые обеспокоенности, связанные с сотрудниками миссии ООН в Косово, следует направлять ее руководству, чтобы оно могло решить этот вопрос в соответствии со статусом, привилегиями и иммунитетом самой миссии и ее персонала.

""МООНК и штаб-квартира ООН принимают соответствующие меры для обеспечения безопасности сотрудника и находятся в связи с этой ситуацией в контакте с соответствующими властями"", — заключил Дюжаррик.

Приштина 31 декабря объявила персоной нон-грата сотрудника миссии ООН из России за якобы несовместимую с дипломатическим статусом деятельность. Российское посольство в Сербии назвало это решение провокацией, ""предпринятой, дабы выслужиться перед западными менторами"".

Это не первый подобный случай: в октябре косовский МИД объявил персонами нон грата двух дипломатов в канцелярии российского посольства в Сербии, которые постоянно работают в Приштине. МИД тогда призвал МООНК и международные Силы для Косово обеспечить надежную безопасность и необходимые условия для полноценной работы российского персонала в Косово.

Республика Косово — частично признанное государство на Балканском полуострове . Согласно Конституции Сербии , входит в состав страны как Автономный край Косово и Метохия, однако Белград фактически не контролирует большую часть региона.

В 1990-х здесь развернулась война между югославской армией и албанскими вооруженными формированиями. Конфликт сопровождался массовыми репрессиями и этническими чистками: албанские сепаратисты разрушили многие памятники православной культуры. В 1999 году НАТО вмешалась в вооруженное противостояние и подвергла бомбардировкам города и военные объекты Югославии . В результате Белград был вынужден согласиться на ввод в Косово военного контингента Североатлантического альянса. Область перешла под управление ООН",unclear,"The article primarily discusses the political status and actions of individuals in relation to UN missions and Kosovo, without a clear focus on conditions that drive migration.",mistral:7b,unclear,"The article primarily discusses the political status and actions of individuals in relation to UN missions and Kosovo, without a clear focus on conditions that drive migration.",article,4
20220101,110,,PRIME MINISTER,https://www.aftenposten.no/verden/i/OrevnE/foerste-nyttaarsdag-ble-det-registrert-over-160000-koronatilfeller-i-en,neutral,,mistral:7b,,,,,,,mistral:7b,neutral,,url_1,4
20220101,190,,PRESIDENT,https://alquds.com/2022/01/01/%D8%A5%D8%B5%D8%A7%D8%A8%D8%A7%D8%AA-%D8%AE%D9%84%D8%A7%D9%84-%D9%85%D9%88%D8%A7%D8%AC%D9%87%D8%A7%D8%AA-%D9%81%D9%8A-%D8%A8%D8%B1%D9%82%D8%A9/,push,'During confrontations',mistral:7b,,,,,,,mistral:7b,push,'During confrontations',url_1,4
20220101,42,,ITALIAN,https://www.interris.it/copertina/perno-opbg-omicron-bambini/,unclear,,mistral:7b,,,,"“La variante Omicron del Covid è molto mutata rispetto ai ceppi precedenti. Tutte le altre varianti si caratterizzavano per alcune mutazioni che le rendevano diverse. Omicron, invece, ha più di 50 mutazioni all’interno del suo genoma. questo, ha delle conseguenze”. Lo dice, in una chiara intervista a Interris.it, il professor Carlo Federico Perno, direttore dell’Unità di Microbiologia dell’Ospedale Pediatrico Bambino Gesù di Roma e docente di Microbiologia a Unicamillus Univesity.

L’unità di Microbiologia dell’Ospedale Pediatrico Bambino Gesù

L’Unità unisce le competenze professionali e le tecnologie avanzate per eseguire test che rispondono ai quesiti della diagnostica infettivologica ad ampio spettro, come caratterizzare i ceppi batterici portatori di malattie (patogeni), rari o inusuali, e attuare e definire le metodologie diagnostiche avanzate in campo virale.

I cambiamenti dei sintomi di alcune patologie e le malattie che possono trasmettersi dagli animali all’uomo hanno infatti richiesto negli anni uno sforzo multispecialistico e l’importazione di nuove tecnologie per diagnosticare, studiare le farmacoresistenze e la circolazione endemico-epidemica degli agenti biologici responsabili delle malattie. Così è stato per il Covid.

La prima foto al mondo della variante Omicron

L’area di ricerca di Medicina Multimodale del Bambino Gesù (coordinata sempre dal Prof Carlo Federico Perno), con la diretta supervisione della Prof.ssa Claudia Alteri (in collaborazione con l’Università Statale di Milano), da Valentino Costabile, Rossana Scutari, e Luna Colagrossi hanno realizzato lo scorso 28 novembre la prima foto al mondo della variante Omicron.

La variante B.1.351.V2 – o variante Omicron – è stata identificata nel dicembre 2020 in Sud Africa. Proprio per la sua origine è anche detta variante sudafricana.

La variante Omicron del nuovo Coronavirus condivide alcune mutazioni con la variante Delta o inglese (B.1.1.7), con qualche differenza. In particolare, questa variante ha più mutazioni della proteina spike, tra cui K417N, E484K, N501Y. A differenza della variante inglese, la variante sudafricana non contiene la delezione a 69/70.

La foto sopra mostra la struttura della proteina spike della variante Omicron, a destra, e della variante Delta, a sinistra, rispetto alla spike originale di SARS CoV-2. Omicron ha molte più mutazioni di Delta (già molto variata), concentrate in una zona che interagisce con le cellule umane.

Quali conseguenze ha per le persone e, in particolar modo, per i bambini l’arrivo della variante Omicron? Lo chiediamo al professor Perno in un’intervista in esclusiva per i lettori e le lettrici di Interris.it, a pochi giorni dall’avvio della campagna vaccinale anti Covid per i bimbi in età scolare.

L’intervista al professore Carlo Federico Perno

Professor Perno, come siete riusciti a creare questa prima immagine della variante Omicron?

“Il disegno della variante Omicron deriva dalla disponibilità di ‘tanta testa’ dei miei collaboratori e dalla disponibilità dell’Ospedale Bambino Gesù che ha strumenti informatici particolarmente avanzati. Tali strumenti permettono di ‘coniugare’ la testa dell’uomo con l’informatica in modo da ottenere dei risultati che diversamente non potrebbero essere raggiunti. E tutto ciò – lo ricordo – è stato realizzato dopo sole 24 ore dalla scoperta di Omicron!”.

L’intelligenza artificiale sarà in grado di sostituire – prima o poi – l’essere umano?

“Mi permetta di dire che l’intelligenza artificiale non sostituirà mai l’uomo nelle sue peculiarità e nella sua capacità di guardare le cose in una maniera diversa. Al contempo, l’uomo può sfruttare l’intelligenza artificiale perché ha possibilità di elaborazione di calcolo che sono molto superiori alla mente umana. Le due cose, messe insieme, possono fornire grandi risultati, ma ognuna di esse – prese singolarmente – hanno un limite; l’intelligenza artificiale più ancora della mente umana…”.

Prima ha citato le innovative attrezzature a disposizione dell’ospedale della Santa Sede. Nello specifico, cosa vi ha consentito di fare il salto di qualità?

“All’Ospedale Bambino Gesù è in uso un computer di particolare potenza che ci ha permesso – attraverso elaborati algoritmi – di analizzare in tempi brevi tutte le caratteristiche delle proteine del virus Covid-19 nella variante Omicron e studiarle in dettaglio. Tutto questo, se compiuto 20 anni fa, avrebbe richiesto molto tempo, forse degli anni. Noi siamo riusciti, coniugando dedizione e innovazione, a farlo in poche ore”.

Cosa differenzia la variante Omicron dalla Delta e dal primo virus Covid-19 tracciato per la prima volta a Wuhan nel 2019?

“Senza entrare in dettagli troppo tecnici, questo virus è molto variato rispetto ai ceppi precedenti. Tutte le altre varianti si caratterizzavano per alcune mutazioni che le rendevano diverse. Omicron, invece, ha più di 50 mutazioni all’interno del suo genoma. Ciò ha fatto sì che questo virus sia un po’ diverso dagli altri che lo hanno preceduto”.

In che misura dobbiamo dunque preoccuparci di Omicron?

“Senza allarmismi. Diverso infatti non significa assolutamente che sia più aggressivo e nemmeno che sfugga ai vaccini, ma semplicemente che ha una maggiore capacità di entrare nelle cellule umane. Per fare un esempio, potremmo affermare che Omicron è la chiave perfetta per entrare nella serratura delle cellule dell’uomo dove il virus si replica; rispetto alle precedenti varianti, è in grado di aprire tante porte, una specie di passepartout, ed è quindi più infettante”.

Si era scoperto che già la variante Delta fosse più infettante delle precedente, la Beta. Quindi, cosa può dirsi della Omicron?

“Il fatto è che tutti i virus tendono ad evolvere per aumentare la propria capacità infettante. Dal punto di vista darwiniano, i virus sono gli animali perfetti perché vivono solo per replicarsi. La prima variante del covid-19 – la Alfa – ha generato una seconda variante già poche settimane dopo essere nata. La seconda ne ha generata una terza, e poi siamo arrivati alla Delta che era molto infettiva. Omicron è un’ulteriore evoluzione che va nella stessa direzione: l’aumento dell’infettività, ma non necessariamente nella pericolosità”.

Secondo lei, la Omicron andrà a sostituire la Delta oppure continueranno a coesistere interagendo tra di loro?

“Al momento sembra che tutto stia andando nella direzione di una sostituzione. La Delta, nell’arco di poche settimane, sostituì le precedenti; così sta avvenendo per la Omicron. Dove c’è la Omicron, la Delta smette di circolare. Questo è un principio evoluzionistico molto chiaro. Tra i virus vince il più replicante, non il più cattivo. Se abbiamo un virus Delta e uno Omicron che combattono per la stessa cellula umana, vince Omicron perché ha la chiave migliore”.

Ultimamente c’è stato un forte aumento di casi. Il virus colpisce soprattutto la fascia d’età 6-11 anni, ossia i bambini delle elementari che ancora non hanno il vaccino. Si può ipotizzare che ciò sia dovuto all’Omicron oppure in Italia stiamo ancora “pagando” la Delta?

“Entrambe le cose. Saremmo arrivati a questo punto anche solo con la variante Delta perché abbiamo una fascia della popolazione italiana – i bambini fino agli 11 anni – che è scoperta; oltre alle persone che non si vogliono vaccinare. La Omicron accelererà ulteriormente ciò che la Delta già sta compiendo. E’ importante sottolineare che i cosiddetti ‘No Vax’ – statistiche alla mano – attualmente rappresentano coloro che si ammalano e muoiono più di tutti”.

Tornando ai bambini, è iniziata lo scorso 16 dicembre la campagna di vaccinazione 6-11 anni. Il vaccino protegge i più piccoli dalla variante Omicron?

“Per quello che vediamo oggi, non abbiamo nessuna ragione di temere che il vaccino non copra la Omicron. Finora, le evidenze ci dicono che Omicron è coperta dal vaccino”.

La variante Omicron è più pericolosa per i bambini?

“Ancora non lo sappiamo, però in tutto il mondo sono pochissimi i casi di morte da Omicron, nonostante siano diverse decine di migliaia i casi di pazienti infettati da questa variante. Le vittime inoltre sono – al momento – tutte persone adulte. Nei bambini non è segnalato nulla di particolare, ma chiaramente aumentando le infezioni dei bambini, cresce il rischio che qualcuno di loro starà peggio. Questa è una ragione in più per vaccinare i bambini ed evitare che il virus circoli”.

Le varianti aprono un dilemma etico, in quanto tutte provengono da Paesi poveri con una vaccinazione bassa o nulla. Qual è la problematica dei vaccini nel Terzo Mondo?

“Abbiamo due problematiche, una etico-politica e l’altra tecnica. La prima è che sosteniamo l’importanza di vaccinare il mondo, con roboanti comunicazioni, ma di fatto non stiamo facendo nulla. Il mondo non è vaccinato, le cose non stanno migliorando e vanno male per loro e per noi perché il virus lì si genera in quanto si replica praticamente all’infinito e così si creano le nuove varianti. Le varianti poi non riconoscono i co",neutral,The article is not clearly about migration-driving conditions,mistral:7b,neutral,The article is not clearly about migration-driving conditions,article,4
20220101,51,,WORKER,https://www.franceguyane.fr/actualite/social/mobilisation-sociale-a-pointe-a-pitre-elie-domota-a-ete-arrete-493999.php,pull,'social-mobilization',mistral:7b,,,,,,,mistral:7b,pull,'social-mobilization',url_1,4
20220101,51,,WORKER,https://www.franceguyane.fr/actualite/social/mobilisation-sociale-a-pointe-a-pitre-elie-domota-a-ete-arrete-493999.php,neutral,,mistral:7b,,,,,,,mistral:7b,neutral,,url_1,4
20220101,1823,,MILITARY,https://www.franceguyane.fr/actualite/france/feminicides-deux-hommes-en-garde-a-vue-le-jour-du-nouvel-an-494064.php,unclear,,mistral:7b,,,,"Son propriétaire menacé avec un fusil et un couteau.

Quatre-vingt-dix jours d'interruption temporaire de travail (ITT). Une évaluation d'incapacité provisoire. Elle pourrait être revue à la hausse si l'état de santé de la victime venait à se détériorer. L'employé de la station-service Texaco du morne Vergain, aux Abymes, braquée dans la nuit de samedi à dimanche, vers 1 heure, est encore « sous...",push,Employee is threatened with a gun and knife,mistral:7b,push,Employee is threatened with a gun and knife,article,4
20220101,43,,POLE,https://as.com/futbol/2022/01/01/primera/1641057005_745473.html,pull,'hiring',mistral:7b,,,,,,,mistral:7b,pull,'hiring',url_1,4
20220101,51,,SAUDI ARABIA,https://www.okaz.com.sa/news/na/2092790,unclear,<12 tokens>,mistral:7b,,,,"أحمد الشميري «عكاظ» (جدة،الرياض) a_shmeri@

‏ثمن وزير الإعلام اليمني معمر الإرياني، المواقف الأخوية والدعم اللامحدود من تحالف دعم الشرعية بقيادة السعودية التي قدمت الغالي والنفيس لنصرة اليمن، وإسناده في معركة استعادة الدولة وإسقاط الانقلاب الحوثي، بتوجيهات كريمة من خادم الحرمين الشريفين الملك سلمان بن عبدالعزيز، وولي العهد الأمير محمد بن سلمان.



ونوه بالجهود الاستثنائية النبيلة التي بذلها نائب وزير الدفاع الأمير خالد بن سلمان، وكذلك قائد القوات المشتركة الفريق الركن مطلق بن سالم الأزيمع، وكل المعنيين الذي يعملون ليل نهار لدعم اليمنيين في معركتهم المصيرية، مؤكدا بقوله «لن ننسى هذه المواقف النبيلة للأشقاء».



وأشاد الإرياني بتوحد أيادي وإرادة اليمنيين في التصدي للغزو الفارسي وأذياله من مليشيا الإرهاب الحوثية في جبهات مأرب والجوف وتعز والضالع وشبوة والحديدة والبيضاء، ومواقفهم في صوالين الساسة ودهاليز السياسة وصفحات المواقع الإخبارية والنشطاء في منصات التواصل الاجتماعي.



وقال في سلسلة تغريدات عبر حسابه في «تويتر» أمس (السبت): استثمر النظام الإيراني خلافات القوى السياسية للدفع بمليشيا الحوثي لقلب الطاولة على الجميع، للانقلاب على مخرجات مؤتمر الحوار الوطني الشامل، واحتلال العاصمة المختطفة صنعاء، والبدء بعمليات تجريف ممنهج لمؤسسات الدولة والهوية الوطنية والعربية، وتدمير النسيج الاجتماعي والسلم الأهلي.



وأضاف: اشتغلت مليشيا الحوثي على اختراق الجبهة الوطنية عبر بعض المواقع والصفحات لخلخلة الصفوف وتغذية الخلافات وتعميقها، وشغل اليمنيين بمعارك ثانوية وصرفهم عن معركتهم المصيرية، وما زالت تراهن على الانقسامات لتمرير مشروعها السرطاني بأحقاده التاريخية وخلفياته العقائدية المستوردة من طهران.



وأكد أن ما يحدث على الأرض من ترتيبات عسكرية بدعم من تحالف دعم الشرعية، لتغيير مسار المعركة من الدفاع للهجوم واستعادة ما تم فقدانه من الأراضي المحررة، وتحرير كل شبر من التراب اليمني، يحتم على القوى السياسية وكافة الإعلاميين والصحفيين ترك خلافاتهم والتوحد خلف الجيش اليمني والمقاومة.



وجدد الإرياني دعوة كافة القوى السياسية والإعلاميين والصحفيين للاستفادة من دروس الماضي، وتجاوز خلافاتهم وتوحيد الصف والجهود خلف الشرعية اليمنية بقيادة الرئيس عبدربه منصور هادي، إدراكا لخطورة المعركة، وتقديرا للدماء الطاهرة التي سكبت في مختلف جبهات القتال دفاعا عن الوطن ومكتسباته.



من جهة أخرى نجح الجيش اليمني الوطني بإسناد من تحالف دعم الشرعية في استنزاف وإفشال مخططات الانقلاب الإرهابية، ما تسبب في تفاقم الصراعات وحالات التصفية الداخلية بين أجنحة المليشيا في المديريات الجنوبية لمحافظة مأرب. وقالت مصادر قبلية لـ«عكاظ»، إن مسلحاً حوثياً أطلق الرصاص الحي على الزعيم القبلي صالح القاضي المعين وكيلاً لمحافظة مأرب من قبل الحوثي في منزله، (الخميس) الماضي، وأرداه قتيلاً .



وأضافت المصادر أن سيناريو الاضطرابات النفسية محاولة للتغطية على عملية التصفية المتعمدة، خصوصاً بعد تكتم المليشيا على الحادثة ونقل جثة الزعيم القبلي الذي ينتمي إلى قبلية مراد إلى صنعاء، مؤكدة أن التصفية جاءت على خلفية نجاحات الجيش اليمني في شبوة وسيطرته على مديرية عسيلان ما تتسبب في فرض حصار على العناصر الحوثية (جنوبي مأرب). وأفادت بأن القاضي من الشخصيات التي سهلت دخول المليشيا إلى مناطقه ورغم ذلك جرت تصفيته عل غرار ما حدث لموالين في محافظات عمران وصعدة. وفجرت مليشيا الحوثي في مديرية الجوبة (جنوبي مأرب) منزل مبخوت الفقير في منطقة الخثلة بعد أن زرعت فيه عبوات ناسفة من الداخل، ووفقاً لمصادر قبلية، فإن عشرات المنازل جرى تفجيرها خلال اليومين الماضيين في الجوبة.",push,"war, violence, persecution",mistral:7b,push,"war, violence, persecution",article,4
20220101,51,,SAUDI ARABIA,https://www.okaz.com.sa/news/na/2092790,unclear,<12 tokens>,mistral:7b,,,,"أحمد الشميري «عكاظ» (جدة،الرياض) a_shmeri@

‏ثمن وزير الإعلام اليمني معمر الإرياني، المواقف الأخوية والدعم اللامحدود من تحالف دعم الشرعية بقيادة السعودية التي قدمت الغالي والنفيس لنصرة اليمن، وإسناده في معركة استعادة الدولة وإسقاط الانقلاب الحوثي، بتوجيهات كريمة من خادم الحرمين الشريفين الملك سلمان بن عبدالعزيز، وولي العهد الأمير محمد بن سلمان.



ونوه بالجهود الاستثنائية النبيلة التي بذلها نائب وزير الدفاع الأمير خالد بن سلمان، وكذلك قائد القوات المشتركة الفريق الركن مطلق بن سالم الأزيمع، وكل المعنيين الذي يعملون ليل نهار لدعم اليمنيين في معركتهم المصيرية، مؤكدا بقوله «لن ننسى هذه المواقف النبيلة للأشقاء».



وأشاد الإرياني بتوحد أيادي وإرادة اليمنيين في التصدي للغزو الفارسي وأذياله من مليشيا الإرهاب الحوثية في جبهات مأرب والجوف وتعز والضالع وشبوة والحديدة والبيضاء، ومواقفهم في صوالين الساسة ودهاليز السياسة وصفحات المواقع الإخبارية والنشطاء في منصات التواصل الاجتماعي.



وقال في سلسلة تغريدات عبر حسابه في «تويتر» أمس (السبت): استثمر النظام الإيراني خلافات القوى السياسية للدفع بمليشيا الحوثي لقلب الطاولة على الجميع، للانقلاب على مخرجات مؤتمر الحوار الوطني الشامل، واحتلال العاصمة المختطفة صنعاء، والبدء بعمليات تجريف ممنهج لمؤسسات الدولة والهوية الوطنية والعربية، وتدمير النسيج الاجتماعي والسلم الأهلي.



وأضاف: اشتغلت مليشيا الحوثي على اختراق الجبهة الوطنية عبر بعض المواقع والصفحات لخلخلة الصفوف وتغذية الخلافات وتعميقها، وشغل اليمنيين بمعارك ثانوية وصرفهم عن معركتهم المصيرية، وما زالت تراهن على الانقسامات لتمرير مشروعها السرطاني بأحقاده التاريخية وخلفياته العقائدية المستوردة من طهران.



وأكد أن ما يحدث على الأرض من ترتيبات عسكرية بدعم من تحالف دعم الشرعية، لتغيير مسار المعركة من الدفاع للهجوم واستعادة ما تم فقدانه من الأراضي المحررة، وتحرير كل شبر من التراب اليمني، يحتم على القوى السياسية وكافة الإعلاميين والصحفيين ترك خلافاتهم والتوحد خلف الجيش اليمني والمقاومة.



وجدد الإرياني دعوة كافة القوى السياسية والإعلاميين والصحفيين للاستفادة من دروس الماضي، وتجاوز خلافاتهم وتوحيد الصف والجهود خلف الشرعية اليمنية بقيادة الرئيس عبدربه منصور هادي، إدراكا لخطورة المعركة، وتقديرا للدماء الطاهرة التي سكبت في مختلف جبهات القتال دفاعا عن الوطن ومكتسباته.



من جهة أخرى نجح الجيش اليمني الوطني بإسناد من تحالف دعم الشرعية في استنزاف وإفشال مخططات الانقلاب الإرهابية، ما تسبب في تفاقم الصراعات وحالات التصفية الداخلية بين أجنحة المليشيا في المديريات الجنوبية لمحافظة مأرب. وقالت مصادر قبلية لـ«عكاظ»، إن مسلحاً حوثياً أطلق الرصاص الحي على الزعيم القبلي صالح القاضي المعين وكيلاً لمحافظة مأرب من قبل الحوثي في منزله، (الخميس) الماضي، وأرداه قتيلاً .



وأضافت المصادر أن سيناريو الاضطرابات النفسية محاولة للتغطية على عملية التصفية المتعمدة، خصوصاً بعد تكتم المليشيا على الحادثة ونقل جثة الزعيم القبلي الذي ينتمي إلى قبلية مراد إلى صنعاء، مؤكدة أن التصفية جاءت على خلفية نجاحات الجيش اليمني في شبوة وسيطرته على مديرية عسيلان ما تتسبب في فرض حصار على العناصر الحوثية (جنوبي مأرب). وأفادت بأن القاضي من الشخصيات التي سهلت دخول المليشيا إلى مناطقه ورغم ذلك جرت تصفيته عل غرار ما حدث لموالين في محافظات عمران وصعدة. وفجرت مليشيا الحوثي في مديرية الجوبة (جنوبي مأرب) منزل مبخوت الفقير في منطقة الخثلة بعد أن زرعت فيه عبوات ناسفة من الداخل، ووفقاً لمصادر قبلية، فإن عشرات المنازل جرى تفجيرها خلال اليومين الماضيين في الجوبة.",push,"war, violence, persecution, repression, displacement",mistral:7b,push,"war, violence, persecution, repression, displacement",article,4
20220101,20,,INTELLIGENCE,https://www.diariolaprovinciasj.com/elpais/2022/1/1/cuales-son-los-sectores-que-tendran-mayor-demanda-laboral-en-2022-165873.html,pull,'labor',mistral:7b,,,,,,,mistral:7b,pull,'labor',url_1,4
20220101,42,,VENEZUELAN,https://noticias.uol.com.br/ultimas-noticias/efe/2022/01/01/chanceler-venezuelano-pede-que-bolsonaro-aprove-transferencia-de-migrantes.htm,push,'migrants',mistral:7b,,,,,,,mistral:7b,push,'migrants',url_1,4
20220101,20,,BASQUE,https://omirante.pt/cavaleiro-andante/2022-01-01-Em-Abrantes-nada-como-dantes-a2fb5365,neutral,<12 tokens>,mistral:7b,,,,,,,mistral:7b,neutral,<12 tokens>,url_1,4
20220101,50,,CATALAN,https://sport1.oslobodjenje.ba/s1/fudbal/ino-fudbal/primera/postigao-dogovor-sa-kataloncima-barcelona-sljedeceg-ljeta-dobija-veliko-pojacanje-721568,pull,'boost',mistral:7b,,,,,,,mistral:7b,pull,'boost',url_1,4
20220101,51,,INDIGENOUS,https://g1.globo.com/mundo/noticia/2022/01/01/a-epidemia-de-desaparecimentos-de-indigenas-que-intriga-os-eua.ghtml,push,'disappearances',mistral:7b,,,,,,,mistral:7b,push,'disappearances',url_1,4
20220101,51,,INDIGENOUS,https://g1.globo.com/mundo/noticia/2022/01/01/a-epidemia-de-desaparecimentos-de-indigenas-que-intriga-os-eua.ghtml,push,'disappearances',mistral:7b,,,,,,,mistral:7b,push,'disappearances',url_1,4
20220101,161,MADEIRA,,https://www.akhbarona.com/last/340605.html,unclear,<12 tokens>,mistral:7b,,,,,unclear,,mistral:7b,unclear,,article,4
20220101,112,BRAZIL,CRIMINAL,https://www.brasil247.com/brasil/bolsonaro-e-eleito-corrupto-do-ano-por-consorcio-internacional,unclear,<URL too short>,mistral:7b,,,,"(ANSA) - O presidente Jair Bolsonaro foi eleito ""Personalidade do Ano"" por seu papel na promoção do crime organizado e da corrupção pelo Organized Crime and Corruption Reporting Project (OCCRP), um consórcio internacional que reúne jornalistas investigativos e centros de mídia independente.

""Eleito após o escândalo da Lava Jato como candidato anticorrupção, Bolsonaro se cercou de figuras corruptas, usou propaganda para promover sua agenda populista, minou o sistema de justiça e travou uma guerra destrutiva contra a região da Amazônia que enriqueceu alguns dos piores proprietários de terras do país"", afirma o OCCRP.

Segundo o relatório, Bolsonaro venceu ""por pouco"" outros dois líderes populistas, o presidente dos Estados Unidos, Donald Trump, e o líder turco, Recep Tayyp Erdogan, que também causaram ""grandes danos aos seus países, regiões e ao mundo"".

O texto enfatiza que ambos os políticos ""lucraram com a propaganda, minaram as instituições democráticas em seus países, politizaram seus sistemas de justiça, rejeitaram acordos multilaterais, recompensaram círculos internos corruptos e moveram seus países da lei e da ordem democráticas para a autocracia"".

Além disso, o consórcio destaca a denúncia contra o senador Flávio Bolsonaro, filho do presidente, no caso das ""rachadinhas"" na Assembleia Legislativa do Rio de Janeiro (Alerj), quando ele era deputado estadual.

As investigações contra o vereador Carlos Bolsonaro, outro filho do mandatário, também por um suposto esquema de repartição de salários de assessores; a verba depositada por Fabrício Queiroz na conta da primeira-dama, Michele Bolsonaro; e as denúncias contra o próprio Bolsonaro também foram ressaltadas no documento.

De acordo com Drew Sullivan, editor do OCCRP e um dos nove jurados, as acusações paira sobre os familiares do líder brasileiro. ""A família de Bolsonaro e seu círculo íntimo parecem estar envolvidos em uma conspiração criminosa em andamento e têm sido regularmente acusados de roubar do povo."" disse Sullivan.

""Essa é a definição de livro de uma gangue do crime organizado"". A publicação cita ainda que o prefeito afastado do Rio, Marcello Crivella, ""amigo e aliado"" do presidente, foi preso por liderar uma organização criminosa.

Amazônia - O consórcio internacional enfatizou que as ações do Bolsonaro ""não afetam apenas o Brasil"", porque ele ""abriu grandes extensões da Amazônia para a exploração por aqueles que já haviam se beneficiado da destruição da região crítica e ameaçada"".

""A destruição contínua da Amazônia está ocorrendo por causa de escolhas políticas corruptas feitas por Bolsonaro. Ele encorajou e alimentou os incêndios devastadores"", afirmou o jurado Rawan Damen, diretor do Arab Reporters for Investigative Journalism.

Para ele, ""Bolsonaro fez campanha com o compromisso explícito de explorar - ou seja, destruir - a Amazônia, que é vital para o meio ambiente global"".

O presidente da Rússia, Vladimir Putin, e o líder das Filipinas, Rodrigo Duterte, também já venceram a premiação.

Assine o 247, apoie por Pix, inscreva-se na TV 247, no canal Cortes 247 e assista:",push,"The article emphasizes that Jair Bolsonaro, the president of Brazil, has been elected 'Personality of the Year' by the Organized Crime and Corruption Reporting Project (OCCRP) due to his role in promoting organized crime and corruption. The article also mentions that he has surrounded himself with corrupt figures, undermined the justice system, and waged a destructive war against the Amazon region enriching some of the worst landowners in the country.",mistral:7b,push,"The article emphasizes that Jair Bolsonaro, the president of Brazil, has been elected 'Personality of the Year' by the Organized Crime and Corruption Reporting Project (OCCRP) due to his role in promoting organized crime and corruption. The article also mentions that he has surrounded himself with corrupt figures, undermined the justice system, and waged a destructive war against the Amazon region enriching some of the worst landowners in the country.",article,4
20220101,112,BRAZIL,CRIMINAL,https://www.brasil247.com/brasil/bolsonaro-e-eleito-corrupto-do-ano-por-consorcio-internacional,neutral,<no clear migration-related tokens>,mistral:7b,,,,,,,mistral:7b,neutral,<no clear migration-related tokens>,url_1,4
20220101,100,BUSINESS,,https://pronedra.ru/znaki-vostochnogo-kalendarya-po-godu-rozhdeniya-kotorym-povezet-v-2022-godu-628853.html,unclear,<URL too short>,mistral:7b,,,,"Знаки восточного календаря по году рождения, которым повезет в 2022 году

Каждый новый год несет перемены, а какими они будут, зависит от того, насколько благосклонным окажется тотемное животное. В 2022 году повезет нескольким знакам восточного календаря. Также удача улыбнется тем, кто заслужит благоволение Тигра.

Об этом рассказывает kp.ru

Астрологи составили гороскоп для знаков по году рождения. Тигр примет бразды правления от Быка 1 февраля в 2022 году. Пора узнать, что ждет каждого в следующие 12 месяцев.

Каким восточным знакам по году рождения повезет в 2022 году

Крыса (1948, 1960, 1972, 1984, 1996, 2008) – астрологи сулят вам на 2022 год Тигра много путешествий, увлекательных поездок. Обязательно соглашайтесь на командировки – их результат будет оправдан. Окружающие будут покорены вашей харизмой, появятся новые друзья. Рутинной работой заниматься не рекомендуется – могут возникать различные сложности.

Бык (1949, 1961, 1973, 1985, 1997, 2009) – год Тигра будет наполнен приятными событиями, которые не забудутся до конца жизни. Трудолюбие, терпеливость и реализм претят символу 2022 года. Следующие 12 месяцев ознаменуются стабильностью и уверенностью. Появится возможность неплохо заработать.

Змея (1941, 1953, 1965, 1977, 1989, 2001, 2013) – астрологи рекомендуют в год Тигра заняться собственным здоровьем, избавиться от депрессии, невроза, панических атак. Благодаря самообладанию и выдержке вы добьетесь желаемого. В 2022 году произойдут изменения на работе: кто-то «положил глаз» на ваше место.

Коза (1943, 1955, 1967, 1979, 1991, 2003, 2015) – в новом 2022 году ожидается полный штиль. Для формирования стабильного финансового потока придется усилить работоспособность. Влиятельный человек поможет с работой: научитесь договариваться, идти на компромисс.

Свинья (1947, 1959, 1971, 1983, 1995, 2007) – год Тигра будет комфортным для вас. Новая сфера деятельности увлечет, предоставит новые возможности. Найдите хобби по душе, заведите новые знакомства, полезные связи. Займитесь личной жизнью.

Кому будет благоволить Тигре в 2022 году

Тигр (1950, 1962, 1974, 1986, 1998, 2010) – в новом году ваш круг общения значительно расширится, и вы заручитесь поддержкой новых знакомых. В «свой» год вы составите достойную конкуренцию «акулам» бизнеса, заслужите авторитет своим упрямством и настойчивостью. Новый 2022 год будет финансово стабильным.

Кот/Кролик (1951, 1963, 1975, 1987, 1999, 2011) – получаемая информация будет быстро усваиваться. Проведите анализ своих действий, запишитесь на интересные курсы. Год Тигра будет благоприятным для создания крепкой семьи и рождения ребенка.

Петух (1945, 1957, 1969, 1981, 1993, 2005) – 2022 год активного самовыражения будет у вас. Благодаря тому, что вы умеет открыто себя проявить, станете независимым, свободолюбивым. Все конфликты с разногласиями будут решены в кратчайшие сроки.

Восточный гороскоп на 2022 год: настоящие счастливчики

Дракон (1940, 1952, 1964, 1976, 1988, 2000, 2012) – энергия, мужество, терпение, мудрость помогут принять эффективные и нестандартные решения, которые приведут к карьерному росту. В год Тигра укрепятся родственные связи, будут запущены интересные и прибыльные проекты.

Лошадь (1942, 1954, 1966, 1978, 1990, 2002, 2014) – благоприятным станет для вас 2022 год Тигра, если будете развивать коммуникативные способности. Вы легко находите общий язык с незнакомцами, у вас много друзей. Новые лица в кругу общения помогут устроиться на хорошую работу. Важные дела будут решены в кратчайшие сроки, улучшатся отношения с партнером.

Обезьяна (1944, 1956, 1968, 1980, 1992, 2004, 2016) – грядет хороший и счастливый год для вас. Тигр будет благоволить тем, кто захочет заниматься благотворительностью. Астрологи рекомендуют заниматься творческими и активными работами, максимум времени проводить с родственниками, устанавливать новые семейные традиции.

Собака (1946, 1958, 1970, 1982, 1994, 2006) – в год Тигра вы получите много знаний и навыков, которые успешно примените в ближайшее время, и получите за это хорошее вознаграждение. Год будет действительно счастливым, финансово стабильным, главное – избегать авантюр и неоправданных рисков.",neutral,"The article is about astrology predictions for the Chinese zodiac in 2022, not directly related to migration-driving conditions",mistral:7b,neutral,"The article is about astrology predictions for the Chinese zodiac in 2022, not directly related to migration-driving conditions",article,4
20220101,90,COMPANY,ADMINISTRATION,https://www.republika.co.id/berita/r520kx430/jepang-bantu-perusahaan-bill-gates-bangun-reaktor-nuklir,pull,japan aid,mistral:7b,,,,,,,mistral:7b,pull,japan aid,url_1,4
20220101,112,COMPANIES,REPRESENTATIVES,https://www.alarab.com/Article/1018144,unclear,<URL too short>,mistral:7b,,,,"أعلن الادعاء العام في ولاية نيويورك الأمريكية أن ""هيئة المحلفين خلصت إلى أن شركة ""تيفا"" الإسرائيلية للأدوية وشركاءها، مسؤولون عن موت ودمار ألحقوه بالشعب الأمريكي"".

وجاء ذلك بعد محاكمة تاريخية في قضية ""المواد الأفيونية"" (مسكنات الألم الأفيونية) التي استمرت ستة أشهر، وشملت أكثر من عشر شركات ثبتت براءة الكثير منها، لتبقى شركة ""تيفا"" والشركات التابعة لها في قفص الاتهام.

وقامت الدعوى التي حركتها ولاية نيويورك ومقاطعتا ناسو، وسوفولك، على أساس أن الشركات المذكورة ضللت الناس بشأن الخطر الحقيقي للمواد الأفيونية التي روجت لها.

وألقى ممثلو الادعاء باللوم على شركة ""تيفا"" والشركات التابعة لها في خلق ""آفة المواد الأفيونية""، واتهم المدعون شركات الأدوية بتغذية الوباء الذي أودى بحياة الآلاف وأصاب ملايين آخرين.

وجاء في الدعوى القضائية أن ""المصنعين والموزعين دفعوا بشكل جنوني نحو الترويج لمسكنات الألم الأفيونية إلى مجتمعات نيويورك مع عدم التحذير من المخاطر والإدمان الناشئ عن تعاطيها"".بينما قال مسؤولو الولاية والمقاطعة، إضافة إلى عائلات الضحايا إنهم ""يريدون تحميل شركات الأدوية المسؤولية عن الوفيات والبؤس الناجم عن وباء المواد الأفيونية"".

وقد رفضت ""تيفا"" بشدة نتيجة اليوم وأعلنت أنها تستعد لاستئناف سريع للطعن بالقرار.ومن المقرر أن تُعقد محاكمة أخرى لتحديد المبلغ الذي سيُطلب من ""تيفا"" وآخرين، والذي سيتم إضافته إلى مبلغ مقرر مسبقا يصل إلى مليار ونصف المليار دولار أمريكي.",push,"The article discusses a lawsuit against a pharmaceutical company, Teiva, in New York state for causing harm and deaths related to the use of their products.",mistral:7b,push,"The article discusses a lawsuit against a pharmaceutical company, Teiva, in New York state for causing harm and deaths related to the use of their products.",article,4
20220101,60,SWITZERLAND,,https://evz.ro/sinuciderea-asistata-este-acum-legala-austria-este-tara-care-a-decis-sa-curme-suferintele-bolnavilor.html,push,suicide assisted is now legal Austria,mistral:7b,,,,,,,mistral:7b,push,suicide assisted is now legal Austria,url_1,4
20220101,81,SWITZERLAND,,https://evz.ro/sinuciderea-asistata-este-acum-legala-austria-este-tara-care-a-decis-sa-curme-suferintele-bolnavilor.html,push,suicide assisted is now legal Austria,mistral:7b,,,,,,,mistral:7b,push,suicide assisted is now legal Austria,url_1,4
20220101,42,CHILE,,http://www.funkuhr.de/fernsehprogramm/sendungsdetails/169446982/pumas-in-der-wildnis-patagoniens.html,unclear,<URL too short>,mistral:7b,,,,"Tagestipps 19.03.2026

Der Bozen-Krimi: Rebenblut Rebenblut TIPP 20:15

Das Erste Krimi (D 2026) Mit : Chiara Schoras, Gabriel Raab, Lisa Kreuzer, Charleen Deetz, Hanspeter Müller

Nach dem Mord an einem Winzer gerät zunächst der strenge Kellermeister Kofler unter Verdacht. Doch DNA-Spuren belasten ausgerechnet Laura, die Stieftochter der Ermittlerin Sonja Schwarz. Während Sonja den Fall offiziell abgibt, aber auf eigene Faust weiter ermittelt, versucht auch Laura, ihre Unschuld zu beweisen. Als ein weiterer Mord geschieht, gerät sie bei ihren Nachforschungen in tödliche Gefahr.

Mein Körper. Meine Schwangerschaft Meine Schwangerschaft: Was macht mein Baby mit mir? (E: 23) TIPP 20:15

3sat Gesellschaft (D 2025)

Drei Frauen erleben ihre Schwangerschaft auf sehr unterschiedliche Weise. Assia erwartet voller Vorfreude ihr erstes Kind, hadert aber mit ihrem sich verändernden Körper. Tamara, bereits Mutter, bekommt Zwillinge und muss sich schonen. Für Kathy ist die überraschende Schwangerschaft mit großer Sorge verbunden, da sie eine wichtige Hirntumor-Operation aufschieben muss.

UEFA Europa League LIVE 20:15

RTL Fußball (D 2026)

Achtelfinale: FC Porto - VFB Stuttgart. Für den Einzug ins Viertelfinale hat es für den VfB in der Europa League bislang nicht gereicht. Das würden Jamie Leweling und Co. heute gerne ändern. Allerdings treten die Schwaben in Porto wohl als Außenseiter an – schließlich hatte der portugiesische Meister bei Redaktionsschluss in 35 Saisonspielen erst drei Niederlagen kassiert. Sollten sich die Stuttgarter dennoch gegen die ""Drachen"" durchsetzen, wartet im April entweder Nottingham oder Midtjylland.

Hast du Töne? (S:3 E: 5) TIPP 20:15

Sat.1 Musik (D 2026) Moderator : Matthias Opdenhövel Guest : Oliver Geissen, Caroline Frier, Sasha, Andrea Kiewel, Angelina Kirsch

Drei Promi-Paare treten gegeneinander an und müssen ihr musikalisches Gehör unter Beweis stellen. Es geht darum. einen Song schon nach wenigen Tönen zu erkennen, im rasanten Titel-Ratefeuerwerk zu punkten und ein Lied allein anhand eines einzelnen Instruments zu identifizieren. Am Ende darf jemand aus dem Fanblock des Siegerduos jubeln: Er oder sie gewinnt bis zu 30.000 Euro.

Germany's Next Topmodel – by Heidi Klum (S:21 E: 12) TIPP 20:15

Pro 7 Talent (D 2026) Moderator : Heidi Klum Guest : Heidi Klum

Heute stehen Eleganz und Teamwork im Vordergrund: Beim Ballroom-Dance-Teaching üben die Kandidatinnen und Kandidaten eine Choreografie. Höhepunkt ist der Ballroom-Dance-Walk, bei dem die Paare in echten Ballkleidern im klassischen englischen Stil auftreten. Die Jury wird von dem international erfolgreichen Model Brooks Nader unterstützt, die die Auftritte aus professioneller Sicht bewertet.

Mad Max: Fury Road TIPP 20:15

VOX Action (AUS,USA 2015) Mit : Tom Hardy, Charlize Theron, Nicholas Hoult, Hugh Keays-Byrne, Josh Helman

Max Rockatansky ist in einer postapokalyptischen Welt dem Warlord Immortan Joe entkommen und schließt sich einer Gruppe Frauen an, die unter der Leitung der Kämpferin Furiosa steht. Die ebenfalls geflohenen Frauen wurden von Immortan Joe missbraucht, um Kinder zu gebären, die zu gnadenlosen Kämpfern erzogen werden sollen. Die Flüchtlinge werden von den Schergen des Warlords erbarmungslos verfolgt.",neutral,"The article text does not contain significant mentions of conditions that may cause people to leave or arrive in any specific country, focusing instead on TV shows, movies, and games",mistral:7b,neutral,"The article text does not contain significant mentions of conditions that may cause people to leave or arrive in any specific country, focusing instead on TV shows, movies, and games",article,4
20220101,54,CHINA,EMBASSY,https://gordonua.com/news/worldnews/kitay-otkryl-posolstvo-v-nikaragua-posle-vozobnovleniya-diplomaticheskih-otnosheniy-1589047.html,pull,opened embassy in nicaragua,mistral:7b,,,,,,,mistral:7b,pull,opened embassy in nicaragua,url_1,4
20220101,20,COLOMBIA,COLOMBIA,https://www.colombia.com/actualidad/nacionales/12415-contagios-por-la-covid-19-registra-colombia-en-el-primer-dia-del-ano-2022-333346,unclear,<URL too short>,mistral:7b,,,,"Los casos de nuevos contagios por la COVID-19 se han disparado en Colombia en los últimos días. Foto: Twitter @JaimeEduardoGod

El año 2022 inició con la incertidumbre por la situación de la COVID-19 en el mundo, cuyos nuevos casos de contagio se han disparado en las últimas semanas y tienen a varias naciones con algunas restricciones y estudiando otras más, todo dependiendo del comportamiento de la variante.

En Europa y los Estados Unidos los contagios con la variante ómicron se han disparado, incluso el presidente Joe Biden ha manifestado que existe una gran posibilidad de que los hospitales se desborden, mientras que, en Inglaterra, con contagios cercanos a los 130.000 diarios, el primer ministro Boris Johnson decidió no aplicar medidas estrictas en la navidad y el año nuevo.

En Colombia la situación no ha llegado a la gravedad de otras naciones, pero preocupa que en la última semana los casos de contagios por la COVID-19 han aumentado, ayer el país cerró el año con más de 10.000 contagios diarios y las autoridades ven la inminencia de un cuarto pico de la pandemia en el país.

El Ministerio de Salud y Protección Social en su primer informe del 2022 indica que hoy, sábado 1 de enero de 2022, el número de casos de nuevos contagios por la COVID-19 en el país es de 12.415 y el número de personas fallecidas a consecuencia de esta enfermedad es de 44.

El Plan Nacional de Vacunación sigue abierto, no importa el día, siempre hay opción de recibir las vacunas, debido a que las autoridades garantizaron la disponibilidad de biológicos, a pesar de que hay ciudades como Cali, capital del departamento del Valle del Cauca, que reportan poca disponibilidad en momentos de elevación de contagios, situación alentada por los días de Feria con celebraciones populares y masivas.

Colombia continúa siendo una de las 11 naciones con mayor número de fallecidos por la COVID-19 después de Estados Unidos, Brasil, India, Rusia, México, Perú, Reino Unido, Irán, Francia e Italia.

Las autoridades sanitarias en Colombia recomiendan aislarse en caso de experimentar síntomas de una fuerte gripa porque puede tratarse de una infección con la variante ómicron de la COVID-19, la cual puede ser mortal en personas no vacunadas, aunque menos severa en personas vacunadas, por eso se recomienda la aplicación de una tercera dosis, o de refuerzo.

Los destinos turísticos más tradicionales de Colombia se encuentran con gran afluencia de visitantes, situación que puede ocasionar contagios porque no existe certeza de las personas que se han vacunado y las que no.

El llamado es a vacunarse, no importa el lugar o la ciudad en la que estemos, las vacunas están disponibles para todos los colombianos.",push,Increase in COVID-19 cases and potential strain on healthcare systems,mistral:7b,push,Increase in COVID-19 cases and potential strain on healthcare systems,article,4
20220101,180,PRISON,,https://pronedra.ru/zaprety-i-primety-rozhdestvenskogo-sochelnik-chto-gotovyat-v-prazdnik-628846.html,unclear,,mistral:7b,,,,"Запреты и приметы рождественского Сочельник, что готовят в праздник

Сочельник, наречённый ещё и святым вечером или богатой кутьёй, представляет собой уникальный день в православной традиции, предвестник Рождества Христова. Это время, когда семьи собираются вместе, чтобы отпраздновать и совместно провести этот особенный момент.

В рамках традиций, 6 января, на Рождественский сочельник, завершается Филиппов пост. До момента, как на небе появляется первая звезда, соблюдается строгий пост. С наступлением вечера начинается праздничный ужин, где центральное место занимает кутья — символ богатства и изобилия. Кроме неё, на столе присутствуют и другие традиционные блюда.

Как сообщает pronedra.ru, этот день наполнен не только семейными, но и народными традициями, а также церковными обрядами. Он окутан атмосферой ожидания и волшебства, предвкушения праздника, который собирает вместе всех верующих, напоминая о важности семейных уз и духовных ценностей.

Традиции рождественского Сочельника

Рождественский Сочельник, отмечаемый 6 января, — это не только время духовной подготовки к Рождеству, но и день, полный традиций и семейных обрядов:

Соблюдение поста: До появления первой вечерней звезды соблюдается строгий пост, после чего начинается семейная трапеза.

Праздничный стол: На столе традиционно подаются 12 блюд, символизирующих 12 апостолов.

Духовная чистота: В этот день стараются избавиться от дурных мыслей и плохого настроения, сохраняя гармонию и благочестие.

Встреча первой звезды: Семья собирается на улице, чтобы встретить первую звезду, что символизирует начало праздничной трапезы.

Наряжение елки: Украшение елки и установка на вершине звезды, символизирующей Вифлеемскую звезду.

Церковное богослужение: Посещение торжественной службы в церкви после праздничной трапезы.

Колядки: Традиционные рождественские колядки, где участники ходят по домам, поздравляя жильцов с Рождеством и исполняя колядные песни.

Эти традиции способствуют укреплению семейных уз, обогащению духовной жизни и поддержанию культурных обычаев, связанных с празднованием Рождества Христова.

Запреты в Рождественский Сочельник

Рождественский Сочельник, отмечаемый 6 января, сопровождается рядом традиционных запретов, соответствующих духовной подготовке к Рождеству:

Пост до заката: Воздержание от еды до появления первой звезды, так как этот день является последним в Рождественском посте.

Выбор одежды: Избегание ношения темной, особенно черной одежды. Предпочтение отдаётся светлым и чистым нарядам.

Воздержание от конфликтов: Избегание ругани, ссор и выяснения отношений.

Домашние дела: Воздержание от домашних дел, таких как уборка, стирка или шитьё.

Гадание: Не проводить гадания, так как это осуждается православной церковью.

Сидение на углу стола: Незамужним и неженатым избегать сидения на углу стола, чтобы не остаться одинокими.

Щедрость: Избегание скупости, демонстрация щедрости и гостеприимства.

Ограничение походов: Стараться не уходить далеко от дома.

Гостеприимство: Не отказывать в приёме гостей.

Соблюдение этих традиций способствует созданию гармоничной и благочестивой атмосферы в преддверии Рождества Христова.



Приметы рождественского Сочельника

Рождественский сочельник, отмечаемый 6 января, сопровождается множеством народных примет и верований, отражающих надежды и предчувствия:

Финансовое благополучие: Возврат долгов в канун Рождества предвещает финансовое благополучие.

Одежда: Ношение чистой и светлой одежды в сочельник предотвращает беду.

Семейное торжество: Сочельник празднуют в кругу семьи.

Все дома: Все члены семьи должны находиться дома в святой вечер.

Время ужина: Не опаздывать к ужину, чтобы не «блуждать» весь год.

Поведение за столом: Не вставать из-за стола и не разговаривать во время ужина, чтобы не отпугнуть удачу.

Прощение: Прощать и просить прощения в сочельник, чтобы очистить душу.

Бодрствование: Не спать в сочельник, чтобы не «проспать» счастье.

Колядники: Много колядников предвещает плодотворный год.

Погода: Теплая погода 6 января предвещает холодную весну; ясный день обещает богатый летний урожай.

Снегопад: Снегопад предсказывает малый урожай меда; снежный день – к хорошим новостям.

Снежные тропы: Черные тропы на снегу – к урожаю гречихи.

Нежеланные гости: Приход злого человека в гости в сочельник может предвещать неудачный год.

Эти приметы отражают глубоко укоренившиеся народные верования и традиции, связанные с Рождественским сочельником.

Традиционные блюда Рождественского Сочельника

Рождественский сочельник известен своими кулинарными традициями. В этот день на столе традиционно сервируются 12 блюд в честь 12 апостолов Иисуса Христа. Вот список блюд, которые обычно готовят:

Кутья: Главное блюдо сочельника, символизирует жертву Бога. Готовится из пшеницы, риса или перловки, добавляют мед, мак, орехи, изюм и сухофрукты. Свежий круглый хлеб: Хлеб выпекают в форме круга, символизируя единство и совершенство. Узвар: Напиток из сушеных фруктов и ягод, символизирующий жизнь и чистоту. Овощной салат: Например, винегрет или салат из квашеной капусты. Горячее блюдо: Борщ на свекольном отваре, грибной суп и другие постные варианты. Рыба: В различных вариациях – тушеная, жареная, вареная, запеченная или на пару. Соления: Квашеная капуста, соленые огурцы, помидоры и другие овощи. Голубцы с постной начинкой: Начинка может быть из гречки, грибов, пшена, картошки или риса. Капустняк: Постный суп на основе капусты. Постные вареники: С начинкой из капусты, картофеля, грибов или каши. Запеченные яблоки: Символизируют соблазн и искупление. Пирожки: Постные, с различными начинками.



Эти блюда не только вкусны, но и несут глубокий символический смысл, соответствуя духу Рождественского сочельника и его традициям.",neutral,"The article is about traditional practices and customs related to a religious holiday in Russia, and does not discuss conditions that may cause people to leave or arrive in Russia.",mistral:7b,neutral,"The article is about traditional practices and customs related to a religious holiday in Russia, and does not discuss conditions that may cause people to leave or arrive in Russia.",article,4
20220101,30,PRISON,ACADEMICS,https://www.notigape.com/trabajara-gobierno-municipal-por-bienestar-y-progreso-en-2022/243835,unclear,,mistral:7b,,,,"Desde el primer minuto de este 2022, el Gobierno Municipal que encabeza Carmen Lilia Canturosas Villarreal, ejercerá responsablemente el presupuesto de 3 mil 365 millones 727 mil 152 pesos, para obras de infraestructura que impacten en el rescate de la ciudad, así como de acciones que beneficien y que exige y demanda la ciudadanía.

En este año se ejercerá un presupuesto sin precedentes en obra pública de mil 340 millones 519 mil 276 pesos.

Aparte de la histórica inversión millonaria que se destinará a la obra pública, en otros rubros, el gobierno municipal incrementó el presupuesto para becas escolares a niños de escasos recursos y para este 2022, abarcará a 20 mil niños y niñas de primaria y secundaria; se cubrirá a hijos de personas en situación de cárcel y apoyará a egresados universitarios con el pago de su titulación.

“El gobierno de Nuevo Laredo se identifica plenamente con los principios de austeridad, racionalidad, ahorro, eficiencia en el uso de los recursos que la sociedad nos ha confiado”, señaló la presidenta municipal al presentar el presupuesto para la aprobación del cabildo.

Dentro del presupuesto existen apartados muy concretos para apoyar programas sociales, así como para pequeños y medianos empresarios, con políticas de impacto económico para mejorar la calidad de vida de los habitantes de esta ciudad.

La alcaldesa anunció que para el año 2022, aterrizarán en Nuevo Laredo proyectos que traerán una importante derrama económica y la creación de nuevos empleos..

“Estamos con planes muy ambiciosos para la Ciudad para que se recupere y que Nuevo Laredo vuelva a ser un orgullo nacional”, comentó la alcaldesa

Adelantó, que existe un plan bien avanzado para que las oficinas de la Dirección General de Aduanas, se instalen en esta Ciudad y de hecho, el Gobierno Federal está solicitando información sobre inmuebles en donde se ubicarían; además, se realizan obras de ampliación y creación de otras naves en los parques industriales como Oradel y Longoria.

El proyecto binacional del River Park que se contempla en ambas márgenes del Río Bravo, será posible debido al interés de los gobiernos de Estados Unidos y México, quienes han comprometido el presupuesto para hacerlo una realidad.

“Tenemos unos proyectos a los que no les vamos a quitar el dedo; lo pluvial, económico, tiene que ir de la mano de lo social, pues no puede ser una ciudad rica con tanta pobreza, tenemos que atacar sectores importantes”, mencionó la alcaldesa.

Los programas sociales no se detendrán ante la veda electoral programada para el 2022 debido a la campañas políticas, solamente se ajustarán a los tiempos y se evitará su difusión; por ello, han establecido conversaciones con el Instituto Nacional Electoral (INE) para seguir sus lineamientos.

“Eso no va a ser un pretexto para seguir dando resultados y llevando bienestar a los ciudadanos”, aseguró Canturosas.

Se comprometió, que durante su administración, habrá un manejo óptimo de los recursos financieros, pero sin afectar el funcionamiento de la labores que como ayuntamiento están obligados y encaminar todas las acciones necesarias para recuperar el cambio verdadero que demandan los neolaredenses.

Advirtió que para lograr los objetivos, se evitarán actos de corrupción al interior de la administración municipal, así como el despilfarro de los recursos y desterrar el influyentismo y privilegios de los que abusaban los altos funcionarios.

“Seguimos por los principios que ha impulsado el gobierno del Presidente Andrés Manuel López Obrador en materia austeridad, ahorro de los recursos, para sumarnos a este gran esfuerzo, compartiendo la responsabilidad de cumplir y manejar debidamente los recursos recibidos”, estableció Canturosas.

Reiteró que su gobierno será de resultados, siendo la ciudadanía el eje rector y a quien se dirigirá el presupuesto priorizando la inversión en infraestructura, servicios públicos y tecnología, teniendo como base los principios de finanzas sanas y eficacia administrativa.

“Como ha sido hasta ahora, en este 2022, los ciudadanos seguirán siendo el centro de nuestra política a quienes estaremos dando respuesta a su demandas, exigencias y necesidades; ese es nuestro compromiso”, expresó la alcaldesa.",pull,"The article discusses significant investment in public works and job creation projects in Nuevo Laredo, which may attract people seeking employment opportunities.",mistral:7b,pull,"The article discusses significant investment in public works and job creation projects in Nuevo Laredo, which may attract people seeking employment opportunities.",article,4
20220101,173,POLICE,FRANCE,https://www.franceguyane.fr/actualite/social/mobilisation-sociale-a-pointe-a-pitre-elie-domota-a-ete-arrete-493999.php,unclear,,mistral:7b,,,,"Chacun le sait, le risque sismique est important à la Martinique. Mais, une fois admis ce postulat, que peut-on faire pour manifester notre prise de conscience ? A titre individuel : beaucoup ! Et, pour commencer, intégrer le fait que seule la construction parasismique est envisageable sous nos latitudes. Depuis six ans, le président du Conseil régional, Alfred Marie-Jeanne, initie un certain nombre d'actions...",unclear,Article primarily discusses earthquake risk in Martinique without directly implying migration pressure.,mistral:7b,unclear,Article primarily discusses earthquake risk in Martinique without directly implying migration pressure.,article,4
20220101,186,PERPETRATOR,BAMAKO,http://malijet.com/les_faits_divers_au_mali/265488-commissariat-de-police-du-11eme-arrondissement-fin-de-course-pou.html,unclear,,mistral:7b,,,,"Commissariat de police du 11eme arrondissement : Fin de course pour les auteurs des séries d’assassinat au couteau de Kalabancoura

Partager :

De sources proches du dossier, dans la nuit du 11 au 12 novembre 2021, un habitant de Garantiguibougou vers le 1er Terminus dont nous tairons le nom, a informé par téléphone le commissaire divisionnaire de police Mamoudou Diabaté de la présence d’un corps sans vie. Immédiatement, le commissaire Diabaté a instruit alors à sa Brigade de recherches, conduite par le capitaine de police Issa Yacouba Coulibaly, de diligenter une enquête afin de connaitre l’identité du défunt et les circonstances du décès. Aussitôt, l’équipe de la Brigade de Recherche s’est rendue sur le lieu avec un médecin légiste pour constater la mort de la victime, laquelle est en effet décédée des suites d’une blessure au couteau sous l’aisselle. Et d’après le constat, la victime logeait non loin du lieu où son corps a été retrouvé. Après l’avoir clairement identifié, les enquêteurs ont pu trouver son domicile. Ainsi, un des parents de la victime a témoigné qu’elle était sortie de la maison à moto. L’engin n’a pas été retrouvé. Mais où donc se trouvait cet engin ? La conclusion s’impose aux enquêteurs qu’il s’agirait d’un braquage qui serait mal tourné en se soldant par la mort de la victime, mais l’auteur n’a laissé aucun indice pouvant conduire à sa personne.

Dans la nuit du 23 au 24 novembre 2021, un autre cas d’assassinat s’est produit à kalanaban-Coura où la victime, elle aussi, a été poignardée. Les enquêteurs du 11ème ont été appelés par un informateur anonyme. Cette fois-ci encore l’auteur n’a laissé aucun indice. Pour répondre à la question qui est donc ce mystérieux assassin au poignard qui ne laisse aucun indice après ses forfaits, les enquêteurs sont revenus alors sur le premier cas survenu à Garantiguibougou. Ainsi, la moto ayant été emportée par l’assaillant, le commissaire a ordonné à ses éléments de chercher à savoir si la famille dispose encore des pièces de la moto. Effectivement, la vignette et l’attestation d’achat ont été retrouvées dans les affaires de la victime. Selon nos sources, le 17 décembre 2021 aux environs de 15h, un des parents de la 1ère victime a informé le commissaire Diabaté par téléphone qu’il venait d’apercevoir la moto de la victime, au marché de Kalaban-Coura avec un individu.

Sans désemparer, une équipe d’intervention rapide s’est rendue sur les lieux et est parvenue à interpeller le conducteur de la moto en question. Après vérification, il s’est avéré que la vignette et le papier d’achat sont identiques au numéro de cadre de la moto.

Conduit dans les locaux du Commissariat de police du 11ème arrondissement, le conducteur de la moto a déclaré avoir troqué sa moto contre celle qu’il a en sa possession avec un réparateur de moto au marché Dibidani, lequel a été retrouvé en possession de la moto troquée.

Interrogé sur la provenance de l’engin, ce dernier a déclaré l’avoir acheté avec un jeune répondant aux initiales I.D dit Faya. Ainsi, l’enquête s’est orientée vers le nommé Faya. Alors qu’ils étaient lancés à la recherche du nommé Faya, les enquêteurs du Commissariat de police du 11ème arrondissement apprenaient qu’il a été arrêté par leurs collègues du Commissariat du 15ème et qu’il a même été déféré à la MCA pour détention d’arme et appartenance à un réseau de malfaiteurs.

C’est ainsi que les hommes du commissaire Diabaté ont demandé et obtenu son extraction pour des investigations plus poussées. Interrogé, il a reconnu avoir vendu trois motos au réparateur de moto de Dibidani en question au lieu de deux dont celle de la 1ère victime. Au cours de l’interrogatoire, il a cité le nom d’un de ses complices, un certain Sangaré qui a été déféré au parquet concernant le même dossier par le Commissariat de police du 15ème arrondissement. Les enquêteurs ont demandé que ce dernier aussi soit extrait pour un interrogatoire. Devant les enquêteurs, Sangaré a reconnu avoir vendu la moto du défunt à Faya. Il a déclaré en outre avoir opéré avec un certain Damozon sans autre précision, à Garantiguibougou- 1er Terminus, qui a été arrêté par la suite.

A ses dires, c’était entre 2h et 3h, alors qu’ils étaient à la recherche d’une proie, ils ont aperçu un motocycliste qu’ils ont intercepté et le nommé Damozon a tenté de retirer de force l’engin à son propriétaire et une altercation s’en est suivie. Et de poursuivre que c’est ainsi que Damozon a poignardé la victime qui est tombée dans un caniveau. Ensuite, ils se sont alors emparés de l’engin. Quant à son coéquipier, le nommé Sangaré, il était armé et a tiré en l’air pour dissuader d’éventuels poursuivants. Lors de l’interrogatoire, Damozon a déclaré avoir donné deux coups de couteaux dans le thorax de la victime.

A propos du deuxième corps découvert a Kalanaban Coura, le nommé Sangaré a reconnu là-aussi être l’auteur en complicité avec Damozon en donnant même des détails de l’opération. Selon eux, comme dans leurs habitudes, ils évoluaient cette nuit sur une moto. Au niveau du “Djakarta-terrain”, ils ont aperçu une dame en train de descendre d’un véhicule personnel conduit par un monsieur. Aussitôt, ils se sont arrêtés auprès de la dame en pointant leur arme sur elle, en vue de lui retirer son sac et son téléphone portable. Le monsieur qui accompagnait la dame a fait semblant de fuir, mais est revenu vite sur ses pas pour les pourchasser.

Arrivés à proximité de la Station Yara de Kalaban coura, le conducteur les a heurtés. Ils sont tombés, mais ils sont parvenus à reprendre la fuite en se séparant. Mais le conducteur continuait à suivre Damozon à pied, après avoir abandonné le véhicule.

Selon Sangaré, son complice Damozon l’a informé plus tard qu’il a poignardé deux fois au thorax le monsieur qui le pourchassait et d’ajouter qu’il a appris qu’il en est mort.

Toutes les quatre personnes ont été incarcérées dans les geôles du Commissariat de police du 11ème arrondissement de Bamako en entendant d’être déférés au parquet de la commune V. Et les enquêtes ont prouvé qu’il s’agissait d’un véritable réseau possédant de faux cachets, de vraies fausses attestations de vente et d’achat pour mieux écouler les objets volés.

Boubacar PAÏTAO

À lire aussi",push,"The article describes a series of murders, violence, and theft in the 11eme arrondissement of Bamako. The victims are not found near their homes but at different locations, suggesting they were targeted and killed elsewhere. The perpetrators are shown to have used force and weapons, creating an environment of danger that may cause people to leave.",mistral:7b,push,"The article describes a series of murders, violence, and theft in the 11eme arrondissement of Bamako. The victims are not found near their homes but at different locations, suggesting they were targeted and killed elsewhere. The perpetrators are shown to have used force and weapons, creating an environment of danger that may cause people to leave.",article,4
20220101,10,COMMUNITY,,https://www.lopinionista.it/fico-ringrazia-mattarella-120130.html,unclear,,mistral:7b,,,,"ROMA – Il presidente della Camera dei Deputati, Roberto Fico (foto), rivolge “un sincero e non rituale ringraziamento” al presidente della Repubblica Sergio Mattarella per le parole del discorso di ieri sera “e soprattutto per quanto ha fatto in questi sette anni da garante della Costituzione e dell’unità nazionale. Con saggezza e autorevolezza ha ispirato la nostra comunità, sostenendola e accompagnandola in uno dei periodi più complessi della sua storia”.

Poi Fico aggiunge: “Il momento che stiamo vivendo impone senso di responsabilità e coesione; e l’impegno delle istituzioni e di ciascuno di noi deve proseguire nel solco avviato. L’anno appena trascorso ha visto il nostro Paese fare fronte all’emergenza, adottare le misure per la ripartenza, lavorare per superare le difficoltà e le diseguaglianze acuite dall’impatto della crisi pandemica. Come ha ricordato il presidente Mattarella, lo spirito di comunità che siamo stati capaci di esprimere deve continuare a orientare il nostro agire quotidiano, perché ciò è indispensabile per affrontare le sfide presenti e future. Ancora grazie, presidente”.",neutral,"The article is about gratitude and acknowledgment for the President of Italy's role in ensuring constitutional and national unity, not directly addressing migration-driving conditions.",mistral:7b,neutral,"The article is about gratitude and acknowledgment for the President of Italy's role in ensuring constitutional and national unity, not directly addressing migration-driving conditions.",article,4
20220101,111,RESIDENTS,,https://g1.globo.com/sp/piracicaba-regiao/noticia/2022/01/01/biblioteca-municipal-de-limeira-oferece-oficinas-gincana-show-e-sarau-durante-as-ferias-escolares.ghtml,unclear,,mistral:7b,,,,"Biblioteca Municipal de Limeira oferece oficinas, gincana, show e sarau durante as férias escolares | G1 Piracicaba e Região Biblioteca Municipal de Limeira oferece oficinas, gincana, show e sarau durante as férias escolares Programação é totalmente gratuita e vai de 8 a 20 de janeiro; confira lista de atividades. Por g1 Piracicaba e Região 01/01/2022 19h48 Atualizado 01/01/2022 1 de 1 Aulas gratuitas de francês serão realizadas na Biblioteca de Limeira — Foto: Prefeitura de Limeira Aulas gratuitas de francês serão realizadas na Biblioteca de Limeira — Foto: Prefeitura de Limeira A Biblioteca Municipal Professor João de Sousa Ferraz, em Limeira (SP), realiza o projeto “Férias na Biblioteca” a partir do dia 8 de janeiro de 2022, com programação gratuita que oferece oficinas, gincana, evento com fantasia, show e sarau para as crianças durante as férias. A programação é totalmente gratuita e vai até o dia 20 de janeiro. Confira: Sábado (8): “Banca de Trocas de Livros e Gibis”, às 14h30; Terça-feira (11): oficina de cerâmica “Monte seu chaveiro ou pingente”, às 14h30; Quarta-feira (12): “Yoga com Estórias para Crianças”, às 14h30; Sexta-feira (14): ""Harry Potter Day”, às 14h30; Segunda-feira (17): “Show Brincante”, com Lucas Barel e Paulo Mello, às 14h30; Terça-feira (18): “Oficina de Bilboquê e Porta Treco de Animais com materiais recicláveis”, com a equipe do Zoológico Municipal, das 14h às 16h; Quinta-feira (20):“Sarau LiteraLimeirinha”, com Mara Belo, Amanda Straliotto, Gisele Godoi e Priscilla Celestino., às 14h30. A Biblioteca fica no Parque Cidade, localizado na Rua José Botelho Veloso, s/n - Vila São João. Mais informações podem ser obtidas pelo telefone (19) 3442-6539. VÍDEOS: Fique por dentro do que acontece nas cidades da região 16 vídeos Veja mais notícias da região no g1 Piracicaba Limeira Resumo do dia De segunda a sábado, as notícias que você não pode perder diretamente no seu e-mail. Inscreva-se e receba a newsletter Para se inscrever, entre ou crie uma conta Globo gratuita. Ops! Ok Veja também Mais lidas Mais do G1 Guerra faz Copom retirar projeção de novos cortes de juros; entenda Há 6 horas Economia BC dos EUA mantém juros inalterados em meio à guerra Há 6 horas Filho do presidente PF investiga se dinheiro desviado do INSS ajudou a pagar viagens de Lulinha Há 2 horas Jornal Nacional Conflito no Oriente Médio Trump avalia enviar mais tropas e considera operação terrestre no Irã, diz agência Há 3 horas Mundo Bombardeios israelenses atingem maior campo de produção de gás natural do mundo Há 3 horas Jornal Nacional Ataque iraniano volta a acertar campo de gás no Catar; SIGA Há 3 horas Esperando pedido de Trump Porta-voz de Milei diz que Argentina pode dar apoio militar aos EUA no Irã Há 4 horas Mundo Suspeita de vazar informações FBI investiga diretor dos EUA que criticou a guerra ao renunciar, diz site Há 2 horas Mundo Violência 'Você enfiou a mão na minha cara', disse PM a marido dias antes de morrer Há 7 horas São Paulo Justiça torna tenente-coronel réu por feminicídio e fraude processual Há 7 horas 13 pontos e fotos da perícia que embasaram a prisão de tenente-coronel Há 8 horas São Paulo Nascido em Taubaté e há mais de 20 anos na PM: quem é o réu Há 8 horas Policial preso chamava esposa de 'burra' e dizia que 'lugar de mulher é em casa' Há 5 horas São Paulo Tenente-coronel é recebido com abraço de policial em presídio; VÍDEO Há 5 horas Veja mais Deseja receber as notícias mais importantes em tempo real? Ative as notificações do G1! Agora não Ativar Últimas Notícias Globo Notícias © Copyright 2000-2026 Globo Comunicação e Participações S.A. princípios editoriais política de privacidade minha conta anuncie conosco Editorias menu g1 Editorias Agro Editorias Agro Primeira Página Agro de gente pra gente Globo Rural Carnaval 2026 Editorias Carnaval 2026 primeira página Rio de Janeiro São Paulo Pernambuco Minas Gerais Carros Editorias Carros primeira página Motos Dinheiro sobre rodas Ciência Editorias Ciência Primeira Página Viva Você Economia Editorias Economia Primeira Página Bitcoin Calculadoras Dólar Educação Financeira Imposto de Renda Mídia e Marketing Open banking Educação Editorias Educação Primeira Página Enem Guia de Carreiras Simulado Enem Teste Vocacional Universidades Empreendedorismo​ Editorias Empreendedorismo​ Primeira página pequenas empresas Menos 30 Fest Dia do Empreendedor Fato ou Fake Guia de compras Inovação Loterias Meio Ambiente Editorias Meio Ambiente Primeira Página Amazônia Globo Natureza Sustentabilidade​ Monitor da Violência Mundo Editorias Mundo Primeira página Guerra na Ucrânia Olha que legal Política Editorias Política Primeira Página Eleições 2024 Reforma da Previdência Pop & Arte Editorias Pop & Arte Primeira Página Cinema Diversidade Games Música Tv e séries Circuito Sertanejo The Town Saúde Editorias Saúde Primeira página Bem Estar Coronavirus Tecnologia Trabalho e Carreira​ Editorias Trabalho e Carreira​ Primeira página Concursos Vagas de emprego Turismo e Viagem Editorias Turismo e Viagem Primeira Página Descubra o Brasil Jogos menu g1 Jogos Todos os jogos Soletra Labirinto Combinado Dito Palavras cruzadas Palavras cruzadas mini Sudoku Caça-Palavras Assine Coquetel Guia de Compras menu g1 Guia de Compras Primeira página Casa Celulares Lazer Moda e beleza Presentes Tecnologia Especial Vem Que Tem Guia de Compras Especial Vem Que Tem Mercado Pago Carros Regiões menu g1 Regiões centro-oeste Regiões centro-oeste Distrito Federal centro-oeste Distrito Federal Primeira página Bom Dia DF DF1 DF2 Globo Comunidade DF DF no campo O que fazer no DF Moto Week Goiás centro-oeste Goiás Primeira página Bom Dia GO Bom dia sábado JA 1ª Edição JA 2ª Edição Jornal do Campo Esporte Mercado Imobiliário Mato Grosso centro-oeste Mato Grosso Primeira Página Bom Dia MT MT TV 1ª Edição MT Rural MT TV 2ª Edição Esporte Mato Grosso do Sul centro-oeste Mato Grosso do Sul Primeira Página Bom Dia MS MS TV 1ª Edição MS TV 2ª Edição MS Rural Esporte nordeste Regiões nordeste Alagoas nordeste Alagoas Primeira Página Esporte Bahia nordeste Bahia Primeira Página Jornal da manhã Bahia Meio Dia BATV Bahia Rural Esporte Ceará nordeste Ceará Primeira Página Bom Dia CE CETV 1ª Edição CETV 2ª Edição NE Rural Esporte Maranhão nordeste Maranhão Primeira Página Bom Dia Mirante JMTV 1ª Edição JMTV 2ª edição Mirante Rural Esporte Daqui Repórter Mirante Paraíba nordeste Paraíba Primeira Página Bom Dia Paraíba JPB 1ª Edição JPB 2ª Edição Paraíba Comunidade Esporte Pernambuco nordeste Pernambuco Recife e região Pernambuco Recife e região Primeira página Bom Dia PE NE 1 NE 2 Espaço PE Globo Comunidade PE Nordeste Viver e Preservar Educação Esporte Praia Limpa São João 2025 Caruaru e região Pernambuco Caruaru e região Primeira Página Bom Dia PE ABTV 1ª Edição ABTV 2ª Edição Globo Comunidade Esporte Paixão de Cristo Petrolina e região Pernambuco Petrolina e região Primeira Página Bom Dia Pernambuco GRTV 1ª Edição GRTV 2ª edição Esporte Piauí nordeste Piauí Primeira Página Bom Dia Piauí Bom dia Sábado PI TV 1ª edição PI TV 2ª Edição Clube Rural Esporte Rio Grande do Norte nordeste Rio Grande do Norte Primeira Página Bom Dia RN RN TV 1ª Edição RN TV 2ª edição Inter TV Rural Esporte Sergipe nordeste Sergipe Primeira página Bom Dia SE SETV 1ª Edição SETV 2ª Edição Estação Agrícola Esporte norte Regiões norte Acre norte Acre Primeira Página Bom Dia Amazônia JAC 1ª Edição JAC 2ª Edição Globo Esporte Acre Amapá norte Amapá Primeira Página Bom Dia Amazônia JAP 1ª Edição JAP 2ª Edição Amazônia Rural Esporte Amazonas norte Amazonas Primeira Página Bom Dia Amazônia JAM 1ª Edição JAM 2ª Edição Amazônia rural Esporte Pará norte Pará Belém e região Pará Belém e região Primeira Página Bom Dia Pará Jornal Liberal 1ª Edição Jornal Liberal 2ª Edição Liberal Comunidade É do Pará Esporte Santarém e região Pará Santarém e região Primeira Página Bom Dia Santarém Jornal Tapajós 1ª Edição Jornal Tapajós 2ª Edição Esporte Rondônia norte Rondônia Primeira Página Bom Dia Amazônia JRO 1ª Edição JRO 2ª Edição Amazônia Rural Esporte Roraima norte Roraima Primeira Página Bom Dia Amazônia JRR 1ª Edição JRR 2ª Edição Amazônia Rural Esporte Tocantins norte Tocantins Primeira Página Bom Dia Tocantins JA 1ª Edição JA 2ª Edição Jornal do Campo Esporte sudeste Regiões sudeste Espírito Santo sudeste Espírito Santo Primeira Página Bom dia Espírito Santo Gazeta Meio Dia Boa Noite ES Jornal do Campo Agronégocios Educação Concursos Esporte Minas Gerais sudeste Minas Gerais Belo Horizonte e região Minas Gerais Belo Horizonte e região Primeira Página Bom dia Minas MG1 MG2 Rolê nas Gerais Terra de Minas pelas cozinhas de minas Esporte Centro-Oeste Minas Gerais Centro-Oeste Primeira Página Bom dia Minas MG TV 1ª Edição MG TV 2ª Edição MG Rural Integração notícia Esporte Grande Minas Minas Gerais Grande Minas Primeira página Inter TV Notícia MG Inter TV 1ª Edição MG Inter TV 2ª Edição Inter TV Rural É o bicho Esporte Sul de Minas Minas Gerais Sul de Minas Primeira Página Bom dia Ci",neutral,"The article is about a library in Limeira, Brazil offering free courses and activities during the school holidays. There is no mention of push or pull factors related to migration.",mistral:7b,neutral,"The article is about a library in Limeira, Brazil offering free courses and activities during the school holidays. There is no mention of push or pull factors related to migration.",article,4
20220101,1723,POPULATION,,https://gordonua.com/news/worldnews/vo-francii-v-novogodnyuyu-noch-sozhgli-874-mashiny-mvd-1589046.html,unclear,,mistral:7b,,,,"""Количество сожженных автомобилей уменьшается по сравнению с предыдущими годами, как и количество столкновений с полицией. В результате 648 возгораний было подожжено 874 транспортных средства против 924 возгораний и 1316 транспортных средств в 2019 году (2020 год несопоставим из-за введенного для населения комендантского часа)"", – говорится в сообщении.

По данным МВД, в связи с поджогами машин силовики провели 441 задержание и поместили под стражу 381 из задержанных.",neutral,"The article is about a decrease in car arson and related police encounters, and arrests made by the authorities, which does not directly indicate migration-related push or pull factors.",mistral:7b,neutral,"The article is about a decrease in car arson and related police encounters, and arrests made by the authorities, which does not directly indicate migration-related push or pull factors.",article,4
20220101,80,ACTOR,,https://www.interris.it/rubriche/opinione/affrontare-questioni-pressanti-luce-dottrina-sociale-chiesa/,unclear,,mistral:7b,,,,"L’emergenza sanitaria accelera i cambiamenti in considerazione del fatto che gli scenari, l’economia, la democrazia, la società sono già mutati. Ormai, la società industriale, sulla quale si sono costruiti nel Novecento i vari miracoli economici, ha perso il primato a favore della società post-industriale. Al mercato locale e poi nazionale, si è aggiunto il mercato europeo e, su tutti incombe sempre più in maniera decisiva il mercato globale, quello senza regole e senza limiti. Con l’avvento di Internet, si marcia verso un mercato digitale, dove alla piazza del mercato del paese si affianca sempre più il luogo virtuale del mercato.

In questo inarrestabile processo, caratterizzato dalla continua trasformazione, i lavoratori sono costretti a variare spesso tipo di lavoro, con la conseguenza che le nuove generazioni dovranno abituarsi a fare più lavori nella vita, acquisendo estemporaneamente capacità e abilità da valere per i vari tipi di lavoro, che saranno chiamati a svolgere. Cosa succede in una società, come la nostra, fondata sul lavoro, come recita l’art. 1 della Costituzione italiana, se oggi il lavoro diventa sempre più raro, al punto che molti giovani, per scoraggiamento e per assenza di alternative, rinunciano anche a cercarlo? Oltre che rinunciare a studiare, spesso, anche troppo presto, ma soprattutto rinunciare ad essere protagonisti della loro vita. Il lavoro precario, i disoccupati che cercano lavoro e non lo trovano, gli scoraggiati che non hanno più la forza di cercarlo, e i sottoccupati, che lavorano solo qualche ora al mese senza riuscire a superare la soglia di povertà, rappresentano una ferita aperta per la società e la democrazia costituzionale.

Non è azzardato affermare che la situazione, anche a causa della pandemia, è drammaticamente peggiorata. Pertanto, ci vuole una svolta, che verrà, come ha detto il Papa, solo se sapremo formare le coscienze a non cercare soluzioni facili a tutela di chi è già garantito, ma formare le coscienze a proporre processi di cambiamento duraturi, a beneficio delle giovani generazioni. L’appello non può che essere rivolto, in prima battuta, al Governo che proprio in questi giorni sta predisponendo i provvedimenti per l’impiego dei fondi europei che, per l’appunto, prendono la denominazione di NextGenerationEU (Unione Europea di nuova generazione).

Insieme alle istituzioni, però, tutti siamo chiamati a dare segni di solidarietà; tutti siamo chiamati a essere lievito che fa fermentare la pasta (Mt 13,33). Per uscirne – ha detto papa Francesco pochi mesi fa nel suo messaggio alla Settimana sociale di Taranto – è richiesto un maggior coraggio anche ai cattolici italiani. In questa fase, non è pensabile rassegnarsi e rimanere indifferenti o apatici senza assumersi la responsabilità verso gli altri e verso la società. Papa Francesco invita ad affrontare, insieme, le questioni pressanti che la pandemia mette in rilievo, partendo dall’ecologia integrale per la cura del pianeta e dell’umanità, alla luce del Vangelo dei principi della Dottrina sociale della Chiesa cattolica.

Il Papa esorta ad esplorare la nostra tradizione sociale cattolica, che può aiutare la famiglia umana a guarire questo mondo che soffre di gravi malattie. In tal senso, Papa Francesco ricorda i principi chiave della Dottrina sociale che ancora guidano la Chiesa: quali la solidarietà, la sussidiarietà, la cura dei più poveri, la preservazione del Creato, che compongono quel nucleo di azioni necessarie a guarire le sofferenze del mondo.

In questa fase di crisi sanitaria, ma anche economica e sociale, come nel 2008, sorge l’interrogativo, sempre con maggiore intensità, se la direzione in cui l’umanità procede sia quella giusta. La domanda dell’uomo di buona volontà è che cosa si debba, e si possa, fare per scongiurare il proseguimento di una situazione sociale ed economica, ma anche culturale, così deprimente.",push,"Unemployment, precarious work, high unemployment, disheartened job seekers, underemployed, poverty",mistral:7b,push,"Unemployment, precarious work, high unemployment, disheartened job seekers, underemployed, poverty",article,4
20220101,833,EUROPE,,https://www.brasil247.com/blog/brasil-para-principiantes,unclear,,mistral:7b,,,,"Por Miguel Paiva, do Jornalistas pela Democracia

A Ministra Rosa Weber obriga o Aras a trabalhar, o Lewandowski libera o controle do passaporte da vacina nas universidades federais e o Alexandre de Moraes continua a investigação das fake- news. Resumo, quem governa este país, ou melhor, evita que o desgoverno leve de vez o país para o abismo é o Supremo. Talvez a senadora Simone Tebet tivesse mais razão se dissesse, “quando iríamos imaginar chegar a este ponto?” e não que não dava para saber que o Bolsonaro ia ser o que está sendo. Dava sim, senadora e só não percebeu quem era muito ingênuo ou mal intencionado. O ex-candidato a presidente João Amoedo do Partido Novo disse que votará novamente nulo.

É a crônica de um desastre que podia ser anunciado se Lula não estivesse solto e livre para se candidatar. Mas o preconceito também rola solto. Preconceito e maracutaia. Preconceito para quem não tem o rabo preso na bolsa e maracutaia para a turma do mercado que se não quer Lula, que jamais trabalhou contra eles, não é o mentor do neoliberalismo que rege a turma do Guedes e só visa o enriquecimento próprio. Claro que isso eles não querem o que se confirmou com o desmascaramento do Moro que acabou confessando o que todos nós já sabíamos, viu Simone Tebet?

Mas assim mesmo a turma do mercado fez vista grossa porque interessava acima de qualquer honestidade política, a vitória financeira sem escrúpulos. A turma do Guedes queria isso aliada com a ignorância do Bolsonaro e a conivência dos bem pensantes da iluminada classe média brasileira, incluindo a imprensa empresarial que preferia tudo menos um político que trabalhava pelo povo sem excluir nenhum setor da sociedade.

Essa classe dominante branca e rica sempre existiu e passou seus fundamentos para os brancos não tão ricos e esses para os brancos nada ricos que continuaram explorando os pretos e pobres. Essa corrente da meritocracia persistiu e acabou criando um pensamento atuante dos anos de 1980 em diante.

Na Europa foi a época do individualismo, dos yuppies, da burguesia galopante. No Brasil veio mais tarde e só foi atrapalhado pela eleição dos governos Lula e Dilma que tentaram frear o processo. Foi preciso um golpe para levar o Brasil de volta ao caminho do mal, ao desvio do progresso. A Europa já tinha passado por poucas e boas e pode se dar ao luxo de desperdiçar um tempo com a viciada burguesia mal intencionada. Mas alternância do poder por lá existe e o que vai acaba voltando.

Alguns países da América Latina igualmente haviam exorcizado os demônios militares das ditaduras vividas, mas o Brasil, por liderar esses países aos olhos dos americanos e influenciado por eles acabou passando um guardanapo de pizzaria quando os crimes da ditadura foram colocados na mesa. A Comissão da verdade acordou quem dormia com um olho aberto e esses militares voltaram a perturbar nosso sono e a favorecer o caminho nefasto do neoliberalismo e da meritocracia que acabou, sem mérito algum, afundando na própria incompetência.

E parece que alguns vão continuar. Eles acreditam e talvez com razão, que o mercado vai continuar ativo, seja em que governo for. É que eles querem sempre mais e se deixarmos vão conseguir. O que não aguentamos mais é ouvir, anos depois, palavras de arrependimento que ajudarão a compor o epitáfio do país numa lápide feita de pau a pique.",push,"The article discusses political unrest, corruption, and a return to authoritarian rule, which may cause people to leave Brazil.",mistral:7b,push,"The article discusses political unrest, corruption, and a return to authoritarian rule, which may cause people to leave Brazil.",article,4
20220101,90,EUROPE,,https://alquds.com/2022/01/02/%D8%A3%D9%88%D8%B1%D9%88%D8%A8%D8%A7-%D8%AA%D8%AA%D8%AC%D8%A7%D9%88%D8%B2-%D8%B9%D8%AA%D8%A8%D8%A9-100-%D9%85%D9%84%D9%8A%D9%88%D9%86-%D8%A5%D8%B5%D8%A7%D8%A8%D8%A9-%D8%A8%D9%83%D9%88%D9%81%D9%8A/,push,"'Orouba - exceeds 100 million Covid-19 infections' suggests a disaster or crisis (here, a COVID-19 surge) that may cause emigration.",mistral:7b,,,,,,,mistral:7b,push,"'Orouba - exceeds 100 million Covid-19 infections' suggests a disaster or crisis (here, a COVID-19 surge) that may cause emigration.",url_1,4
20220101,112,EUROPEAN,BELARUS,https://www.skivefolkeblad.dk/artikel/8426302b-78a7-3353-beaa-8731a102cde4/,unclear,<URL too short>,mistral:7b,,,,"Lorem ipsum dolor sit amet consectetur adipisicing elit. Illo reiciendis eos id iste. Tenetur, vel quam ullam illum reprehenderit doloremque vero incidunt dolorem eum excepturi est inventore molestiae, atque pariatur!

Ocurreret voluptatum an has, aeque solet principes per in. Ei his platonem voluptatum, te vel fabulas ancillae, at mea justo paulo nonumes. Accumsan ponderum constituam sea eu, doctus dolorem scriptorem quo te. Nec diceret gloriatur moderatius id. Ignota iuvaret officiis mea ea, cum at scaevola vivendum. Ut justo aliquip delicata cum, ut mea errem decore homero, ad eam corpora epicuri nominavi. Paulo feugiat an sit, vix ea vero veri.",unclear,"The provided article text is too vague or insufficient to determine whether it relates to push, pull, mixed, neutral or unclear migration pressure conditions.",mistral:7b,unclear,"The provided article text is too vague or insufficient to determine whether it relates to push, pull, mixed, neutral or unclear migration pressure conditions.",article,4
20220101,112,EUROPEAN,RUSSIA,https://www.skivefolkeblad.dk/artikel/8426302b-78a7-3353-beaa-8731a102cde4/,unclear,<URL too short>,mistral:7b,,,,"Lorem ipsum dolor sit amet consectetur adipisicing elit. Illo reiciendis eos id iste. Tenetur, vel quam ullam illum reprehenderit doloremque vero incidunt dolorem eum excepturi est inventore molestiae, atque pariatur!

Ocurreret voluptatum an has, aeque solet principes per in. Ei his platonem voluptatum, te vel fabulas ancillae, at mea justo paulo nonumes. Accumsan ponderum constituam sea eu, doctus dolorem scriptorem quo te. Nec diceret gloriatur moderatius id. Ignota iuvaret officiis mea ea, cum at scaevola vivendum. Ut justo aliquip delicata cum, ut mea errem decore homero, ad eam corpora epicuri nominavi. Paulo feugiat an sit, vix ea vero veri.",unclear,"The article text provided does not contain sufficient information about migration-driving conditions to classify as push, pull, mixed, or neutral.",mistral:7b,unclear,"The article text provided does not contain sufficient information about migration-driving conditions to classify as push, pull, mixed, or neutral.",article,4
20220101,112,EUROPEAN,RUSSIA,https://www.skivefolkeblad.dk/artikel/8426302b-78a7-3353-beaa-8731a102cde4/,unclear,<URL too short>,mistral:7b,,,,"Lorem ipsum dolor sit amet consectetur adipisicing elit. Illo reiciendis eos id iste. Tenetur, vel quam ullam illum reprehenderit doloremque vero incidunt dolorem eum excepturi est inventore molestiae, atque pariatur!

Ocurreret voluptatum an has, aeque solet principes per in. Ei his platonem voluptatum, te vel fabulas ancillae, at mea justo paulo nonumes. Accumsan ponderum constituam sea eu, doctus dolorem scriptorem quo te. Nec diceret gloriatur moderatius id. Ignota iuvaret officiis mea ea, cum at scaevola vivendum. Ut justo aliquip delicata cum, ut mea errem decore homero, ad eam corpora epicuri nominavi. Paulo feugiat an sit, vix ea vero veri.",unclear,The article text is too vague or insufficient to determine migration pressure,mistral:7b,unclear,The article text is too vague or insufficient to determine migration pressure,article,4
20220101,50,FRANCE,,https://as.com/futbol/2022/01/01/primera/1641057005_745473.html,pull,hiring,mistral:7b,,,,,,,mistral:7b,pull,hiring,url_1,4
20220101,141,PARIS,POLICE,https://noticias.uol.com.br/ultimas-noticias/deutschewelle/2022/01/01/franca-ve-queda-em-numero-de-carros-incendiados-no-ano-novo.htm,push,displacement,mistral:7b,,,,,,,mistral:7b,push,displacement,url_1,4
20220101,192,FRENCH,SYRIA,https://naslovi.net/2022-01-02/rtv/vremeplov-otvorena-prva-citaonica-u-knezevini-srbiji/29652721,unclear,<URL too short>,mistral:7b,,,,"NOVI SAD - Na današnji dan 1846. godine otvorena je prva čitaonica u tadašnjoj Kneževini Srbiji, nazvana Srpsko čitalište, kasnije Čitalište beogradsko. Slične čitaonice ubrzo su osnovane i u drugim gradovima Srbije.

Danas je nedelja, 2. januar, drugi dan 2022. Do kraja godine ima 363 dana. 1492- Španija je preotela Granadu od Mavara, što je bio završni čin oslobođenja Španije od muslimana. 1799- Trupe francuskog generala Napoleona Bonaparte ušle su u Siriju. 1833- Britanske trupe zauzele su Folklandska ostrva u Atlantskom okeanu. Taj arhipelag udaljen je oko 500 kilometara od argentinske obale i nalazi se u južnom Atlantiku. Dan ranije London je proglasio suverenitet nad",unclear,The article discusses historical events and does not provide information on contemporary conditions that might cause people to migrate.,mistral:7b,unclear,The article discusses historical events and does not provide information on contemporary conditions that might cause people to migrate.,article,4
20220101,192,FRANCE,SYRIA,https://naslovi.net/2022-01-02/rtv/vremeplov-otvorena-prva-citaonica-u-knezevini-srbiji/29652721,unclear,<URL too short>,mistral:7b,,,,"NOVI SAD - Na današnji dan 1846. godine otvorena je prva čitaonica u tadašnjoj Kneževini Srbiji, nazvana Srpsko čitalište, kasnije Čitalište beogradsko. Slične čitaonice ubrzo su osnovane i u drugim gradovima Srbije.

Danas je nedelja, 2. januar, drugi dan 2022. Do kraja godine ima 363 dana. 1492- Španija je preotela Granadu od Mavara, što je bio završni čin oslobođenja Španije od muslimana. 1799- Trupe francuskog generala Napoleona Bonaparte ušle su u Siriju. 1833- Britanske trupe zauzele su Folklandska ostrva u Atlantskom okeanu. Taj arhipelag udaljen je oko 500 kilometara od argentinske obale i nalazi se u južnom Atlantiku. Dan ranije London je proglasio suverenitet nad",neutral,Article is not clearly about migration-driving conditions,mistral:7b,neutral,Article is not clearly about migration-driving conditions,article,4
20220101,190,LILLE,YEMENI,https://www.okaz.com.sa/news/na/2092790,unclear,<URL too short>,mistral:7b,,,,"أحمد الشميري «عكاظ» (جدة،الرياض) a_shmeri@

‏ثمن وزير الإعلام اليمني معمر الإرياني، المواقف الأخوية والدعم اللامحدود من تحالف دعم الشرعية بقيادة السعودية التي قدمت الغالي والنفيس لنصرة اليمن، وإسناده في معركة استعادة الدولة وإسقاط الانقلاب الحوثي، بتوجيهات كريمة من خادم الحرمين الشريفين الملك سلمان بن عبدالعزيز، وولي العهد الأمير محمد بن سلمان.



ونوه بالجهود الاستثنائية النبيلة التي بذلها نائب وزير الدفاع الأمير خالد بن سلمان، وكذلك قائد القوات المشتركة الفريق الركن مطلق بن سالم الأزيمع، وكل المعنيين الذي يعملون ليل نهار لدعم اليمنيين في معركتهم المصيرية، مؤكدا بقوله «لن ننسى هذه المواقف النبيلة للأشقاء».



وأشاد الإرياني بتوحد أيادي وإرادة اليمنيين في التصدي للغزو الفارسي وأذياله من مليشيا الإرهاب الحوثية في جبهات مأرب والجوف وتعز والضالع وشبوة والحديدة والبيضاء، ومواقفهم في صوالين الساسة ودهاليز السياسة وصفحات المواقع الإخبارية والنشطاء في منصات التواصل الاجتماعي.



وقال في سلسلة تغريدات عبر حسابه في «تويتر» أمس (السبت): استثمر النظام الإيراني خلافات القوى السياسية للدفع بمليشيا الحوثي لقلب الطاولة على الجميع، للانقلاب على مخرجات مؤتمر الحوار الوطني الشامل، واحتلال العاصمة المختطفة صنعاء، والبدء بعمليات تجريف ممنهج لمؤسسات الدولة والهوية الوطنية والعربية، وتدمير النسيج الاجتماعي والسلم الأهلي.



وأضاف: اشتغلت مليشيا الحوثي على اختراق الجبهة الوطنية عبر بعض المواقع والصفحات لخلخلة الصفوف وتغذية الخلافات وتعميقها، وشغل اليمنيين بمعارك ثانوية وصرفهم عن معركتهم المصيرية، وما زالت تراهن على الانقسامات لتمرير مشروعها السرطاني بأحقاده التاريخية وخلفياته العقائدية المستوردة من طهران.



وأكد أن ما يحدث على الأرض من ترتيبات عسكرية بدعم من تحالف دعم الشرعية، لتغيير مسار المعركة من الدفاع للهجوم واستعادة ما تم فقدانه من الأراضي المحررة، وتحرير كل شبر من التراب اليمني، يحتم على القوى السياسية وكافة الإعلاميين والصحفيين ترك خلافاتهم والتوحد خلف الجيش اليمني والمقاومة.



وجدد الإرياني دعوة كافة القوى السياسية والإعلاميين والصحفيين للاستفادة من دروس الماضي، وتجاوز خلافاتهم وتوحيد الصف والجهود خلف الشرعية اليمنية بقيادة الرئيس عبدربه منصور هادي، إدراكا لخطورة المعركة، وتقديرا للدماء الطاهرة التي سكبت في مختلف جبهات القتال دفاعا عن الوطن ومكتسباته.



من جهة أخرى نجح الجيش اليمني الوطني بإسناد من تحالف دعم الشرعية في استنزاف وإفشال مخططات الانقلاب الإرهابية، ما تسبب في تفاقم الصراعات وحالات التصفية الداخلية بين أجنحة المليشيا في المديريات الجنوبية لمحافظة مأرب. وقالت مصادر قبلية لـ«عكاظ»، إن مسلحاً حوثياً أطلق الرصاص الحي على الزعيم القبلي صالح القاضي المعين وكيلاً لمحافظة مأرب من قبل الحوثي في منزله، (الخميس) الماضي، وأرداه قتيلاً .



وأضافت المصادر أن سيناريو الاضطرابات النفسية محاولة للتغطية على عملية التصفية المتعمدة، خصوصاً بعد تكتم المليشيا على الحادثة ونقل جثة الزعيم القبلي الذي ينتمي إلى قبلية مراد إلى صنعاء، مؤكدة أن التصفية جاءت على خلفية نجاحات الجيش اليمني في شبوة وسيطرته على مديرية عسيلان ما تتسبب في فرض حصار على العناصر الحوثية (جنوبي مأرب). وأفادت بأن القاضي من الشخصيات التي سهلت دخول المليشيا إلى مناطقه ورغم ذلك جرت تصفيته عل غرار ما حدث لموالين في محافظات عمران وصعدة. وفجرت مليشيا الحوثي في مديرية الجوبة (جنوبي مأرب) منزل مبخوت الفقير في منطقة الخثلة بعد أن زرعت فيه عبوات ناسفة من الداخل، ووفقاً لمصادر قبلية، فإن عشرات المنازل جرى تفجيرها خلال اليومين الماضيين في الجوبة.",push,"War, violence, persecution, repression (mentioned by Iran-backed Houthis), displacement (implied by conflicts and internal purges)",mistral:7b,push,"War, violence, persecution, repression (mentioned by Iran-backed Houthis), displacement (implied by conflicts and internal purges)",article,4
20220101,141,GUADELOUPE,,https://www.franceguyane.fr/actualite/social/mobilisation-sociale-a-pointe-a-pitre-elie-domota-a-ete-arrete-493999.php,mixed,displacement|jobs,mistral:7b,,,,,,,mistral:7b,mixed,displacement|jobs,url_1,4
20220101,172,CONAKRY,,http://malijet.com/actualite_economique_du_mali/265491-lutte-contre-la-fraude-et-la-contrebande-les-douanes-saisissent-.html,pull,jobs,mistral:7b,,,,,,,mistral:7b,pull,jobs,url_1,4
20220101,70,GAMBIA,NORWEGIAN,https://www.analisidifesa.it/2022/01/il-2021-ha-rilanciato-limmigrazione-illegale-su-vasta-scala-in-italia/,push,'illegal immigration' on 'widescale in Italy',mistral:7b,,,,,,,mistral:7b,push,'illegal immigration' on 'widescale in Italy',url_1,4
20220101,70,GAMBIA,NORWAY,https://www.analisidifesa.it/2022/01/il-2021-ha-rilanciato-limmigrazione-illegale-su-vasta-scala-in-italia/,push,'illegal immigration' on 'widescale in Italy',mistral:7b,,,,,,,mistral:7b,push,'illegal immigration' on 'widescale in Italy',url_1,4
20220101,70,GAMBIA,NORWEGIAN,https://www.analisidifesa.it/2022/01/il-2021-ha-rilanciato-limmigrazione-illegale-su-vasta-scala-in-italia/,push,'illegal immigration' on 'widescale in Italy',mistral:7b,,,,,,,mistral:7b,push,'illegal immigration' on 'widescale in Italy',url_1,4
20220101,190,PRESIDENT,,https://alquds.com/2022/01/01/%D8%A5%D8%B5%D8%A7%D8%A8%D8%A7%D8%AA-%D8%AE%D9%84%D8%A7%D9%84-%D9%85%D9%88%D8%A7%D8%AC%D9%87%D8%A7%D8%AA-%D9%81%D9%8A-%D8%A8%D8%B1%D9%82%D8%A9/,unclear,URL too short and ambiguous,mistral:7b,,,,,unclear,,mistral:7b,unclear,,article,4
20220101,192,PRESIDENT,,https://alquds.com/2022/01/01/%D8%A5%D8%B5%D8%A7%D8%A8%D8%A7%D8%AA-%D8%AE%D9%84%D8%A7%D9%84-%D9%85%D9%88%D8%A7%D8%AC%D9%87%D8%A7%D8%AA-%D9%81%D9%8A-%D8%A8%D8%B1%D9%82%D8%A9/,unclear,URL too short and ambiguous,mistral:7b,,,,,unclear,,mistral:7b,unclear,,article,4
20220101,20,MINISTRY,EMIRATI,https://www.akhbarona.com/world/340606.html,neutral,URL token does not indicate clear migration pressure,mistral:7b,,,,,,,mistral:7b,neutral,URL token does not indicate clear migration pressure,url_1,4
20220101,51,MINISTRY,EMIRATI,https://www.akhbarona.com/world/340606.html,neutral,URL token does not indicate clear migration pressure,mistral:7b,,,,,,,mistral:7b,neutral,URL token does not indicate clear migration pressure,url_1,4
20220101,71,GOVERNMENT,EUROPEAN,https://www.interris.it/rubriche/opinione/affrontare-questioni-pressanti-luce-dottrina-sociale-chiesa/,neutral,URL token does not indicate clear migration pressure,mistral:7b,,,,,,,mistral:7b,neutral,URL token does not indicate clear migration pressure,url_1,4
20220101,111,AUTHORITIES,EMPLOYEE,https://ria.ru/20220102/status-1766397981.html,unclear,URL too short and ambiguous,mistral:7b,,,,"ООН, 2 янв — РИА Новости. Статус персоны нон грата неприменим к сотрудникам Статус персоны нон грата неприменим к сотрудникам ООН — так официальный представитель генсека организации Стефан Дюжаррик прокомментировал решение властей самопровозглашенной республики Косово в отношении российского дипломата.

« ""Нам стало известно о том, что власти Косово объявили персоной нон грата сотрудника миссии ООН в Косово (МООНК). Никакого официального уведомления от властей Косово по поводу этого объявления миссии не поступало"", — сказал он.

Представитель генсека подчеркнул, что доктрина персоны нон грата неприменима к сотрудникам ООН и не предусмотрена в постановлении 2000/47 МООНК (о статусе, привилегиях и иммунитете СДК и МООНК и их персонала в Косово).

По словам Дюжаррика, любые обеспокоенности, связанные с сотрудниками миссии ООН в Косово, следует направлять ее руководству, чтобы оно могло решить этот вопрос в соответствии со статусом, привилегиями и иммунитетом самой миссии и ее персонала.

""МООНК и штаб-квартира ООН принимают соответствующие меры для обеспечения безопасности сотрудника и находятся в связи с этой ситуацией в контакте с соответствующими властями"", — заключил Дюжаррик.

Приштина 31 декабря объявила персоной нон-грата сотрудника миссии ООН из России за якобы несовместимую с дипломатическим статусом деятельность. Российское посольство в Сербии назвало это решение провокацией, ""предпринятой, дабы выслужиться перед западными менторами"".

Это не первый подобный случай: в октябре косовский МИД объявил персонами нон грата двух дипломатов в канцелярии российского посольства в Сербии, которые постоянно работают в Приштине. МИД тогда призвал МООНК и международные Силы для Косово обеспечить надежную безопасность и необходимые условия для полноценной работы российского персонала в Косово.

Республика Косово — частично признанное государство на Балканском полуострове . Согласно Конституции Сербии , входит в состав страны как Автономный край Косово и Метохия, однако Белград фактически не контролирует большую часть региона.

В 1990-х здесь развернулась война между югославской армией и албанскими вооруженными формированиями. Конфликт сопровождался массовыми репрессиями и этническими чистками: албанские сепаратисты разрушили многие памятники православной культуры. В 1999 году НАТО вмешалась в вооруженное противостояние и подвергла бомбардировкам города и военные объекты Югославии . В результате Белград был вынужден согласиться на ввод в Косово военного контингента Североатлантического альянса. Область перешла под управление ООН",unclear,"The article discusses a diplomatic dispute between the United Nations, Kosovo, and Russia, but it does not provide clear information about migration-driving conditions related to push or pull factors.",mistral:7b,unclear,"The article discusses a diplomatic dispute between the United Nations, Kosovo, and Russia, but it does not provide clear information about migration-driving conditions related to push or pull factors.",article,4
20220101,841,DIPLOMAT,PRISONER,https://www.republika.co.id/berita/r520da430/indiapakistan-tukar-daftar-tahanan,unclear,URL too short and ambiguous,mistral:7b,,,,"REPUBLIKA.CO.ID,ISLAMABAD - - India dan Pakistan saling bertukar daftar warga negara yang ditahan di penjara pada Sabtu (1/1). Pertukaran dilakukan melalui diplomat masing-masing di Islamabad dan New Delhi.

Praktek ini konsisten dengan kesepakatan 2008 antara kedua belah pihak tentang akses konsuler ke tahanan. Kesepakatan itu mengharuskan mereka untuk bertukar daftar tahanan di tahanan masing-masing setiap Januari dan Juli.

Pakistan berbagi dengan diplomat top India di Islamabad daftar 628 tahanan India yang ditahan di Pakistan. Jumlah ini termasuk 577 nelayan yang dituduh melakukan penangkapan ikan ilegal di perairan teritorial Pakistan, dan 51 lainnya.

India secara bersamaan berbagi dengan Pakistan daftar tahanan tetangganya yang ditahan di India. India menyerahkan daftar 282 tahanan Pakistan dan 73 nelayan. Rincian tentang tahanan sipil yang ditahan India tidak tersedia.

Januari lalu, India menyerahkan kepada Pakistan daftar 263 tahanan Pakistan dan 77 nelayan di tahanan India. Pakistan pun pada 2021 membagikan daftar 270 nelayan India dan 49 tahanan lainnya dalam tahanannya.

Kedua belah pihak saling menangkap nelayan karena melintasi perbatasan laut tak bertanda antara kedua negara. Nelayan yang mencari hasil tangkapan yang lebih baik tanpa teknologi navigasi modern sering kali masuk ke wilayah perairan negara lain.

Badan keamanan maritim Pakistan dan India menyita kapal mereka dan memenjarakannya. Nelayan biasanya baru dibebaskan setelah kedua negara melakukan negosiasi. Biasanya para nelayan menghabiskan bertahun-tahun di balik jeruji besi tanpa pengadilan formal.

Baik Pakistan maupun India tidak memberikan rincian tentang tahanan sipil lainnya. Namun penangkapan di kedua belah pihak termasuk pelanggaran seperti visa tinggal lebih lama atau perjalanan ke kota-kota yang tidak sah.

Selain itu, menurut pernyataan resmi dari dua negara bersenjata nuklir itu, kedua belah pihak juga bertukar daftar aset dan fasilitas nuklir di bawah perjanjian yang berlaku selama tiga dekade.

Pertukaran tersebut merupakan bagian dari pakta yang ditandatangani oleh kedua negara pada Desember 1988. Dalam perjanjian itu disebut Larangan Serangan terhadap Instalasi dan Fasilitas Nuklir. Itu dilaksanakan pada 1991.

Tidak ada pihak yang memberikan rincian fasilitas dan instalasi nuklir. Hanya saja, sebagian besar diyakini bahwa daftar tersebut terdiri dari fasilitas nuklir yang diketahui.

Pakistan dan India memiliki hubungan yang tegang sejak kemerdekaan dari pemerintahan kolonial Inggris pada tahun 1947 atas wilayah Himalaya di Kashmir. Wilayah Kashmir yang indah terbagi antara India dan Pakistan. Keduanya mengklaimnya secara keseluruhan dan berperang dua dari tiga perang mereka di wilayah tersebut.

Hubungan antara kedua negara menjadi lebih tegang setelah India mencabut status khusus Kashmir yang dikuasai India dalam konstitusinya pada Agustus 2019.

Sumber:

https://apnews.com/article/pakistan-asia-india-new-delhi-kashmir-1cf725ec147d967c67b6a289014fe5eb",unclear,"The article mainly discusses diplomatic relations, border conflicts and nuclear asset exchange between India and Pakistan. While there are mentions of imprisoned individuals, the context does not provide enough information to determine whether these conditions are pushing or pulling factors for migration.",mistral:7b,unclear,"The article mainly discusses diplomatic relations, border conflicts and nuclear asset exchange between India and Pakistan. While there are mentions of imprisoned individuals, the context does not provide enough information to determine whether these conditions are pushing or pulling factors for migration.",article,4
20220101,841,DIPLOMAT,PRISONER,https://www.republika.co.id/berita/r520da430/indiapakistan-tukar-daftar-tahanan,unclear,"<6 tokens in URL, too short to classify>",mistral:7b,,,,"REPUBLIKA.CO.ID,ISLAMABAD - - India dan Pakistan saling bertukar daftar warga negara yang ditahan di penjara pada Sabtu (1/1). Pertukaran dilakukan melalui diplomat masing-masing di Islamabad dan New Delhi.

Praktek ini konsisten dengan kesepakatan 2008 antara kedua belah pihak tentang akses konsuler ke tahanan. Kesepakatan itu mengharuskan mereka untuk bertukar daftar tahanan di tahanan masing-masing setiap Januari dan Juli.

Pakistan berbagi dengan diplomat top India di Islamabad daftar 628 tahanan India yang ditahan di Pakistan. Jumlah ini termasuk 577 nelayan yang dituduh melakukan penangkapan ikan ilegal di perairan teritorial Pakistan, dan 51 lainnya.

India secara bersamaan berbagi dengan Pakistan daftar tahanan tetangganya yang ditahan di India. India menyerahkan daftar 282 tahanan Pakistan dan 73 nelayan. Rincian tentang tahanan sipil yang ditahan India tidak tersedia.

Januari lalu, India menyerahkan kepada Pakistan daftar 263 tahanan Pakistan dan 77 nelayan di tahanan India. Pakistan pun pada 2021 membagikan daftar 270 nelayan India dan 49 tahanan lainnya dalam tahanannya.

Kedua belah pihak saling menangkap nelayan karena melintasi perbatasan laut tak bertanda antara kedua negara. Nelayan yang mencari hasil tangkapan yang lebih baik tanpa teknologi navigasi modern sering kali masuk ke wilayah perairan negara lain.

Badan keamanan maritim Pakistan dan India menyita kapal mereka dan memenjarakannya. Nelayan biasanya baru dibebaskan setelah kedua negara melakukan negosiasi. Biasanya para nelayan menghabiskan bertahun-tahun di balik jeruji besi tanpa pengadilan formal.

Baik Pakistan maupun India tidak memberikan rincian tentang tahanan sipil lainnya. Namun penangkapan di kedua belah pihak termasuk pelanggaran seperti visa tinggal lebih lama atau perjalanan ke kota-kota yang tidak sah.

Selain itu, menurut pernyataan resmi dari dua negara bersenjata nuklir itu, kedua belah pihak juga bertukar daftar aset dan fasilitas nuklir di bawah perjanjian yang berlaku selama tiga dekade.

Pertukaran tersebut merupakan bagian dari pakta yang ditandatangani oleh kedua negara pada Desember 1988. Dalam perjanjian itu disebut Larangan Serangan terhadap Instalasi dan Fasilitas Nuklir. Itu dilaksanakan pada 1991.

Tidak ada pihak yang memberikan rincian fasilitas dan instalasi nuklir. Hanya saja, sebagian besar diyakini bahwa daftar tersebut terdiri dari fasilitas nuklir yang diketahui.

Pakistan dan India memiliki hubungan yang tegang sejak kemerdekaan dari pemerintahan kolonial Inggris pada tahun 1947 atas wilayah Himalaya di Kashmir. Wilayah Kashmir yang indah terbagi antara India dan Pakistan. Keduanya mengklaimnya secara keseluruhan dan berperang dua dari tiga perang mereka di wilayah tersebut.

Hubungan antara kedua negara menjadi lebih tegang setelah India mencabut status khusus Kashmir yang dikuasai India dalam konstitusinya pada Agustus 2019.

Sumber:

https://apnews.com/article/pakistan-asia-india-new-delhi-kashmir-1cf725ec147d967c67b6a289014fe5eb",mixed,"Article discusses detainment of citizens from both India and Pakistan in each other's prisons, indicating a potential push factor for the individuals involved. Additionally, it mentions nuclear asset exchange between the two countries, which could be seen as a pull factor for diplomatic and strategic reasons.",mistral:7b,mixed,"Article discusses detainment of citizens from both India and Pakistan in each other's prisons, indicating a potential push factor for the individuals involved. Additionally, it mentions nuclear asset exchange between the two countries, which could be seen as a pull factor for diplomatic and strategic reasons.",article,4
20220101,1014,EMBASSY,UKRAINIAN,https://pronedra.ru/znaki-vostochnogo-kalendarya-po-godu-rozhdeniya-kotorym-povezet-v-2022-godu-628853.html,neutral,<no clear migration-related tokens>,mistral:7b,,,,,,,mistral:7b,neutral,<no clear migration-related tokens>,url_1,4
20220101,1014,EMBASSY,UKRAINIAN,https://pronedra.ru/znaki-vostochnogo-kalendarya-po-godu-rozhdeniya-kotorym-povezet-v-2022-godu-628853.html,neutral,<no clear migration-related tokens>,mistral:7b,,,,,,,mistral:7b,neutral,<no clear migration-related tokens>,url_1,4
20220101,36,MINIST OF EDUCATION,,https://www.diariolaprovinciasj.com/educacion/2022/1/1/el-ministerio-de-educacion-atendera-en-nuevo-horario-165874.html,neutral,<no clear migration-related tokens>,mistral:7b,,,,,,,mistral:7b,neutral,<no clear migration-related tokens>,url_1,4
20220101,13,MEDICAL ASSOCIATION,,https://www.aftenposten.no/verden/i/OrevnE/foerste-nyttaarsdag-ble-det-registrert-over-160000-koronatilfeller-i-en,push,corona cases,mistral:7b,,,,,,,mistral:7b,push,corona cases,url_1,4
20220101,120,DOCTOR,,https://kino.24tv.ua/ru/novogodnie-multfilmy-dlja-vsej-semi-dushevnaja-podborka-dlja_n1831930,unclear,<no clear migration-related tokens>,mistral:7b,,,,"Рождество – это самый прекрасный праздник, который с большим нетерпением ждут дети и взрослые. Так как он полон радости, и каждый ждет в это время чуда. Ничто так не помогает окунуться в атмосферу праздника, как шедевры мировой анимации. Мы подготовили пятерку лучших.

Не пропустите Разрушаем мифы в кино: 5 популярных стереотипов о казино, которые нам навязывает Голливуд

Рождественская история

(A Christmas Carol)

Год выхода: 2009

О сюжете

Великолепная анимационная драма от студии Walt Disney Pictures ""Рождественская история"" является экранизацией повести известного классика мировой литературы Чарльза Диккенса.

События картины разворачиваются вокруг пожилого мужчины по имени Эбенезер Скрудж. Он жуткий скряга, и каждый день думает только о том, как бы сэкономить лишний цент. У него нет ни капельки сочувствия к бедным людям, да и ко всему прочему, Скруджу просто чужды дружба, любовь, а Рождество он вообще не считает праздником.

Однако в преддверии этого светлого и доброго праздника Эбенезеру предстоит пережить еще раз свое прошлое и увидеть настоящее и будущее, что заставит его по-другому взглянуть на мир, и это изменит его навсегда.

Трейлер мультфильма ""Рождественская история"": смотрите видео онлайн

Актер всегда находится в центре внимания на съемочной площадке. Так же, как SlotoKing среди любителей азартных игр. Это онлайн-казино занимает лидирующие позиции среди украинских аналогов, так как предоставляет только высококачественный сервис.

Полярный экспресс

(The Polar Express)

Год выхода: 2004

О сюжете

Мультфильм режиссера Роберта Земекиса, снятый по мотивам одноименной книги Криса Ван Оллсбурга.

Сюжет рассказывает о необычных путешествиях маленького мальчика по Северному полюсу в волшебном поезде к Санта-Клаусу. Мальчик верит в Санту, вопреки тому, что все его друзья и семья в один голос утверждают, что это лишь сказка. И вот однажды вера мальчика вознаграждается.

В канун Рождества мальчик вдруг получает возможность поехать на волшебном поезде к нему в гости. И в то время, как на спящий мир опускается Рождественская ночь, пассажиры экспресса мчатся на Северный полюс, встречая приключения и опасности на своем пути, которые подстерегают их в зловещих горах, темных лесах и ледяной тундре. Героев ждут удивительные путешествия на пути к их цели.

Трейлер мультфильма ""Полярный экспресс"": смотрите видео онлайн



Клаус

(Klaus)

Год выхода: 2019

О сюжете

История о том, как все началось...

Когда эгоистичный и ленивый сын богатого магната Джеспер проваливает учебу в почтовой академии, заслуженно становясь худшим студентом, отец парня отправляет его на перевоспитание на отдаленный остров за полярным кругом.

Чтобы вернуться домой и пользоваться благами родительского достатка, Джесперу придется послать шесть тысяч писем, однако вскоре он обнаруживает, что местные жители, разделенные на два противоборствующих лагеря, вообще не пользуются почтовыми услугами.

Джеспер, раздосадованный очередной неудачей, собирается признать миссию невыполнимой, но неожиданно находит союзников – очаровательную учительницу Альву и таинственного лесоруба Клауса.

Трейлер мультфильма ""Клаус"": смотрите видео онлайн



Хранители снов

(Rise of the Guardians)

Год выхода: 2012

О сюжете

Это полнометражный мультфильм-сказка, созданный по книге писателя Уильяма Джойса.

Герои этой истории, Санта-Клаус, Пасхальный кролик, Зубная фея и Песочный человек, дружат с детства, а теперь они являются одной дружной командой, которая охраняет сны малышей. Все шло замечательно, пока на горизонте не появился злой дух. Ему совсем не по нраву то, что дети очень много мечтают, и в планы злодея входит заменить детские фантазии ночными кошмарами.

Восемнадцатилетний Ледяной Джек приходит на помощь хранителям и возглавляет борьбу против злого духа. Ситуация осложняется тем, что прихвостни злодея похитили помощниц Зубной Феи и детские зубки, в том числе и зубы Джека, что лишает стража детских воспоминаний. Однако отступать нельзя. Детей, их мечты и веру надо спасти.

Трейлер мультфильма ""Хранители снов"": смотрите видео онлайн



Секретная служба Санта-Клауса

(Arthur Christmas)

Год выхода: 2011

О сюжете

Мультфильм погружает зрителя в мир захватывающих приключений Санта-Клауса и его младшего сына Артура. Каждый ребенок старается вести себя хорошо, чтобы в Новый Год увидеть под елкой желанные подарки, но одна девочка, несмотря на то, что весь год вела себя хорошо, осталась без подарка. Как такое могло произойти?

Почему верные помощники Санта-Клауса, эльфы, допустили такую ошибку? Ведь это же волшебный праздник, и у каждого ребенка должен быть подарок! Ситуацию решает исправить Артур, сын Санта-Клауса, который работает в почтовом отделении. Храбрый мальчик решается на опасные приключения ради справедливости.

Трейлер мультфильма ""Секретная служба Санта Клауса"": смотрите видео онлайн

Сайт 24 канала поздравляет всех с Новым годом и Рождеством Христовым. Спасибо, что доверяете – мы вместе меняем страну к лучшему.",neutral,The article is about Christmas movies and does not discuss conditions that may cause people to migrate.,mistral:7b,neutral,The article is about Christmas movies and does not discuss conditions that may cause people to migrate.,article,4
20220101,120,DOCTOR,,https://kino.24tv.ua/ru/novogodnie-multfilmy-dlja-vsej-semi-dushevnaja-podborka-dlja_n1831930,unclear,<no clear migration-related tokens>,mistral:7b,,,,"Рождество – это самый прекрасный праздник, который с большим нетерпением ждут дети и взрослые. Так как он полон радости, и каждый ждет в это время чуда. Ничто так не помогает окунуться в атмосферу праздника, как шедевры мировой анимации. Мы подготовили пятерку лучших.

Не пропустите Разрушаем мифы в кино: 5 популярных стереотипов о казино, которые нам навязывает Голливуд

Рождественская история

(A Christmas Carol)

Год выхода: 2009

О сюжете

Великолепная анимационная драма от студии Walt Disney Pictures ""Рождественская история"" является экранизацией повести известного классика мировой литературы Чарльза Диккенса.

События картины разворачиваются вокруг пожилого мужчины по имени Эбенезер Скрудж. Он жуткий скряга, и каждый день думает только о том, как бы сэкономить лишний цент. У него нет ни капельки сочувствия к бедным людям, да и ко всему прочему, Скруджу просто чужды дружба, любовь, а Рождество он вообще не считает праздником.

Однако в преддверии этого светлого и доброго праздника Эбенезеру предстоит пережить еще раз свое прошлое и увидеть настоящее и будущее, что заставит его по-другому взглянуть на мир, и это изменит его навсегда.

Трейлер мультфильма ""Рождественская история"": смотрите видео онлайн

Актер всегда находится в центре внимания на съемочной площадке. Так же, как SlotoKing среди любителей азартных игр. Это онлайн-казино занимает лидирующие позиции среди украинских аналогов, так как предоставляет только высококачественный сервис.

Полярный экспресс

(The Polar Express)

Год выхода: 2004

О сюжете

Мультфильм режиссера Роберта Земекиса, снятый по мотивам одноименной книги Криса Ван Оллсбурга.

Сюжет рассказывает о необычных путешествиях маленького мальчика по Северному полюсу в волшебном поезде к Санта-Клаусу. Мальчик верит в Санту, вопреки тому, что все его друзья и семья в один голос утверждают, что это лишь сказка. И вот однажды вера мальчика вознаграждается.

В канун Рождества мальчик вдруг получает возможность поехать на волшебном поезде к нему в гости. И в то время, как на спящий мир опускается Рождественская ночь, пассажиры экспресса мчатся на Северный полюс, встречая приключения и опасности на своем пути, которые подстерегают их в зловещих горах, темных лесах и ледяной тундре. Героев ждут удивительные путешествия на пути к их цели.

Трейлер мультфильма ""Полярный экспресс"": смотрите видео онлайн



Клаус

(Klaus)

Год выхода: 2019

О сюжете

История о том, как все началось...

Когда эгоистичный и ленивый сын богатого магната Джеспер проваливает учебу в почтовой академии, заслуженно становясь худшим студентом, отец парня отправляет его на перевоспитание на отдаленный остров за полярным кругом.

Чтобы вернуться домой и пользоваться благами родительского достатка, Джесперу придется послать шесть тысяч писем, однако вскоре он обнаруживает, что местные жители, разделенные на два противоборствующих лагеря, вообще не пользуются почтовыми услугами.

Джеспер, раздосадованный очередной неудачей, собирается признать миссию невыполнимой, но неожиданно находит союзников – очаровательную учительницу Альву и таинственного лесоруба Клауса.

Трейлер мультфильма ""Клаус"": смотрите видео онлайн



Хранители снов

(Rise of the Guardians)

Год выхода: 2012

О сюжете

Это полнометражный мультфильм-сказка, созданный по книге писателя Уильяма Джойса.

Герои этой истории, Санта-Клаус, Пасхальный кролик, Зубная фея и Песочный человек, дружат с детства, а теперь они являются одной дружной командой, которая охраняет сны малышей. Все шло замечательно, пока на горизонте не появился злой дух. Ему совсем не по нраву то, что дети очень много мечтают, и в планы злодея входит заменить детские фантазии ночными кошмарами.

Восемнадцатилетний Ледяной Джек приходит на помощь хранителям и возглавляет борьбу против злого духа. Ситуация осложняется тем, что прихвостни злодея похитили помощниц Зубной Феи и детские зубки, в том числе и зубы Джека, что лишает стража детских воспоминаний. Однако отступать нельзя. Детей, их мечты и веру надо спасти.

Трейлер мультфильма ""Хранители снов"": смотрите видео онлайн



Секретная служба Санта-Клауса

(Arthur Christmas)

Год выхода: 2011

О сюжете

Мультфильм погружает зрителя в мир захватывающих приключений Санта-Клауса и его младшего сына Артура. Каждый ребенок старается вести себя хорошо, чтобы в Новый Год увидеть под елкой желанные подарки, но одна девочка, несмотря на то, что весь год вела себя хорошо, осталась без подарка. Как такое могло произойти?

Почему верные помощники Санта-Клауса, эльфы, допустили такую ошибку? Ведь это же волшебный праздник, и у каждого ребенка должен быть подарок! Ситуацию решает исправить Артур, сын Санта-Клауса, который работает в почтовом отделении. Храбрый мальчик решается на опасные приключения ради справедливости.

Трейлер мультфильма ""Секретная служба Санта Клауса"": смотрите видео онлайн

Сайт 24 канала поздравляет всех с Новым годом и Рождеством Христовым. Спасибо, что доверяете – мы вместе меняем страну к лучшему.",neutral,"The article does not provide specific conditions related to migration-driving factors like war, violence, unemployment, etc., nor does it mention jobs, hiring, visas, or asylum access that could indicate pull factors.",mistral:7b,neutral,"The article does not provide specific conditions related to migration-driving factors like war, violence, unemployment, etc., nor does it mention jobs, hiring, visas, or asylum access that could indicate pull factors.",article,4
20220101,10,CROATIAN,,https://madeinfoot.ouest-france.fr/infos/article-asm-l-as-monaco-officialise-le-depart-de-niko-kovac-officiel-364395.html,neutral,<no clear migration-related tokens>,mistral:7b,,,,,,,mistral:7b,neutral,<no clear migration-related tokens>,url_1,4
20220101,10,CROATIAN,,https://madeinfoot.ouest-france.fr/infos/article-asm-l-as-monaco-officialise-le-depart-de-niko-kovac-officiel-364395.html,neutral,<no clear migration-related tokens>,mistral:7b,,,,,,,mistral:7b,neutral,<no clear migration-related tokens>,url_1,4
20220101,42,CROATIAN,,https://madeinfoot.ouest-france.fr/infos/article-asm-l-as-monaco-officialise-le-depart-de-niko-kovac-officiel-364395.html,neutral,<no clear migration-related tokens>,mistral:7b,,,,,,,mistral:7b,neutral,<no clear migration-related tokens>,url_1,4
20220101,42,CROATIAN,,https://madeinfoot.ouest-france.fr/infos/article-asm-l-as-monaco-officialise-le-depart-de-niko-kovac-officiel-364395.html,neutral,none,mistral:7b,,,,,,,mistral:7b,neutral,none,url_1,4
20220101,43,JAKARTA,FLORIDA,https://www.republika.co.id/berita/r520u2384/ini-ketentuan-tes-antigen-di-stasiun,unclear,none,mistral:7b,,,,"REPUBLIKA.CO.ID, JAKARTA -- PT Kereta Api Indonesia (Persero) atau KAI saat ini menurunkan tarif tes antigen dari Rp 45 ribu menjadi Rp 35 ribu untuk penumpang kereta api (KA) jarak jauh. Kepala Humas KAI Daop 1 Jakarta Eva Chairunisa mengatakan bagi yang ingin melakukan tes antigen di stasiun, para calon pengguna wajib sudah memiliki kode booking tiket.

""Jika setelah proses antigen mendapatkan hasil positif maka bea tiket dapat dikembalikan 100 persen secara tunai di loket stasiun,"" kata Eva dalam pernyataan tertulisnya, Sabtu (1/1).

Dia menjelaskan, di KAI Daop 1 Jakarta sejak awal masa libur Natal dan Tahun Baru 2021/2022 sejak 17 Des 2021 hingga saat ini sekitar 80 ribu calon pengguna jasa memanfaatkan layanan tes antigen di Stasiun. Layanan tes antigen di wilayah KAI Daop 1 Jakarta berada di Stasiun Gambir pukul 06.00 WIB hingga 21.00 WIB, Pasar Senen pukul 05.00 WIB hingga 22.30 WIB, Bekasi pukul 09.00 WIB hingga 18.00 WIB, Karawang pukul 08.30 WIB hingga 17.30 WIB, dan Cikampek 09.30 WIB hingga 18.30 WIB.

Eva mengimbau calon penumpang untuk memperhatikan dan melengkapi persyaratan naik KA jarak jauh selama Nataru 2021/2022. Salah satunya adalah hasil negatif Rapid Test Antigen bagi calon penumpang di atas 12 tahun.

""Bagi calon penumpang yang melakukan antigen di stasiun juga diimbau agar proses dilakukan H-1 atau satu hari sebelum jadwal keberangkatan,"" ujar Eva.

Dengan semakin terjangkaunya harga tes antigen, Eva mengharapkan calon penumpang dapat memanfaatkan layanan tes Rapid Test Antigen dalam melengkapi persyaratan perjalanan. Hal tersebut sesuai protokol kesehatan yang telah ditetapkan.

Dalam menghadirkan layanan antigen di stasiun merupakan, KAI bekerja sma dengan Rajawali Nusantara Indonesia melalui anak usahanya yaitu Rajawali Nusindo. Begitu juga dengan Indofarma melalui anak usahanya yaitu Farmalab serta pihak-pihak lainnya.",neutral,The article is about the reduction of antigen test fees for railway passengers and does not explicitly discuss conditions that would cause people to leave or arrive in a specific country.,mistral:7b,neutral,The article is about the reduction of antigen test fees for railway passengers and does not explicitly discuss conditions that would cause people to leave or arrive in a specific country.,article,4
20220101,10,ISRAEL,,https://www.lematin.ch/story/apres-des-tirs-de-roquettes-frappes-israeliennes-sur-gaza-569823935907,push,'gaza',mistral:7b,,,,,,,mistral:7b,push,'gaza',url_1,4
20220101,61,ISRAEL,,https://www.alquds.co.uk/%D8%A7%D9%84%D8%AC%D9%8A%D8%B4-%D8%A7%D9%84%D8%A5%D8%B3%D8%B1%D8%A7%D8%A6%D9%8A%D9%84%D9%8A-%D9%8A%D9%82%D8%B5%D9%81-%D8%A3%D9%87%D8%AF%D8%A7%D9%81%D8%A7-%D9%81%D9%8A-%D9%82%D8%B7%D8%A7%D8%B9-%D8%BA/,unclear,none,mistral:7b,,,,"غزة: شنت مقاتلات إسرائيلية، في ساعة مبكرة في فجر الأحد، نحو 10 غارات على موقع يتبع لكتائب عز الدين القسام، الجناح المسلح لحركة المقاومة الإسلامية “حماس”.

وأغارت الطائرات الحربية الإسرائيلية على نحو متكرر على موقع يطلق عليه اسم “القادسية”، غربي مدينة خانيونس، جنوبي قطاع غزة.

وذكر شهود عيان، أن الطائرات شنت 10 غارات متتابعة على الموقع المذكور.

كما قصفت المدفعية الإسرائيلية، 4 نقاط مراقبة، تستخدمها قوات أمنية تتبع لحركة حماس في مراقبة الشريط الحدودي مع إسرائيل، شمالي قطاع غزة.

ولم تعلن وزارة الصحة الفلسطينية عن وقوع إصابات جراء الغارات.

من ناحيته، قال الجيش الإسرائيلي في بيان: “شنت طائرات ومروحيات حربية قبل قليل غارات جوية مستهدفة مجموعة من الأهداف داخل مجمع لإنتاج قذائف صاروخية تابع لحماس في (مدينة) خانيونس، كما قصفت دبابات نقاطا عسكرية لحماس على الحدود مع قطاع غزة”.

وأضاف: “يعتبر حجم الأهداف ونوعيتها، بمثابة رد على إطلاق الصاروخين (صباح السبت) من قطاع غزة نحو شواطئ البحر قبالة منطقة تل أبيب الكبرى”.

وفي وقت سابق، قالت قناة “كان” الإسرائيلية الرسمية، إن الجيش قرر تنفيذ هجمات على أهداف في غزة ردا على إطلاق صاروخين من القطاع وسقوطهما في البحر قبالة شواطئ وسط البلاد.

ونقلت القناة عن مصدر أمني لم تسمه إن “الجيش الإسرائيلي قرر مهاجمة أهداف في غزة ردا على حادثة إطلاق الصاروخين”.

وصباح السبت، قال الجيش الإسرائيلي إن صاروخين أُطلقا من غزة، وسقطا في عرض البحر المتوسط قبالة ساحل منطقة غوش دان وسط البلاد، التي تضم مدينة تل أبيب.

واعتبر المصدر الأمني، لقناة “كان”، أن “ما حدث خطير وغير مقبول”.

وفي قطاع غزة، لم تصدر أي جهة، تعقيبا حول الحدث، كما لم تعلن أي جهة مسؤوليتها عن إطلاق أي صواريخ.

(الأناضول)",push,"War, violence",mistral:7b,push,"War, violence",article,4
20220101,190,ISRAELI,ISRAEL,https://ria.ru/20220102/status-1766397981.html,neutral,none,mistral:7b,,,,,,,mistral:7b,neutral,none,url_1,4
20220101,871,ISRAEL,PALESTINIAN,https://www.alquds.co.uk/%D8%A7%D9%84%D8%AC%D9%8A%D8%B4-%D8%A7%D9%84%D8%A5%D8%B3%D8%B1%D8%A7%D8%A6%D9%8A%D9%84%D9%8A-%D9%8A%D9%82%D8%B5%D9%81-%D8%A3%D9%87%D8%AF%D8%A7%D9%81%D8%A7-%D9%81%D9%8A-%D9%82%D8%B7%D8%A7%D8%B9-%D8%BA/,unclear,none,mistral:7b,,,,"غزة: شنت مقاتلات إسرائيلية، في ساعة مبكرة في فجر الأحد، نحو 10 غارات على موقع يتبع لكتائب عز الدين القسام، الجناح المسلح لحركة المقاومة الإسلامية “حماس”.

وأغارت الطائرات الحربية الإسرائيلية على نحو متكرر على موقع يطلق عليه اسم “القادسية”، غربي مدينة خانيونس، جنوبي قطاع غزة.

وذكر شهود عيان، أن الطائرات شنت 10 غارات متتابعة على الموقع المذكور.

كما قصفت المدفعية الإسرائيلية، 4 نقاط مراقبة، تستخدمها قوات أمنية تتبع لحركة حماس في مراقبة الشريط الحدودي مع إسرائيل، شمالي قطاع غزة.

ولم تعلن وزارة الصحة الفلسطينية عن وقوع إصابات جراء الغارات.

من ناحيته، قال الجيش الإسرائيلي في بيان: “شنت طائرات ومروحيات حربية قبل قليل غارات جوية مستهدفة مجموعة من الأهداف داخل مجمع لإنتاج قذائف صاروخية تابع لحماس في (مدينة) خانيونس، كما قصفت دبابات نقاطا عسكرية لحماس على الحدود مع قطاع غزة”.

وأضاف: “يعتبر حجم الأهداف ونوعيتها، بمثابة رد على إطلاق الصاروخين (صباح السبت) من قطاع غزة نحو شواطئ البحر قبالة منطقة تل أبيب الكبرى”.

وفي وقت سابق، قالت قناة “كان” الإسرائيلية الرسمية، إن الجيش قرر تنفيذ هجمات على أهداف في غزة ردا على إطلاق صاروخين من القطاع وسقوطهما في البحر قبالة شواطئ وسط البلاد.

ونقلت القناة عن مصدر أمني لم تسمه إن “الجيش الإسرائيلي قرر مهاجمة أهداف في غزة ردا على حادثة إطلاق الصاروخين”.

وصباح السبت، قال الجيش الإسرائيلي إن صاروخين أُطلقا من غزة، وسقطا في عرض البحر المتوسط قبالة ساحل منطقة غوش دان وسط البلاد، التي تضم مدينة تل أبيب.

واعتبر المصدر الأمني، لقناة “كان”، أن “ما حدث خطير وغير مقبول”.

وفي قطاع غزة، لم تصدر أي جهة، تعقيبا حول الحدث، كما لم تعلن أي جهة مسؤوليتها عن إطلاق أي صواريخ.

(الأناضول)",push,Israeli airstrikes on Gaza causing displacement,mistral:7b,push,Israeli airstrikes on Gaza causing displacement,article,4
20220101,190,ISRAELI,GAZA,https://ria.ru/20220102/udary-1766397744.html,push,'blows' (attacks in Russian),mistral:7b,,,,,,,mistral:7b,push,'blows' (attacks in Russian),url_1,4
20220101,194,ISRAEL,PALESTINIAN,https://www.lematin.ch/story/apres-des-tirs-de-roquettes-frappes-israeliennes-sur-gaza-569823935907,push,'gaza',mistral:7b,,,,,,,mistral:7b,push,'gaza',url_1,4
20220101,194,ISRAEL,HAMAS,https://www.lematin.ch/story/apres-des-tirs-de-roquettes-frappes-israeliennes-sur-gaza-569823935907,repeat,same as row 77,mistral:7b,,,,,,,mistral:7b,repeat,same as row 77,url_1,4
20220101,90,ISRAELI,,https://www.adn40.mx/internacional/israel-flurona-gripe-covid-19-pfp,neutral,none,mistral:7b,,,,,,,mistral:7b,neutral,none,url_1,4
20220101,10,ISRAELI,ISRAEL,https://www.notigape.com/israel-detecto-primer-caso-de-flurona-gripe-y-covid-19-en-simultaneo/243839,neutral,[none],mistral:7b,,,,,,,mistral:7b,neutral,[none],url_1,4
20220101,90,ISRAELI,ISRAEL,https://www.adn40.mx/internacional/israel-flurona-gripe-covid-19-pfp,unclear,[none],mistral:7b,,,,"Israel diagnosticó el primer caso de flurona, una infección simultánea de gripe y COVID-19; el caso se trata es una mujer de 30 años que no se había vacunado contra la COVID-19 y que recientemente había dado a luz en el hospital de Beilinson, de Petaj Tikva.

Según explicaron los responsables médicos del nosocomio, pese a no estar vacunada ni contra el COVID-19 ni contra la gripe la mujer se encontraba ""bien"".

""Le diagnosticaron la gripe y el coronavirus nada más llegar. Ambas pruebas dieron positivo, incluso después de que repitiéramos el test"", aseguró Arnon Viznitzer, jefe del Departamento de Obstetricia y Ginecología del hospital, que además explicó que '""la enfermedad es elementalmente la misma: algo vírico que provoca problemas respiratorios en las vías respiratorias superiores"".

Los médicos siguen pendientes del caso y en alerta, pues pese a que en principio la paciente solo ha mostrado síntomas leves existe preocupación por si la mezcla de ambos virus provocan una enfermedad de gravedad.

La mujer ha recibido una combinación de medicamentos que atacan tanto al coronavirus como a la gripe, por lo que fue dada de alta el pasado 30 de diciembre.

Estamos viendo más y más enfermedades similares entre las mujeres embarazadas, además de casos de coronavirus en mujeres que no están vacunadas ni contra el COVID-19 ni contra la gripe.

, señaló el doctor Viznitzer.

También aseguró que el año pasado no observaron prácticamente ningún caso de gripe en mujeres embarazadas. El Ministerio de Salud de Israel estudia el caso, pero los expertos consideran que puede haber más que no han sido identificados.

""Los picos concurrentes de gripe y COVID-19 podrían significar el colapso de los hospitales de Israel"", dijo Erez Barenboim, director general del Hospital Samson Assuta Ashdod.

El pasado jueves, Israel aprobó la cuarta dosis de la vacuna contra la COVID-19 para personas inmunodeprimidas mientras sigue estudiando sus efectos para el resto de la población.

La farmacéutica Moderna ya se encuentra realizando estudios acerca de la combinación de la gripe y el coronavirus, y están tratando de desarrollar una vacuna única que combina dosis de refuerzo contra flurona, siendo una vacuna experimental.

adn40, el canal informativo más visto de México. Descarga nuestra app

pfp",unclear,"The article primarily discusses the emergence of a new virus (Flurona) affecting an unvaccinated woman in Israel, but it does not clearly indicate conditions that would cause people to leave or arrive in Israel.",mistral:7b,unclear,"The article primarily discusses the emergence of a new virus (Flurona) affecting an unvaccinated woman in Israel, but it does not clearly indicate conditions that would cause people to leave or arrive in Israel.",article,4
20220101,190,ISRAELI,,https://ria.ru/20220102/status-1766397981.html,push,udary,mistral:7b,,,,,,,mistral:7b,push,udary,url_1,4
20220101,190,ISRAEL,ISRAEL,https://ria.ru/20220102/status-1766397981.html,pull,status,mistral:7b,,,,,,,mistral:7b,pull,status,url_1,4
20220101,190,ISRAEL,ISRAEL,https://ria.ru/20220102/udary-1766397744.html,push,udary,mistral:7b,,,,,,,mistral:7b,push,udary,url_1,4
20220101,190,ISRAELI,GAZA,https://ria.ru/20220102/status-1766397981.html,pull,status,mistral:7b,,,,,,,mistral:7b,pull,status,url_1,4
20220101,190,ISRAELI,GAZA,https://ria.ru/20220102/udary-1766397744.html,push,udary,mistral:7b,,,,,,,mistral:7b,push,udary,url_1,4
20220101,20,ISRAELI,ISRAELI,https://www.alarab.com/Article/1018146,unclear,[none],mistral:7b,,,,"اتكالا منا على الله.. اول الحروف للعاصفة...في بيانها الاول... وحجر رمي في نهر الاردن قالوا سيغير مجرى التاريخ.... الى الاعتراف بتوثيق مؤتمر هرتزل الاول.. واقرار سياسي وتاريخي وقانوني . بالاعتراف على معظم الارض التاريخية لصالح المشروع الصهيوني.. باغتيال العاصفة .

احتفى المحتفون با حتفالات خجولة بالانطلاقة وتحفظات باطنة معترضة على هذا النهج من الفتحاويين وما زالت قواعد فتح وكوادرها غير قادرة على زحزحه وانهاء هذا النهج المدمر للحركة الوطنية وفتح. لانطلاقة ثورة انتهكت مبادئها واهدافها وشرد وقتل كثير من مناضليها ودخلت دهاليز التسوية المميتة لقضيتنا وحقوقنا وكرامتنا وشهدائنا ليحتفلوا بخيبتهم وسقوط ثورة .. كان الاجدر ان تصوبوا بموضوعية سلوك وطريق لحركة استولى عليها مارقين ولصوص لترجعوا الحق الوطني الى نصابه ولتعيدوا شرف القسم والوعد فان الوعد والعهد مسؤلا ... وما زالت مشكلتنا قائمة في نخب تجامل وهي تدري او لا تدري انها تتساوق وتؤيد هؤلاء اللصوص. لثورة وكيان يبيع غالبية فلسطين في اول محطة تمكنت فيها تلك الفئة، في

في حين قراءة الواقع بشكل جيد يعطيك احداثيات الماضي.

قال رئيس أركان الجيش الإسرائيلي، أفيف كوخافي، إن جيشه كان يستعد لشن عملية أمنية واسعة في جنين قبل ثلاثة أشهر، لكن إسرائيل مارست ضغوطا على السلطة الفلسطينية حتى نفذت العملية بنفسه وصادرت اسلحة واعتقلت العشرات ولاحقت الارهبيين وعمليات العنف .

عام مضى حمل معه الكثير من الروايات والاحداث على المستوى الذاتي والاقليمي والدولي وكان عاما قاسيا على جمبع الشعوب في العالم. وانذا ر للبشرية ومهما اتت من قوة البطش والتقدم العلمي بان القوة لله وحده الواحد الاحد..وفلسطينيا حمل معه استمرار لسلب ارادته وتكريس انقسامة والثبات على برنامج اضاع القضية وفتك بها واستمرار لوجود اللصوص والفاسدين والعصابات المنظمة في حياته ومتصدرين القرار .. وعام ياتي من جديد نتمنى ان يكون افضل حالا مما مضى على الكرة الارضية وعام جديد على شعبنا يتخلص من الامه وازماته وعام يتم فيه تقرير حق المصير لشعبنا ونيل حقوقه التاريخية واختفاء اللصوص والمستبدين والفاسدين من حياته. وكل عام ياتي وانتم بخير يا شعبنا الفلسطيني وامتنا العربية والاسلامية وشعوب العالم.

من عجب العجاب ان يتحدث رئيس السلطة بعبارات شعبوية تخالف سلوكه و ممارساته التي لم تعد تخفى حتى على العامة في حين ان سقف محادثاته واتصالاته بالاسرائيليين لا يعدو عن كونه دور وظيفي بموجب قناعة اسرائيلية امريكية بتعزيز دور السلطة مادامت تقوم بهذا الدور الوظيفي ربما كانت كلمة رئيس الاركان كوفاخي توجز كثير مما سنقول حين كثفت السلطة عملياتها الامنية في كل مناطق أ و ب قبل اللقاء الاخير الذي تم مع وزير الحرب الصهيوني في منزله في شمال فلسطين المحتلة والذي حمل اسم (الازدهار والامن) طبيعي ان يحمل هذا الاسم بما يحمل من معاني وسلوكيات نفذتها السلطة ضد الحركة الوطنية الفلسطينية في الضفة الغربية وتزايد عدد العمليات التي تستهدف المستوطنين و جيش الاحتلال و في ظل عمل معاكس بدأ به المستوطنين في التهجم على القرى الفلسطينية والمزارع الفلسطينية و الغريب هنا ان يقبل عباس قارورة من زيت الزيتون التي اقل شجرة فيه اطول من عمر الاحتلال وعمر عباس في حد ذاته وهو زيتون فلسطيني تاريخي واملاك فلسطينية وكأن غينتس يريد ان يقول لن نتخلى عن الاستيطان ومصادرة الارض والمياه والاشجار ايضا وقبل بذلك عباس بدون اي اعتراض .

ولكن عباس يتحدث ويقول انه سيحارب العنف ويلاحقه ولن يتخلى عن التنسيق الامني الذي اعترف بفائدته كوفاخي .

الانطلاقة و في التحضير لاحتفالاتها يذهب الرئيس الفلسطيني للقاء كوفاخي تحت جدول عمل الامن اولا ثم بعض الحقوق المدنية للشعب الفلسطيني وبالتأكيد ان الاسرائيليين يضعوا الامن اولا بمقايدة عجيبة بمال لتعزيز السلطة في حين ايضا ان الاحتلال وامريكا والغرب يقرون بقاء الوضع كما هو عليه بدون اي افق سياسي او الرجوع حتى للمبادرات والمشاريع التي لا تعطي الفلسطينيين حقهم والتي لا تهدف لحل الصراع .

ماذا يقول الفتحاويون المحتشدون في اماكن مختلفة لاشعال شعلة الانطلاقة اهم حقا فتحاويون او هل هناك مراجعات يمكن ان تعيد سريان النهر لمجراه الاساسي ام مازالت تلك النخب والقاعدة الشعبية لحركة فتح مغررة بجمل شعبوية يرفضها الواقع الذي حركة فتح فيه الان فشتان بين فتح الانطلاقة وشعائرها وشهدائها واسراها وبين سلوك قيادة حركة فتح منذ سنوات وليس الان فحسب ، لماذا لم تعترض تلك النخب على هذا النهج ؟ لماذا تحولت الثقافة من ثقافة التحرير الى ثقافة الترويض السلوكي والثقافي لقبول الواقع وقبول قراصنة على هذه الارض واعطائهم الشرعية ، هل هناك من حركة تحرر تنازلت عن شبر واحد من اراضيها او حرف من حروف مبادئها دعونا ان نقول ان هناك في الامر شيئا من البدايات الى واقع النهايات .

عن اي امن وازدهار يتحدث عباس و غينتس و المستوطنين الاسرائيليين مطلوب حمايتهم ليس من جيش الاحتلال بل من الاجهزة الامنية للسلطة التي تقول عن نفسها انها وطنية في حين ان اسرائيل في اتفاقية اوسلو رفضت وضع كلمة وطنية في تعريف السلطة في اشارة بلاغية بأن السلطة هي احد المؤسسات التي يديرها الاحتلال وقبلت القيادة الفلسطينية بشطب كلمة الوطنية ولم تذكر اي محددات للاستيطان او رفض الاستيطان او وقف الاستيطان هكذا الواقع و هكذا الامور بل مطلوب من الشعب الفلسطيني ان لا يواجه عملية مصادرة الاراضي او القتل على الحواجز او مقاومة الاحتلال وبالتالي يتحقق الامن والازدهار للاسرائيليين والقتل والدمار وتدمير المنازل والمزارع يجب ان يتحمله الشعب الفلسطيني مقابل امن وازدهار الاتحلال وبعض ملايين الدولارات التي تحيي رجال السلطة ولا تحيي الشعب الفلسطيني .",unclear,,mistral:7b,unclear,,article,4
20220101,43,ITALY,,https://www.analisidifesa.it/2022/01/il-2021-ha-rilanciato-limmigrazione-illegale-su-vasta-scala-in-italia/,pull,illegal-immigration,mistral:7b,,,,,,,mistral:7b,pull,immigrazione-illegale,url_1,4
20220101,173,ITALY,ALBANIA,http://www.oranews.tv/vendi/ky-eshte-shqiptari-i-arratisur-nga-burgu-ne-itali-naten-e-nderrimit-te-vit-i1023852,pull,escaped-from-prison-in-italy,mistral:7b,,,,,,,mistral:7b,pull,escaped-from-prison-in-italy,url_1,4
20220101,42,ITALY,ITALIAN,https://www.interris.it/copertina/perno-opbg-omicron-bambini/,neutral,<URL too short>,mistral:7b,,,,,,,mistral:7b,neutral,<URL too short>,url_1,4
20220101,43,ITALIAN,,https://www.interris.it/copertina/perno-opbg-omicron-bambini/,neutral,<URL too short>,mistral:7b,,,,,,,mistral:7b,neutral,<URL too short>,url_1,4
20220101,43,ITALIAN,ITALY,https://www.interris.it/copertina/perno-opbg-omicron-bambini/,neutral,<URL too short>,mistral:7b,,,,,,,mistral:7b,neutral,<URL too short>,url_1,4
20220101,10,JUDGE,,https://www.analisidifesa.it/2022/01/il-2021-ha-rilanciato-limmigrazione-illegale-su-vasta-scala-in-italia/,pull,immigration-illegal,mistral:7b,,,,,,,mistral:7b,pull,immigration-illegale,url_1,4
20220101,43,SOUTH KOREA,MUSLIM,https://portaljember.pikiran-rakyat.com/pariwisata/pr-163372393/7-destinasi-wisata-halal-di-korea-selatan-cocok-bagi-umat-muslim-yang-traveling-ke-negeri-ginseng,unclear,<URL too short>,mistral:7b,,,,,unclear,,mistral:7b,unclear,,article,4
20220101,84,TRADE UNION,,https://www.franceguyane.fr/actualite/social/mobilisation-sociale-a-pointe-a-pitre-elie-domota-a-ete-arrete-493999.php,push,social-mobilization,mistral:7b,,,,,,,mistral:7b,push,social-mobilization,url_1,4
20220101,111,TRADE UNION,,https://www.franceguyane.fr/actualite/social/mobilisation-sociale-a-pointe-a-pitre-elie-domota-a-ete-arrete-493999.php,push,social-mobilization,mistral:7b,,,,,,,mistral:7b,push,social-mobilization,url_1,4
20220101,100,REPRESENTATIVES,VOTER,https://www.corriere.it/editoriali/22_gennaio_01/i-partiti-quirinaleche-cosa-serve-ora-paese-466c0010-6b3e-11ec-a3c8-e3c830b3b1de.shtml,unclear,<URL too short>,mistral:7b,,,,"di Luciano Fontana

Nella scelta del nuovo presidente della Repubblica è necessaria una prova di responsabilità, la stessa che ha consentito la formazione del governo Draghi

Illustrazione di Doriano Solinas

Dobbiamo soltanto essere grati al presidente della Repubblica Sergio Mattarella per come ha guidato il Paese in questi sette anni. L’Italia ha attraversato un lungo periodo di difficoltà economiche con una politica sull’orlo del fallimento, incapace di indicare un governo, un assetto istituzionale stabile, una prospettiva di futuro. La pandemia ha aggravato terribilmente questo vuoto, alimentando un senso di smarrimento proprio nei giorni in cui eravamo preoccupati per le nostre vite, per quelle dei nostri cari e per il benessere dell’intera comunità. Aver dato fiducia, aver individuato scelte in grado di «evitare pericolosi salti nel buio», come ha ricordato il capo dello Stato nel suo discorso di fine anno, è un merito che resterà per sempre. Come resterà il suo rispetto per la Costituzione, lo stile mai arrogante ma determinato di intervenire nei momenti cruciali, la pazienza dimostrata di fronte alle giravolte e alle ipotesi illusorie dei partiti che hanno vinto le ultime elezioni. Se l’Italia sta faticosamente trovando una via d’uscita, se anche in questi giorni di emergenza per il riesplodere dei contagi può nutrire fiducia nella barriera creata da una campagna di vaccinazione massiccia, lo si deve in larga parte a lui e alla sua decisione di affidare a Mario Draghi la guida del Paese, spingendo gran parte delle forze politiche a un atto di responsabilità.

La stessa responsabilità ora i parlamentari e i delegati regionali debbono dimostrarla nell’elezione del nuovo presidente della Repubblica, ormai alle porte. Mattarella ha indicato quali sono le caratteristiche che il capo dello Stato deve sempre avere, ancora di più, aggiungo, in una fase così delicata: chi viene scelto «deve spogliarsi di ogni precedente appartenenza e farsi carico esclusivamente dell’interesse generale, del bene comune... E salvaguardare ruolo, poteri e prerogative dell’istituzione che riceve dal suo predecessore e che deve trasmettere integri al suo successore». Non è facile rintracciare qualcosa di simile nelle manovre che sono in pieno svolgimento tra leader ed esponenti dei partiti. Si moltiplicano i veti incrociati, gli appelli roboanti che servono solo a sbarrare il passo alle candidature sgradite. Crescono le aspirazioni personali e le trame nell’ombra. Tutto si svolge in modo incerto e confuso. Eppure i criteri, razionali e perfino obbligati in questa situazione d’emergenza, dovrebbero essere chiari: al Quirinale dovrebbe essere eletta una personalità che interpreti l’unità del Paese, che sia in grado di garantire la forza e il prestigio dell’Italia a livello internazionale.

Una personalità scelta da una maggioranza la più larga possibile, proprio perché le ultime elezioni non ci hanno consegnato un vincitore assoluto. Che accompagni con guida sicura lo sforzo per uscire dalla pandemia, convincendo tutti gli italiani a fare le scelte giuste dal punto di vista della tutela della salute personale e collettiva. Che sia un garante scrupoloso della realizzazione dei progetti e degli impegni che abbiamo assunto con l’Unione europea in cambio dei rilevanti finanziamenti del Piano di ripresa. I leader delle forze politiche di maggioranza dovrebbero mettere fine ai giochi in atto, sedersi attorno a un tavolo, coinvolgendo anche l’opposizione, e scegliere il nome giusto da eleggere alla prima votazione. Come è stato fatto in altri momenti decisivi della storia repubblicana. Questo potrà costare qualche rinuncia ai vantaggi di breve periodo. Ma assicurerà il contesto giusto in cui i partiti potranno portare a termine la legislatura e anche provare a rilanciare il loro ruolo. Si è parlato tanto di ritorno al primato della politica. Non si capisce bene cosa questo voglia dire. Se significa che la guida e le decisioni di governo debbono tornare nelle mani dei rappresentanti scelti dagli elettori non abbiamo obiezioni. Basta però essere chiari: la politica ha perso il suo ruolo, si è fatta imporre scelte esterne solo a causa dei suoi fallimenti, per la sua incapacità di offrire leader, maggioranza e progetti che avessero senso, forza e capacità di realizzazione. Che non fossero in balìa della propaganda e del trasformismo. Ora c’è l’occasione per dimostrare di aver appreso la lezione. Per avviare una ricostruzione che non sia fatta solo di proclami sganciati dalla realtà e dai comportamenti istituzionali per realizzarli. Non so quanta fiducia possiamo riporre in questa svolta. Siamo convinti però che serva all’Italia e agli stessi partiti.

(Il Corriere ha una newsletter dedicata all’elezione del nuovo presidente della Repubblica. Si chiama Diario Politico, è gratis, e per iscriversi basta andare qui )",neutral,"The article does not focus on conditions that may cause people to leave or arrive in Italy, but rather on the election of a new president of the Italian Republic and political issues within the country.",mistral:7b,neutral,"The article does not focus on conditions that may cause people to leave or arrive in Italy, but rather on the election of a new president of the Italian Republic and political issues within the country.",article,4
20220101,120,REPRESENTATIVES,VOTER,https://www.corriere.it/editoriali/22_gennaio_01/i-partiti-quirinaleche-cosa-serve-ora-paese-466c0010-6b3e-11ec-a3c8-e3c830b3b1de.shtml,unclear,<URL too short>,mistral:7b,,,,"di Luciano Fontana

Nella scelta del nuovo presidente della Repubblica è necessaria una prova di responsabilità, la stessa che ha consentito la formazione del governo Draghi

Illustrazione di Doriano Solinas

Dobbiamo soltanto essere grati al presidente della Repubblica Sergio Mattarella per come ha guidato il Paese in questi sette anni. L’Italia ha attraversato un lungo periodo di difficoltà economiche con una politica sull’orlo del fallimento, incapace di indicare un governo, un assetto istituzionale stabile, una prospettiva di futuro. La pandemia ha aggravato terribilmente questo vuoto, alimentando un senso di smarrimento proprio nei giorni in cui eravamo preoccupati per le nostre vite, per quelle dei nostri cari e per il benessere dell’intera comunità. Aver dato fiducia, aver individuato scelte in grado di «evitare pericolosi salti nel buio», come ha ricordato il capo dello Stato nel suo discorso di fine anno, è un merito che resterà per sempre. Come resterà il suo rispetto per la Costituzione, lo stile mai arrogante ma determinato di intervenire nei momenti cruciali, la pazienza dimostrata di fronte alle giravolte e alle ipotesi illusorie dei partiti che hanno vinto le ultime elezioni. Se l’Italia sta faticosamente trovando una via d’uscita, se anche in questi giorni di emergenza per il riesplodere dei contagi può nutrire fiducia nella barriera creata da una campagna di vaccinazione massiccia, lo si deve in larga parte a lui e alla sua decisione di affidare a Mario Draghi la guida del Paese, spingendo gran parte delle forze politiche a un atto di responsabilità.

La stessa responsabilità ora i parlamentari e i delegati regionali debbono dimostrarla nell’elezione del nuovo presidente della Repubblica, ormai alle porte. Mattarella ha indicato quali sono le caratteristiche che il capo dello Stato deve sempre avere, ancora di più, aggiungo, in una fase così delicata: chi viene scelto «deve spogliarsi di ogni precedente appartenenza e farsi carico esclusivamente dell’interesse generale, del bene comune... E salvaguardare ruolo, poteri e prerogative dell’istituzione che riceve dal suo predecessore e che deve trasmettere integri al suo successore». Non è facile rintracciare qualcosa di simile nelle manovre che sono in pieno svolgimento tra leader ed esponenti dei partiti. Si moltiplicano i veti incrociati, gli appelli roboanti che servono solo a sbarrare il passo alle candidature sgradite. Crescono le aspirazioni personali e le trame nell’ombra. Tutto si svolge in modo incerto e confuso. Eppure i criteri, razionali e perfino obbligati in questa situazione d’emergenza, dovrebbero essere chiari: al Quirinale dovrebbe essere eletta una personalità che interpreti l’unità del Paese, che sia in grado di garantire la forza e il prestigio dell’Italia a livello internazionale.

Una personalità scelta da una maggioranza la più larga possibile, proprio perché le ultime elezioni non ci hanno consegnato un vincitore assoluto. Che accompagni con guida sicura lo sforzo per uscire dalla pandemia, convincendo tutti gli italiani a fare le scelte giuste dal punto di vista della tutela della salute personale e collettiva. Che sia un garante scrupoloso della realizzazione dei progetti e degli impegni che abbiamo assunto con l’Unione europea in cambio dei rilevanti finanziamenti del Piano di ripresa. I leader delle forze politiche di maggioranza dovrebbero mettere fine ai giochi in atto, sedersi attorno a un tavolo, coinvolgendo anche l’opposizione, e scegliere il nome giusto da eleggere alla prima votazione. Come è stato fatto in altri momenti decisivi della storia repubblicana. Questo potrà costare qualche rinuncia ai vantaggi di breve periodo. Ma assicurerà il contesto giusto in cui i partiti potranno portare a termine la legislatura e anche provare a rilanciare il loro ruolo. Si è parlato tanto di ritorno al primato della politica. Non si capisce bene cosa questo voglia dire. Se significa che la guida e le decisioni di governo debbono tornare nelle mani dei rappresentanti scelti dagli elettori non abbiamo obiezioni. Basta però essere chiari: la politica ha perso il suo ruolo, si è fatta imporre scelte esterne solo a causa dei suoi fallimenti, per la sua incapacità di offrire leader, maggioranza e progetti che avessero senso, forza e capacità di realizzazione. Che non fossero in balìa della propaganda e del trasformismo. Ora c’è l’occasione per dimostrare di aver appreso la lezione. Per avviare una ricostruzione che non sia fatta solo di proclami sganciati dalla realtà e dai comportamenti istituzionali per realizzarli. Non so quanta fiducia possiamo riporre in questa svolta. Siamo convinti però che serva all’Italia e agli stessi partiti.

(Il Corriere ha una newsletter dedicata all’elezione del nuovo presidente della Repubblica. Si chiama Diario Politico, è gratis, e per iscriversi basta andare qui )",neutral,"The article is about the election of a new president for Italy and discusses qualities required for this position, but it does not directly mention conditions that may cause people to leave or arrive in Italy.",mistral:7b,neutral,"The article is about the election of a new president for Italy and discusses qualities required for this position, but it does not directly mention conditions that may cause people to leave or arrive in Italy.",article,4
20220101,161,MONACO,,https://madeinfoot.ouest-france.fr/infos/article-asm-l-as-monaco-officialise-le-depart-de-niko-kovac-officiel-364395.html,neutral,<URL too short>,mistral:7b,,,,,,,mistral:7b,neutral,<URL too short>,url_1,4
20220101,161,MONACO,,https://madeinfoot.ouest-france.fr/infos/article-asm-l-as-monaco-officialise-le-depart-de-niko-kovac-officiel-364395.html,neutral,No clear migration-related tokens,mistral:7b,,,,,,,mistral:7b,neutral,No clear migration-related tokens,url_1,4
20220101,51,MILITARY,,https://www.okaz.com.sa/news/na/2092790,unclear,URL too short and generic,mistral:7b,,,,"أحمد الشميري «عكاظ» (جدة،الرياض) a_shmeri@

‏ثمن وزير الإعلام اليمني معمر الإرياني، المواقف الأخوية والدعم اللامحدود من تحالف دعم الشرعية بقيادة السعودية التي قدمت الغالي والنفيس لنصرة اليمن، وإسناده في معركة استعادة الدولة وإسقاط الانقلاب الحوثي، بتوجيهات كريمة من خادم الحرمين الشريفين الملك سلمان بن عبدالعزيز، وولي العهد الأمير محمد بن سلمان.



ونوه بالجهود الاستثنائية النبيلة التي بذلها نائب وزير الدفاع الأمير خالد بن سلمان، وكذلك قائد القوات المشتركة الفريق الركن مطلق بن سالم الأزيمع، وكل المعنيين الذي يعملون ليل نهار لدعم اليمنيين في معركتهم المصيرية، مؤكدا بقوله «لن ننسى هذه المواقف النبيلة للأشقاء».



وأشاد الإرياني بتوحد أيادي وإرادة اليمنيين في التصدي للغزو الفارسي وأذياله من مليشيا الإرهاب الحوثية في جبهات مأرب والجوف وتعز والضالع وشبوة والحديدة والبيضاء، ومواقفهم في صوالين الساسة ودهاليز السياسة وصفحات المواقع الإخبارية والنشطاء في منصات التواصل الاجتماعي.



وقال في سلسلة تغريدات عبر حسابه في «تويتر» أمس (السبت): استثمر النظام الإيراني خلافات القوى السياسية للدفع بمليشيا الحوثي لقلب الطاولة على الجميع، للانقلاب على مخرجات مؤتمر الحوار الوطني الشامل، واحتلال العاصمة المختطفة صنعاء، والبدء بعمليات تجريف ممنهج لمؤسسات الدولة والهوية الوطنية والعربية، وتدمير النسيج الاجتماعي والسلم الأهلي.



وأضاف: اشتغلت مليشيا الحوثي على اختراق الجبهة الوطنية عبر بعض المواقع والصفحات لخلخلة الصفوف وتغذية الخلافات وتعميقها، وشغل اليمنيين بمعارك ثانوية وصرفهم عن معركتهم المصيرية، وما زالت تراهن على الانقسامات لتمرير مشروعها السرطاني بأحقاده التاريخية وخلفياته العقائدية المستوردة من طهران.



وأكد أن ما يحدث على الأرض من ترتيبات عسكرية بدعم من تحالف دعم الشرعية، لتغيير مسار المعركة من الدفاع للهجوم واستعادة ما تم فقدانه من الأراضي المحررة، وتحرير كل شبر من التراب اليمني، يحتم على القوى السياسية وكافة الإعلاميين والصحفيين ترك خلافاتهم والتوحد خلف الجيش اليمني والمقاومة.



وجدد الإرياني دعوة كافة القوى السياسية والإعلاميين والصحفيين للاستفادة من دروس الماضي، وتجاوز خلافاتهم وتوحيد الصف والجهود خلف الشرعية اليمنية بقيادة الرئيس عبدربه منصور هادي، إدراكا لخطورة المعركة، وتقديرا للدماء الطاهرة التي سكبت في مختلف جبهات القتال دفاعا عن الوطن ومكتسباته.



من جهة أخرى نجح الجيش اليمني الوطني بإسناد من تحالف دعم الشرعية في استنزاف وإفشال مخططات الانقلاب الإرهابية، ما تسبب في تفاقم الصراعات وحالات التصفية الداخلية بين أجنحة المليشيا في المديريات الجنوبية لمحافظة مأرب. وقالت مصادر قبلية لـ«عكاظ»، إن مسلحاً حوثياً أطلق الرصاص الحي على الزعيم القبلي صالح القاضي المعين وكيلاً لمحافظة مأرب من قبل الحوثي في منزله، (الخميس) الماضي، وأرداه قتيلاً .



وأضافت المصادر أن سيناريو الاضطرابات النفسية محاولة للتغطية على عملية التصفية المتعمدة، خصوصاً بعد تكتم المليشيا على الحادثة ونقل جثة الزعيم القبلي الذي ينتمي إلى قبلية مراد إلى صنعاء، مؤكدة أن التصفية جاءت على خلفية نجاحات الجيش اليمني في شبوة وسيطرته على مديرية عسيلان ما تتسبب في فرض حصار على العناصر الحوثية (جنوبي مأرب). وأفادت بأن القاضي من الشخصيات التي سهلت دخول المليشيا إلى مناطقه ورغم ذلك جرت تصفيته عل غرار ما حدث لموالين في محافظات عمران وصعدة. وفجرت مليشيا الحوثي في مديرية الجوبة (جنوبي مأرب) منزل مبخوت الفقير في منطقة الخثلة بعد أن زرعت فيه عبوات ناسفة من الداخل، ووفقاً لمصادر قبلية، فإن عشرات المنازل جرى تفجيرها خلال اليومين الماضيين في الجوبة.",push,"war, violence, persecution",mistral:7b,push,"war, violence, persecution",article,4
20220101,51,MILITARY,,https://www.okaz.com.sa/news/na/2092790,unclear,URL too short and generic,mistral:7b,,,,"أحمد الشميري «عكاظ» (جدة،الرياض) a_shmeri@

‏ثمن وزير الإعلام اليمني معمر الإرياني، المواقف الأخوية والدعم اللامحدود من تحالف دعم الشرعية بقيادة السعودية التي قدمت الغالي والنفيس لنصرة اليمن، وإسناده في معركة استعادة الدولة وإسقاط الانقلاب الحوثي، بتوجيهات كريمة من خادم الحرمين الشريفين الملك سلمان بن عبدالعزيز، وولي العهد الأمير محمد بن سلمان.



ونوه بالجهود الاستثنائية النبيلة التي بذلها نائب وزير الدفاع الأمير خالد بن سلمان، وكذلك قائد القوات المشتركة الفريق الركن مطلق بن سالم الأزيمع، وكل المعنيين الذي يعملون ليل نهار لدعم اليمنيين في معركتهم المصيرية، مؤكدا بقوله «لن ننسى هذه المواقف النبيلة للأشقاء».



وأشاد الإرياني بتوحد أيادي وإرادة اليمنيين في التصدي للغزو الفارسي وأذياله من مليشيا الإرهاب الحوثية في جبهات مأرب والجوف وتعز والضالع وشبوة والحديدة والبيضاء، ومواقفهم في صوالين الساسة ودهاليز السياسة وصفحات المواقع الإخبارية والنشطاء في منصات التواصل الاجتماعي.



وقال في سلسلة تغريدات عبر حسابه في «تويتر» أمس (السبت): استثمر النظام الإيراني خلافات القوى السياسية للدفع بمليشيا الحوثي لقلب الطاولة على الجميع، للانقلاب على مخرجات مؤتمر الحوار الوطني الشامل، واحتلال العاصمة المختطفة صنعاء، والبدء بعمليات تجريف ممنهج لمؤسسات الدولة والهوية الوطنية والعربية، وتدمير النسيج الاجتماعي والسلم الأهلي.



وأضاف: اشتغلت مليشيا الحوثي على اختراق الجبهة الوطنية عبر بعض المواقع والصفحات لخلخلة الصفوف وتغذية الخلافات وتعميقها، وشغل اليمنيين بمعارك ثانوية وصرفهم عن معركتهم المصيرية، وما زالت تراهن على الانقسامات لتمرير مشروعها السرطاني بأحقاده التاريخية وخلفياته العقائدية المستوردة من طهران.



وأكد أن ما يحدث على الأرض من ترتيبات عسكرية بدعم من تحالف دعم الشرعية، لتغيير مسار المعركة من الدفاع للهجوم واستعادة ما تم فقدانه من الأراضي المحررة، وتحرير كل شبر من التراب اليمني، يحتم على القوى السياسية وكافة الإعلاميين والصحفيين ترك خلافاتهم والتوحد خلف الجيش اليمني والمقاومة.



وجدد الإرياني دعوة كافة القوى السياسية والإعلاميين والصحفيين للاستفادة من دروس الماضي، وتجاوز خلافاتهم وتوحيد الصف والجهود خلف الشرعية اليمنية بقيادة الرئيس عبدربه منصور هادي، إدراكا لخطورة المعركة، وتقديرا للدماء الطاهرة التي سكبت في مختلف جبهات القتال دفاعا عن الوطن ومكتسباته.



من جهة أخرى نجح الجيش اليمني الوطني بإسناد من تحالف دعم الشرعية في استنزاف وإفشال مخططات الانقلاب الإرهابية، ما تسبب في تفاقم الصراعات وحالات التصفية الداخلية بين أجنحة المليشيا في المديريات الجنوبية لمحافظة مأرب. وقالت مصادر قبلية لـ«عكاظ»، إن مسلحاً حوثياً أطلق الرصاص الحي على الزعيم القبلي صالح القاضي المعين وكيلاً لمحافظة مأرب من قبل الحوثي في منزله، (الخميس) الماضي، وأرداه قتيلاً .



وأضافت المصادر أن سيناريو الاضطرابات النفسية محاولة للتغطية على عملية التصفية المتعمدة، خصوصاً بعد تكتم المليشيا على الحادثة ونقل جثة الزعيم القبلي الذي ينتمي إلى قبلية مراد إلى صنعاء، مؤكدة أن التصفية جاءت على خلفية نجاحات الجيش اليمني في شبوة وسيطرته على مديرية عسيلان ما تتسبب في فرض حصار على العناصر الحوثية (جنوبي مأرب). وأفادت بأن القاضي من الشخصيات التي سهلت دخول المليشيا إلى مناطقه ورغم ذلك جرت تصفيته عل غرار ما حدث لموالين في محافظات عمران وصعدة. وفجرت مليشيا الحوثي في مديرية الجوبة (جنوبي مأرب) منزل مبخوت الفقير في منطقة الخثلة بعد أن زرعت فيه عبوات ناسفة من الداخل، ووفقاً لمصادر قبلية، فإن عشرات المنازل جرى تفجيرها خلال اليومين الماضيين في الجوبة.",push,"war, violence, persecution, repression by Houthi rebels",mistral:7b,push,"war, violence, persecution, repression by Houthi rebels",article,4
20220101,114,NAVY,,https://omirante.pt/sociedade/2022-01-01-Vila-Franca-de-Xira-vai-ter-de-realizar-mais-obras-para-ganhar-novo-tribunal-a4687496,pull,'new court',mistral:7b,,,,,,,mistral:7b,pull,'novo tribunal',url_1,4
20220101,190,MALI,,http://malijet.com/actualite-politique-au-mali/editorial-journaux-mali/265485-edito-le-pragmatisme-russe-aux-antipodes-des-th%C3%A9ories-fran%C3%A7aises.html,unclear,No clear migration-related tokens,mistral:7b,,,,"Edito : le pragmatisme Russe aux antipodes des théories Françaises. P1

Partager :

Pendant près de huit ans le Mali est sous coupe réglée des djihado-terroristes, malgré la présence massive des forces françaises Barkhanes et de ses supplétifs de la MINUSMA, du G5 Sahel et de la Task Force Takuba. Huit longues années de traversée du désert et de décompte macabre pour le Mali, au nez et à la barbe de plus de 20 000 soldats venus pour stabiliser le Mali en luttant efficacement contre le terrorisme. Nul besoin d’aller chercher loin les faits parlent d’eux-mêmes, le bilan est tout simplement catastrophique. Des camps militaires détruits, des militaires maliens égorgés par dizaines, faute de renseignements, des villages entiers effacés sur la carte du Mali, des populations civiles et leurs biens calcinés. Comme si cela ne suffisait pas des communautés qui ont vécu en parfaite symbiose pendant des siècles s’entretuent sans que les forces d’interposition que sont celles de la MINUSMA ne pipent mot. Et pourtant ils ne sont que quelques groupuscules armés à semer la chienlit et la désolation dans 3 pays, à savoir le Burkina Faso, le Niger et le Mali, alors même qu’en plus des armées de ces trois pays, des milliers d’autres troupes venues d’ailleurs pullulent au sahel sous le prétexte fallacieux de combattre le terrorisme. Ses troupes sont-elles réellement présentes au Mali pour lutter contre le terrorisme, ou pour simplement entretenir une guerre pendant longtemps afin d’exploiter les immenses ressources de ces trois pauvres pays ?

Le Mali semble répondre à cette question en faisant d’abord le constat d’échec de ses partenaires et en prenant son destin en main en se tournant vers la Russie pour trouver des solutions à sa crise sécuritaire. Par ce choix audacieux il s’est attiré la foudre de l’Occident, autrement dit la France et ses alliés qui voient un pan important de leurs territoires conquis leur échapper impuissamment. En effet, en trois petits mois de coopération avec la Russie, le Mali a pu obtenir, en termes de résultats, ce qu’il n’a pas eu en sept ans de collaboration avec la France et ses forces supplétives. Le Pays de Soundiata commence à pousser un grand ouf de soulagement, car la peur a complètement changé de camp. Certains observateurs ne se privent même plus d’affirmer que la coopération militaire avec la Russie a permis aux Forces Armées Maliennes, FAMA, de faire en un temps record ce que l’ensemble des forces présentes au Mali n’ont pas fait en sept ans.

Comme pour dire que le pragmatisme Russe est clairement aux antipodes des grandes théories françaises et occidentales. Les FAMA montent véritablement en puissance et pourchassent même l’ennemi jusqu’à son dernier retranchement, ce qui était un rêve hier. A en juger par les images et les informations que nous recevons des sources officielles, sur les réseaux sociaux et sur d’autres plateformes d’information, les forces armées maliennes sont requinquées, le moral est au beau fixe et l’engagement est au rendez-vous. L’ennemi est en débandade et l ’armée gagne du terrain Hier les soldats maliens étaient qualifiés de soldats mal formés, mal équipés, et prêts à fuir au moindre coup de feu, aujourd’hui ils défendent, avec patriotisme et engagement, l’intégrité de leur territoire. Les différents résultats obtenus par les FAMA avec le soutien multiformes de la Russie renforcent le sentiment d’affection des maliens vis-à-vis de Poutine et de son pays et accentue le rejet voire la haine vis-à-vis de la France et ses alliés au Mali. Vive la coopération Russo-malienne, Vive la Russie, vive Poutine ; à bas la France, à bas Macron, à bas les alliés de la France. C’est en substance les slogans qu’on entend au Mali.

Youssouf Sissoko

À lire aussi",push,"Presence of terrorism, destruction of military camps, massacre of Malian soldiers, displacement and destruction of villages, civilian casualties, failure of French intervention",mistral:7b,push,"Presence of terrorism, destruction of military camps, massacre of Malian soldiers, displacement and destruction of villages, civilian casualties, failure of French intervention",article,4
20220101,42,MUSLIM,SOUTH KOREA,https://portaljember.pikiran-rakyat.com/pariwisata/pr-163372393/7-destinasi-wisata-halal-di-korea-selatan-cocok-bagi-umat-muslim-yang-traveling-ke-negeri-ginseng,pull,'traveling',mistral:7b,,,,,,,mistral:7b,pull,'traveling',url_1,4
20220101,841,PRISONER,DIPLOMAT,https://www.republika.co.id/berita/r520da430/indiapakistan-tukar-daftar-tahanan,mixed,'change the prisoner register',mistral:7b,,,,,,,mistral:7b,mixed,'tukar daftar tahanan',url_1,4
20220101,42,POLE,,https://as.com/futbol/2022/01/01/primera/1641057005_745473.html,neutral,No clear migration-related tokens,mistral:7b,,,,,,,mistral:7b,neutral,No clear migration-related tokens,url_1,4
20220101,161,PORTUGAL,MADEIRA,https://www.akhbarona.com/last/340605.html,unclear,URL too short and generic,mistral:7b,,,,,unclear,,mistral:7b,unclear,,article,4
20220101,10,PALESTINIAN,,https://www.lematin.ch/story/apres-des-tirs-de-roquettes-frappes-israeliennes-sur-gaza-569823935907,push,'rocket fire',mistral:7b,,,,,,,mistral:7b,push,'tirs de roquettes',url_1,4
20220101,10,PALESTINIAN,,https://www.lematin.ch/story/apres-des-tirs-de-roquettes-frappes-israeliennes-sur-gaza-569823935907,push,'Israeli women in Gaza',mistral:7b,,,,,,,mistral:7b,push,'Israeliennes sur Gaza',url_1,4
20220101,61,PALESTINIAN,,https://www.alquds.co.uk/%D8%A7%D9%84%D8%AC%D9%8A%D8%B4-%D8%A7%D9%84%D8%A5%D8%B3%D8%B1%D8%A7%D8%A6%D9%8A%D9%84%D9%8A-%D9%8A%D9%82%D8%B5%D9%81-%D8%A3%D9%87%D8%AF%D8%A7%D9%81%D8%A7-%D9%81%D9%8A-%D9%82%D8%B7%D8%A7%D8%B9-%D8%BA/,unclear,,mistral:7b,,,,"غزة: شنت مقاتلات إسرائيلية، في ساعة مبكرة في فجر الأحد، نحو 10 غارات على موقع يتبع لكتائب عز الدين القسام، الجناح المسلح لحركة المقاومة الإسلامية “حماس”.

وأغارت الطائرات الحربية الإسرائيلية على نحو متكرر على موقع يطلق عليه اسم “القادسية”، غربي مدينة خانيونس، جنوبي قطاع غزة.

وذكر شهود عيان، أن الطائرات شنت 10 غارات متتابعة على الموقع المذكور.

كما قصفت المدفعية الإسرائيلية، 4 نقاط مراقبة، تستخدمها قوات أمنية تتبع لحركة حماس في مراقبة الشريط الحدودي مع إسرائيل، شمالي قطاع غزة.

ولم تعلن وزارة الصحة الفلسطينية عن وقوع إصابات جراء الغارات.

من ناحيته، قال الجيش الإسرائيلي في بيان: “شنت طائرات ومروحيات حربية قبل قليل غارات جوية مستهدفة مجموعة من الأهداف داخل مجمع لإنتاج قذائف صاروخية تابع لحماس في (مدينة) خانيونس، كما قصفت دبابات نقاطا عسكرية لحماس على الحدود مع قطاع غزة”.

وأضاف: “يعتبر حجم الأهداف ونوعيتها، بمثابة رد على إطلاق الصاروخين (صباح السبت) من قطاع غزة نحو شواطئ البحر قبالة منطقة تل أبيب الكبرى”.

وفي وقت سابق، قالت قناة “كان” الإسرائيلية الرسمية، إن الجيش قرر تنفيذ هجمات على أهداف في غزة ردا على إطلاق صاروخين من القطاع وسقوطهما في البحر قبالة شواطئ وسط البلاد.

ونقلت القناة عن مصدر أمني لم تسمه إن “الجيش الإسرائيلي قرر مهاجمة أهداف في غزة ردا على حادثة إطلاق الصاروخين”.

وصباح السبت، قال الجيش الإسرائيلي إن صاروخين أُطلقا من غزة، وسقطا في عرض البحر المتوسط قبالة ساحل منطقة غوش دان وسط البلاد، التي تضم مدينة تل أبيب.

واعتبر المصدر الأمني، لقناة “كان”، أن “ما حدث خطير وغير مقبول”.

وفي قطاع غزة، لم تصدر أي جهة، تعقيبا حول الحدث، كما لم تعلن أي جهة مسؤوليتها عن إطلاق أي صواريخ.

(الأناضول)",push,Israeli military attacks result in potential displacement of residents in Gaza,mistral:7b,push,Israeli military attacks result in potential displacement of residents in Gaza,article,4
20220101,10,PALESTINIAN,ISRAEL,https://www.lematin.ch/story/apres-des-tirs-de-roquettes-frappes-israeliennes-sur-gaza-569823935907,push,'Israeli women in Gaza',mistral:7b,,,,,,,mistral:7b,push,'Israeliennes sur Gaza',url_1,4
20220101,10,PALESTINIAN,ISRAEL,https://www.lematin.ch/story/apres-des-tirs-de-roquettes-frappes-israeliennes-sur-gaza-569823935907,push,'Israeli women in Gaza',mistral:7b,,,,,,,mistral:7b,push,'Israeliennes sur Gaza',url_1,4
20220101,61,PALESTINIAN,ISRAEL,https://www.alquds.co.uk/%D8%A7%D9%84%D8%AC%D9%8A%D8%B4-%D8%A7%D9%84%D8%A5%D8%B3%D8%B1%D8%A7%D8%A6%D9%8A%D9%84%D9%8A-%D9%8A%D9%82%D8%B5%D9%81-%D8%A3%D9%87%D8%AF%D8%A7%D9%81%D8%A7-%D9%81%D9%8A-%D9%82%D8%B7%D8%A7%D8%B9-%D8%BA/,unclear,,mistral:7b,,,,"غزة: شنت مقاتلات إسرائيلية، في ساعة مبكرة في فجر الأحد، نحو 10 غارات على موقع يتبع لكتائب عز الدين القسام، الجناح المسلح لحركة المقاومة الإسلامية “حماس”.

وأغارت الطائرات الحربية الإسرائيلية على نحو متكرر على موقع يطلق عليه اسم “القادسية”، غربي مدينة خانيونس، جنوبي قطاع غزة.

وذكر شهود عيان، أن الطائرات شنت 10 غارات متتابعة على الموقع المذكور.

كما قصفت المدفعية الإسرائيلية، 4 نقاط مراقبة، تستخدمها قوات أمنية تتبع لحركة حماس في مراقبة الشريط الحدودي مع إسرائيل، شمالي قطاع غزة.

ولم تعلن وزارة الصحة الفلسطينية عن وقوع إصابات جراء الغارات.

من ناحيته، قال الجيش الإسرائيلي في بيان: “شنت طائرات ومروحيات حربية قبل قليل غارات جوية مستهدفة مجموعة من الأهداف داخل مجمع لإنتاج قذائف صاروخية تابع لحماس في (مدينة) خانيونس، كما قصفت دبابات نقاطا عسكرية لحماس على الحدود مع قطاع غزة”.

وأضاف: “يعتبر حجم الأهداف ونوعيتها، بمثابة رد على إطلاق الصاروخين (صباح السبت) من قطاع غزة نحو شواطئ البحر قبالة منطقة تل أبيب الكبرى”.

وفي وقت سابق، قالت قناة “كان” الإسرائيلية الرسمية، إن الجيش قرر تنفيذ هجمات على أهداف في غزة ردا على إطلاق صاروخين من القطاع وسقوطهما في البحر قبالة شواطئ وسط البلاد.

ونقلت القناة عن مصدر أمني لم تسمه إن “الجيش الإسرائيلي قرر مهاجمة أهداف في غزة ردا على حادثة إطلاق الصاروخين”.

وصباح السبت، قال الجيش الإسرائيلي إن صاروخين أُطلقا من غزة، وسقطا في عرض البحر المتوسط قبالة ساحل منطقة غوش دان وسط البلاد، التي تضم مدينة تل أبيب.

واعتبر المصدر الأمني، لقناة “كان”، أن “ما حدث خطير وغير مقبول”.

وفي قطاع غزة، لم تصدر أي جهة، تعقيبا حول الحدث، كما لم تعلن أي جهة مسؤوليتها عن إطلاق أي صواريخ.

(الأناضول)",push,Israeli military attacks on Gaza causing destruction and potential casualties,mistral:7b,push,Israeli military attacks on Gaza causing destruction and potential casualties,article,4
20220101,195,HAMAS,,https://alquds.com/2022/01/02/%D8%A7%D9%84%D8%A7%D8%AD%D8%AA%D9%84%D8%A7%D9%84-%D9%8A%D9%82%D8%B5%D9%81-%D9%85%D9%88%D9%82%D8%B9%D9%8B%D8%A7-%D9%84%D9%84%D9%85%D9%82%D8%A7%D9%88%D9%85%D8%A9-%D8%A8%D8%BA%D8%B2%D8%A9/,neutral,,mistral:7b,,,,,,,mistral:7b,neutral,,url_1,4
20220101,195,HAMAS,,https://alquds.com/2022/01/02/%D8%A7%D9%84%D8%A7%D8%AD%D8%AA%D9%84%D8%A7%D9%84-%D9%8A%D9%82%D8%B5%D9%81-%D9%85%D9%88%D9%82%D8%B9%D9%8B%D8%A7-%D9%84%D9%84%D9%85%D9%82%D8%A7%D9%88%D9%85%D8%A9-%D8%A8%D8%BA%D8%B2%D8%A9/,neutral,,mistral:7b,,,,,,,mistral:7b,neutral,,url_1,4
20220101,1712,POLITICIAN,,https://www.analisidifesa.it/2022/01/il-2021-ha-rilanciato-limmigrazione-illegale-su-vasta-scala-in-italia/,push,'Il-2021 has relaunched large-scale illegal immigration in Italy',mistral:7b,,,,,,,mistral:7b,push,'Il-2021 has relaunched large-scale illegal immigration in Italy',url_1,4
20220101,833,ARCHBISHOP,,https://noticias.uol.com.br/ultimas-noticias/efe/2022/01/01/sul-africanos-se-despedem-de-desmond-tutu.htm,unclear,,mistral:7b,,,,"Joanesburgo, 1 jan (EFE).- Desmond Tutu foi um ""cruzado pela liberdade, justiça e paz"", disse o presidente da África do Sul, Cyril Ramaphosa, durante o funeral oficial realizado neste domingo do hoje para dar a última despedida solene ao arcebispo emérito.

Com uma missa de réquiem celebrada na Catedral Anglicana de São Jorge, na Cidade do Cabo, a África do Sul se despediu de Tutu, que faleceu no dia 26 de dezembro naquela mesma cidade aos 90 anos.

Ramaphosa destacou o apoio do arcebispo a uma longa lista de causas, o que levou ""grupos de ativistas do clima e LGBTQIA+"" a homenagear aquele que foi ""um ser humano humilde e corajoso que falou pelos oprimidos (...) de mundo"", disse o presidente.

Seguindo a vontade de Tutu, que havia pedido que não fosse gasto dinheiro desnecessariamente em seu funeral, o caixão escolhido foi um modelo de madeira muito simples e durante a cerimônia não houve outros discursos além do presidente sul-africano.

Naomi Tutu, filha do arcebispo, agradeceu as expressões de carinho recebidas durante esses dias.

""Nós compartilhamos (Tutu) com o mundo e vocês compartilharam conosco um pouco do amor que sentimos por ele"", disse a filha de Desmond Tutu, visivelmente emocionada.

Algumas das leituras da missa foram feitas por outras figuras proeminentes e próximas de Tutu, como a ex-presidente irlandesa Mary Robinson, a ativista moçambicana Graça Machel - viúva de Nelson Mandela - e a ministra da Infraestrutura e ex-prefeita da Cidade do Cabo Patricia de Lille. EFE

jhb-lbg/phg

(foto)(vídeo)",neutral,The article focuses on the funeral of Desmond Tutu and does not discuss conditions that may cause people to leave or arrive in South Africa.,mistral:7b,neutral,The article focuses on the funeral of Desmond Tutu and does not discuss conditions that may cause people to leave or arrive in South Africa.,article,4
20220101,84,ROMANIA,,https://evz.ro/catalin-harnagea-fostul-sef-al-serviciului-extern-de-informatii-incepe-sa-scrie-in-evenimentul-zilei.html,neutral,,mistral:7b,,,,,,,mistral:7b,neutral,,url_1,4
20220101,10,RUSSIA,,https://www.volynnews.com/news/all/5-naykrutishykh-skarbiv-volynskoho-krayeznavchoho-muzeiu-foto/,neutral,[no clear migration-related tokens],mistral:7b,,,,,,,mistral:7b,neutral,[no clear migration-related tokens],url_1,4
20220101,10,RUSSIA,,https://kino.24tv.ua/ru/novogodnie-multfilmy-dlja-vsej-semi-dushevnaja-podborka-dlja_n1831930,unclear,[no clear migration-related tokens],mistral:7b,,,,"Рождество – это самый прекрасный праздник, который с большим нетерпением ждут дети и взрослые. Так как он полон радости, и каждый ждет в это время чуда. Ничто так не помогает окунуться в атмосферу праздника, как шедевры мировой анимации. Мы подготовили пятерку лучших.

Не пропустите Разрушаем мифы в кино: 5 популярных стереотипов о казино, которые нам навязывает Голливуд

Рождественская история

(A Christmas Carol)

Год выхода: 2009

О сюжете

Великолепная анимационная драма от студии Walt Disney Pictures ""Рождественская история"" является экранизацией повести известного классика мировой литературы Чарльза Диккенса.

События картины разворачиваются вокруг пожилого мужчины по имени Эбенезер Скрудж. Он жуткий скряга, и каждый день думает только о том, как бы сэкономить лишний цент. У него нет ни капельки сочувствия к бедным людям, да и ко всему прочему, Скруджу просто чужды дружба, любовь, а Рождество он вообще не считает праздником.

Однако в преддверии этого светлого и доброго праздника Эбенезеру предстоит пережить еще раз свое прошлое и увидеть настоящее и будущее, что заставит его по-другому взглянуть на мир, и это изменит его навсегда.

Трейлер мультфильма ""Рождественская история"": смотрите видео онлайн

Актер всегда находится в центре внимания на съемочной площадке. Так же, как SlotoKing среди любителей азартных игр. Это онлайн-казино занимает лидирующие позиции среди украинских аналогов, так как предоставляет только высококачественный сервис.

Полярный экспресс

(The Polar Express)

Год выхода: 2004

О сюжете

Мультфильм режиссера Роберта Земекиса, снятый по мотивам одноименной книги Криса Ван Оллсбурга.

Сюжет рассказывает о необычных путешествиях маленького мальчика по Северному полюсу в волшебном поезде к Санта-Клаусу. Мальчик верит в Санту, вопреки тому, что все его друзья и семья в один голос утверждают, что это лишь сказка. И вот однажды вера мальчика вознаграждается.

В канун Рождества мальчик вдруг получает возможность поехать на волшебном поезде к нему в гости. И в то время, как на спящий мир опускается Рождественская ночь, пассажиры экспресса мчатся на Северный полюс, встречая приключения и опасности на своем пути, которые подстерегают их в зловещих горах, темных лесах и ледяной тундре. Героев ждут удивительные путешествия на пути к их цели.

Трейлер мультфильма ""Полярный экспресс"": смотрите видео онлайн



Клаус

(Klaus)

Год выхода: 2019

О сюжете

История о том, как все началось...

Когда эгоистичный и ленивый сын богатого магната Джеспер проваливает учебу в почтовой академии, заслуженно становясь худшим студентом, отец парня отправляет его на перевоспитание на отдаленный остров за полярным кругом.

Чтобы вернуться домой и пользоваться благами родительского достатка, Джесперу придется послать шесть тысяч писем, однако вскоре он обнаруживает, что местные жители, разделенные на два противоборствующих лагеря, вообще не пользуются почтовыми услугами.

Джеспер, раздосадованный очередной неудачей, собирается признать миссию невыполнимой, но неожиданно находит союзников – очаровательную учительницу Альву и таинственного лесоруба Клауса.

Трейлер мультфильма ""Клаус"": смотрите видео онлайн



Хранители снов

(Rise of the Guardians)

Год выхода: 2012

О сюжете

Это полнометражный мультфильм-сказка, созданный по книге писателя Уильяма Джойса.

Герои этой истории, Санта-Клаус, Пасхальный кролик, Зубная фея и Песочный человек, дружат с детства, а теперь они являются одной дружной командой, которая охраняет сны малышей. Все шло замечательно, пока на горизонте не появился злой дух. Ему совсем не по нраву то, что дети очень много мечтают, и в планы злодея входит заменить детские фантазии ночными кошмарами.

Восемнадцатилетний Ледяной Джек приходит на помощь хранителям и возглавляет борьбу против злого духа. Ситуация осложняется тем, что прихвостни злодея похитили помощниц Зубной Феи и детские зубки, в том числе и зубы Джека, что лишает стража детских воспоминаний. Однако отступать нельзя. Детей, их мечты и веру надо спасти.

Трейлер мультфильма ""Хранители снов"": смотрите видео онлайн



Секретная служба Санта-Клауса

(Arthur Christmas)

Год выхода: 2011

О сюжете

Мультфильм погружает зрителя в мир захватывающих приключений Санта-Клауса и его младшего сына Артура. Каждый ребенок старается вести себя хорошо, чтобы в Новый Год увидеть под елкой желанные подарки, но одна девочка, несмотря на то, что весь год вела себя хорошо, осталась без подарка. Как такое могло произойти?

Почему верные помощники Санта-Клауса, эльфы, допустили такую ошибку? Ведь это же волшебный праздник, и у каждого ребенка должен быть подарок! Ситуацию решает исправить Артур, сын Санта-Клауса, который работает в почтовом отделении. Храбрый мальчик решается на опасные приключения ради справедливости.

Трейлер мультфильма ""Секретная служба Санта Клауса"": смотрите видео онлайн

Сайт 24 канала поздравляет всех с Новым годом и Рождеством Христовым. Спасибо, что доверяете – мы вместе меняем страну к лучшему.",neutral,The article is about Christmas movies and does not discuss migration-driving conditions,mistral:7b,neutral,The article is about Christmas movies and does not discuss migration-driving conditions,article,4
20220101,111,RUSSIAN,,https://www.teleport2001.ru/news/2022-01-02/140398-zasukha-grozit-lyudyam-i-zhivotnym-iz-za-stroitelstva-plotiny-na-dalnem-vostoke.html,push,construction-of-a-dam-in-the-far-east,mistral:7b,,,,,,,mistral:7b,push,stroitelstvo-plotiny-na-dalnem-vostoke,url_1,4
20220101,110,RUSSIAN,FRENCH,http://malijet.com/actualite-politique-au-mali/editorial-journaux-mali/265485-edito-le-pragmatisme-russe-aux-antipodes-des-th%C3%A9ories-fran%C3%A7aises.html,unclear,[no clear migration-related tokens],mistral:7b,,,,"Edito : le pragmatisme Russe aux antipodes des théories Françaises. P1

Partager :

Pendant près de huit ans le Mali est sous coupe réglée des djihado-terroristes, malgré la présence massive des forces françaises Barkhanes et de ses supplétifs de la MINUSMA, du G5 Sahel et de la Task Force Takuba. Huit longues années de traversée du désert et de décompte macabre pour le Mali, au nez et à la barbe de plus de 20 000 soldats venus pour stabiliser le Mali en luttant efficacement contre le terrorisme. Nul besoin d’aller chercher loin les faits parlent d’eux-mêmes, le bilan est tout simplement catastrophique. Des camps militaires détruits, des militaires maliens égorgés par dizaines, faute de renseignements, des villages entiers effacés sur la carte du Mali, des populations civiles et leurs biens calcinés. Comme si cela ne suffisait pas des communautés qui ont vécu en parfaite symbiose pendant des siècles s’entretuent sans que les forces d’interposition que sont celles de la MINUSMA ne pipent mot. Et pourtant ils ne sont que quelques groupuscules armés à semer la chienlit et la désolation dans 3 pays, à savoir le Burkina Faso, le Niger et le Mali, alors même qu’en plus des armées de ces trois pays, des milliers d’autres troupes venues d’ailleurs pullulent au sahel sous le prétexte fallacieux de combattre le terrorisme. Ses troupes sont-elles réellement présentes au Mali pour lutter contre le terrorisme, ou pour simplement entretenir une guerre pendant longtemps afin d’exploiter les immenses ressources de ces trois pauvres pays ?

Le Mali semble répondre à cette question en faisant d’abord le constat d’échec de ses partenaires et en prenant son destin en main en se tournant vers la Russie pour trouver des solutions à sa crise sécuritaire. Par ce choix audacieux il s’est attiré la foudre de l’Occident, autrement dit la France et ses alliés qui voient un pan important de leurs territoires conquis leur échapper impuissamment. En effet, en trois petits mois de coopération avec la Russie, le Mali a pu obtenir, en termes de résultats, ce qu’il n’a pas eu en sept ans de collaboration avec la France et ses forces supplétives. Le Pays de Soundiata commence à pousser un grand ouf de soulagement, car la peur a complètement changé de camp. Certains observateurs ne se privent même plus d’affirmer que la coopération militaire avec la Russie a permis aux Forces Armées Maliennes, FAMA, de faire en un temps record ce que l’ensemble des forces présentes au Mali n’ont pas fait en sept ans.

Comme pour dire que le pragmatisme Russe est clairement aux antipodes des grandes théories françaises et occidentales. Les FAMA montent véritablement en puissance et pourchassent même l’ennemi jusqu’à son dernier retranchement, ce qui était un rêve hier. A en juger par les images et les informations que nous recevons des sources officielles, sur les réseaux sociaux et sur d’autres plateformes d’information, les forces armées maliennes sont requinquées, le moral est au beau fixe et l’engagement est au rendez-vous. L’ennemi est en débandade et l ’armée gagne du terrain Hier les soldats maliens étaient qualifiés de soldats mal formés, mal équipés, et prêts à fuir au moindre coup de feu, aujourd’hui ils défendent, avec patriotisme et engagement, l’intégrité de leur territoire. Les différents résultats obtenus par les FAMA avec le soutien multiformes de la Russie renforcent le sentiment d’affection des maliens vis-à-vis de Poutine et de son pays et accentue le rejet voire la haine vis-à-vis de la France et ses alliés au Mali. Vive la coopération Russo-malienne, Vive la Russie, vive Poutine ; à bas la France, à bas Macron, à bas les alliés de la France. C’est en substance les slogans qu’on entend au Mali.

Youssouf Sissoko

À lire aussi",push,"The article discusses the instability, violence, and destruction in Mali caused by terrorist groups, despite the presence of French forces and other international interventions. This situation has led many Malians to feel fear and uncertainty, potentially pushing them to leave their country.",mistral:7b,push,"The article discusses the instability, violence, and destruction in Mali caused by terrorist groups, despite the presence of French forces and other international interventions. This situation has led many Malians to feel fear and uncertainty, potentially pushing them to leave their country.",article,4
20220101,182,JEDDAH,FRANCE,https://www.la-croix.com/Dakar-2022-Al-Attiyah-auto-Sanders-moto-remportent-prologue-concurrent-blesse-explosion-2022-01-01-1301192706,neutral,[no clear migration-related tokens],mistral:7b,,,,,,,mistral:7b,neutral,[no clear migration-related tokens],url_1,4
20220101,182,JEDDAH,FRANCE,https://www.la-croix.com/Dakar-2022-Al-Attiyah-auto-Sanders-moto-remportent-prologue-concurrent-blesse-explosion-2022-01-01-1301192706,neutral,[no clear migration-related tokens],mistral:7b,,,,,,,mistral:7b,neutral,[no clear migration-related tokens],url_1,4
20220101,182,JEDDAH,FRENCH,https://www.la-croix.com/Dakar-2022-Al-Attiyah-auto-Sanders-moto-remportent-prologue-concurrent-blesse-explosion-2022-01-01-1301192706,neutral,[no clear migration-related tokens],mistral:7b,,,,,,,mistral:7b,neutral,[no clear migration-related tokens],url_1,4
20220101,182,JEDDAH,FRANCE,https://www.la-croix.com/Dakar-2022-Al-Attiyah-auto-Sanders-moto-remportent-prologue-concurrent-blesse-explosion-2022-01-01-1301192706,neutral,[no clear migration-related tokens],mistral:7b,,,,,,,mistral:7b,neutral,[no clear migration-related tokens],url_1,4
20220101,120,SAUDI,SAUDI ARABIA,https://www.la-croix.com/Dakar-2022-Al-Attiyah-auto-Sanders-moto-remportent-prologue-concurrent-blesse-explosion-2022-01-01-1301192706,neutral,[no clear migration-related tokens],mistral:7b,,,,,,,mistral:7b,neutral,[no clear migration-related tokens],url_1,4
20220101,60,SENEGAL,,https://www.la-croix.com/Dakar-2022-Al-Attiyah-auto-Sanders-moto-remportent-prologue-concurrent-blesse-explosion-2022-01-01-1301192706,neutral,[no clear migration-related tokens],mistral:7b,,,,,,,mistral:7b,neutral,[no clear migration-related tokens],url_1,4
20220101,60,DAKAR,,https://www.la-croix.com/Dakar-2022-Al-Attiyah-auto-Sanders-moto-remportent-prologue-concurrent-blesse-explosion-2022-01-01-1301192706,unclear,URL too short,mistral:7b,,,,"Le Qatarien Nasser Al-Attiyah (Toyota), en auto, et l'Australien Daniel Sanders (KTM), en moto, ont remporté samedi entre Jeddah et Ha'il en Arabie Saoudite le prologue du Dakar-2022, marqué par l'explosion deux jours plus tôt d'une voiture d'assistance.

Le pilote français du véhicule Philippe Boutron a été blessé par cette déflagration survenue jeudi près de Jeddah (centre-ouest) et a été opéré en Arabie Saoudite avant d'être rapatrié en France, a annoncé samedi l'organisation de la course. ""Son état est en cours d'amélioration"", a précisé ASO dans un communiqué.

Le ministre saoudien de l'Intérieur a écarté dans un tweet tout ""soupçon d'ordre criminel"" pour expliquer cet ""accident"", alors que ASO déclarait plus tôt dans un communiqué que ""la police saoudienne"" envisageait toutes les possibilités ""y compris celle d'un acte malveillant"".

Lors du prologue samedi, l'Espagnol Carlos Sainz, double champion du monde des rallyes et triple vainqueur du Dakar, a placé sa nouvelle Audi hybride à la deuxième place chez les autos, à 12 secondes d'Al-Attiyah. Le Sud-Africain Henk Lategan (Toyota) a terminé 3e.

C'était la première fois qu'un véhicule équipé de moteurs électriques prenait le départ de la course. Stéphane Peterhansel, détenteur du record de victoires dans l'épreuve (14 succès, dont six à moto) et 14e du prologue, pilote l'un des deux autres buggies hybrides engagés par Audi.

Trois autres favoris, le Français Sébastien Loeb (Prodrive), 5e, l'Espagnol Nani Roma (Prodrive), 7e, et le Sud-Africain Giniel De Villiers (Toyota), 8e, ont également fini à moins d'une minute d'Al-Attiyah.

""Je n'ai pas forcé, je ne voulais pas tout perdre dans la première étape (...) La stratégie, c'était d'essayer de faire un temps pour pouvoir choisir notre position pour demain"", a expliqué Loeb.

En moto, la victoire est revenue à l'Australien Daniel Sanders (KTM).

Quatrième du classement final pour son premier Dakar en 2021, le pilote KTM de 27 ans a frappé d'entrée, avec une minute d'avance sur le Chilien Pablo Quintanilla (Honda) et 1 min 55 sec sur Ross Branch (Yamaha).

Le tenant du titre, l'Argentin Kevin Benavides (KTM), s'est classé quatrième de ce prologue destiné à déterminer l'ordre des départs pour dimanche. Le premier Français, Adrien Van Beveren, a pris la sixième place.

Le rallye-raid Dakar-2022 s'est élancé ce samedi pour plus de 8.000 km en deux semaines dans les sables d'Arabie Saoudite.",unclear,The article primarily discusses the Dakar Rally in Saudi Arabia and does not provide clear indications of migration pressure conditions.,mistral:7b,unclear,The article primarily discusses the Dakar Rally in Saudi Arabia and does not provide clear indications of migration pressure conditions.,article,4
20220101,180,SETTLER,ISRAEL,https://www.alarab.com/Article/1018146,unclear,URL contains no clear migration-related tokens,mistral:7b,,,,"اتكالا منا على الله.. اول الحروف للعاصفة...في بيانها الاول... وحجر رمي في نهر الاردن قالوا سيغير مجرى التاريخ.... الى الاعتراف بتوثيق مؤتمر هرتزل الاول.. واقرار سياسي وتاريخي وقانوني . بالاعتراف على معظم الارض التاريخية لصالح المشروع الصهيوني.. باغتيال العاصفة .

احتفى المحتفون با حتفالات خجولة بالانطلاقة وتحفظات باطنة معترضة على هذا النهج من الفتحاويين وما زالت قواعد فتح وكوادرها غير قادرة على زحزحه وانهاء هذا النهج المدمر للحركة الوطنية وفتح. لانطلاقة ثورة انتهكت مبادئها واهدافها وشرد وقتل كثير من مناضليها ودخلت دهاليز التسوية المميتة لقضيتنا وحقوقنا وكرامتنا وشهدائنا ليحتفلوا بخيبتهم وسقوط ثورة .. كان الاجدر ان تصوبوا بموضوعية سلوك وطريق لحركة استولى عليها مارقين ولصوص لترجعوا الحق الوطني الى نصابه ولتعيدوا شرف القسم والوعد فان الوعد والعهد مسؤلا ... وما زالت مشكلتنا قائمة في نخب تجامل وهي تدري او لا تدري انها تتساوق وتؤيد هؤلاء اللصوص. لثورة وكيان يبيع غالبية فلسطين في اول محطة تمكنت فيها تلك الفئة، في

في حين قراءة الواقع بشكل جيد يعطيك احداثيات الماضي.

قال رئيس أركان الجيش الإسرائيلي، أفيف كوخافي، إن جيشه كان يستعد لشن عملية أمنية واسعة في جنين قبل ثلاثة أشهر، لكن إسرائيل مارست ضغوطا على السلطة الفلسطينية حتى نفذت العملية بنفسه وصادرت اسلحة واعتقلت العشرات ولاحقت الارهبيين وعمليات العنف .

عام مضى حمل معه الكثير من الروايات والاحداث على المستوى الذاتي والاقليمي والدولي وكان عاما قاسيا على جمبع الشعوب في العالم. وانذا ر للبشرية ومهما اتت من قوة البطش والتقدم العلمي بان القوة لله وحده الواحد الاحد..وفلسطينيا حمل معه استمرار لسلب ارادته وتكريس انقسامة والثبات على برنامج اضاع القضية وفتك بها واستمرار لوجود اللصوص والفاسدين والعصابات المنظمة في حياته ومتصدرين القرار .. وعام ياتي من جديد نتمنى ان يكون افضل حالا مما مضى على الكرة الارضية وعام جديد على شعبنا يتخلص من الامه وازماته وعام يتم فيه تقرير حق المصير لشعبنا ونيل حقوقه التاريخية واختفاء اللصوص والمستبدين والفاسدين من حياته. وكل عام ياتي وانتم بخير يا شعبنا الفلسطيني وامتنا العربية والاسلامية وشعوب العالم.

من عجب العجاب ان يتحدث رئيس السلطة بعبارات شعبوية تخالف سلوكه و ممارساته التي لم تعد تخفى حتى على العامة في حين ان سقف محادثاته واتصالاته بالاسرائيليين لا يعدو عن كونه دور وظيفي بموجب قناعة اسرائيلية امريكية بتعزيز دور السلطة مادامت تقوم بهذا الدور الوظيفي ربما كانت كلمة رئيس الاركان كوفاخي توجز كثير مما سنقول حين كثفت السلطة عملياتها الامنية في كل مناطق أ و ب قبل اللقاء الاخير الذي تم مع وزير الحرب الصهيوني في منزله في شمال فلسطين المحتلة والذي حمل اسم (الازدهار والامن) طبيعي ان يحمل هذا الاسم بما يحمل من معاني وسلوكيات نفذتها السلطة ضد الحركة الوطنية الفلسطينية في الضفة الغربية وتزايد عدد العمليات التي تستهدف المستوطنين و جيش الاحتلال و في ظل عمل معاكس بدأ به المستوطنين في التهجم على القرى الفلسطينية والمزارع الفلسطينية و الغريب هنا ان يقبل عباس قارورة من زيت الزيتون التي اقل شجرة فيه اطول من عمر الاحتلال وعمر عباس في حد ذاته وهو زيتون فلسطيني تاريخي واملاك فلسطينية وكأن غينتس يريد ان يقول لن نتخلى عن الاستيطان ومصادرة الارض والمياه والاشجار ايضا وقبل بذلك عباس بدون اي اعتراض .

ولكن عباس يتحدث ويقول انه سيحارب العنف ويلاحقه ولن يتخلى عن التنسيق الامني الذي اعترف بفائدته كوفاخي .

الانطلاقة و في التحضير لاحتفالاتها يذهب الرئيس الفلسطيني للقاء كوفاخي تحت جدول عمل الامن اولا ثم بعض الحقوق المدنية للشعب الفلسطيني وبالتأكيد ان الاسرائيليين يضعوا الامن اولا بمقايدة عجيبة بمال لتعزيز السلطة في حين ايضا ان الاحتلال وامريكا والغرب يقرون بقاء الوضع كما هو عليه بدون اي افق سياسي او الرجوع حتى للمبادرات والمشاريع التي لا تعطي الفلسطينيين حقهم والتي لا تهدف لحل الصراع .

ماذا يقول الفتحاويون المحتشدون في اماكن مختلفة لاشعال شعلة الانطلاقة اهم حقا فتحاويون او هل هناك مراجعات يمكن ان تعيد سريان النهر لمجراه الاساسي ام مازالت تلك النخب والقاعدة الشعبية لحركة فتح مغررة بجمل شعبوية يرفضها الواقع الذي حركة فتح فيه الان فشتان بين فتح الانطلاقة وشعائرها وشهدائها واسراها وبين سلوك قيادة حركة فتح منذ سنوات وليس الان فحسب ، لماذا لم تعترض تلك النخب على هذا النهج ؟ لماذا تحولت الثقافة من ثقافة التحرير الى ثقافة الترويض السلوكي والثقافي لقبول الواقع وقبول قراصنة على هذه الارض واعطائهم الشرعية ، هل هناك من حركة تحرر تنازلت عن شبر واحد من اراضيها او حرف من حروف مبادئها دعونا ان نقول ان هناك في الامر شيئا من البدايات الى واقع النهايات .

عن اي امن وازدهار يتحدث عباس و غينتس و المستوطنين الاسرائيليين مطلوب حمايتهم ليس من جيش الاحتلال بل من الاجهزة الامنية للسلطة التي تقول عن نفسها انها وطنية في حين ان اسرائيل في اتفاقية اوسلو رفضت وضع كلمة وطنية في تعريف السلطة في اشارة بلاغية بأن السلطة هي احد المؤسسات التي يديرها الاحتلال وقبلت القيادة الفلسطينية بشطب كلمة الوطنية ولم تذكر اي محددات للاستيطان او رفض الاستيطان او وقف الاستيطان هكذا الواقع و هكذا الامور بل مطلوب من الشعب الفلسطيني ان لا يواجه عملية مصادرة الاراضي او القتل على الحواجز او مقاومة الاحتلال وبالتالي يتحقق الامن والازدهار للاسرائيليين والقتل والدمار وتدمير المنازل والمزارع يجب ان يتحمله الشعب الفلسطيني مقابل امن وازدهار الاتحلال وبعض ملايين الدولارات التي تحيي رجال السلطة ولا تحيي الشعب الفلسطيني .",unclear,,mistral:7b,unclear,,article,4
20220101,180,SETTLER,PALESTINIAN,https://www.alarab.com/Article/1018146,unclear,URL contains no clear migration-related tokens,mistral:7b,,,,"اتكالا منا على الله.. اول الحروف للعاصفة...في بيانها الاول... وحجر رمي في نهر الاردن قالوا سيغير مجرى التاريخ.... الى الاعتراف بتوثيق مؤتمر هرتزل الاول.. واقرار سياسي وتاريخي وقانوني . بالاعتراف على معظم الارض التاريخية لصالح المشروع الصهيوني.. باغتيال العاصفة .

احتفى المحتفون با حتفالات خجولة بالانطلاقة وتحفظات باطنة معترضة على هذا النهج من الفتحاويين وما زالت قواعد فتح وكوادرها غير قادرة على زحزحه وانهاء هذا النهج المدمر للحركة الوطنية وفتح. لانطلاقة ثورة انتهكت مبادئها واهدافها وشرد وقتل كثير من مناضليها ودخلت دهاليز التسوية المميتة لقضيتنا وحقوقنا وكرامتنا وشهدائنا ليحتفلوا بخيبتهم وسقوط ثورة .. كان الاجدر ان تصوبوا بموضوعية سلوك وطريق لحركة استولى عليها مارقين ولصوص لترجعوا الحق الوطني الى نصابه ولتعيدوا شرف القسم والوعد فان الوعد والعهد مسؤلا ... وما زالت مشكلتنا قائمة في نخب تجامل وهي تدري او لا تدري انها تتساوق وتؤيد هؤلاء اللصوص. لثورة وكيان يبيع غالبية فلسطين في اول محطة تمكنت فيها تلك الفئة، في

في حين قراءة الواقع بشكل جيد يعطيك احداثيات الماضي.

قال رئيس أركان الجيش الإسرائيلي، أفيف كوخافي، إن جيشه كان يستعد لشن عملية أمنية واسعة في جنين قبل ثلاثة أشهر، لكن إسرائيل مارست ضغوطا على السلطة الفلسطينية حتى نفذت العملية بنفسه وصادرت اسلحة واعتقلت العشرات ولاحقت الارهبيين وعمليات العنف .

عام مضى حمل معه الكثير من الروايات والاحداث على المستوى الذاتي والاقليمي والدولي وكان عاما قاسيا على جمبع الشعوب في العالم. وانذا ر للبشرية ومهما اتت من قوة البطش والتقدم العلمي بان القوة لله وحده الواحد الاحد..وفلسطينيا حمل معه استمرار لسلب ارادته وتكريس انقسامة والثبات على برنامج اضاع القضية وفتك بها واستمرار لوجود اللصوص والفاسدين والعصابات المنظمة في حياته ومتصدرين القرار .. وعام ياتي من جديد نتمنى ان يكون افضل حالا مما مضى على الكرة الارضية وعام جديد على شعبنا يتخلص من الامه وازماته وعام يتم فيه تقرير حق المصير لشعبنا ونيل حقوقه التاريخية واختفاء اللصوص والمستبدين والفاسدين من حياته. وكل عام ياتي وانتم بخير يا شعبنا الفلسطيني وامتنا العربية والاسلامية وشعوب العالم.

من عجب العجاب ان يتحدث رئيس السلطة بعبارات شعبوية تخالف سلوكه و ممارساته التي لم تعد تخفى حتى على العامة في حين ان سقف محادثاته واتصالاته بالاسرائيليين لا يعدو عن كونه دور وظيفي بموجب قناعة اسرائيلية امريكية بتعزيز دور السلطة مادامت تقوم بهذا الدور الوظيفي ربما كانت كلمة رئيس الاركان كوفاخي توجز كثير مما سنقول حين كثفت السلطة عملياتها الامنية في كل مناطق أ و ب قبل اللقاء الاخير الذي تم مع وزير الحرب الصهيوني في منزله في شمال فلسطين المحتلة والذي حمل اسم (الازدهار والامن) طبيعي ان يحمل هذا الاسم بما يحمل من معاني وسلوكيات نفذتها السلطة ضد الحركة الوطنية الفلسطينية في الضفة الغربية وتزايد عدد العمليات التي تستهدف المستوطنين و جيش الاحتلال و في ظل عمل معاكس بدأ به المستوطنين في التهجم على القرى الفلسطينية والمزارع الفلسطينية و الغريب هنا ان يقبل عباس قارورة من زيت الزيتون التي اقل شجرة فيه اطول من عمر الاحتلال وعمر عباس في حد ذاته وهو زيتون فلسطيني تاريخي واملاك فلسطينية وكأن غينتس يريد ان يقول لن نتخلى عن الاستيطان ومصادرة الارض والمياه والاشجار ايضا وقبل بذلك عباس بدون اي اعتراض .

ولكن عباس يتحدث ويقول انه سيحارب العنف ويلاحقه ولن يتخلى عن التنسيق الامني الذي اعترف بفائدته كوفاخي .

الانطلاقة و في التحضير لاحتفالاتها يذهب الرئيس الفلسطيني للقاء كوفاخي تحت جدول عمل الامن اولا ثم بعض الحقوق المدنية للشعب الفلسطيني وبالتأكيد ان الاسرائيليين يضعوا الامن اولا بمقايدة عجيبة بمال لتعزيز السلطة في حين ايضا ان الاحتلال وامريكا والغرب يقرون بقاء الوضع كما هو عليه بدون اي افق سياسي او الرجوع حتى للمبادرات والمشاريع التي لا تعطي الفلسطينيين حقهم والتي لا تهدف لحل الصراع .

ماذا يقول الفتحاويون المحتشدون في اماكن مختلفة لاشعال شعلة الانطلاقة اهم حقا فتحاويون او هل هناك مراجعات يمكن ان تعيد سريان النهر لمجراه الاساسي ام مازالت تلك النخب والقاعدة الشعبية لحركة فتح مغررة بجمل شعبوية يرفضها الواقع الذي حركة فتح فيه الان فشتان بين فتح الانطلاقة وشعائرها وشهدائها واسراها وبين سلوك قيادة حركة فتح منذ سنوات وليس الان فحسب ، لماذا لم تعترض تلك النخب على هذا النهج ؟ لماذا تحولت الثقافة من ثقافة التحرير الى ثقافة الترويض السلوكي والثقافي لقبول الواقع وقبول قراصنة على هذه الارض واعطائهم الشرعية ، هل هناك من حركة تحرر تنازلت عن شبر واحد من اراضيها او حرف من حروف مبادئها دعونا ان نقول ان هناك في الامر شيئا من البدايات الى واقع النهايات .

عن اي امن وازدهار يتحدث عباس و غينتس و المستوطنين الاسرائيليين مطلوب حمايتهم ليس من جيش الاحتلال بل من الاجهزة الامنية للسلطة التي تقول عن نفسها انها وطنية في حين ان اسرائيل في اتفاقية اوسلو رفضت وضع كلمة وطنية في تعريف السلطة في اشارة بلاغية بأن السلطة هي احد المؤسسات التي يديرها الاحتلال وقبلت القيادة الفلسطينية بشطب كلمة الوطنية ولم تذكر اي محددات للاستيطان او رفض الاستيطان او وقف الاستيطان هكذا الواقع و هكذا الامور بل مطلوب من الشعب الفلسطيني ان لا يواجه عملية مصادرة الاراضي او القتل على الحواجز او مقاومة الاحتلال وبالتالي يتحقق الامن والازدهار للاسرائيليين والقتل والدمار وتدمير المنازل والمزارع يجب ان يتحمله الشعب الفلسطيني مقابل امن وازدهار الاتحلال وبعض ملايين الدولارات التي تحيي رجال السلطة ولا تحيي الشعب الفلسطيني .",unclear,,mistral:7b,unclear,,article,4
20220101,193,SETTLER,GUNMEN,https://alquds.com/2022/01/02/%D8%A7%D9%84%D9%85%D9%82%D8%A7%D9%88%D9%85%D8%A9-%D8%A7%D9%84%D8%B4%D8%B9%D8%A8%D9%8A%D8%A9-%D8%AA%D8%B3%D8%AA%D8%B9%D8%B1-%D9%81%D9%8A-%D8%B4%D9%85%D8%A7%D9%84-%D8%A7%D9%84%D8%B6%D9%81%D8%A9/,push,North West Bank,mistral:7b,,,,,,,mistral:7b,push,شمال الضفة,url_1,4
20220101,36,SYRIAN,SYRIAN,https://www.alarab.com/Article/1018149,unclear,URL contains no clear migration-related tokens,mistral:7b,,,,"تنبأ المنجم اللبناني مايك فغالي بسلسلة من التوقعات لتطور الأحداث السياسية في سوريا واليمن والسعودية ودول الخليج في 2022.

وحول الملف السوري توقع فغالي أن يترك الرئيس السوري بشار الأسد منصبه لراحة باله وضميره، وبسبب تعبه من السياسة.

وتوقع أن يترك الأسد الحكم في سوريا والاختفاء عن الساحة السياسية بكامل إرادته ورغبته الشخصية دون ضغوطات أو انقلابات.

ورأى أن وحدة سوريا لن يمسها اعتداءات أو مؤامرات، حيث لن تتجزأ سوريا إلى دويلات، وأن لا أساس للانقلاب في سوريا لتغيير الحكم أو السلطة فيها.

أما على صعيد اليمن، فتوقع فغالي أن ينشب نزاع بين السعودية والإمارات على ميناء الحديدة.

وأشار إلى أن تدخل السعودية والإمارات في شؤون اليمن وصراعاته الداخلية سيستمر.

ولفت إلى أن الإمارات ستحاول الاستيلاء على ميناء الحديدة لتحقق مصالح ذاتية.

وتوقع تشعب الحوثيين في اليمن وتوسع رقعة سيطرتهم، ما سيشعل غضب السعودية والإمارات.

ورأى أن الانقسام اليمني سينتهي والخلافات والحروب ستتلاشى بعد تدخلات من الدول الأجنبية لإنهاء الأزمة.

وفي السعودية، توقع حدوث خلافات قوية في العائلة الحاكمة وانقسام بعض الأراضي إلى دويلات صغيرة، وأن تدور صراعات شديدة ونزاعات كبيرة وخلافات بين الدول العربية في الخليج ستترك تأثيرا سلبيا كبيرا على الداخل السعودي.

كما توقع أن يقع خلاف بين الأميرين محمد بن نايف ومحمد بن سلمان، حيث يدور بينهما خلاف ونزاع كبير يخلخل الأسرة الحاكمة من الداخل ويؤثر على وضع السعودية.",push,"The article discusses potential political tensions and conflicts in Syria, Yemen, and Saudi Arabia for the year 2022, which may drive people to leave these countries due to violence, unrest, and instability",mistral:7b,push,"The article discusses potential political tensions and conflicts in Syria, Yemen, and Saudi Arabia for the year 2022, which may drive people to leave these countries due to violence, unrest, and instability",article,4
20220101,36,SYRIAN,SYRIAN,https://www.alarab.com/Article/1018149,unclear,URL contains no clear migration-related tokens,mistral:7b,,,,"تنبأ المنجم اللبناني مايك فغالي بسلسلة من التوقعات لتطور الأحداث السياسية في سوريا واليمن والسعودية ودول الخليج في 2022.

وحول الملف السوري توقع فغالي أن يترك الرئيس السوري بشار الأسد منصبه لراحة باله وضميره، وبسبب تعبه من السياسة.

وتوقع أن يترك الأسد الحكم في سوريا والاختفاء عن الساحة السياسية بكامل إرادته ورغبته الشخصية دون ضغوطات أو انقلابات.

ورأى أن وحدة سوريا لن يمسها اعتداءات أو مؤامرات، حيث لن تتجزأ سوريا إلى دويلات، وأن لا أساس للانقلاب في سوريا لتغيير الحكم أو السلطة فيها.

أما على صعيد اليمن، فتوقع فغالي أن ينشب نزاع بين السعودية والإمارات على ميناء الحديدة.

وأشار إلى أن تدخل السعودية والإمارات في شؤون اليمن وصراعاته الداخلية سيستمر.

ولفت إلى أن الإمارات ستحاول الاستيلاء على ميناء الحديدة لتحقق مصالح ذاتية.

وتوقع تشعب الحوثيين في اليمن وتوسع رقعة سيطرتهم، ما سيشعل غضب السعودية والإمارات.

ورأى أن الانقسام اليمني سينتهي والخلافات والحروب ستتلاشى بعد تدخلات من الدول الأجنبية لإنهاء الأزمة.

وفي السعودية، توقع حدوث خلافات قوية في العائلة الحاكمة وانقسام بعض الأراضي إلى دويلات صغيرة، وأن تدور صراعات شديدة ونزاعات كبيرة وخلافات بين الدول العربية في الخليج ستترك تأثيرا سلبيا كبيرا على الداخل السعودي.

كما توقع أن يقع خلاف بين الأميرين محمد بن نايف ومحمد بن سلمان، حيث يدور بينهما خلاف ونزاع كبير يخلخل الأسرة الحاكمة من الداخل ويؤثر على وضع السعودية.",push,"War, violence, conflict, internal struggles, and external interventions in Syria, Yemen, and Saudi Arabia are predicted to continue in 2022.",mistral:7b,push,"War, violence, conflict, internal struggles, and external interventions in Syria, Yemen, and Saudi Arabia are predicted to continue in 2022.",article,4
20220101,36,SYRIAN,SYRIAN,https://www.alarab.com/Article/1018149,unclear,URL contains no clear migration-related tokens,mistral:7b,,,,"تنبأ المنجم اللبناني مايك فغالي بسلسلة من التوقعات لتطور الأحداث السياسية في سوريا واليمن والسعودية ودول الخليج في 2022.

وحول الملف السوري توقع فغالي أن يترك الرئيس السوري بشار الأسد منصبه لراحة باله وضميره، وبسبب تعبه من السياسة.

وتوقع أن يترك الأسد الحكم في سوريا والاختفاء عن الساحة السياسية بكامل إرادته ورغبته الشخصية دون ضغوطات أو انقلابات.

ورأى أن وحدة سوريا لن يمسها اعتداءات أو مؤامرات، حيث لن تتجزأ سوريا إلى دويلات، وأن لا أساس للانقلاب في سوريا لتغيير الحكم أو السلطة فيها.

أما على صعيد اليمن، فتوقع فغالي أن ينشب نزاع بين السعودية والإمارات على ميناء الحديدة.

وأشار إلى أن تدخل السعودية والإمارات في شؤون اليمن وصراعاته الداخلية سيستمر.

ولفت إلى أن الإمارات ستحاول الاستيلاء على ميناء الحديدة لتحقق مصالح ذاتية.

وتوقع تشعب الحوثيين في اليمن وتوسع رقعة سيطرتهم، ما سيشعل غضب السعودية والإمارات.

ورأى أن الانقسام اليمني سينتهي والخلافات والحروب ستتلاشى بعد تدخلات من الدول الأجنبية لإنهاء الأزمة.

وفي السعودية، توقع حدوث خلافات قوية في العائلة الحاكمة وانقسام بعض الأراضي إلى دويلات صغيرة، وأن تدور صراعات شديدة ونزاعات كبيرة وخلافات بين الدول العربية في الخليج ستترك تأثيرا سلبيا كبيرا على الداخل السعودي.

كما توقع أن يقع خلاف بين الأميرين محمد بن نايف ومحمد بن سلمان، حيث يدور بينهما خلاف ونزاع كبير يخلخل الأسرة الحاكمة من الداخل ويؤثر على وضع السعودية.",push,"The article discusses political instability, conflicts and potential power struggles in Syria, Yemen and Saudi Arabia, which may lead to conditions that cause people to leave these countries.",mistral:7b,push,"The article discusses political instability, conflicts and potential power struggles in Syria, Yemen and Saudi Arabia, which may lead to conditions that cause people to leave these countries.",article,4
20220101,36,SYRIAN,SYRIAN,https://www.alarab.com/Article/1018149,unclear,URL contains no clear migration-related tokens,mistral:7b,,,,"تنبأ المنجم اللبناني مايك فغالي بسلسلة من التوقعات لتطور الأحداث السياسية في سوريا واليمن والسعودية ودول الخليج في 2022.

وحول الملف السوري توقع فغالي أن يترك الرئيس السوري بشار الأسد منصبه لراحة باله وضميره، وبسبب تعبه من السياسة.

وتوقع أن يترك الأسد الحكم في سوريا والاختفاء عن الساحة السياسية بكامل إرادته ورغبته الشخصية دون ضغوطات أو انقلابات.

ورأى أن وحدة سوريا لن يمسها اعتداءات أو مؤامرات، حيث لن تتجزأ سوريا إلى دويلات، وأن لا أساس للانقلاب في سوريا لتغيير الحكم أو السلطة فيها.

أما على صعيد اليمن، فتوقع فغالي أن ينشب نزاع بين السعودية والإمارات على ميناء الحديدة.

وأشار إلى أن تدخل السعودية والإمارات في شؤون اليمن وصراعاته الداخلية سيستمر.

ولفت إلى أن الإمارات ستحاول الاستيلاء على ميناء الحديدة لتحقق مصالح ذاتية.

وتوقع تشعب الحوثيين في اليمن وتوسع رقعة سيطرتهم، ما سيشعل غضب السعودية والإمارات.

ورأى أن الانقسام اليمني سينتهي والخلافات والحروب ستتلاشى بعد تدخلات من الدول الأجنبية لإنهاء الأزمة.

وفي السعودية، توقع حدوث خلافات قوية في العائلة الحاكمة وانقسام بعض الأراضي إلى دويلات صغيرة، وأن تدور صراعات شديدة ونزاعات كبيرة وخلافات بين الدول العربية في الخليج ستترك تأثيرا سلبيا كبيرا على الداخل السعودي.

كما توقع أن يقع خلاف بين الأميرين محمد بن نايف ومحمد بن سلمان، حيث يدور بينهما خلاف ونزاع كبير يخلخل الأسرة الحاكمة من الداخل ويؤثر على وضع السعودية.",mixed,"The article discusses political uncertainties and conflicts in Syria, Yemen, and Saudi Arabia, which could potentially drive people out of these countries (push). It also mentions power struggles and potential invasions within Yemen and the Gulf region, which may lead to internal displacement or conflict-induced migration (push). Additionally, it suggests power struggles and disputes within the Saudi royal family that could cause instability in Saudi Arabia (push). However, it also mentions a possible end to conflicts and division in Yemen due to external intervention (pull), and the Emirates' attempt to gain control of a Yemeni port for personal gains (pull). Therefore, the article indicates both push and pull factors.",mistral:7b,mixed,"The article discusses political uncertainties and conflicts in Syria, Yemen, and Saudi Arabia, which could potentially drive people out of these countries (push). It also mentions power struggles and potential invasions within Yemen and the Gulf region, which may lead to internal displacement or conflict-induced migration (push). Additionally, it suggests power struggles and disputes within the Saudi royal family that could cause instability in Saudi Arabia (push). However, it also mentions a possible end to conflicts and division in Yemen due to external intervention (pull), and the Emirates' attempt to gain control of a Yemeni port for personal gains (pull). Therefore, the article indicates both push and pull factors.",article,4
20220101,23,UKRAINIAN,,https://kino.24tv.ua/ru/novogodnie-multfilmy-dlja-vsej-semi-dushevnaja-podborka-dlja_n1831930,neutral,URL contains no clear migration-related tokens,mistral:7b,,,,,,,mistral:7b,neutral,URL contains no clear migration-related tokens,url_1,4
20220101,90,WYOMING,,https://g1.globo.com/mundo/noticia/2022/01/01/a-epidemia-de-desaparecimentos-de-indigenas-que-intriga-os-eua.ghtml,pull,disappearances of indigenous people,mistral:7b,,,,,,,mistral:7b,pull,desaparecimentos de indigenas,url_1,4
20220101,42,FLORIDA,JAKARTA,https://www.republika.co.id/berita/r520u2384/ini-ketentuan-tes-antigen-di-stasiun,neutral,<URL contains no migration-related tokens>,mistral:7b,,,,,,,mistral:7b,neutral,<URL contains no migration-related tokens>,url_1,4
20220101,190,YEMENI,LILLE,https://www.okaz.com.sa/news/na/2092790,unclear,<URL contains no migration-related tokens>,mistral:7b,,,,"أحمد الشميري «عكاظ» (جدة،الرياض) a_shmeri@

‏ثمن وزير الإعلام اليمني معمر الإرياني، المواقف الأخوية والدعم اللامحدود من تحالف دعم الشرعية بقيادة السعودية التي قدمت الغالي والنفيس لنصرة اليمن، وإسناده في معركة استعادة الدولة وإسقاط الانقلاب الحوثي، بتوجيهات كريمة من خادم الحرمين الشريفين الملك سلمان بن عبدالعزيز، وولي العهد الأمير محمد بن سلمان.



ونوه بالجهود الاستثنائية النبيلة التي بذلها نائب وزير الدفاع الأمير خالد بن سلمان، وكذلك قائد القوات المشتركة الفريق الركن مطلق بن سالم الأزيمع، وكل المعنيين الذي يعملون ليل نهار لدعم اليمنيين في معركتهم المصيرية، مؤكدا بقوله «لن ننسى هذه المواقف النبيلة للأشقاء».



وأشاد الإرياني بتوحد أيادي وإرادة اليمنيين في التصدي للغزو الفارسي وأذياله من مليشيا الإرهاب الحوثية في جبهات مأرب والجوف وتعز والضالع وشبوة والحديدة والبيضاء، ومواقفهم في صوالين الساسة ودهاليز السياسة وصفحات المواقع الإخبارية والنشطاء في منصات التواصل الاجتماعي.



وقال في سلسلة تغريدات عبر حسابه في «تويتر» أمس (السبت): استثمر النظام الإيراني خلافات القوى السياسية للدفع بمليشيا الحوثي لقلب الطاولة على الجميع، للانقلاب على مخرجات مؤتمر الحوار الوطني الشامل، واحتلال العاصمة المختطفة صنعاء، والبدء بعمليات تجريف ممنهج لمؤسسات الدولة والهوية الوطنية والعربية، وتدمير النسيج الاجتماعي والسلم الأهلي.



وأضاف: اشتغلت مليشيا الحوثي على اختراق الجبهة الوطنية عبر بعض المواقع والصفحات لخلخلة الصفوف وتغذية الخلافات وتعميقها، وشغل اليمنيين بمعارك ثانوية وصرفهم عن معركتهم المصيرية، وما زالت تراهن على الانقسامات لتمرير مشروعها السرطاني بأحقاده التاريخية وخلفياته العقائدية المستوردة من طهران.



وأكد أن ما يحدث على الأرض من ترتيبات عسكرية بدعم من تحالف دعم الشرعية، لتغيير مسار المعركة من الدفاع للهجوم واستعادة ما تم فقدانه من الأراضي المحررة، وتحرير كل شبر من التراب اليمني، يحتم على القوى السياسية وكافة الإعلاميين والصحفيين ترك خلافاتهم والتوحد خلف الجيش اليمني والمقاومة.



وجدد الإرياني دعوة كافة القوى السياسية والإعلاميين والصحفيين للاستفادة من دروس الماضي، وتجاوز خلافاتهم وتوحيد الصف والجهود خلف الشرعية اليمنية بقيادة الرئيس عبدربه منصور هادي، إدراكا لخطورة المعركة، وتقديرا للدماء الطاهرة التي سكبت في مختلف جبهات القتال دفاعا عن الوطن ومكتسباته.



من جهة أخرى نجح الجيش اليمني الوطني بإسناد من تحالف دعم الشرعية في استنزاف وإفشال مخططات الانقلاب الإرهابية، ما تسبب في تفاقم الصراعات وحالات التصفية الداخلية بين أجنحة المليشيا في المديريات الجنوبية لمحافظة مأرب. وقالت مصادر قبلية لـ«عكاظ»، إن مسلحاً حوثياً أطلق الرصاص الحي على الزعيم القبلي صالح القاضي المعين وكيلاً لمحافظة مأرب من قبل الحوثي في منزله، (الخميس) الماضي، وأرداه قتيلاً .



وأضافت المصادر أن سيناريو الاضطرابات النفسية محاولة للتغطية على عملية التصفية المتعمدة، خصوصاً بعد تكتم المليشيا على الحادثة ونقل جثة الزعيم القبلي الذي ينتمي إلى قبلية مراد إلى صنعاء، مؤكدة أن التصفية جاءت على خلفية نجاحات الجيش اليمني في شبوة وسيطرته على مديرية عسيلان ما تتسبب في فرض حصار على العناصر الحوثية (جنوبي مأرب). وأفادت بأن القاضي من الشخصيات التي سهلت دخول المليشيا إلى مناطقه ورغم ذلك جرت تصفيته عل غرار ما حدث لموالين في محافظات عمران وصعدة. وفجرت مليشيا الحوثي في مديرية الجوبة (جنوبي مأرب) منزل مبخوت الفقير في منطقة الخثلة بعد أن زرعت فيه عبوات ناسفة من الداخل، ووفقاً لمصادر قبلية، فإن عشرات المنازل جرى تفجيرها خلال اليومين الماضيين في الجوبة.",push,"War, violence, persecution, repression by Houthi militia in various regions of Yemen",mistral:7b,push,"War, violence, persecution, repression by Houthi militia in various regions of Yemen",article,4
20220101,10,YEMENI,PERSIAN,https://www.okaz.com.sa/news/na/2092790,unclear,<URL contains no migration-related tokens>,mistral:7b,,,,"أحمد الشميري «عكاظ» (جدة،الرياض) a_shmeri@

‏ثمن وزير الإعلام اليمني معمر الإرياني، المواقف الأخوية والدعم اللامحدود من تحالف دعم الشرعية بقيادة السعودية التي قدمت الغالي والنفيس لنصرة اليمن، وإسناده في معركة استعادة الدولة وإسقاط الانقلاب الحوثي، بتوجيهات كريمة من خادم الحرمين الشريفين الملك سلمان بن عبدالعزيز، وولي العهد الأمير محمد بن سلمان.



ونوه بالجهود الاستثنائية النبيلة التي بذلها نائب وزير الدفاع الأمير خالد بن سلمان، وكذلك قائد القوات المشتركة الفريق الركن مطلق بن سالم الأزيمع، وكل المعنيين الذي يعملون ليل نهار لدعم اليمنيين في معركتهم المصيرية، مؤكدا بقوله «لن ننسى هذه المواقف النبيلة للأشقاء».



وأشاد الإرياني بتوحد أيادي وإرادة اليمنيين في التصدي للغزو الفارسي وأذياله من مليشيا الإرهاب الحوثية في جبهات مأرب والجوف وتعز والضالع وشبوة والحديدة والبيضاء، ومواقفهم في صوالين الساسة ودهاليز السياسة وصفحات المواقع الإخبارية والنشطاء في منصات التواصل الاجتماعي.



وقال في سلسلة تغريدات عبر حسابه في «تويتر» أمس (السبت): استثمر النظام الإيراني خلافات القوى السياسية للدفع بمليشيا الحوثي لقلب الطاولة على الجميع، للانقلاب على مخرجات مؤتمر الحوار الوطني الشامل، واحتلال العاصمة المختطفة صنعاء، والبدء بعمليات تجريف ممنهج لمؤسسات الدولة والهوية الوطنية والعربية، وتدمير النسيج الاجتماعي والسلم الأهلي.



وأضاف: اشتغلت مليشيا الحوثي على اختراق الجبهة الوطنية عبر بعض المواقع والصفحات لخلخلة الصفوف وتغذية الخلافات وتعميقها، وشغل اليمنيين بمعارك ثانوية وصرفهم عن معركتهم المصيرية، وما زالت تراهن على الانقسامات لتمرير مشروعها السرطاني بأحقاده التاريخية وخلفياته العقائدية المستوردة من طهران.



وأكد أن ما يحدث على الأرض من ترتيبات عسكرية بدعم من تحالف دعم الشرعية، لتغيير مسار المعركة من الدفاع للهجوم واستعادة ما تم فقدانه من الأراضي المحررة، وتحرير كل شبر من التراب اليمني، يحتم على القوى السياسية وكافة الإعلاميين والصحفيين ترك خلافاتهم والتوحد خلف الجيش اليمني والمقاومة.



وجدد الإرياني دعوة كافة القوى السياسية والإعلاميين والصحفيين للاستفادة من دروس الماضي، وتجاوز خلافاتهم وتوحيد الصف والجهود خلف الشرعية اليمنية بقيادة الرئيس عبدربه منصور هادي، إدراكا لخطورة المعركة، وتقديرا للدماء الطاهرة التي سكبت في مختلف جبهات القتال دفاعا عن الوطن ومكتسباته.



من جهة أخرى نجح الجيش اليمني الوطني بإسناد من تحالف دعم الشرعية في استنزاف وإفشال مخططات الانقلاب الإرهابية، ما تسبب في تفاقم الصراعات وحالات التصفية الداخلية بين أجنحة المليشيا في المديريات الجنوبية لمحافظة مأرب. وقالت مصادر قبلية لـ«عكاظ»، إن مسلحاً حوثياً أطلق الرصاص الحي على الزعيم القبلي صالح القاضي المعين وكيلاً لمحافظة مأرب من قبل الحوثي في منزله، (الخميس) الماضي، وأرداه قتيلاً .



وأضافت المصادر أن سيناريو الاضطرابات النفسية محاولة للتغطية على عملية التصفية المتعمدة، خصوصاً بعد تكتم المليشيا على الحادثة ونقل جثة الزعيم القبلي الذي ينتمي إلى قبلية مراد إلى صنعاء، مؤكدة أن التصفية جاءت على خلفية نجاحات الجيش اليمني في شبوة وسيطرته على مديرية عسيلان ما تتسبب في فرض حصار على العناصر الحوثية (جنوبي مأرب). وأفادت بأن القاضي من الشخصيات التي سهلت دخول المليشيا إلى مناطقه ورغم ذلك جرت تصفيته عل غرار ما حدث لموالين في محافظات عمران وصعدة. وفجرت مليشيا الحوثي في مديرية الجوبة (جنوبي مأرب) منزل مبخوت الفقير في منطقة الخثلة بعد أن زرعت فيه عبوات ناسفة من الداخل، ووفقاً لمصادر قبلية، فإن عشرات المنازل جرى تفجيرها خلال اليومين الماضيين في الجوبة.",push,"War, violence, persecution, repression from Houthis in various regions of Yemen as stated in the article",mistral:7b,push,"War, violence, persecution, repression from Houthis in various regions of Yemen as stated in the article",article,4
20220101,50,CATALAN,,https://sport1.oslobodjenje.ba/s1/fudbal/ino-fudbal/primera/postigao-dogovor-sa-kataloncima-barcelona-sljedeceg-ljeta-dobija-veliko-pojacanje-721568,pull,Barcelona is getting a big boost next summer,mistral:7b,,,,,,,mistral:7b,pull,Barcelona is getting a big boost next summer,url_1,4
20220101,141,SLAVIC,TARA,https://www.kramatorsk.info/view/272909,unclear,<URL contains no migration-related tokens>,mistral:7b,,,,"1 січня 2022 року в Слов'янську, з Соборної площі до пам'ятника Тарасу Шевченко, пройшов традиційний щорічний смолоскипний марш, присвячений до 113-ої річниці із дня народження Провідника ОУН Степана Бандери.

Організатори та учасники маршу зі Слов'янська вшанували пам’ять символу української нації та розірвали пітьму на вулицях міста світлом смолоскипів. Ходу супроводжували бійці нацгвардії та підрозділу поліції.

Наприкінці маршу відбувся мітинг біля памятника Тарасу Шевченко.До маршу долучились всі бажаючі.",unclear,"The article is about a traditional march in honor of Stepan Bandera, a symbolic figure for Ukrainian nation, and does not directly mention conditions that may cause people to leave or arrive in Ukraine.",mistral:7b,unclear,"The article is about a traditional march in honor of Stepan Bandera, a symbolic figure for Ukrainian nation, and does not directly mention conditions that may cause people to leave or arrive in Ukraine.",article,4
20220101,141,SLAVIC,UKRAINE,https://www.kramatorsk.info/view/272909,unclear,<URL contains no migration-related tokens>,mistral:7b,,,,"1 січня 2022 року в Слов'янську, з Соборної площі до пам'ятника Тарасу Шевченко, пройшов традиційний щорічний смолоскипний марш, присвячений до 113-ої річниці із дня народження Провідника ОУН Степана Бандери.

Організатори та учасники маршу зі Слов'янська вшанували пам’ять символу української нації та розірвали пітьму на вулицях міста світлом смолоскипів. Ходу супроводжували бійці нацгвардії та підрозділу поліції.

Наприкінці маршу відбувся мітинг біля памятника Тарасу Шевченко.До маршу долучились всі бажаючі.",unclear,The article does not provide information about conditions related to push or pull factors for migration.,mistral:7b,unclear,The article does not provide information about conditions related to push or pull factors for migration.,article,4
20210102,51,POLAND,,https://logistyka.rp.pl/drogowy/art19249821-na-ten-rok-w-planach-oddanie-do-uzytku-345-km-drog-krajowych,neutral,<URL contains no migration-related tokens>,mistral:7b,,,,,,,mistral:7b,neutral,<URL contains no migration-related tokens>,url_1,4
20210102,51,POLISH,,https://logistyka.rp.pl/drogowy/art19249821-na-ten-rok-w-planach-oddanie-do-uzytku-345-km-drog-krajowych,neutral,<URL contains no migration-related tokens>,mistral:7b,,,,,,,mistral:7b,neutral,<URL contains no migration-related tokens>,url_1,4
20210102,51,POLISH,,https://logistyka.rp.pl/drogowy/art19249821-na-ten-rok-w-planach-oddanie-do-uzytku-345-km-drog-krajowych,neutral,<URL contains no migration-related tokens>,mistral:7b,,,,,,,mistral:7b,neutral,<URL contains no migration-related tokens>,url_1,4
20220102,36,,BUENOS AIRES,https://urgente24.com/actualidad/tragedia-palermo-asesino-al-volante-alcohol-y-muerte-n531977,push,tragedy palermo murderer at the wheel alcohol and death,mistral:7b,,,,,,,mistral:7b,push,tragedia palermo asesino al volante alcohol y muerte,url_1,4
20220102,100,,BUSINESS,https://www.eluniversal.com.mx/cartera/concanaco-pide-comercios-mantener-medidas-sanitarias-y-evitar-cierres-por-ola-de-covid,neutral,No clear migration-related tokens,mistral:7b,,,,,,,mistral:7b,neutral,No clear migration-related tokens,url_1,4
20220102,190,,TYCOON,https://revistamonet.globo.com/Celebridades/noticia/2022/01/look-de-jeff-bezos-um-dos-homens-mais-ricos-do-mundo-no-reveillon-rende-piadas-nas-redes-meio-vin-diesel-meio-agostinho-carrara.html,unclear,"URL too short, generic",mistral:7b,,,,"Jeff Bezos e a namorada (Foto: Reprodução/Instagram)

Jeff Bezos, um dos homens mais ricos do mundo, começou 2022 inspirando piadas e memes nas redes sociais com seu look para a festa de Réveillon acompanhado de amigos e da namorada, a apresentadora de TV Lauren Sanchez.



O megaempresário tem chamado atenção nos últimos tempos pelo físico 'bombadão' e usou uma camisa colorida que ornou com a festa temática dos anos 1970 que promoveu para celebrar a chegada do Ano Novo.

Na legenda do seu post, ele compartilhou uma reflexão sobre a virada de 21 para 22. ""Nós nos divertimos muito na noite passada celebrando com uma festa louca de discoteca com a família, mas o Ano Novo também é um ótimo momento para fazer um balanço e focar no crescimento pessoal, renovação, renascimento e prestar atenção a cada momento de sua vida. Os bons e os maus. Tudo. Comemore e cresça"", escreveu.

saiba mais Ex de Kanye e eterna rival de Kim Kardashian desafia Insta ao postar foto completamente nua Ex de Kanye e eterna rival de Kim Kardashian desafia Insta ao postar foto completamente nua

Os internautas, tanto nos EUA quanto no Brasil, não perderam a piada. ""Jeff Bezos está a poucos centímetros de se transformar em Pitbull"", comentou uma usuária, fazendo referência ao músico de ascendência cubana. ""A transformação física de Jeff Bezos parece uma dessa história de origens de vilões do Homem-Aranha"", brincou outro.

Já um brasileiro foi mortal ao resumir tudo em um inusitado mash-up do astro de 'Velozes e Furiosos e o personagem de Pedro Cardoso na série 'A Grande Família': ""Jeff Bezos passou a virada com um look meio Vin Diesel, meio Agostinho Carrara.""

Houve também usuários que repararam nos dedos desproporcionais da namorada no clique principal. ""Não consigo parar de olhar"", afirmou um.

saiba mais Filha de Steve Jobs se despede de 2021 e dá boas vindas para 2022 em fotos com biquíni minúsculo Filha de Steve Jobs se despede de 2021 e dá boas vindas para 2022 em fotos com biquíni minúsculo

Pedro Cardoso em A Grande Família (Foto: Divulgação)

Vin Diesel em Velozes e Furiosos 9 (2021) (Foto: Divulgação)

Pitbull (Foto: Divulgação)

saiba mais Hilary Duff surpreende fãs com sequência de selfies de topless na banheira Hilary Duff surpreende fãs com sequência de selfies de topless na banheira

Claro que também apareceu quem achasse o figurino do magnata da Amazon de gosto duvidoso e que destoa com um sujeito com mais de 190 bilhões de dólares em propriedades (o que ultrapassa a marca de 1 trilhão de reais pela cotação atual). ""Jeff Bezos, sendo o homem mais rico do mundo, se veste como um sujeito que perdeu tudo em criptomoedas"", brincou um. ""Mais dinheiro não necessariamente é uma coisa boa"", complementou outro.

Jeff Bezos e Lauren Sanchez estão juntos desde o fim de 2018 e tornaram público seu namoro no início de 2019. O relacionamento tomou de assalto inclusive as editorias voltadas a celebridades e gossip por que resultou no término do casamento de 25 anos de Bezos com MacKenzie Bezos, mãe de seus quatro filhos. Já Sanchez era casada com o também empresário Patrick Whitesell, ex-amigo de Bezos.

Abaixo, confira mais fotos de Bezos na sua festa de Réveillon.

Jeff Bezos, a namorada e amiga (Foto: Reprodução/Instagram)",neutral,The article is about Jeff Bezos' New Year's Eve party and does not discuss conditions that may cause people to leave or arrive in any specific country.,mistral:7b,neutral,The article is about Jeff Bezos' New Year's Eve party and does not discuss conditions that may cause people to leave or arrive in any specific country.,article,4
20220102,112,,CALGARY,https://www.journaldemontreal.com/2022/01/02/manifestations-anti-covid-un-pasteur-et-son-frere-arretes-par-calgary,pull,'Calgary',mistral:7b,,,,,,,mistral:7b,pull,'Calgary',url_1,4
20220102,841,,POLICE,https://www.hoydiariodelmagdalena.com.co/archivos/613756,unclear,"URL too short, generic",mistral:7b,,,,"En diálogo con Enrique Gómez Martínez, abogado de la familia y sobrino del asesinado líder conservador Álvaro Gómez Hurtado, explicó en La FM los pormenores de los documentos del archivo de vigilancia del (Departamento Administrativo de Seguridad) DAS, a los que recientemente lograron acceder y que daría más luces para esclarecer los hechos que rodean el magnicidio ejecutado el 2 de noviembre de 1995.

Gómez Martínez relató que desde hace 5 años se ha librado una lucha compleja para que se revelen en su totalidad los archivos de vigilancia del DAS y tras ganar una tutela que permitió el acceso a esa documentación se logró encontrar varias referencias relacionadas sobre la investigación de la muerte de Álvaro Gómez Hurtado.

El abogado sostiene que hay varias evidencias sobre diferentes perfilamientos sistemáticos que ejecutó la división de inteligencia a todos los opositores y críticos del entonces presidente Enrique Samper Pizano y entre estas personas figura Gómez Hurtado.

«Estamos esperando poder confirmar la época en que fueron realizados estos seguimientos y queremos establecer si en esos seguimientos hubo interceptaciones telefónicas».

De igual manera, Enrique Gómez Martínez sostiene que halló evidencia que demuestra que en ninguno de los diferentes boletines que el DAS generaba para el presidente Samper, se habló sobre una presunta conspiración militar o golpista en su contra.

El abogado precisó que en dichos documentos también se descartó que la muerte de Álvaro Gómez Hurtado estuviese relacionada con un supuesto golpe de estado.

«El DAS descartó en 1995 la hipótesis que indica que la muerte de Álvaro Gómez se produjo en un fallido golpe de estado, Ramiro Bejarano durante años ha venido diciendo mentiras al país, estos informes deben ser puestos en conocimiento entre las partes del caso».

“Eso dio lugar a dos tutelas y de ahí vimos como la administración Santos con la asesoría de Ramiro Bejarano (director del DAS en la época en la que ocurrió el asesinato de Gómez Hurtado), desmontó los archivos del DAS; pero por cosas de la vida, la verdad siempre brilla y brota, han aparecido los archivos de seguimiento del DAS (…)”.

Gómez Martínez también señaló que la mafia también estuvo relacionada con la muerte de Gómez Hurtado, pues a Orlando Heano, jefe del cartel del Norte del Valle, se le solicitó que asesinara a Álvaro Gómez Hurtado a cambio de mejores beneficios en su proceso de entrega a las autoridades.

«Heano accedió y esta operación contó con la participación del entonces director del Gaula, Danilo Alfonso González».

La siniestra nota de Laude Fernández

El exdirector de inteligencia del DAS Laude Fernández, también está siendo investigado por su supuesta participación en interceptaciones ilegales a integrantes del sindicato de Avianca.

El abogado de la familia del político conservador aseguró que, Fernández también habría estado involucrado con los perfilamientos de los que fue objeto la víctima.

“Ya habíamos encontrado una siniestra nota de Laude Fernández, director de inteligencia de Ramiro Bejarano (no sé si el país recuerda porque está preso y cómo ha participado durante décadas, en todos los desarrollos del antiguo DAS), donde el primero de noviembre en una entrevista que Álvaro Gómez Hurtado, le concedió a la revista Diners, Laude Fernández, de alguna manera vaticinaba lo que iba a ocurrir al día siguiente, diciendo en su nota de comentario de revisión – Al que no quiere caldo se le dan dos tazas (…) – ”, dijo el abogado.

El abogado Gómez Martínez añadió que, se están agregando más pruebas al proceso por el crimen que fue considerado como de lesa humanidad.

“La extensión del tiempo no se ha determinado pero eran seguimientos personales; de inteligencia humana, seguimientos de inteligencia electrónica o lo que llamamos hoy día, ‘chuzadas’; lo que es claro es que había un trabajo de seguimiento personal”, añadió el jurista.

“Otros testigos que han declarado acreditan que en su momento, Danilo González, comandante del Gaula en el Gobierno de Ernesto Samper, recibió la orden de adelantar el homicidio pero parece que transcurrió muy poco tiempo entre el momento que recibió la orden y la puso en práctica, con la ayuda de Wilber Alirio Varela alias ‘Jabón’”, manifestó el abogado.

Agregó que, “me ha quedado la inquietud con base en qué inteligencia sabían el día, la hora y el lugar en que Álvaro Gómez Hurtado, dictaba sus clases en la Universidad Sergio Arboleda, aquel fatídico 2 de noviembre”.

Señaló que una de las hipótesis es que, desde el Gobierno se entregó información para facilitar que se cometiera el crimen.

“Pareciera que la respuesta es que posiblemente el Gobierno de Samper, le haya filtrado al cartel del Norte del Valle estos seguimientos para facilitar el homicidio”, sentenció.

Corte Suprema de Justicia

El abogado también anunció que ante el alto tribunal presentará las pruebas contra Horario Serpa Uribe quien para la época de los hechos, ocupaba el cargo de Ministro del Gobierno de Samper.

“Vamos a pedir la resolución de acusación contra Horacio Serpa, ahora la Corte Suprema de Justicia conoce el proceso en su contra a través de la Fiscalía delegada porque él, era aforado como exministro del Interior del Gobierno de Ernesto Samper y trasladaremos esas pruebas ante la Comisión de Acusaciones”, dijo.

Manifestó que, “queremos que al cumplirse 25 años de impunidad que se conmemoran en noviembre; se lleven a juicio esas pruebas”.

Aseguró, que no busca que el expresidente Ernesto Samper sea condenado pero que sí, se conozcan las pruebas.

“Querían enterrar estas pruebas con la complicidad de fiscales patrocinados por Ernesto Samper y que no se pudieran conocer: cuatro casas criminales confirmando la realización del homicidio por parte de Orlando Henao a solicitud de Ernesto Samper y Horacio Serpa, esas pruebas deben ir a juicio”, aseguró en su entrevista.

El abogado Gómez Martínez también cuestionó el trino de la exsenadora Piedad Córdoba, en el que advierte que la reunión entre el expresidente Juan Manuel Santos, exministro Cristo, senador Cepeda, Rodrigo Londoño ‘Timochenko’ y Carlos Lozada, permitirá descubrir qué sucedió con el crimen del destacado político conservador.

Fuente: LA FM

You can use this method to make deposits in instant Bank Transfer casino NZ. In most cases, you can do so by supplying your bank details. If you don’t have an account in NZ, you may be required to pay an additional fee. Once you’ve made the deposit, you can play! In some cases, the minimum deposit for this method is NZ$10, although it can range from $10 to $50. Depending on your bank, the withdrawal time can take two to seven days.",push,"The article discusses systematic profiling and surveillance of political opponents and critics by the Department of Administrative Security (DAS) under President Enrique Samper Pizano. The DAS is also accused of having links with the mafia and soliciting an assassination of Álvaro Gómez Hurtado, a conservative leader.",mistral:7b,push,"The article discusses systematic profiling and surveillance of political opponents and critics by the Department of Administrative Security (DAS) under President Enrique Samper Pizano. The DAS is also accused of having links with the mafia and soliciting an assassination of Álvaro Gómez Hurtado, a conservative leader.",article,4
20220102,36,,SCHOOL,https://olhardireto.com.br/noticias/exibir.asp?id=496488&noticia=porto-relembra-dificuldades-com-45-dos-estudantes-sem-internet-e-projeta-2022-como-melhor-ano-letivo-da-historia,push,'no-internet',mistral:7b,,,,,,,mistral:7b,push,'sem-internet',url_1,4
20220102,42,,SCHOOL,https://olhardireto.com.br/noticias/exibir.asp?id=496488&noticia=porto-relembra-dificuldades-com-45-dos-estudantes-sem-internet-e-projeta-2022-como-melhor-ano-letivo-da-historia,mixed,'no-internet' 'best-school-year-in-history',mistral:7b,,,,,,,mistral:7b,mixed,'sem-internet' 'melhor-ano-letivo-da-historia',url_1,4
20220102,42,,FRANCE,https://www.mdzol.com/deportes/2022/1/2/cuando-vuelve-lionel-messi-su-posible-debut-con-el-psg-en-2022-212536.html,neutral,No clear migration-related tokens,mistral:7b,,,,,,,mistral:7b,neutral,No clear migration-related tokens,url_1,4
20220102,42,,FRANCE,https://www.mdzol.com/deportes/2022/1/2/cuando-vuelve-lionel-messi-su-posible-debut-con-el-psg-en-2022-212536.html,neutral,No clear migration-related tokens,mistral:7b,,,,,,,mistral:7b,neutral,No clear migration-related tokens,url_1,4
20220102,141,,THE UK,https://www.clarin.com/opinion/malvinas-pasado-presente-conflicto_0_4JQu1pJwH.html,push,'Malvinas' 'conflict',mistral:7b,,,,,,,mistral:7b,push,'Malvinas' 'conflict',url_1,4
20220102,42,,UNITED KINGDOM,https://www.elbotola.com/article/2022-01-02-22-03-111.html,unclear,"URL too short, generic",mistral:7b,,,,"المنتخب الوطني يبرمج أولى حصصه التدريبية في الكاميرون غدا الإثنين استعدادا لودية بوركينا فاسو و""رحلة الكان""

حدد الطاقم التقني للناخب الوطني وحيد خليلوزيتش، برنامج ""الأسود"" في الكاميرون، قبل مواجهة غانا، لحساب الجولة الأولى من دور المجموعات لكأس أمم أفريقيا 2021.





ومن المقرر أن يخوض المنتخب الوطني يوم غد الإثنين، أولى حصصه التدريبية استعدادا لودية بوركينا فاسو، المبرمجة يوم الخميس 6 يناير الجاري.





ويدشن رفاق أشرف حكيمي، رحلتهم القارية، بمواجهة غانا، يوم الإثنين 10 يناير، بداية من الساعة الخامسة عصرا (17:00 غرينيتش +1)، بملعب ""أحمدو أهيدجو"" في مدينة ياوندي الكاميرونية.





وحطت بعثة المنتخب المغربي، يومه الأحد، الرحال في الكاميرون، إذ وجدت في استقبالها سفير المملكة هناك، مصطفى بوه.





يذكر أن المغرب يتواجد في المجموعة الثالثة، رفقة منتخبات غانا والغابون وجزر القمر.",neutral,"The article is about a Cameroon football team preparing for a match, not migration-driving conditions.",mistral:7b,neutral,"The article is about a Cameroon football team preparing for a match, not migration-driving conditions.",article,4
20220102,42,,UNITED KINGDOM,https://www.elbotola.com/article/2022-01-02-22-03-111.html,neutral,URL does not contain clear migration-related tokens,mistral:7b,,,,,,,mistral:7b,neutral,URL does not contain clear migration-related tokens,url_1,4
20220102,40,,KINGDOM,https://alghad.com/%D9%88%D8%B2%D9%8A%D8%B1-%D8%A7%D9%84%D8%AE%D8%A7%D8%B1%D8%AC%D9%8A%D8%A9-%D8%A7%D9%84%D8%B3%D8%B9%D9%88%D8%AF%D9%8A-%D9%81%D9%8A-%D8%B9%D9%85%D8%A7%D9%86/,unclear,"URL too short and ambiguous, no clear migration-related tokens",mistral:7b,,,,,unclear,,mistral:7b,unclear,,article,4
20220102,46,,MINIST,https://alghad.com/%D9%88%D8%B2%D9%8A%D8%B1-%D8%A7%D9%84%D8%AE%D8%A7%D8%B1%D8%AC%D9%8A%D8%A9-%D8%A7%D9%84%D8%B3%D8%B9%D9%88%D8%AF%D9%8A-%D9%81%D9%8A-%D8%B9%D9%85%D8%A7%D9%86/,unclear,"URL too short and ambiguous, no clear migration-related tokens",mistral:7b,,,,,unclear,,mistral:7b,unclear,,article,4
20220102,46,,KINGDOM,https://alghad.com/%D9%88%D8%B2%D9%8A%D8%B1-%D8%A7%D9%84%D8%AE%D8%A7%D8%B1%D8%AC%D9%8A%D8%A9-%D8%A7%D9%84%D8%B3%D8%B9%D9%88%D8%AF%D9%8A-%D9%81%D9%8A-%D8%B9%D9%85%D8%A7%D9%86/,unclear,"URL too short and ambiguous, no clear migration-related tokens",mistral:7b,,,,,unclear,,mistral:7b,unclear,,article,4
20220102,57,,GOVERNMENT,https://www.cas.sk/clanok/2626553/predseda-civilnej-vlady-v-sudane-oznamil-svoju-rezignaciu-snazil-som-sa-zo-vsetkych-sil/,push,resignation of the head of the civil government in Sudan,mistral:7b,,,,,,,mistral:7b,push,resignation of the head of the civil government in Sudan,url_1,4
20220102,84,,PRESIDENT,https://www.lematin.ch/story/lhomme-fort-du-parti-ennahdha-hospitalise-dans-un-etat-critique-474086927675,unclear,URL contains a person's hospitalization in a critical state but no clear migration-related tokens,mistral:7b,,,,"Noureddine Bhiri, le 8 mai 2013, à Tunis. AFP

L’ex-ministre tunisien de la Justice Noureddine Bhiri, homme fort du parti d’inspiration islamiste Ennahdha, a été transféré dans un état critique à l’hôpital de Bizerte (nord) deux jours après son interpellation, ont affirmé dimanche des militants de ce mouvement et des députés.

Interpellé vendredi matin, Noureddine Bhiri, 63 ans, «est dans un état critique, il est en réanimation à l’hôpital Bougatfa à Bizerte», a indiqué à l’AFP l’avocat et député Samir Dilou. Après plus de deux jours de silence, Rached Ghannouchi, chef d’Ennahdha et dont Noureddine Bhiri est considéré comme proche, a diffusé dimanche soir une lettre qu’il a adressée au président Kais Saied en lui imputant «la responsabilité de révéler son état, de rassurer sa famille et l’opinion publique».

Il a souligné qu’après les informations sur «la détérioration de l’état de santé» de Noureddine Bhiri, le président Saied devait «autoriser une équipe médicale et ses avocats à lui rendre visite et le libérer immédiatement».

Plusieurs maladies chroniques

Ennahdha est au cœur d’un bras de fer avec le président Kais Saied depuis son coup de force du 25 juillet et sa décision de suspendre le Parlement que ce parti contrôlait depuis une dizaine d’années. La députée et ex-secrétaire d’État Saida Ounissi a dénoncé sur Twitter le fait que Noureddine Bhiri ait été détenu «dans un lieu tenu secret, sans aucun mandat d’arrêt, mise en accusation ou autorisation judiciaire».

Lors d’une conférence de presse à Tunis, Mondher Ounissi, médecin et membre du bureau exécutif d’Ennahdha, a indiqué que Noureddine Bhiri souffrait de plusieurs maladies chroniques, dont de diabète et d’hypertension, et prenait habituellement «16 comprimés par jour». Il a été «privé de ses médicaments» et «sa vie est menacée», a-t-il assuré, appelant «le Croissant rouge et les organisations internationales à intervenir» face à «des pratiques inhumaines».

Dans une déclaration à l’AFP, Said Ferjani, membre de la direction d’Ennahdha et proche de Noureddine Bhiri, a dénoncé «une situation vraiment dangereuse pour la Tunisie et la région» quand on voit «un ex-ministre traité de cette manière». Il a souligné que son état était «vraiment critique après trois jours sans boire, ni manger, et sans prendre ses médicaments».

«Mesure préventive»

Samedi, l’Instance de prévention de la torture (INPT, autorité indépendante) et le parti Ennahdha avaient déjà protesté et s’étaient inquiétés du sort réservé à Noureddine Bhiri et à un autre dirigeant d’Ennahdha, Fathi Baldi, arrêté lui aussi vendredi. L’INPT et le comité de défense de Noureddine Bhiri ont dénoncé le secret autour du lieu de leur détention et l’absence d’explications du ministère de l’Intérieur qui a ordonné les deux arrestations.

Le ministère s’était borné vendredi soir à annoncer deux assignations à résidence, sans donner de noms, faisant état d’une «mesure préventive dictée par la nécessité de préserver la sûreté nationale». Vendredi, le comité de défense de Noureddine Bhiri avait qualifié son interpellation devant son domicile par des agents en civil de «kidnapping et (de) dangereux précédent marquant l’entrée du pays dans le tunnel de la dictature».",push,"Interpellation and detention without charge or explanation, denial of medical care",mistral:7b,push,"Interpellation and detention without charge or explanation, denial of medical care",article,4
20220102,141,,AUTHORITIES,http://lratvakan.com/news/76958.html,neutral,URL does not contain clear migration-related tokens,mistral:7b,,,,,,,mistral:7b,neutral,URL does not contain clear migration-related tokens,url_1,4
20220102,141,,AUTHORITIES,https://lugradar.net/2022/01/337334,unclear,URL does not contain clear migration-related tokens,mistral:7b,,,,"Содержание:

Париматч — одна из самых известных букмекерских платформ, работающая с 1994 года. За это время бренд завоевал доверие миллионов пользователей в Украине и за рубежом. Сегодня Parimatch предлагает ставки на спорт, казино, покер и другие азартные развлечения. Платформа имеет лицензию Curacao Gaming Authority (no. 157), сотрудничает с ведущими разработчиками игрового софта и обеспечивает защиту данных современными технологиями шифрования.

⚠️ Некоторые ссылки на сайте являются партнерскими. Это значит, что мы можем получать комиссию, если вы зарегистрируетесь или сделаете депозит по одной из них. Это не влияет на содержание и оценки, но помогает развивать проект.

Преимущества Parimatch

Преимущество Описание Надежность и безопасность Современные технологии шифрования обеспечивают защиту данных и честность игр. Широкий выбор азартных игр и ставок Большой ассортимент спортивных событий, казино, покера и других развлечений. Удобная система ввода и вывода средств Быстрые транзакции через популярные платежные системы. Щедрые бонусы и турниры Программы лояльности, кэшбэки и розыгрыши для активных пользователей. Доступ с любого устройства Мобильное приложение Париматч и адаптивная мобильная версия сайта для смартфонов и планшетов. Поддержка 24/7 Оперативные ответы через онлайн-чат, email и телефон. Сертифицированные игры Все слоты и лайв-игры проходят независимое тестирование на честность и соответствие заявленному RTP. Лицензия Curacao Gaming Authority under the National Ordinance on Games of Chance (LOK), P.B. 2024, no. 157

⚠️ Азартные игры могут вызывать зависимость. Перед тем как начать — оцените свои риски. Рекомендуем ознакомиться с разделом «Ответственная игра».

Как войти в Пари Матч

Пари Матч вход выполняется через официальный сайт или мобильное приложение. Для авторизации понадобятся логин (номер телефона, email или номер счета) и пароль, указанные при регистрации. Вход в Париматч доступен с любого устройства — смартфона, планшета или компьютера.

Общий алгоритм входа в Пари Матч:

Откройте сайт Parimatch или запустите приложение. Нажмите кнопку «Войти» в правом верхнем углу. Выберите способ авторизации: номер телефона, номер счета или электронная почта. Введите логин и пароль от своей учетной записи. Нажмите «Войти» для завершения авторизации.

После успешного входа вы попадете в личный кабинет Париматч, откуда доступны ставки, казино, пополнение счета и вывод средств.

Вход в Пари Матч через мобильную версию

Если вы предпочитаете не устанавливать приложение, используйте мобильную версию Parimatch. Пари Матч вход через мобильный браузер работает так же, как и с компьютера — сайт автоматически адаптируется под размер экрана.

Чтобы войти в Пари Матч с телефона без приложения:

Откройте браузер на мобильном устройстве. Перейдите на сайт Parimatch. Нажмите «Войти» в верхнем правом углу. Укажите логин и пароль. Подтвердите вход.

Мобильная версия Parimatch поддерживает все функции десктопного сайта: ставки на спорт, казино, управление балансом и бонусами.

💡 Совет: если не приходит SMS-код — проверьте правильность номера и повторите попытку через 2 минуты. Если проблема сохраняется, обратитесь в поддержку через онлайн-чат.

Вход в казино Пари Матч

Пари Матч вход в казино выполняется через тот же аккаунт, что используется для ставок на спорт. Отдельная регистрация не требуется. После авторизации перейдите в раздел «Казино» в главном меню.

Казино Париматч предлагает широкий выбор развлечений:

Игровые автоматы (слоты) от NetEnt, Novomatic, BetSoft и других провайдеров.

Настольные игры — рулетка, блэкджек, баккара.

Live-казино с реальными дилерами.

Покер и видеопокер.

Все игры сертифицированы независимыми лабораториями и работают на генераторе случайных чисел, что гарантирует честность результатов. Чтобы играть на деньги, необходимо пройти регистрацию, верификацию и пополнить игровой счет.

Вход на сайт Париматч через компьютер

Для входа в Parimatch с компьютера откройте браузер и перейдите на официальный сайт. Нажмите «Войти» и введите данные от своего аккаунта. Процедура авторизации на ПК ничем не отличается от мобильной версии.

Регистрация в Пари Матч

Регистрация в букмекерской конторе Париматч занимает несколько минут. Создать аккаунт можно по номеру телефона или электронной почте. Рекомендуется сразу заполнить все поля анкеты — это ускорит прохождение верификации.

Как зарегистрироваться в Париматч:

Зайдите на сайт Parimatch с любого устройства. Нажмите кнопку «Регистрация» в верхнем правом углу. Укажите email или номер телефона. Придумайте надежный пароль, следуя рекомендациям системы. Нажмите «Зарегистрироваться».

После создания аккаунта необходимо подтвердить личность. Для этого зайдите в личный кабинет, перейдите в раздел «Подтвердить учетную запись», выберите тип документа и загрузите его фотографии. Верификация нужна для вывода средств и полноценного использования всех функций Parimatch.

Перед регистрацией рекомендуется внимательно ознакомиться с правилами платформы.

Скачать Париматч бесплатно

Скачать Париматч можно бесплатно с официального сайта. Приложение Пари Матч доступно для устройств на Android и iOS. Мобильное приложение обеспечивает быстрый доступ к ставкам и казино без необходимости открывать браузер.

Скачать Париматч на Андроид

Чтобы скачать Пари Матч на Андроид бесплатно:

Откройте официальный сайт Parimatch в браузере телефона. На главной странице найдите кнопку «Скачать приложение». Выберите версию для Android — начнется загрузка APK-файла. Если загрузка не началась, проверьте настройки устройства: разрешите установку приложений из неизвестных источников. После загрузки откройте файл и установите приложение.

После установки запустите приложение Париматч, войдите в свой аккаунт или пройдите регистрацию.

Скачать Париматч на Айфон

Скачать приложение Пари Матч на iPhone можно через App Store или с официального сайта:

Перейдите на сайт Parimatch с вашего iPhone. Нажмите «Скачать приложение» и выберите версию для iOS. Вы будете перенаправлены в App Store — нажмите «Загрузить». После установки откройте приложение и авторизуйтесь.

Мобильное приложение Париматч

Мобильное приложение Пари Матч — это полноценная версия платформы для смартфонов. Приложение Париматч предоставляет те же возможности, что и десктопный сайт:

Ставки на спорт в прематче и лайве.

Казино и игровые автоматы.

Пополнение счета и вывод средств.

Push-уведомления о результатах и акциях.

Управление бонусами и промокодами.

Приложение работает стабильно даже при слабом интернет-соединении и потребляет меньше трафика, чем мобильная версия сайта в браузере. Для входа в Пари Матч через приложение используйте тот же логин и пароль, что и на сайте.

Личный кабинет Пари Матч

После входа в Париматч игрок получает доступ к личному кабинету с расширенным функционалом:

Пополнение игрового счета и вывод средств.

Выбор и активация бонусов.

Статистика использованных поощрений от букмекера.

Финансовая отчетность с фильтрацией по дате.

Изменение персональных данных.

Прохождение верификации.

Обращение в службу поддержки.

Настройки аккаунта и безопасности.

Личный кабинет Parimatch позволяет полноценно управлять аккаунтом, контролировать финансы и использовать все функции букмекерской конторы и казино.

Проблемы со входом в Париматч

Рассмотрим распространенные ситуации, когда вход в Пари Матч может быть затруднен.

Блокировка сайта. В некоторых регионах доступ к Parimatch может быть ограничен. В этом случае попробуйте использовать VPN или Proxy для обхода блокировки. Также можно скачать приложение Париматч — оно работает независимо от ограничений браузера.

Забыт пароль. Нажмите «Забыл пароль» на странице входа, укажите email или номер телефона и следуйте инструкции для сброса пароля.

Неверные данные. Убедитесь, что логин и пароль введены корректно. Проверьте раскладку клавиатуры и регистр символов.

Технические неполадки. Попробуйте очистить кеш браузера, обновить страницу или использовать другой браузер. Если проблема сохраняется, обратитесь в службу поддержки Париматч — специалисты работают круглосуточно через онлайн-чат, email и телефон.",neutral,The article does not discuss conditions related to migration,mistral:7b,neutral,The article does not discuss conditions related to migration,article,4
20220102,42,,UNITED NATIONS,http://www.hispantv.com/noticias/palestina/535010/preso-israel-huelga-hambre,neutral,URL does not contain clear migration-related tokens,mistral:7b,,,,,,,mistral:7b,neutral,URL does not contain clear migration-related tokens,url_1,4
20220102,14,,ISRAELI,https://itongadol.com/coronavirus/coronavirus-en-israel-se-espera-que-tres-millones-de-israelies-se-infecten-con-el-virus,unclear,URL contains coronavirus spread in Israel but no clear migration-related tokens,mistral:7b,,,,,unclear,,mistral:7b,unclear,,article,4
20220102,51,,ISRAEL,http://www.hispantv.com/noticias/palestina/535010/preso-israel-huelga-hambre,push,preso (imprisoned),mistral:7b,,,,,,,mistral:7b,push,preso (imprisoned),url_1,4
20220102,53,,ISRAEL,http://www.hispantv.com/noticias/palestina/535010/preso-israel-huelga-hambre,push,preso (imprisoned),mistral:7b,,,,,,,mistral:7b,push,preso (imprisoned),url_1,4
20220102,43,,JORDAN,https://alghad.com/%D9%85%D8%B9%D8%B1%D8%B6-%D8%A3%D8%B1%D8%AF%D9%86%D9%8A-%D9%84%D9%84%D8%AA%D8%AC%D8%A7%D8%B1%D8%A9-%D9%88%D8%A7%D9%84%D8%AE%D8%AF%D9%85%D8%A7%D8%AA-%D9%8A%D9%86%D8%B7%D9%84%D9%82-%D9%81%D9%8A-%D8%B3/,unclear,ambiguous URL,mistral:7b,,,,,unclear,,mistral:7b,unclear,,article,4
20220102,130,,LAWYER,https://www.vesti-online.com/stopiran-otkaz-za-nevakcinisanog-cuvara-reda/,neutral,no clear migration-related tokens,mistral:7b,,,,,,,mistral:7b,neutral,no clear migration-related tokens,url_1,4
20220102,42,,ANTANANARIVO,http://www.taringa.net/+salud_bienestar/la-proxima-gran-pandemia-la-resistencia-a-antibioticos-ya-esta-aqui_4zonot/,unclear,ambiguous URL,mistral:7b,,,,Taringa! - Inteligencia Colectiva,unclear,,mistral:7b,unclear,,article,4
20220102,71,,OAXACA,https://oaxaca.eluniversal.com.mx/estatal/aumenta-congreso-de-oaxaca-presupuesto-de-comision-forestal-en-14-mdp,neutral,no clear migration-related tokens,mistral:7b,,,,,,,mistral:7b,neutral,no clear migration-related tokens,url_1,4
20220102,43,,MACHU PICCHU,https://www.segnidalcielo.it/peru-un-turista-fotografa-un-ufo-sullantica-citta-di-machu-picchu/,neutral,no clear migration-related tokens,mistral:7b,,,,,,,mistral:7b,neutral,no clear migration-related tokens,url_1,4
20220102,53,,PALESTINE,http://www.hispantv.com/noticias/palestina/535010/preso-israel-huelga-hambre,push,preso (imprisoned),mistral:7b,,,,,,,mistral:7b,push,preso (imprisoned),url_1,4
20220102,51,,PALESTINE,http://www.hispantv.com/noticias/palestina/535010/preso-israel-huelga-hambre,push,preso (imprisoned),mistral:7b,,,,,,,mistral:7b,push,preso (imprisoned),url_1,4
20220102,53,,PALESTINE,http://www.hispantv.com/noticias/palestina/535010/preso-israel-huelga-hambre,push,preso (imprisoned),mistral:7b,,,,,,,mistral:7b,push,preso (imprisoned),url_1,4
20220102,43,,SAINT,https://g1.globo.com/sp/santos-regiao/porto-mar/noticia/2022/01/02/anvisa-reforca-urgencia-em-acabar-com-temporada-de-cruzeiros-e-fala-em-risco-a-saude-publica.ghtml,push,anvisa-reforca-urgencia,mistral:7b,,,,,,,mistral:7b,push,anvisa-reforca-urgencia,url_1,4
20220102,51,,SETTLER,https://www.eluniversal.com.mx/ciencia-y-salud/tras-aparente-extincion-el-pez-picote-tequila-fue-reintegrado-su-habitat,neutral,unclear,mistral:7b,,,,,,,mistral:7b,neutral,unclear,url_1,4
20220102,20,,TURKEY,https://eleftherostypos.gr/ellinotourkika/880814-empristikos-o-akar-ebale-xio-samo-kai-oinousses-sto-stoma-tis-tourkias/,unclear,unclear,mistral:7b,,,,,unclear,,mistral:7b,unclear,,article,4
20220102,36,,THE WHITE HOUSE,https://pronedra.ru/v21-pervye-pervye-simptomy-pnevmonii-pomogut-svoevremenno-nachat-lechenie-i-soxranit-zhizn-439639.html,pull,treatment,mistral:7b,,,,,,,mistral:7b,pull,lechenie,url_1,4
20220102,41,,THE WHITE HOUSE,https://pronedra.ru/v21-pervye-pervye-simptomy-pnevmonii-pomogut-svoevremenno-nachat-lechenie-i-soxranit-zhizn-439639.html,push,fires,mistral:7b,,,,,,,mistral:7b,push,incendios,url_1,4
20220102,112,FARMER,MINIST OF ENVIRONMENT,https://www.diariolibre.com/actualidad/sucesos/2022/01/02/acusan-ganaderos-de-provocar-incendios-en-sierra-de-bahoruco/1563459,push,accuse-ranchers,mistral:7b,,,,,,,mistral:7b,push,acusan-ganaderos,url_1,4
20220102,356,ARGENTINIAN,,https://www.clarin.com/opinion/malvinas-primeros-200-anos-_0_7SMJC2Ult.html,unclear,malvinas,mistral:7b,,,,"La de Malvinas fue desde siempre una historia de impotencia para los argentinos. Malo entonces, ahora se agregó la disputa por el mismo territorio antártico. Argentina debiera consolidar adentro una política de estado y, afuera, el apoyo de aliados confiables. La concesión de una base patagónica a China, en abierto desafío a la OTAN, no parece precisamente una ayuda en esa dirección.

La patética oquedad de los Secretarios Generales de la ONU ejemplifica sin afeites nuestra creciente soledad universal. En esa perspectiva, los gobernantes que prefieren intercambiar agravios terminan, de ambos lados, halagando el oído de sus clientelas electorales, pero dejan al garete a la solución del conflicto.

La política tradicional sobre Malvinas siempre fue juridicista. Inteligente, porque nuestros títulos son mejores. Insuficiente, porque el mundo no se rige todavía en base al derecho. Así, apelando solo al reclamo jurídico, los argentinos terminamos quedándonos con la razón y los ingleses con las islas. Intoxicados de juridicismo, derivamos hacia otra forma de la impotencia: la mera retórica. Una de las ventajas de la retórica es que su vinculación con la realidad no tiene por qué ser muy estricta: el discurso tonante y la imprecación patria suelen ocultar eficazmente la incapacidad de conseguir nada.

La otra fecha amarga para la causa argentina fue la de nuestro desembarco en las islas. Aparte de su utilización bastarda por parte de un régimen por todos condenado, de entre sus varios significados, el 2 de abril quedará seguramente en la Historia como una exasperada expresión de impotencia ante una realidad que en 189 años no se consiguió cambiar, un intento agónico de hacer valer un derecho de la peor manera posible: con sacrificio irremediable de vidas heroicas, cuando no había chance alguna de imponerse.

Si no se cambia, seguiremos con la política exterior tradicional, la misma de los Kirchner: eternos campeones morales, nosotros nos quedamos con la razón y otros con las Islas, o las pasteras, y así siempre. No hay un plan maestro, tenemos políticas de gobierno, no de Estado.

Porque algunos gobernantes aún no comprenden lo que cualquier piquetero sabe desde hace años: “Es la opinión pública, estúpido”. Eso que ha permitido a la sociedad, desgraciadamente no a la clase política, generar la conciencia de que necesitamos una política de Estado En poco tiempo histórico, los ingleses podrían replicar en la Antártida el despojo que nos hicieron en Malvinas. Y la absurda división entre los argentinos impide formar un frente común ante el peligro extranjero. Mientras tanto, el Observatorio Malvinas del Congreso navega en la intrascendencia previsible de todo tinglado que se monta para favorecer a políticas oficiales. La Cancillería argentina? Bien, gracias.

Hace años, con el tan recordado Dante Caputo publicamos en Clarín que “con Gran Bretaña podríamos trabajar cooperativamente explotando conjunta o coordinadamente los recursos y -con la debida reserva de nuestros derechos- suspender todo enfrentamiento, con el acuerdo de que dentro de 15 o 20 años ambas partes evaluarán el comienzo de la discusión sobre la soberanía. No sería ilusorio: Londres, en 1976, y la mismísima Thatcher, en 1981, ofrecieron soberanía inmediata semejante a Hong Kong, y nosotros la descartamos.” Algo distinto hay que hacer. No para reemplazar a la política tradicional, sino para apuntalarla, fortalecerla, ayudarla a dar el salto cualitativo que la hiciera pasar del mero reclamo a la acción en el terreno. Si no trabajamos en esa dirección, seguiremos condenados a perpetuar la advertencia de Séneca: ningún viento es favorable para el que no sabe adónde va.

Negarse al diálogo con la oposición adentro y con Londres afuera configura un costoso derivado más de la cultura de figuración o muerte: quedémonos con la razón aunque los ingleses se queden con las islas. En Malvinas, mejor vayamos por las piedras.

Pero, para eso, deberemos encontrarnos gobernados por estadistas, no por CEOS, dinastías o militantes. En Malvinas, los ingleses son solo la mitad del problema: la otra mitad somos nosotros.

La solución llegará recién cuando Argentina vuelva a ser un país con un PBI importante, aliada con potencias que se nos parezcan y, sobre todo, cuando el mundo verifique que somos un país civilizado, donde no nos odiamos unos a otros, ya sin la paranoia de amigo/enemigo y llevemos décadas en democracia republicana, con mucha más equidad social y una Justicia eficiente. Seremos afuera lo que seamos adentro.Pero no será hoy, y no será pronto.

El reconocimiento de los derechos argentinos sobrevendrá cuando nuestro país ordene su vida interna, se reinserte con peso propio en el escenario regional y haga valer el prestigio que gane en consecuencia, aumentando el contacto directo de nuestra población con la de las islas, persona a persona.

Porque la solución definitiva de esta disputa devendrá mucho más de la interacción entre nuestras sociedades, de la gente del común, que de guerras inganables o las astucias de diplomáticos y juristas.

Mirá también Mirá también Malvinas: pasado y presente del conflicto",push,"The article discusses the historical impotence of Argentina in resolving the conflict over the Falkland Islands (Malvinas), including references to 'impotencia' and 'no se consiguió cambiar', suggesting conditions that may cause people (Argentines) to leave their country.",mistral:7b,push,"The article discusses the historical impotence of Argentina in resolving the conflict over the Falkland Islands (Malvinas), including references to 'impotencia' and 'no se consiguió cambiar', suggesting conditions that may cause people (Argentines) to leave their country.",article,4
20220102,36,BUENOS AIRES,,https://urgente24.com/actualidad/tragedia-palermo-asesino-al-volante-alcohol-y-muerte-n531977,mixed,murderer-alcohol-death,mistral:7b,,,,,,,mistral:7b,mixed,asesino-alcohol-muerte,url_1,4
20220102,80,ARGENTINA,,https://www.clarin.com/opinion/malvinas-pasado-presente-conflicto_0_4JQu1pJwH.html,unclear,malvinas,mistral:7b,,,,"Este año se cumple el 40° aniversario del conflicto armado del Atlántico Sur. No es una fecha para celebrar, sino para recordar y honrar la memoria de los héroes y heroínas que hicieron el máximo sacrificio en defensa de nuestra soberanía y a aquéllos que llevan sobre sus mentes y sus cuerpos las marcas de esos días.

Malvinas no es sólo el conflicto del ‘82. Sin dudas, fue un momento importante en los más de 500 años de historia del archipiélago, pero no ha cambiado la cuestión central de la soberanía. No son 40 años de Malvinas, sino 40 años de aquel conflicto, que marcó y que ha modificado la vida de miles de personas.

Respecto a lo sucedido entre abril y junio de 1982, está claro que el gobierno de facto argentino de entonces fue el mayor responsable, pero tampoco hay que olvidar que el gobierno británico hizo todo lo posible para, una vez iniciado el conflicto, torpedear toda salida pacífica. También le incumbe una gran responsabilidad sobre los hechos.

1982 no fue la primera vez que se usó la fuerza en los más de cinco siglos de historia malvinense. Hace 189 años el Reino Unido en el marco de su política de dominación colonial, comercial y marítima, expulsó por la fuerza a las autoridades y parte de la población de un Estado recientemente constituido y que se debatía en una crisis interna, pero que había logrado establecer un asentamiento humano en las islas y demostrar su viabilidad. Se trató de un acto ilícito según el Derecho Internacional de la época.

La obligación de respetar la integridad territorial de los Estados en tiempo de paz es inherente a la existencia de relaciones fundadas en el Derecho Internacional, en cualquier época. Un tratado de amistad regía sus relaciones. No hubo protestas británicas sobre la presencia argentina en Malvinas sino cuando esta demostró su viabilidad e importancia. Sin fundamento jurídico, las limitadas protestas nunca plantearon forma alguna de resolver la disputa abierta por el Reino Unido, ni intimación alguna. El acto de enero de 1833 fue simplemente una muestra de la prepotencia imperial sin derecho y sin crear derecho alguno.

El Reino Unido sabe que no puede invocar la conquista como un argumento para fundar soberanía. A partir del Siglo XVIII (o incluso antes) la conquista como un título valido de soberanía territorial requería de, al menos, dos elementos fundamentales: la existencia de un estado de beligerancia y un tratado de paz posterior con la renuncia del Estado vencido a su territorio.

No había un estado de guerra entre las partes cuando se expulsó a la Argentina de Malvinas y ese acto no implicó su existencia. Menos aún, nunca hubo un tratado de paz por el cual la Argentina renunció a su soberanía.

Este acto de fuerza configura el vicio de origen de la posesión británica y de la presencia de la población actual en Malvinas. La existencia de la controversia de soberanía hasta el día de hoy, motivada por la negativa británica a resolverla y el control de la política migratoria por parte de Londres hacen que el derecho a la libre determinación no sea aplicable a los actuales habitantes. Si hay un pueblo víctima del colonialismo en Malvinas, es el pueblo argentino.

Desde aquel primer momento, Argentina nunca consintió el despojo británico ni cesó de reclamar por sus derechos, incluso ofreciendo en varias oportunidades la solución pacífica por medio del arbitraje frente a la intransigencia británica. Eso puso siempre a los pueblos hermanos de Latinoamérica del lado nacional. Por ejemplo, Perú envío documentación de fundamental importancia para la protesta argentina, Brasil informó a sus representantes en Europa que apoyaran el reclamo argentino.

Bolivia manifestó que “el ultraje hecho a la República Argentina (…) envuelve [el desprecio] hacia las demás naciones americanas” y que “la conducta del Gabinete británico en las Malvinas, aunque sea perjudicial esencialmente al gobierno que se siente despojado de su posesión, es ofensivo y demasiado injurioso a todas las repúblicas americanas”.

En 189 años el Reino Unido nunca se avino a negociar y discutir la cuestión de la soberanía salvo por un breve periodo de 17 años luego de la adopción de la resolución 2065 (XX) de 1965.

A 189 años de aquel uso de la fuerza británico que expulsó a hombres, mujeres y niños que tenían en Malvinas una vida y un futuro bajo las leyes y la soberanía argentina, y en el año del 40º aniversario del conflicto del Atlántico Sur, es imperioso que el Reino Unido adopte una actitud responsable para con las generaciones actuales y futuras. Debe cumplir con su obligación de resolver las disputas por medios pacíficos y poner fin al colonialismo en todas sus formas. La solución definitiva de la controversia será el mejor homenaje para todos los que vieron truncadas sus vidas en 1982.

Mirá también Mirá también Algunas claves para moverse en un año imprevisible",push,"Article discusses the expulsion of Argentina from Malvinas by UK force in 1833 and UK's refusal to negotiate over sovereignty since then, suggesting conditions that may cause people (Argentines) to leave",mistral:7b,push,"Article discusses the expulsion of Argentina from Malvinas by UK force in 1833 and UK's refusal to negotiate over sovereignty since then, suggesting conditions that may cause people (Argentines) to leave",article,4
20220102,160,ARGENTINA,FALKLANDS,https://www.clarin.com/opinion/malvinas-pasado-presente-conflicto_0_4JQu1pJwH.html,unclear,malvinas,mistral:7b,,,,"Este año se cumple el 40° aniversario del conflicto armado del Atlántico Sur. No es una fecha para celebrar, sino para recordar y honrar la memoria de los héroes y heroínas que hicieron el máximo sacrificio en defensa de nuestra soberanía y a aquéllos que llevan sobre sus mentes y sus cuerpos las marcas de esos días.

Malvinas no es sólo el conflicto del ‘82. Sin dudas, fue un momento importante en los más de 500 años de historia del archipiélago, pero no ha cambiado la cuestión central de la soberanía. No son 40 años de Malvinas, sino 40 años de aquel conflicto, que marcó y que ha modificado la vida de miles de personas.

Respecto a lo sucedido entre abril y junio de 1982, está claro que el gobierno de facto argentino de entonces fue el mayor responsable, pero tampoco hay que olvidar que el gobierno británico hizo todo lo posible para, una vez iniciado el conflicto, torpedear toda salida pacífica. También le incumbe una gran responsabilidad sobre los hechos.

1982 no fue la primera vez que se usó la fuerza en los más de cinco siglos de historia malvinense. Hace 189 años el Reino Unido en el marco de su política de dominación colonial, comercial y marítima, expulsó por la fuerza a las autoridades y parte de la población de un Estado recientemente constituido y que se debatía en una crisis interna, pero que había logrado establecer un asentamiento humano en las islas y demostrar su viabilidad. Se trató de un acto ilícito según el Derecho Internacional de la época.

La obligación de respetar la integridad territorial de los Estados en tiempo de paz es inherente a la existencia de relaciones fundadas en el Derecho Internacional, en cualquier época. Un tratado de amistad regía sus relaciones. No hubo protestas británicas sobre la presencia argentina en Malvinas sino cuando esta demostró su viabilidad e importancia. Sin fundamento jurídico, las limitadas protestas nunca plantearon forma alguna de resolver la disputa abierta por el Reino Unido, ni intimación alguna. El acto de enero de 1833 fue simplemente una muestra de la prepotencia imperial sin derecho y sin crear derecho alguno.

El Reino Unido sabe que no puede invocar la conquista como un argumento para fundar soberanía. A partir del Siglo XVIII (o incluso antes) la conquista como un título valido de soberanía territorial requería de, al menos, dos elementos fundamentales: la existencia de un estado de beligerancia y un tratado de paz posterior con la renuncia del Estado vencido a su territorio.

No había un estado de guerra entre las partes cuando se expulsó a la Argentina de Malvinas y ese acto no implicó su existencia. Menos aún, nunca hubo un tratado de paz por el cual la Argentina renunció a su soberanía.

Este acto de fuerza configura el vicio de origen de la posesión británica y de la presencia de la población actual en Malvinas. La existencia de la controversia de soberanía hasta el día de hoy, motivada por la negativa británica a resolverla y el control de la política migratoria por parte de Londres hacen que el derecho a la libre determinación no sea aplicable a los actuales habitantes. Si hay un pueblo víctima del colonialismo en Malvinas, es el pueblo argentino.

Desde aquel primer momento, Argentina nunca consintió el despojo británico ni cesó de reclamar por sus derechos, incluso ofreciendo en varias oportunidades la solución pacífica por medio del arbitraje frente a la intransigencia británica. Eso puso siempre a los pueblos hermanos de Latinoamérica del lado nacional. Por ejemplo, Perú envío documentación de fundamental importancia para la protesta argentina, Brasil informó a sus representantes en Europa que apoyaran el reclamo argentino.

Bolivia manifestó que “el ultraje hecho a la República Argentina (…) envuelve [el desprecio] hacia las demás naciones americanas” y que “la conducta del Gabinete británico en las Malvinas, aunque sea perjudicial esencialmente al gobierno que se siente despojado de su posesión, es ofensivo y demasiado injurioso a todas las repúblicas americanas”.

En 189 años el Reino Unido nunca se avino a negociar y discutir la cuestión de la soberanía salvo por un breve periodo de 17 años luego de la adopción de la resolución 2065 (XX) de 1965.

A 189 años de aquel uso de la fuerza británico que expulsó a hombres, mujeres y niños que tenían en Malvinas una vida y un futuro bajo las leyes y la soberanía argentina, y en el año del 40º aniversario del conflicto del Atlántico Sur, es imperioso que el Reino Unido adopte una actitud responsable para con las generaciones actuales y futuras. Debe cumplir con su obligación de resolver las disputas por medios pacíficos y poner fin al colonialismo en todas sus formas. La solución definitiva de la controversia será el mejor homenaje para todos los que vieron truncadas sus vidas en 1982.

Mirá también Mirá también Algunas claves para moverse en un año imprevisible",push,"The article discusses the expulsion of Argentines from Malvinas (Falkland Islands) by the UK 189 years ago, and how the UK has refused to negotiate and discuss the sovereignty issue since then. This situation is portrayed as a long-lasting push factor for Argentines.",mistral:7b,push,"The article discusses the expulsion of Argentines from Malvinas (Falkland Islands) by the UK 189 years ago, and how the UK has refused to negotiate and discuss the sovereignty issue since then. This situation is portrayed as a long-lasting push factor for Argentines.",article,4
20220102,190,BELGIAN,BELGIUM,https://geeko.lesoir.be/2022/01/02/une-entreprise-belge-lutte-contre-contre-le-gaspillage-pharmaceutique/,unclear,,mistral:7b,,,,,unclear,,mistral:7b,unclear,,article,4
20220102,190,BELGIAN,,https://geeko.lesoir.be/2022/01/02/une-entreprise-belge-lutte-contre-contre-le-gaspillage-pharmaceutique/,unclear,,mistral:7b,,,,,unclear,,mistral:7b,unclear,,article,4
20220102,112,BELARUSIAN,BELARUS,http://www.kvir.ru/author/andre-galinin/,unclear,,mistral:7b,,,,,unclear,,mistral:7b,unclear,,article,4
20220102,190,BELARUSIAN,BELARUS,http://www.kvir.ru/author/andre-galinin/,unclear,,mistral:7b,,,,,unclear,,mistral:7b,unclear,,article,4
20220102,51,BRAZIL,ARGENTINE,https://www.clarin.com/opinion/malvinas-pasado-presente-conflicto_0_4JQu1pJwH.html,unclear,,mistral:7b,,,,"Este año se cumple el 40° aniversario del conflicto armado del Atlántico Sur. No es una fecha para celebrar, sino para recordar y honrar la memoria de los héroes y heroínas que hicieron el máximo sacrificio en defensa de nuestra soberanía y a aquéllos que llevan sobre sus mentes y sus cuerpos las marcas de esos días.

Malvinas no es sólo el conflicto del ‘82. Sin dudas, fue un momento importante en los más de 500 años de historia del archipiélago, pero no ha cambiado la cuestión central de la soberanía. No son 40 años de Malvinas, sino 40 años de aquel conflicto, que marcó y que ha modificado la vida de miles de personas.

Respecto a lo sucedido entre abril y junio de 1982, está claro que el gobierno de facto argentino de entonces fue el mayor responsable, pero tampoco hay que olvidar que el gobierno británico hizo todo lo posible para, una vez iniciado el conflicto, torpedear toda salida pacífica. También le incumbe una gran responsabilidad sobre los hechos.

1982 no fue la primera vez que se usó la fuerza en los más de cinco siglos de historia malvinense. Hace 189 años el Reino Unido en el marco de su política de dominación colonial, comercial y marítima, expulsó por la fuerza a las autoridades y parte de la población de un Estado recientemente constituido y que se debatía en una crisis interna, pero que había logrado establecer un asentamiento humano en las islas y demostrar su viabilidad. Se trató de un acto ilícito según el Derecho Internacional de la época.

La obligación de respetar la integridad territorial de los Estados en tiempo de paz es inherente a la existencia de relaciones fundadas en el Derecho Internacional, en cualquier época. Un tratado de amistad regía sus relaciones. No hubo protestas británicas sobre la presencia argentina en Malvinas sino cuando esta demostró su viabilidad e importancia. Sin fundamento jurídico, las limitadas protestas nunca plantearon forma alguna de resolver la disputa abierta por el Reino Unido, ni intimación alguna. El acto de enero de 1833 fue simplemente una muestra de la prepotencia imperial sin derecho y sin crear derecho alguno.

El Reino Unido sabe que no puede invocar la conquista como un argumento para fundar soberanía. A partir del Siglo XVIII (o incluso antes) la conquista como un título valido de soberanía territorial requería de, al menos, dos elementos fundamentales: la existencia de un estado de beligerancia y un tratado de paz posterior con la renuncia del Estado vencido a su territorio.

No había un estado de guerra entre las partes cuando se expulsó a la Argentina de Malvinas y ese acto no implicó su existencia. Menos aún, nunca hubo un tratado de paz por el cual la Argentina renunció a su soberanía.

Este acto de fuerza configura el vicio de origen de la posesión británica y de la presencia de la población actual en Malvinas. La existencia de la controversia de soberanía hasta el día de hoy, motivada por la negativa británica a resolverla y el control de la política migratoria por parte de Londres hacen que el derecho a la libre determinación no sea aplicable a los actuales habitantes. Si hay un pueblo víctima del colonialismo en Malvinas, es el pueblo argentino.

Desde aquel primer momento, Argentina nunca consintió el despojo británico ni cesó de reclamar por sus derechos, incluso ofreciendo en varias oportunidades la solución pacífica por medio del arbitraje frente a la intransigencia británica. Eso puso siempre a los pueblos hermanos de Latinoamérica del lado nacional. Por ejemplo, Perú envío documentación de fundamental importancia para la protesta argentina, Brasil informó a sus representantes en Europa que apoyaran el reclamo argentino.

Bolivia manifestó que “el ultraje hecho a la República Argentina (…) envuelve [el desprecio] hacia las demás naciones americanas” y que “la conducta del Gabinete británico en las Malvinas, aunque sea perjudicial esencialmente al gobierno que se siente despojado de su posesión, es ofensivo y demasiado injurioso a todas las repúblicas americanas”.

En 189 años el Reino Unido nunca se avino a negociar y discutir la cuestión de la soberanía salvo por un breve periodo de 17 años luego de la adopción de la resolución 2065 (XX) de 1965.

A 189 años de aquel uso de la fuerza británico que expulsó a hombres, mujeres y niños que tenían en Malvinas una vida y un futuro bajo las leyes y la soberanía argentina, y en el año del 40º aniversario del conflicto del Atlántico Sur, es imperioso que el Reino Unido adopte una actitud responsable para con las generaciones actuales y futuras. Debe cumplir con su obligación de resolver las disputas por medios pacíficos y poner fin al colonialismo en todas sus formas. La solución definitiva de la controversia será el mejor homenaje para todos los que vieron truncadas sus vidas en 1982.

Mirá también Mirá también Algunas claves para moverse en un año imprevisible",push,Discussion of historical colonial expulsion and subsequent refusal to negotiate or resolve sovereignty dispute,mistral:7b,push,Discussion of historical colonial expulsion and subsequent refusal to negotiate or resolve sovereignty dispute,article,4
20220102,10,BRAZIL,BRAZIL,https://www.clarin.com/opinion/malvinas-pasado-presente-conflicto_0_4JQu1pJwH.html,unclear,,mistral:7b,,,,"Este año se cumple el 40° aniversario del conflicto armado del Atlántico Sur. No es una fecha para celebrar, sino para recordar y honrar la memoria de los héroes y heroínas que hicieron el máximo sacrificio en defensa de nuestra soberanía y a aquéllos que llevan sobre sus mentes y sus cuerpos las marcas de esos días.

Malvinas no es sólo el conflicto del ‘82. Sin dudas, fue un momento importante en los más de 500 años de historia del archipiélago, pero no ha cambiado la cuestión central de la soberanía. No son 40 años de Malvinas, sino 40 años de aquel conflicto, que marcó y que ha modificado la vida de miles de personas.

Respecto a lo sucedido entre abril y junio de 1982, está claro que el gobierno de facto argentino de entonces fue el mayor responsable, pero tampoco hay que olvidar que el gobierno británico hizo todo lo posible para, una vez iniciado el conflicto, torpedear toda salida pacífica. También le incumbe una gran responsabilidad sobre los hechos.

1982 no fue la primera vez que se usó la fuerza en los más de cinco siglos de historia malvinense. Hace 189 años el Reino Unido en el marco de su política de dominación colonial, comercial y marítima, expulsó por la fuerza a las autoridades y parte de la población de un Estado recientemente constituido y que se debatía en una crisis interna, pero que había logrado establecer un asentamiento humano en las islas y demostrar su viabilidad. Se trató de un acto ilícito según el Derecho Internacional de la época.

La obligación de respetar la integridad territorial de los Estados en tiempo de paz es inherente a la existencia de relaciones fundadas en el Derecho Internacional, en cualquier época. Un tratado de amistad regía sus relaciones. No hubo protestas británicas sobre la presencia argentina en Malvinas sino cuando esta demostró su viabilidad e importancia. Sin fundamento jurídico, las limitadas protestas nunca plantearon forma alguna de resolver la disputa abierta por el Reino Unido, ni intimación alguna. El acto de enero de 1833 fue simplemente una muestra de la prepotencia imperial sin derecho y sin crear derecho alguno.

El Reino Unido sabe que no puede invocar la conquista como un argumento para fundar soberanía. A partir del Siglo XVIII (o incluso antes) la conquista como un título valido de soberanía territorial requería de, al menos, dos elementos fundamentales: la existencia de un estado de beligerancia y un tratado de paz posterior con la renuncia del Estado vencido a su territorio.

No había un estado de guerra entre las partes cuando se expulsó a la Argentina de Malvinas y ese acto no implicó su existencia. Menos aún, nunca hubo un tratado de paz por el cual la Argentina renunció a su soberanía.

Este acto de fuerza configura el vicio de origen de la posesión británica y de la presencia de la población actual en Malvinas. La existencia de la controversia de soberanía hasta el día de hoy, motivada por la negativa británica a resolverla y el control de la política migratoria por parte de Londres hacen que el derecho a la libre determinación no sea aplicable a los actuales habitantes. Si hay un pueblo víctima del colonialismo en Malvinas, es el pueblo argentino.

Desde aquel primer momento, Argentina nunca consintió el despojo británico ni cesó de reclamar por sus derechos, incluso ofreciendo en varias oportunidades la solución pacífica por medio del arbitraje frente a la intransigencia británica. Eso puso siempre a los pueblos hermanos de Latinoamérica del lado nacional. Por ejemplo, Perú envío documentación de fundamental importancia para la protesta argentina, Brasil informó a sus representantes en Europa que apoyaran el reclamo argentino.

Bolivia manifestó que “el ultraje hecho a la República Argentina (…) envuelve [el desprecio] hacia las demás naciones americanas” y que “la conducta del Gabinete británico en las Malvinas, aunque sea perjudicial esencialmente al gobierno que se siente despojado de su posesión, es ofensivo y demasiado injurioso a todas las repúblicas americanas”.

En 189 años el Reino Unido nunca se avino a negociar y discutir la cuestión de la soberanía salvo por un breve periodo de 17 años luego de la adopción de la resolución 2065 (XX) de 1965.

A 189 años de aquel uso de la fuerza británico que expulsó a hombres, mujeres y niños que tenían en Malvinas una vida y un futuro bajo las leyes y la soberanía argentina, y en el año del 40º aniversario del conflicto del Atlántico Sur, es imperioso que el Reino Unido adopte una actitud responsable para con las generaciones actuales y futuras. Debe cumplir con su obligación de resolver las disputas por medios pacíficos y poner fin al colonialismo en todas sus formas. La solución definitiva de la controversia será el mejor homenaje para todos los que vieron truncadas sus vidas en 1982.

Mirá también Mirá también Algunas claves para moverse en un año imprevisible",push,"The article discusses the expulsion of Argentina from Malvinas (Falkland Islands) by the UK in 1833 and 1982, which was an act of force according to International Law, stating that the UK cannot invoke conquest as an argument for sovereignty. This implies conditions that may cause people to LEAVE the country, Argentina, as it has been historically displaced from Malvinas.",mistral:7b,push,"The article discusses the expulsion of Argentina from Malvinas (Falkland Islands) by the UK in 1833 and 1982, which was an act of force according to International Law, stating that the UK cannot invoke conquest as an argument for sovereignty. This implies conditions that may cause people to LEAVE the country, Argentina, as it has been historically displaced from Malvinas.",article,4
20220102,10,BRAZIL,BRAZIL,https://www.clarin.com/opinion/malvinas-pasado-presente-conflicto_0_4JQu1pJwH.html,unclear,,mistral:7b,,,,"Este año se cumple el 40° aniversario del conflicto armado del Atlántico Sur. No es una fecha para celebrar, sino para recordar y honrar la memoria de los héroes y heroínas que hicieron el máximo sacrificio en defensa de nuestra soberanía y a aquéllos que llevan sobre sus mentes y sus cuerpos las marcas de esos días.

Malvinas no es sólo el conflicto del ‘82. Sin dudas, fue un momento importante en los más de 500 años de historia del archipiélago, pero no ha cambiado la cuestión central de la soberanía. No son 40 años de Malvinas, sino 40 años de aquel conflicto, que marcó y que ha modificado la vida de miles de personas.

Respecto a lo sucedido entre abril y junio de 1982, está claro que el gobierno de facto argentino de entonces fue el mayor responsable, pero tampoco hay que olvidar que el gobierno británico hizo todo lo posible para, una vez iniciado el conflicto, torpedear toda salida pacífica. También le incumbe una gran responsabilidad sobre los hechos.

1982 no fue la primera vez que se usó la fuerza en los más de cinco siglos de historia malvinense. Hace 189 años el Reino Unido en el marco de su política de dominación colonial, comercial y marítima, expulsó por la fuerza a las autoridades y parte de la población de un Estado recientemente constituido y que se debatía en una crisis interna, pero que había logrado establecer un asentamiento humano en las islas y demostrar su viabilidad. Se trató de un acto ilícito según el Derecho Internacional de la época.

La obligación de respetar la integridad territorial de los Estados en tiempo de paz es inherente a la existencia de relaciones fundadas en el Derecho Internacional, en cualquier época. Un tratado de amistad regía sus relaciones. No hubo protestas británicas sobre la presencia argentina en Malvinas sino cuando esta demostró su viabilidad e importancia. Sin fundamento jurídico, las limitadas protestas nunca plantearon forma alguna de resolver la disputa abierta por el Reino Unido, ni intimación alguna. El acto de enero de 1833 fue simplemente una muestra de la prepotencia imperial sin derecho y sin crear derecho alguno.

El Reino Unido sabe que no puede invocar la conquista como un argumento para fundar soberanía. A partir del Siglo XVIII (o incluso antes) la conquista como un título valido de soberanía territorial requería de, al menos, dos elementos fundamentales: la existencia de un estado de beligerancia y un tratado de paz posterior con la renuncia del Estado vencido a su territorio.

No había un estado de guerra entre las partes cuando se expulsó a la Argentina de Malvinas y ese acto no implicó su existencia. Menos aún, nunca hubo un tratado de paz por el cual la Argentina renunció a su soberanía.

Este acto de fuerza configura el vicio de origen de la posesión británica y de la presencia de la población actual en Malvinas. La existencia de la controversia de soberanía hasta el día de hoy, motivada por la negativa británica a resolverla y el control de la política migratoria por parte de Londres hacen que el derecho a la libre determinación no sea aplicable a los actuales habitantes. Si hay un pueblo víctima del colonialismo en Malvinas, es el pueblo argentino.

Desde aquel primer momento, Argentina nunca consintió el despojo británico ni cesó de reclamar por sus derechos, incluso ofreciendo en varias oportunidades la solución pacífica por medio del arbitraje frente a la intransigencia británica. Eso puso siempre a los pueblos hermanos de Latinoamérica del lado nacional. Por ejemplo, Perú envío documentación de fundamental importancia para la protesta argentina, Brasil informó a sus representantes en Europa que apoyaran el reclamo argentino.

Bolivia manifestó que “el ultraje hecho a la República Argentina (…) envuelve [el desprecio] hacia las demás naciones americanas” y que “la conducta del Gabinete británico en las Malvinas, aunque sea perjudicial esencialmente al gobierno que se siente despojado de su posesión, es ofensivo y demasiado injurioso a todas las repúblicas americanas”.

En 189 años el Reino Unido nunca se avino a negociar y discutir la cuestión de la soberanía salvo por un breve periodo de 17 años luego de la adopción de la resolución 2065 (XX) de 1965.

A 189 años de aquel uso de la fuerza británico que expulsó a hombres, mujeres y niños que tenían en Malvinas una vida y un futuro bajo las leyes y la soberanía argentina, y en el año del 40º aniversario del conflicto del Atlántico Sur, es imperioso que el Reino Unido adopte una actitud responsable para con las generaciones actuales y futuras. Debe cumplir con su obligación de resolver las disputas por medios pacíficos y poner fin al colonialismo en todas sus formas. La solución definitiva de la controversia será el mejor homenaje para todos los que vieron truncadas sus vidas en 1982.

Mirá también Mirá también Algunas claves para moverse en un año imprevisible",push,"The article discusses the historical conflict between Argentina and the UK over the Falkland Islands, highlighting the expulsion of Argentine authorities and population by British forces in 1833, which is considered an act of colonialism. The text also mentions the continuous Argentinian claim for their rights and offers of peaceful resolution that were ignored by the UK.",mistral:7b,push,"The article discusses the historical conflict between Argentina and the UK over the Falkland Islands, highlighting the expulsion of Argentine authorities and population by British forces in 1833, which is considered an act of colonialism. The text also mentions the continuous Argentinian claim for their rights and offers of peaceful resolution that were ignored by the UK.",article,4
20220102,12,TYCOON,,https://revistamonet.globo.com/Celebridades/noticia/2022/01/look-de-jeff-bezos-um-dos-homens-mais-ricos-do-mundo-no-reveillon-rende-piadas-nas-redes-meio-vin-diesel-meio-agostinho-carrara.html,unclear,,mistral:7b,,,,"Jeff Bezos e a namorada (Foto: Reprodução/Instagram)

Jeff Bezos, um dos homens mais ricos do mundo, começou 2022 inspirando piadas e memes nas redes sociais com seu look para a festa de Réveillon acompanhado de amigos e da namorada, a apresentadora de TV Lauren Sanchez.



O megaempresário tem chamado atenção nos últimos tempos pelo físico 'bombadão' e usou uma camisa colorida que ornou com a festa temática dos anos 1970 que promoveu para celebrar a chegada do Ano Novo.

Na legenda do seu post, ele compartilhou uma reflexão sobre a virada de 21 para 22. ""Nós nos divertimos muito na noite passada celebrando com uma festa louca de discoteca com a família, mas o Ano Novo também é um ótimo momento para fazer um balanço e focar no crescimento pessoal, renovação, renascimento e prestar atenção a cada momento de sua vida. Os bons e os maus. Tudo. Comemore e cresça"", escreveu.

saiba mais Ex de Kanye e eterna rival de Kim Kardashian desafia Insta ao postar foto completamente nua Ex de Kanye e eterna rival de Kim Kardashian desafia Insta ao postar foto completamente nua

Os internautas, tanto nos EUA quanto no Brasil, não perderam a piada. ""Jeff Bezos está a poucos centímetros de se transformar em Pitbull"", comentou uma usuária, fazendo referência ao músico de ascendência cubana. ""A transformação física de Jeff Bezos parece uma dessa história de origens de vilões do Homem-Aranha"", brincou outro.

Já um brasileiro foi mortal ao resumir tudo em um inusitado mash-up do astro de 'Velozes e Furiosos e o personagem de Pedro Cardoso na série 'A Grande Família': ""Jeff Bezos passou a virada com um look meio Vin Diesel, meio Agostinho Carrara.""

Houve também usuários que repararam nos dedos desproporcionais da namorada no clique principal. ""Não consigo parar de olhar"", afirmou um.

saiba mais Filha de Steve Jobs se despede de 2021 e dá boas vindas para 2022 em fotos com biquíni minúsculo Filha de Steve Jobs se despede de 2021 e dá boas vindas para 2022 em fotos com biquíni minúsculo

Pedro Cardoso em A Grande Família (Foto: Divulgação)

Vin Diesel em Velozes e Furiosos 9 (2021) (Foto: Divulgação)

Pitbull (Foto: Divulgação)

saiba mais Hilary Duff surpreende fãs com sequência de selfies de topless na banheira Hilary Duff surpreende fãs com sequência de selfies de topless na banheira

Claro que também apareceu quem achasse o figurino do magnata da Amazon de gosto duvidoso e que destoa com um sujeito com mais de 190 bilhões de dólares em propriedades (o que ultrapassa a marca de 1 trilhão de reais pela cotação atual). ""Jeff Bezos, sendo o homem mais rico do mundo, se veste como um sujeito que perdeu tudo em criptomoedas"", brincou um. ""Mais dinheiro não necessariamente é uma coisa boa"", complementou outro.

Jeff Bezos e Lauren Sanchez estão juntos desde o fim de 2018 e tornaram público seu namoro no início de 2019. O relacionamento tomou de assalto inclusive as editorias voltadas a celebridades e gossip por que resultou no término do casamento de 25 anos de Bezos com MacKenzie Bezos, mãe de seus quatro filhos. Já Sanchez era casada com o também empresário Patrick Whitesell, ex-amigo de Bezos.

Abaixo, confira mais fotos de Bezos na sua festa de Réveillon.

Jeff Bezos, a namorada e amiga (Foto: Reprodução/Instagram)",neutral,The article discusses Jeff Bezos' New Year's Eve party and does not mention migration-driving conditions,mistral:7b,neutral,The article discusses Jeff Bezos' New Year's Eve party and does not mention migration-driving conditions,article,4
20220102,90,COMPANY,,https://e24.no/ledige-stillinger/s/Kzeo24/har-du-inkasso-erfaring-men-kan-tenke-deg-strre-ansvar,unclear,,mistral:7b,,,,,unclear,,mistral:7b,unclear,,article,4
20220102,145,BUSINESS,,https://www.limburger.nl/cnt/dmf20220102_97854382,unclear,URL contains no lexical tokens related to migration pressure.,mistral:7b,,,,"Premium COC in Maastricht opent loket voor ouders met vragen over hun queer-kind: ‘Had ik dit tien jaar geleden geweten, dan had ik mijn zoon beter kunnen helpen’

Hoe steun je je kind als het uit de kast komt, en hoe zorg je dat het zich veilig en trots voelt? Vanaf 26 maart kunnen ouders met vragen terecht bij ‘Queercare Ouders’ van COC Limburg in Maastricht. „Als ik dit tien jaar geleden had geweten, dan had ik mijn zoon sneller en beter kunnen helpen.”",neutral,Article is not clearly about migration-driving conditions,mistral:7b,neutral,Article is not clearly about migration-driving conditions,article,4
20220102,160,AIRLINE,,https://es.investing.com/news/stock-market-news/disrupciones-relacionadas-con-omicron-provocan-mas-de-4000-cancelaciones-de-vuelos-en-inicio-de-2022-2199117,neutral,none,mistral:7b,,,,,,,mistral:7b,neutral,none,url_1,4
20220102,190,TYCOON,,https://revistamonet.globo.com/Celebridades/noticia/2022/01/look-de-jeff-bezos-um-dos-homens-mais-ricos-do-mundo-no-reveillon-rende-piadas-nas-redes-meio-vin-diesel-meio-agostinho-carrara.html,unclear,none,mistral:7b,,,,"Jeff Bezos e a namorada (Foto: Reprodução/Instagram)

Jeff Bezos, um dos homens mais ricos do mundo, começou 2022 inspirando piadas e memes nas redes sociais com seu look para a festa de Réveillon acompanhado de amigos e da namorada, a apresentadora de TV Lauren Sanchez.



O megaempresário tem chamado atenção nos últimos tempos pelo físico 'bombadão' e usou uma camisa colorida que ornou com a festa temática dos anos 1970 que promoveu para celebrar a chegada do Ano Novo.

Na legenda do seu post, ele compartilhou uma reflexão sobre a virada de 21 para 22. ""Nós nos divertimos muito na noite passada celebrando com uma festa louca de discoteca com a família, mas o Ano Novo também é um ótimo momento para fazer um balanço e focar no crescimento pessoal, renovação, renascimento e prestar atenção a cada momento de sua vida. Os bons e os maus. Tudo. Comemore e cresça"", escreveu.

saiba mais Ex de Kanye e eterna rival de Kim Kardashian desafia Insta ao postar foto completamente nua Ex de Kanye e eterna rival de Kim Kardashian desafia Insta ao postar foto completamente nua

Os internautas, tanto nos EUA quanto no Brasil, não perderam a piada. ""Jeff Bezos está a poucos centímetros de se transformar em Pitbull"", comentou uma usuária, fazendo referência ao músico de ascendência cubana. ""A transformação física de Jeff Bezos parece uma dessa história de origens de vilões do Homem-Aranha"", brincou outro.

Já um brasileiro foi mortal ao resumir tudo em um inusitado mash-up do astro de 'Velozes e Furiosos e o personagem de Pedro Cardoso na série 'A Grande Família': ""Jeff Bezos passou a virada com um look meio Vin Diesel, meio Agostinho Carrara.""

Houve também usuários que repararam nos dedos desproporcionais da namorada no clique principal. ""Não consigo parar de olhar"", afirmou um.

saiba mais Filha de Steve Jobs se despede de 2021 e dá boas vindas para 2022 em fotos com biquíni minúsculo Filha de Steve Jobs se despede de 2021 e dá boas vindas para 2022 em fotos com biquíni minúsculo

Pedro Cardoso em A Grande Família (Foto: Divulgação)

Vin Diesel em Velozes e Furiosos 9 (2021) (Foto: Divulgação)

Pitbull (Foto: Divulgação)

saiba mais Hilary Duff surpreende fãs com sequência de selfies de topless na banheira Hilary Duff surpreende fãs com sequência de selfies de topless na banheira

Claro que também apareceu quem achasse o figurino do magnata da Amazon de gosto duvidoso e que destoa com um sujeito com mais de 190 bilhões de dólares em propriedades (o que ultrapassa a marca de 1 trilhão de reais pela cotação atual). ""Jeff Bezos, sendo o homem mais rico do mundo, se veste como um sujeito que perdeu tudo em criptomoedas"", brincou um. ""Mais dinheiro não necessariamente é uma coisa boa"", complementou outro.

Jeff Bezos e Lauren Sanchez estão juntos desde o fim de 2018 e tornaram público seu namoro no início de 2019. O relacionamento tomou de assalto inclusive as editorias voltadas a celebridades e gossip por que resultou no término do casamento de 25 anos de Bezos com MacKenzie Bezos, mãe de seus quatro filhos. Já Sanchez era casada com o também empresário Patrick Whitesell, ex-amigo de Bezos.

Abaixo, confira mais fotos de Bezos na sua festa de Réveillon.

Jeff Bezos, a namorada e amiga (Foto: Reprodução/Instagram)",neutral,Article is not about migration-driving conditions,mistral:7b,neutral,Article is not about migration-driving conditions,article,4
20220102,20,AIRLINE,EMPLOYEE,https://es.investing.com/news/stock-market-news/disrupciones-relacionadas-con-omicron-provocan-mas-de-4000-cancelaciones-de-vuelos-en-inicio-de-2022-2199117,neutral,none,mistral:7b,,,,,,,mistral:7b,neutral,none,url_1,4
20220102,30,BUSINESS,,https://www.eluniversal.com.mx/nacion/tras-vacaciones-de-invierno-sep-se-declara-lista-para-retorno-actividades-escolares-presenciales,neutral,none,mistral:7b,,,,,,,mistral:7b,neutral,none,url_1,4
20220102,173,CALGARY,CALGARY,https://www.journaldemontreal.com/2022/01/02/manifestations-anti-covid-un-pasteur-et-son-frere-arretes-par-calgary,unclear,none,mistral:7b,,,,"Un pasteur connu pour ses positions anti-mesures sanitaires et son frère ont été arrêtés et accusés, samedi, après avoir manifesté sur le terrain du ministre de la Santé de l’Alberta.

• À lire aussi: L’exaspération se fait ressentir aux centres de dépistage

Le pasteur Artur Pawlowski et son frère Dawid, qui ont déjà fait face à la justice pour avoir défié les règles sanitaires par le passé, ont rejoint une cinquantaine de manifestants devant la demeure du ministre Jason Copping.

La police de Calgary a confirmé qu'elle a arrêté deux manifestants parce qu'ils violaient une ordonnance de la cour, sans dévoiler leurs noms. Cependant, une vidéo publiée sur la page Facebook du pasteur controversé montre l’arrestation de ce dernier et de son frère peu de temps après la manifestation, alors qu’ils se trouvent en voiture.

«C’est ce qui se produit lorsque vous vivez au China-da, s’est insurgé Artur en se filmant. Vous allez vous faire arrêter par la Gestapo.»

La vidéo, d’une durée d’un peu plus de sept minutes, recèle un vaste éventail de références au nazisme, le pasteur allant jusqu’à rebaptiser le premier ministre Jason Kenney du nom de «Adolf Kenney».

Plus tard, au cours de l’arrestation des deux frères, on entend une troisième personne dans le véhicule, qui filme toute la scène, traiter les policiers de Calgary de «nazis» et se moquer d’eux.

L’avocate des deux frères, Sarah Miller, a confirmé au Calgary Herald que les Pawlowski ont été accusés de bris d’ordonnance.

Le premier ministre s’est désolé de la tournure de cette soirée du jour de l’An. «Tous les Albertains ont le droit de manifester pacifiquement. Ce droit ne permet pas d’empiéter sur les terrains de maisons privées et de harceler les familles des gens du service public», s’est-il insurgé sur Twitter.

«Malheureusement, ce n’est pas la première fois que cette portion des conspirationnistes antivaccins tente d’intimider des élus du gouvernement de cette façon. Je suis certain que la majorité des Albertains rejettent cette forme d’extrémisme», a-t-il ajouté.

À VOIR AUSSI",push,"protests against public health measures, violation of court orders, comparison to nazism",mistral:7b,push,"protests against public health measures, violation of court orders, comparison to nazism",article,4
20220102,175,CALGARY,DEMONSTRATOR,https://www.journaldemontreal.com/2022/01/02/manifestations-anti-covid-un-pasteur-et-son-frere-arretes-par-calgary,unclear,none,mistral:7b,,,,"Un pasteur connu pour ses positions anti-mesures sanitaires et son frère ont été arrêtés et accusés, samedi, après avoir manifesté sur le terrain du ministre de la Santé de l’Alberta.

• À lire aussi: L’exaspération se fait ressentir aux centres de dépistage

Le pasteur Artur Pawlowski et son frère Dawid, qui ont déjà fait face à la justice pour avoir défié les règles sanitaires par le passé, ont rejoint une cinquantaine de manifestants devant la demeure du ministre Jason Copping.

La police de Calgary a confirmé qu'elle a arrêté deux manifestants parce qu'ils violaient une ordonnance de la cour, sans dévoiler leurs noms. Cependant, une vidéo publiée sur la page Facebook du pasteur controversé montre l’arrestation de ce dernier et de son frère peu de temps après la manifestation, alors qu’ils se trouvent en voiture.

«C’est ce qui se produit lorsque vous vivez au China-da, s’est insurgé Artur en se filmant. Vous allez vous faire arrêter par la Gestapo.»

La vidéo, d’une durée d’un peu plus de sept minutes, recèle un vaste éventail de références au nazisme, le pasteur allant jusqu’à rebaptiser le premier ministre Jason Kenney du nom de «Adolf Kenney».

Plus tard, au cours de l’arrestation des deux frères, on entend une troisième personne dans le véhicule, qui filme toute la scène, traiter les policiers de Calgary de «nazis» et se moquer d’eux.

L’avocate des deux frères, Sarah Miller, a confirmé au Calgary Herald que les Pawlowski ont été accusés de bris d’ordonnance.

Le premier ministre s’est désolé de la tournure de cette soirée du jour de l’An. «Tous les Albertains ont le droit de manifester pacifiquement. Ce droit ne permet pas d’empiéter sur les terrains de maisons privées et de harceler les familles des gens du service public», s’est-il insurgé sur Twitter.

«Malheureusement, ce n’est pas la première fois que cette portion des conspirationnistes antivaccins tente d’intimider des élus du gouvernement de cette façon. Je suis certain que la majorité des Albertains rejettent cette forme d’extrémisme», a-t-il ajouté.

À VOIR AUSSI",push,"The article is about protests against health measures, which may be pushing individuals to leave Alberta as they face arrest and are labeled as extremists.",mistral:7b,push,"The article is about protests against health measures, which may be pushing individuals to leave Alberta as they face arrest and are labeled as extremists.",article,4
20220102,51,ORTHODOX CHRISTIAN,SAINT,https://www.mngz.ru/russia-world-sensation/2464160-v-vargashinskom-rayone-sotrudniki-policii-proveli-20-profilakticheskih-besed-so-shkolnikami.html,pull,police officers,mistral:7b,,,,,,,mistral:7b,pull,sotrudniki-policii,url_1,4
20220102,51,ORTHODOX CHRISTIAN,SAINT,https://pronedra.ru/pozdravleniya-ko-dnyu-svyatoj-anastasii-4-yanvarya-tradiczii-prazdnika-630226.html,neutral,none,mistral:7b,,,,,,,mistral:7b,neutral,none,url_1,4
20220102,90,POLICE,,https://www.noviny.sk/krimi/652963-mrtvy-muz-v-aute-telo-hladaneho-slovenskeho-policajta-nasli-v-polsku,unclear,none,mistral:7b,,,,"Mŕtvy muž v aute: Telo hľadaného slovenského policajta našli v Poľsku JOJ24.SK TOPSTAR 24 podcast Zdravie Krimi Šport TV program ZPH 2026 ZOH 2026 Epsteinove spisy Slovensko - aktuality Zahraničie Počasie Politika Ekonomika Horoskopy Slováci v EÚ Koronavírus SME CHLAPI History Rozhovory 12 PLUS PR správy MS v hokeji Eurovoľby 2024 NA HRANE TV JOJ Darované Vianoce Náš tím 5° Bratislava Jozef 19.3.2026 Ďalšie od TV JOJ Späť Noviny.sk JOJ JOJ PLAY JOJ ŠPORT JOJ CZ JOJ GROUP Šport Ženské TopStar Sme chlapi Videonoviny Ranné noviny NA HRANE TV JOJ Zdravie 24 podcast joj24.sk History eunoviny.sk Copyright 2026 Československá filmová společnost, s.r.o. · Webdesign by Kennymax JOJ24.SK TOPSTAR 24 podcast Zdravie Krimi Šport TV program ZPH 2026 ZOH 2026 Epsteinove spisy Slovensko - aktuality Bratislava Trnava Trenčín Nitra Žilina Banská Bystrica Prešov Košice Zahraničie Počasie Úvod Mestá Dovolenkové destinácie Svetové metropoly Politika Ekonomika Horoskopy Slováci v EÚ Koronavírus SME CHLAPI History Rozhovory 12 PLUS PR správy MS v hokeji Eurovoľby 2024 NA HRANE TV JOJ Darované Vianoce Náš tím Chaos na Kamennom námestí: Auto zdemolovalo betónové črepníky a vydalo sa na útek Dôležité dni pre deviatakov: Celoslovenské Testovanie 9 sa začalo Odvolávanie Gašpara a zmeny volebného systému: Čo sa deje v Národnej rade? Takmer 35-metrové nosníky nového mosta prevážali cez centrum Banskej Bystrice Mŕtvy muž v aute: Telo hľadaného slovenského policajta našli v Poľsku Zdielať Zdielať na Peter Dzurilla redakcia/KK 2.1.2022 Krimi Mŕtvy muž v aute: Telo hľadaného slovenského policajta našli v Poľsku Máte vypnuté reklamy Vďaka financiám z reklamy prinášame kvalitné a objektívne informácie. Povoľte si prosím zobrazovanie reklamy na našom webe. Ďakujeme, že podporujete kvalitnú žurnalistiku. Embed kód NOVÝ TARG / POĽSKO / Z Poľska k nám dorazila smutná správa. Pátranie po 40-ročnom policajtovi z Nitry sa skončilo tragicky. Počas Silvestrovskej noci našli jeho auto v poľskej obci Ludmiež pri Novom Targu. Telo muža so strelnou ranou bolo v batožinovom priestore. Pátracia akcia bola rozsiahla Keďže po mužovi nebolo ani stopy, rozbehla sa rozsiahla pátracia akcia. Muž mal so svojím autom odísť z domu ešte 20. decembra a odvtedy sa nikomu neozval. Slovenskí policajti po ňom vyhlásili pátranie. Poľskí policajti s hasičmi prehľadávali terén v okolí miesta, kde našli auto. ""Niekoľko hodín policajti, hasiči a ďalší prehľadávali okolitý terén, avšak muža sa nepodarilo nájsť. Nakoniec sa policajti rozhodli odtiahnuť auto,"" informovala poľská novinárka Teresa Gut. Poľskí policajti objavili telo muža až po tom, ako auto odtiahli na policajné záchytné parkovisko. ""Miestni policajti skúmali auto z dôvodu podozrenia z krádeže. Počas snímania odtlačkov prstov bolo v batožinovom priestore objavené telo muža so strelným zranením a vedľa neho ležala pištoľ,"" poznamenal hovorca polície v Krakove Bartosz Izdebski. Išlo o príslušníka polície To však nebolo všetko. Podľa informácií TV JOJ má ísť o príslušníka Policajného zboru Slovenskej republiky a jeho služobnú zbraň. Tomu majú nasvedčovať aj osobné veci nájdené v aute. ""Vedľa muža sa nachádzala aj služobná legitimácia a dokumenty potvrdzujúceho jeho totožnosť. Išlo o 40-ročného obyvateľa Slovenska,"" doplnila Gut. Veľmi podozrivá okolnosť Podozrivé je, že telo muža sa nachádzalo v zamknutom kufri auta. Policajti z kriminalisticko-expertízneho útvaru v Krakove prišli na miesto v priebehu niekoľkých hodín. ""Strelná rana, ktorú mal nájdený muž, veľmi znepokojila policajtov, nakoľko v danej chvíli nemohli nič vylúčiť. Celú noc boli vykonávané procesné činnosti,"" uviedol Izdebski. Cudzie zavinenie je nateraz mimo hru Spôsob, akým bolo telo muža objavené, vzbudzuje pochybnosti. Polícia nateraz vylúčila cudzie zavinenie. ""Z prvých informácií, ktoré máme k dispozícii vyplýva, že pravdepodobne mohlo dôjsť k samovražde. Poľská polícia nateraz vylúčila cudzie zavinenie,"" upresnil Izdebski. ""Na objasnení okolností tohto prípadu intenzívne spolupracujeme s poľskou políciou. Nateraz nemôžme poskytnúť verejnosti viac informácií,"" uviedla hovorkyňa krajského riaditeľstva Policajného zboru v Nitre Renáta Čuháková. Peter Dzurilla redakcia/KK publikované 2.1.2022 o 18:45 · zdroj noviny.sk/TVJOJ Tagy: Samovražda strelná rana Poľsko pátracia akcia Policajti mŕtvy muž Zdielať na Vložte si video na vlastnú stránku 640x360 860x480 960x540 1280x720 Súvisiace články Tragédia v Bratislave: Podľa informácií TV JOJ mala pod vlak skočiť žena Krimi Na zelenú transformáciu nemáme v EÚ dostatok surovín. Sme závislí od Číny a iných krajín Slováci v EÚ Najčítanejšie správy Dnes 7 dní 30 dní Chaos na Kamennom námestí: Auto zdemolovalo betónové črepníky a vydalo sa na útek Zlodeji ukradli bankomat priamo zo zastávky: Predtým znefunkčnili kamery a ušli Rodinný dom zachvátili plamene. Staršiu pani previezli do nemocnice Osemročné dievčatko bolo v noci samé na lavičke, okoloidúci zalarmovali políciu Vyšetrovanie tragédie je uzavreté: Za požiar, pri ktorom uhoreli 4 deti, je zodpovedná nebohá prababka Nebezpečný únik plynov: Bytovku evakuovali, začiatkom roka v nej na otravu zomrel nájomník Tragédia počas stavebných prác: Pri zrútení lešenia zomreli štyria ľudia Veľká tragédia pri Banskej Štiavnici: Ročné dieťa sa utopilo v záhradnom jazierku V rodinnom dome našli telo v kaluži krvi. Z miesta odviedli staršieho muža Polícia rozbila drogovú skupinu na západe Slovenska. V akcii Hlavička pôjde do väzby päť ľudí Materská škola prišla o viac než 230-tisíc eur. Riaditeľka naletela podvodníkom Rušné ráno vo Zvolene: Základnej škole prišiel nebezpečný mail, odosielateľ hrozil vystrieľaním detí voličov koalície Finančná správa odhalila tajnú výrobňu cigariet. Škoda na dani je takmer 900-tisíc eur Výbuch v Demänovskej doline: Zlodeji odpálili bankomat a ušli. Polícia ich chytila Tragická nehoda: Auto zrazilo malého chlapca. Za volantom sedel jeho otec Západné Slovensko zasiahlo zemetrasenie s magnitúdou 4,3 Prenajali si byt na noc, do rána z neho zmizlo všetko. Bratislavou sa šíri nový, drzejší spôsob vykrádania Vlak narazil do auta, dvaja ľudia neprežili. Medzi obeťami je otec Romana z Parchovian Na Dunaji pri Medveďove sa potápal šlep s tisíc tonami pšenice Veľká tragédia pri Banskej Štiavnici: Ročné dieťa sa utopilo v záhradnom jazierku Zásielky miznú a menia obsah. ""Je to bohapustá krádež, "" hovorí poškodená Odporúčame Chaos na Kamennom námestí: Auto zdemolovalo betónové črepníky a vydalo sa na útek Krimi Ministerstvo dopravy zverejnilo príčinu zrážky vlakov pri Pezinku Krimi Vyšetrovanie tragédie je uzavreté: Za požiar, pri ktorom uhoreli 4 deti, je zodpovedná nebohá prababka Krimi V dome unikal plyn. Muž sa takouto formou pravdepodobne rozhodol ukončiť život Krimi Zlodeji ukradli bankomat priamo zo zastávky: Predtým znefunkčnili kamery a ušli Krimi Vo Švajčiarsku sa odtrhla lanovka. Po páde sa kabína opakovane pretáčala Zahraničie Noviny.sk Auto skončilo vo výklade: 68-ročná vodička si mala pomýliť písmená na prevodovke Krimi Dôchodkyne doplatili na súcit, teraz riešia dlhy a exekúciu Krimi Na diaľnici horelo auto, cesta je prejazdná iba v jednom pruhu Krimi Riadime sa kódexom JOJ.SK JOJ JOJ PLAY JOJ ŠPORT JOJ CZ JOJ GROUP Šport Ženské TopStar Sme chlapi Zdravie History Počasie SPRAVODAJSTVO Noviny.sk joj24.sk Noviny PLUS Videonoviny Ranné noviny NA HRANE TV JOJ 24 podcast Slovensko - aktuality Zahraničie Krimi Politika Ekonomika Slováci v EÚ NEPREHLIADNITE Reklama Kontakt Podmienky pre spracovanie osobnych udajov Cookies Nastavenia súkromia © Copyright 2026 Slovenská produkčná, a.s. Webdesign by Kennymax Developed by eFabrica",unclear,"Article does not provide clear information about migration pressure conditions related to the main country discussed in the article, Slovakia.",mistral:7b,unclear,"Article does not provide clear information about migration pressure conditions related to the main country discussed in the article, Slovakia.",article,4
20220102,192,POLICE OFFICER,,https://www.hoydiariodelmagdalena.com.co/archivos/613776,unclear,none,mistral:7b,,,,"En diálogo con Enrique Gómez Martínez, abogado de la familia y sobrino del asesinado líder conservador Álvaro Gómez Hurtado, explicó en La FM los pormenores de los documentos del archivo de vigilancia del (Departamento Administrativo de Seguridad) DAS, a los que recientemente lograron acceder y que daría más luces para esclarecer los hechos que rodean el magnicidio ejecutado el 2 de noviembre de 1995.

Gómez Martínez relató que desde hace 5 años se ha librado una lucha compleja para que se revelen en su totalidad los archivos de vigilancia del DAS y tras ganar una tutela que permitió el acceso a esa documentación se logró encontrar varias referencias relacionadas sobre la investigación de la muerte de Álvaro Gómez Hurtado.

El abogado sostiene que hay varias evidencias sobre diferentes perfilamientos sistemáticos que ejecutó la división de inteligencia a todos los opositores y críticos del entonces presidente Enrique Samper Pizano y entre estas personas figura Gómez Hurtado.

«Estamos esperando poder confirmar la época en que fueron realizados estos seguimientos y queremos establecer si en esos seguimientos hubo interceptaciones telefónicas».

De igual manera, Enrique Gómez Martínez sostiene que halló evidencia que demuestra que en ninguno de los diferentes boletines que el DAS generaba para el presidente Samper, se habló sobre una presunta conspiración militar o golpista en su contra.

El abogado precisó que en dichos documentos también se descartó que la muerte de Álvaro Gómez Hurtado estuviese relacionada con un supuesto golpe de estado.

«El DAS descartó en 1995 la hipótesis que indica que la muerte de Álvaro Gómez se produjo en un fallido golpe de estado, Ramiro Bejarano durante años ha venido diciendo mentiras al país, estos informes deben ser puestos en conocimiento entre las partes del caso».

“Eso dio lugar a dos tutelas y de ahí vimos como la administración Santos con la asesoría de Ramiro Bejarano (director del DAS en la época en la que ocurrió el asesinato de Gómez Hurtado), desmontó los archivos del DAS; pero por cosas de la vida, la verdad siempre brilla y brota, han aparecido los archivos de seguimiento del DAS (…)”.

Gómez Martínez también señaló que la mafia también estuvo relacionada con la muerte de Gómez Hurtado, pues a Orlando Heano, jefe del cartel del Norte del Valle, se le solicitó que asesinara a Álvaro Gómez Hurtado a cambio de mejores beneficios en su proceso de entrega a las autoridades.

«Heano accedió y esta operación contó con la participación del entonces director del Gaula, Danilo Alfonso González».

La siniestra nota de Laude Fernández

El exdirector de inteligencia del DAS Laude Fernández, también está siendo investigado por su supuesta participación en interceptaciones ilegales a integrantes del sindicato de Avianca.

El abogado de la familia del político conservador aseguró que, Fernández también habría estado involucrado con los perfilamientos de los que fue objeto la víctima.

“Ya habíamos encontrado una siniestra nota de Laude Fernández, director de inteligencia de Ramiro Bejarano (no sé si el país recuerda porque está preso y cómo ha participado durante décadas, en todos los desarrollos del antiguo DAS), donde el primero de noviembre en una entrevista que Álvaro Gómez Hurtado, le concedió a la revista Diners, Laude Fernández, de alguna manera vaticinaba lo que iba a ocurrir al día siguiente, diciendo en su nota de comentario de revisión – Al que no quiere caldo se le dan dos tazas (…) – ”, dijo el abogado.

El abogado Gómez Martínez añadió que, se están agregando más pruebas al proceso por el crimen que fue considerado como de lesa humanidad.

“La extensión del tiempo no se ha determinado pero eran seguimientos personales; de inteligencia humana, seguimientos de inteligencia electrónica o lo que llamamos hoy día, ‘chuzadas’; lo que es claro es que había un trabajo de seguimiento personal”, añadió el jurista.

“Otros testigos que han declarado acreditan que en su momento, Danilo González, comandante del Gaula en el Gobierno de Ernesto Samper, recibió la orden de adelantar el homicidio pero parece que transcurrió muy poco tiempo entre el momento que recibió la orden y la puso en práctica, con la ayuda de Wilber Alirio Varela alias ‘Jabón’”, manifestó el abogado.

Agregó que, “me ha quedado la inquietud con base en qué inteligencia sabían el día, la hora y el lugar en que Álvaro Gómez Hurtado, dictaba sus clases en la Universidad Sergio Arboleda, aquel fatídico 2 de noviembre”.

Señaló que una de las hipótesis es que, desde el Gobierno se entregó información para facilitar que se cometiera el crimen.

“Pareciera que la respuesta es que posiblemente el Gobierno de Samper, le haya filtrado al cartel del Norte del Valle estos seguimientos para facilitar el homicidio”, sentenció.

Corte Suprema de Justicia

El abogado también anunció que ante el alto tribunal presentará las pruebas contra Horario Serpa Uribe quien para la época de los hechos, ocupaba el cargo de Ministro del Gobierno de Samper.

“Vamos a pedir la resolución de acusación contra Horacio Serpa, ahora la Corte Suprema de Justicia conoce el proceso en su contra a través de la Fiscalía delegada porque él, era aforado como exministro del Interior del Gobierno de Ernesto Samper y trasladaremos esas pruebas ante la Comisión de Acusaciones”, dijo.

Manifestó que, “queremos que al cumplirse 25 años de impunidad que se conmemoran en noviembre; se lleven a juicio esas pruebas”.

Aseguró, que no busca que el expresidente Ernesto Samper sea condenado pero que sí, se conozcan las pruebas.

“Querían enterrar estas pruebas con la complicidad de fiscales patrocinados por Ernesto Samper y que no se pudieran conocer: cuatro casas criminales confirmando la realización del homicidio por parte de Orlando Henao a solicitud de Ernesto Samper y Horacio Serpa, esas pruebas deben ir a juicio”, aseguró en su entrevista.

El abogado Gómez Martínez también cuestionó el trino de la exsenadora Piedad Córdoba, en el que advierte que la reunión entre el expresidente Juan Manuel Santos, exministro Cristo, senador Cepeda, Rodrigo Londoño ‘Timochenko’ y Carlos Lozada, permitirá descubrir qué sucedió con el crimen del destacado político conservador.

Fuente: LA FM

You can use this method to make deposits in instant Bank Transfer casino NZ. In most cases, you can do so by supplying your bank details. If you don’t have an account in NZ, you may be required to pay an additional fee. Once you’ve made the deposit, you can play! In some cases, the minimum deposit for this method is NZ$10, although it can range from $10 to $50. Depending on your bank, the withdrawal time can take two to seven days.",push,"The article discusses a murder investigation involving Álvaro Gómez Hurtado, who was a political leader in Colombia. The investigation uncovers evidence of systemic profiling by the Department Administrativo de Seguridad (DAS) against political opponents and critics of former president Enrique Samper Pizano, including Gómez Hurtado. Also mentioned is the involvement of the cartel del Norte del Valle in his murder, suggesting a possible push factor for individuals involved.",mistral:7b,push,"The article discusses a murder investigation involving Álvaro Gómez Hurtado, who was a political leader in Colombia. The investigation uncovers evidence of systemic profiling by the Department Administrativo de Seguridad (DAS) against political opponents and critics of former president Enrique Samper Pizano, including Gómez Hurtado. Also mentioned is the involvement of the cartel del Norte del Valle in his murder, suggesting a possible push factor for individuals involved.",article,4
20220102,193,POLICE OFFICER,,https://www.ensonhaber.com/3-sayfa/adanada-silahli-kavgaya-mudahale-eden-polis-vuruldu,push,'mudahale',mistral:7b,,,,,,,mistral:7b,push,'mudahale',url_1,4
20220102,190,POLICE,ACTIVIST,http://lratvakan.com/news/76958.html,unclear,,mistral:7b,,,,"Участники акции протеста в центре Киева пошли на штурм кордонов, которые выставлены вокруг квартала правительственных зданий.

На улице Грушевского в Киеве не утихают столкновения протестующих и правоохранителей. На улице стоят несколько разбитых автобусов милиции, один автобус подожгли. Силовики регулярно бросают в толпу дымовые шашки, используют слезоточивый газ.

Ожидается приезд водометов. Об этом сообщают местные СМИ. Использование водометов на морозе угрожает смертями протестующим. При таком температуре может наступить переохлаждение от воды за несколько минут.

Помимо этого, протестующие захватили пять пустых милицейских автобусов. Лидер партии «УДАР» Виталий Кличко призвал протестующих отказаться от силовых действий в отношении правоохранителей, заявив, что это наверняка вызовет ответную реакцию со стороны «Беркута». Политик пообещал договориться о том, чтобы людям открыли проход к зданию Верховной Рады.

Столкновения активистов с милицией начались после так называемого народного вече на Майдане Незалежности, в котором приняли участие несколько сотен тысяч человек. Собравшиеся протестовали против политики действующих властей страны.",push,"violence, persecution, repression",mistral:7b,push,"violence, persecution, repression",article,4
20220102,10,PERPETRATOR,CREATIVITY,https://www.hespress.com/%D8%AA%D8%AC%D8%A7%D9%88%D8%B2-%D9%88%D8%B1%D8%B7%D8%A9-%D8%B9%D8%B5%D8%B1-%D8%A7%D9%84%D8%B9%D8%AA%D9%85%D8%A9-925188.html,neutral,,mistral:7b,,,,,,,mistral:7b,neutral,,url_1,4
20220102,172,VILLAGE,,https://www.volynnews.com/news/all/cherez-novorichni-feyerverky-v-chernivtsiakh-zahynuly-desiatky-ptakhiv/,unclear,,mistral:7b,,,,"Через новорічні феєрверки в Чернівцях загинули десятки птахів Вхід Авторизація Зареєструйтеся на сайті , якщо у вас немає облікового запису на Волинських Новинах. Забули пароль? Або якщо ви - користувач попередньої версії сайту, пам’ятаєте свій логін - просто створіть новий пароль . Якщо у вас виникли проблеми з авторизацією, будь ласка, напишіть нам листа . Увійти USD 40.45 40.75 USD 40.45 40.75 EUR 44.50 45.20 PLN 3.30 4.00 15:45 07.04.2025 RSS Контакти Четвер 05:37 19 Березня 2026 Новини Луцьк Волинь Україна Світ Політика Економіка Гроші Бізнес Нерухомість НП Соціум Медицина Освіта Довкілля Вікенд Релігія Благодійництво Техно, IT Культура Музика Кіно Література Мистецтво Історія Авто Спорт Таблоїд Проекти ВН Акценти Трибуна повідом новину Аверс Інтерв'ю Аналітика Фото Відео Блоги Досьє Анонси Популярне Запитай юриста PDF-архів газети Новини Луцьк Волинь Україна Світ Політика Влада Партії Економіка Гроші Бізнес Нерухомість НП Соціум Медицина Освіта Довкілля Вікенд Релігія Благодійництво Техно, IT Культура Музика Кіно Література Мистецтво Історія Авто Спорт Таблоїд Проекти ВН Тільки разом Волинь не забуває Походеньки-поїзденьки Ми це бачили На межі Відлупцюй волинського журналіста Marichka Kulish влог Власний досвід Луцьк буденний Розвідка ВН Де влітку відпочити на Волині МандроСвіт Музичний проект Acoustic Diary Соромлюсь запитати Віп-новина «Від школярів до козаків» Інтерв'ю Аналітика Привітання Акценти Трибуна PDF-архів газети Анонси ТОП-анонс Повідом новину Фото Відео Блоги Досьє Анонси Популярне Запитай юриста Через новорічні феєрверки в Чернівцях загинули десятки птахів 2 Січня 2022 21:47 Коментарів: 1 0 Твіт У Чернівцях у новорічну ніч загинули десятки птахів. Все через вибухи феєрверків, які супроводжують святкування Нового року. Про цю проблему розповіла волонтерка із захисту диких тварин Вікторія Гусарова , пише 24 канал . За словами Гусарової, внаслідок вибухів феєрверків загинули десятки птахів. «Лише в одному парку в центрі міста ми знайшли дев’ять мертвих птахів. Вони загинули внаслідок вибухів феєрверків цієї ночі», – повідомила Гусарова. Волонтерка зауважила, що всі птахи були ретельно оглянуті. Читати ще: Інший бік Нового року: на вулицях міст України торговці розкидали тисячі хвойних дерев «Вони були вгодовані, не мали жодних зовнішніх ознак захворювань. Вони не мали загинути, але... Всі птахи загинули від удару. Про це свідчить ціаноз слизових та черевної порожнини, кровотеча з дзьоба та клоаки. Пташки злякалися і просто вилетіли та летіли в нікуди, у паніці врізавшись у паркан чи дерева», – розповіла жінка. З 2014 року в українських містах та селах почали забороняти використання феєрверків – а все тому, що люди не дотримуються елементарних правил безпеки. До прикладу, запускати феєрверки слід на відстані не менше 100 метрів від будівель. Крім того, салюти дуже нагадують вибухи у зоні бойових дій – вважається, що поки в Україні триває війна, на мирній території необхідно відмовитись від феєрверків. На рівні закону феєрверки в Україні так і не заборонили – за це не передбачено ніякої відповідальності. Знайшли помилку? Виділіть текст і натисніть Повідомити Підписуйтесь на наш Telegram-канал , аби першими дізнаватись найактуальніші новини Волині, України та світу Читайте також В Індії та Бангладеш через циклон «Амман» загинули 20 осіб, зруйновані тисячі будинків 21 Травня 2020 10:31 На похороні іранського генерала Сулеймані через тисняву загинули 35 осіб, – ЗМІ 7 Січня 2020 13:11 У Гонконгу – масштабна пожежа в кількох хмарочосах, є загиблі 26 Листопада 2025 17:27 Лучани пішли в поліцію через кота 19 Вересня 2016 08:16 Додати свій коментар Коментарів: 1 123 Показати IP 3 Січня 2022 11:40 відповісти + 4 - 0 для чого нам взагалі ті феєрверки, це китайська традиція зустрічати ними новий рік.... Додати коментар: УВАГА! Користувач www.volynnews.com має розуміти, що коментування на сайті створені аж ніяк не для політичного піару чи антипіару, зведення особистих рахунків, комерційної реклами, образ, безпідставних звинувачень та інших некоректних і негідних речей. Утім коментарі – це не редакційні матеріали, не мають попередньої модерації, суб’єктивні повідомлення і можуть містити недостовірну інформацію. Новини На сході Туреччини під водою виявили історичні споруди, яким близько 2400 років Сьогодні 00:28 На Тенеріфе сталося 84 землетруси за два дні. У чому причина Сьогодні 00:14 19 березня: свята, події, факти. День абсолютно неймовірних дітей та Міжнародний день клієнта Сьогодні 00:00 «Шахед» атакував Головне управління СБУ у Львівській області 18 Березня 2026 23:41 Польща заборонить мобільні телефони в школі дітям до 16 років 18 Березня 2026 23:25 Прикордонник з Волині виборов золото на чемпіонаті Європи з джиу-джитсу 18 Березня 2026 23:06 У польській Гдині вандали викрали стовпчик з написом «Площа Вільної України» 18 Березня 2026 22:47 Пенсіонерам і малозабезпеченим автоматично нарахують по 1500 гривень у квітні 18 Березня 2026 22:28 У селі на Любешівщині ввели карантин через сказ у кота 18 Березня 2026 22:09 Питатимуть про рівень життя і доходи: в Україні почалась нова перевірка 18 Березня 2026 21:50 Через удар ворожого БпЛА понад 30 тисяч абонентів на Волині – без світла. Розгортають Пункти незламності 18 Березня 2026 21:31 Нагору Мультимедіа На сході Туреччини під водою виявили історичні споруди, яким близько 2400 років Під час тривоги ворожий «Шахед» влучив в енергообʼєкт на Волині, триває пожежа У Києві мати з дитиною дрейфували на крижині за 200 метрів від берега. Відео Півтора року невідомості: на Волині попрощалися з військовим Валентином Волошиним Через загибель 28-річної лікарки з Волині судитимуть керівників курорту «Драгобрат» Вистава про правила на дорозі: у Луцьку триває просвітницький проєкт для першокласників. Фото У румунському порту затонув буксир, є загиблий та зниклі безвісти На Волині затримали експрацівника ТЦК, який обіцяв військовозобов’язаному допомогти уникнути мобілізації Поводились агресивно та пошкодили авто: у Луцькому районі натовп місцевих не впустив ТЦК у село У Луцьку щотижня підпалюють напівпідземні смітники. Муніципали встановлять камери відеоспостереження Наслідки недбалості – гектари випаленої землі: на Волині приборкували численні пожежі в екосистемах У Варшаві поляк напав з ножем на українця у трамваї Переходила дорогу не на переході: показали момент аварії у Луцьку Луцькі котельні зупинять подачу гарячої води: відомі дати На Харківщині п’ятеро поранених, на Чернігівщині атаки зазнав тепловоз: наслідки нічного удару ворога Іран вдарив балістикою по центральному Ізраїлю та атакував посольство США в Багдаді Дитяча футзальна ліга Волині: яка команда стала кращою в категорії восьмирічних. Фото «Після війни знову розводитиму кролів», – воїн сталевої сотки на псевдо Ювелір Кращі хіти Imagine Dragons і Coldplay при свічках звучатимуть у Луцьку У Києві затримали проєктантів, які допомагали росіянам відновлювати пошкоджені НПЗ Повернулися в граніті: у селі на Волині вшанували пам’ять трьох Захисників Інтерпол оголосив у розшук підозрюваних у вбивстві та викраденні українця Ігоря Комарова У Ковелі мешканці багатоповерхівки споживали воду поза лічильником У Нововолинську розширили Алею Героїв: встановили ще 26 портретів загиблих воїнів Втеча, кайданки і швидка: у центрі Луцька за порушення ПДР затримали ухилянта Луцькі дзюдоїсти привезли 13 медалей зі змагань у Польщі. Фото Понад 12 тисяч квадратних метрів ям ліквідували: як ремонтують дороги на Волині Сплели сотні маскувальних сіток: як у луцькій бібліотеці жінки допомагають ЗСУ «Бути розумним – модно»: школярі з Луцької громади зіграли в Mind Game. Хто переміг У Луцьку провели майстер-клас із писанкарства для родин військових та зниклих безвісти. Фото Новини Луцьк Волинь Україна Світ Політика Влада Партії Економіка Гроші Бізнес Нерухомість Соціум Медицина Освіта Довкілля Вікенд Релігія Благодійництво Техно, IT Культура Музика Кіно Література Мистецтво Історія Анонси ТОП-анонс НП Авто Спорт Таблоїд Проекти ВН Інтерв'ю Аналітика Акценти Трибуна Інформаційне агентство Волинські Новини. 2017 Всі права захищені Про нас Контакти Рекламодавцям",push,death of birds due to fireworks,mistral:7b,push,death of birds due to fireworks,article,4
20220102,10,COMMUNITY,POLICE,https://www.hoydiariodelmagdalena.com.co/archivos/613752,unclear,,mistral:7b,,,,"En diálogo con Enrique Gómez Martínez, abogado de la familia y sobrino del asesinado líder conservador Álvaro Gómez Hurtado, explicó en La FM los pormenores de los documentos del archivo de vigilancia del (Departamento Administrativo de Seguridad) DAS, a los que recientemente lograron acceder y que daría más luces para esclarecer los hechos que rodean el magnicidio ejecutado el 2 de noviembre de 1995.

Gómez Martínez relató que desde hace 5 años se ha librado una lucha compleja para que se revelen en su totalidad los archivos de vigilancia del DAS y tras ganar una tutela que permitió el acceso a esa documentación se logró encontrar varias referencias relacionadas sobre la investigación de la muerte de Álvaro Gómez Hurtado.

El abogado sostiene que hay varias evidencias sobre diferentes perfilamientos sistemáticos que ejecutó la división de inteligencia a todos los opositores y críticos del entonces presidente Enrique Samper Pizano y entre estas personas figura Gómez Hurtado.

«Estamos esperando poder confirmar la época en que fueron realizados estos seguimientos y queremos establecer si en esos seguimientos hubo interceptaciones telefónicas».

De igual manera, Enrique Gómez Martínez sostiene que halló evidencia que demuestra que en ninguno de los diferentes boletines que el DAS generaba para el presidente Samper, se habló sobre una presunta conspiración militar o golpista en su contra.

El abogado precisó que en dichos documentos también se descartó que la muerte de Álvaro Gómez Hurtado estuviese relacionada con un supuesto golpe de estado.

«El DAS descartó en 1995 la hipótesis que indica que la muerte de Álvaro Gómez se produjo en un fallido golpe de estado, Ramiro Bejarano durante años ha venido diciendo mentiras al país, estos informes deben ser puestos en conocimiento entre las partes del caso».

“Eso dio lugar a dos tutelas y de ahí vimos como la administración Santos con la asesoría de Ramiro Bejarano (director del DAS en la época en la que ocurrió el asesinato de Gómez Hurtado), desmontó los archivos del DAS; pero por cosas de la vida, la verdad siempre brilla y brota, han aparecido los archivos de seguimiento del DAS (…)”.

Gómez Martínez también señaló que la mafia también estuvo relacionada con la muerte de Gómez Hurtado, pues a Orlando Heano, jefe del cartel del Norte del Valle, se le solicitó que asesinara a Álvaro Gómez Hurtado a cambio de mejores beneficios en su proceso de entrega a las autoridades.

«Heano accedió y esta operación contó con la participación del entonces director del Gaula, Danilo Alfonso González».

La siniestra nota de Laude Fernández

El exdirector de inteligencia del DAS Laude Fernández, también está siendo investigado por su supuesta participación en interceptaciones ilegales a integrantes del sindicato de Avianca.

El abogado de la familia del político conservador aseguró que, Fernández también habría estado involucrado con los perfilamientos de los que fue objeto la víctima.

“Ya habíamos encontrado una siniestra nota de Laude Fernández, director de inteligencia de Ramiro Bejarano (no sé si el país recuerda porque está preso y cómo ha participado durante décadas, en todos los desarrollos del antiguo DAS), donde el primero de noviembre en una entrevista que Álvaro Gómez Hurtado, le concedió a la revista Diners, Laude Fernández, de alguna manera vaticinaba lo que iba a ocurrir al día siguiente, diciendo en su nota de comentario de revisión – Al que no quiere caldo se le dan dos tazas (…) – ”, dijo el abogado.

El abogado Gómez Martínez añadió que, se están agregando más pruebas al proceso por el crimen que fue considerado como de lesa humanidad.

“La extensión del tiempo no se ha determinado pero eran seguimientos personales; de inteligencia humana, seguimientos de inteligencia electrónica o lo que llamamos hoy día, ‘chuzadas’; lo que es claro es que había un trabajo de seguimiento personal”, añadió el jurista.

“Otros testigos que han declarado acreditan que en su momento, Danilo González, comandante del Gaula en el Gobierno de Ernesto Samper, recibió la orden de adelantar el homicidio pero parece que transcurrió muy poco tiempo entre el momento que recibió la orden y la puso en práctica, con la ayuda de Wilber Alirio Varela alias ‘Jabón’”, manifestó el abogado.

Agregó que, “me ha quedado la inquietud con base en qué inteligencia sabían el día, la hora y el lugar en que Álvaro Gómez Hurtado, dictaba sus clases en la Universidad Sergio Arboleda, aquel fatídico 2 de noviembre”.

Señaló que una de las hipótesis es que, desde el Gobierno se entregó información para facilitar que se cometiera el crimen.

“Pareciera que la respuesta es que posiblemente el Gobierno de Samper, le haya filtrado al cartel del Norte del Valle estos seguimientos para facilitar el homicidio”, sentenció.

Corte Suprema de Justicia

El abogado también anunció que ante el alto tribunal presentará las pruebas contra Horario Serpa Uribe quien para la época de los hechos, ocupaba el cargo de Ministro del Gobierno de Samper.

“Vamos a pedir la resolución de acusación contra Horacio Serpa, ahora la Corte Suprema de Justicia conoce el proceso en su contra a través de la Fiscalía delegada porque él, era aforado como exministro del Interior del Gobierno de Ernesto Samper y trasladaremos esas pruebas ante la Comisión de Acusaciones”, dijo.

Manifestó que, “queremos que al cumplirse 25 años de impunidad que se conmemoran en noviembre; se lleven a juicio esas pruebas”.

Aseguró, que no busca que el expresidente Ernesto Samper sea condenado pero que sí, se conozcan las pruebas.

“Querían enterrar estas pruebas con la complicidad de fiscales patrocinados por Ernesto Samper y que no se pudieran conocer: cuatro casas criminales confirmando la realización del homicidio por parte de Orlando Henao a solicitud de Ernesto Samper y Horacio Serpa, esas pruebas deben ir a juicio”, aseguró en su entrevista.

El abogado Gómez Martínez también cuestionó el trino de la exsenadora Piedad Córdoba, en el que advierte que la reunión entre el expresidente Juan Manuel Santos, exministro Cristo, senador Cepeda, Rodrigo Londoño ‘Timochenko’ y Carlos Lozada, permitirá descubrir qué sucedió con el crimen del destacado político conservador.

Fuente: LA FM

You can use this method to make deposits in instant Bank Transfer casino NZ. In most cases, you can do so by supplying your bank details. If you don’t have an account in NZ, you may be required to pay an additional fee. Once you’ve made the deposit, you can play! In some cases, the minimum deposit for this method is NZ$10, although it can range from $10 to $50. Depending on your bank, the withdrawal time can take two to seven days.",push,"Article discusses systematic profiling and surveillance of opponents by DAS (Department Administrative of Security), including Álvaro Gómez Hurtado, the murder victim. It also mentions an order to advance the homicide given by Danilo González, commander of the Gaula in the government of Ernesto Samper. The article implies that the government may have facilitated the crime.",mistral:7b,push,"Article discusses systematic profiling and surveillance of opponents by DAS (Department Administrative of Security), including Álvaro Gómez Hurtado, the murder victim. It also mentions an order to advance the homicide given by Danilo González, commander of the Gaula in the government of Ernesto Samper. The article implies that the government may have facilitated the crime.",article,4
20220102,42,GERMAN,LISBON,https://naslovi.net/2022-01-03/blic/zarobljeni-u-luci-nemacki-kruzer-usidren-do-daljeg-u-lisabonu-zbog-izbijanja-epidemije-korona-virusa/29657724,push,'captured',mistral:7b,,,,,,,mistral:7b,push,'zarobljeni',url_1,4
20220102,42,GERMAN,LISBON,https://naslovi.net/2022-01-03/blic/zarobljeni-u-luci-nemacki-kruzer-usidren-do-daljeg-u-lisabonu-zbog-izbijanja-epidemije-korona-virusa/29657724,unclear,,mistral:7b,,,,,unclear,,mistral:7b,unclear,,article,4
20220102,10,UNIVERSITY,,https://www.elmanana.com/cae-ex-rector-de-la-uabjo-por-fraude/5475695,unclear,,mistral:7b,,,,"CIUDAD DE MÉXICO.- Eduardo Martínez Helmes, ex Rector de la Universidad Autónoma Benito Juárez de Oaxaca (UABJO), fue detenido el pasado 31 de diciembre por el delito Equiparado a la Defraudación Fiscal Agravado contra la Hacienda Estatal.



Elementos de la Agencia Estatal de Investigaciones de Oaxaca le ejecutaron una orden de aprehensión por un presunto desfalco de alrededor de los 90 millones de pesos.

Tras su detención, se trasladó al penal de San Francisco Tanivet, ubicado en el Municipio de Tlacolula de Matamoros, lugar en el que tendrá su primera audiencia y un juez decidirá si es vinculado a proceso.

Al término de la administración de Martínez Helmes como Rector, cargo que ostentó entre 2012 y 2016, se observaron irregularidades financieras en la institución, más tarde, las investigaciones detectaron su posible responsabilidad

En un primer momento, la Auditoría Superior de la Federación manejó que el monto de 56 millones de pesos; sin embargo, la cifra podría ser de hasta 90 millones de pesos.

Este domingo, Eduardo M.H., emitió un comunicado en el que asegura que su detención fue hecha con el fin de generar un clima de caos al interior de la universidad, la cual tendrá elecciones para elegir al próximo Rector en el mes de mayo.

""Expreso mi férrea convicción por mantener la defensa de la Autonomía Universitaria, mi libertad está restringida, pero mi pensamiento firme y claro, no debemos doblegar la legalidad ni el respeto a la Autonomía"" aseveró Eduardo Martínez.

No obstante, de acuerdo con fuentes del Ministerio Público Estatal, el ex Rector recurrió tres veces a la justicia federal para solicitar un amparo que evitara que fuera aprehendido.",unclear,"Article is about financial misconduct of a university rector in Mexico, not clearly related to migration pressure",mistral:7b,unclear,"Article is about financial misconduct of a university rector in Mexico, not clearly related to migration pressure",article,4
20220102,36,STUDENT,,https://olhardireto.com.br/noticias/exibir.asp?id=496488&noticia=porto-relembra-dificuldades-com-45-dos-estudantes-sem-internet-e-projeta-2022-como-melhor-ano-letivo-da-historia,neutral,,mistral:7b,,,,,,,mistral:7b,neutral,,url_1,4
20220102,36,SCHOOL,,https://olhardireto.com.br/noticias/exibir.asp?id=496488&noticia=porto-relembra-dificuldades-com-45-dos-estudantes-sem-internet-e-projeta-2022-como-melhor-ano-letivo-da-historia,unclear,,mistral:7b,,,,"Leia também:

Olhar Direto

Olhar Direto – Vamos começar fazendo um balanço assim desse ano? O senhor assumiu no meio de um Furacão da pandemia, em que a área da educação foi uma das mais afetadas. Como o senhor recebeu a pasta e como está terminando o ano?

OD - E a meta vai ser avaliada por meio da de todas essas avaliações que o senhor falou?

Olhar Direto – Uma polêmica envolvendo a própria Seduc, que nesse ano foi muito falada, foi em relação à municipalização do ensino. Teve professor até fazendo greve de fome, falando que eram fechamento de escolas, e o senhor sempre falando que não era o fechamento. Porque que o senhor acha que existe essa resistência de alguns professores e do Sintep em relação a esse programa da municipalização?



OD - O próprio ‘Alfabetiza MT’ também foi criticado, inclusive pelo deputado Lúdio, enfim, com o argumento de que a ideia meritocrática de premiar as escolas que mais alfabetizarem não leva em conta as diferenças... que não daria pra comparar digamos, uma escola de Cuiabá com uma escola do interior. Como que o senhor rebate essas críticas?

OD - Em relação às escolas militares. A gente tem visto algumas sendo inauguradas e elas sempre tem bons índices de rendimento dos alunos. O que eu queria questionar é se as escolas militares têm investimento financeiro que as outras, se a diferença para ter esse melhor rendimento está só no modelo militar ou se elas têm um investimento diferente, se tem alguma coisa diferente em relação a outras escolas.

""O deputado Lúdio desconhece da educação, ele não está preocupado com a qualidade""

OD - Secretário, na Assembleia tem corrido alguns projetos também polêmicos em relação à educação. Um, por exemplo, foi de proibir de filmar o professor, que é um projeto do [deputado] Valdir Barranco [PT]. Um outro do [depitado] Gilberto Cattani [PSL] para proibir o uso do pronome neutro nas escolas. Queria que o senhor falasse um pouco sobre esse projeto, se o senhor acha que eles são importantes mesmo, ou se há coisas mais importantes para serem discutidas na Assembleia Legislativa em relação à educação?

Olhar Direto - Então voltando para a Seduc. A gente teve umas críticas em relação ao processo seletivo que foi aberto recentemente e uma das críticas foi de não incluir pessoas do grupo de risco, que não poderiam nesse processo seletivo. Isso é verdade, e por que essa opção de não abrir pra pessoas do grupo de risco?

OD - Mas então no processo seletivo não fala que grupo de risco não pode se inscrever...

OD - E porque a opção por fazer a prova e não fazer como era feito antes pela contagem de pontos?

OD - Pessoalmente secretário, o senhor ganhou notoriedade nesse último ano à frente da Seduc. Pretende continuar à frente da secretaria, tem planos de se candidatar ano que vem, como que está isso aí?

OD - Para finalizar, queria que o senhor falasse um pouco dos desafios de estar à frente da Seduc, porque é uma pasta que tem muitos servidores naturalmente, uma pasta que tem um sindicato muito forte, atuante, está sempre ali “pegando no pé” da secretaria. Queria que o senhor falasse um pouco dos desafios no geral.

OD - Esse novo ensino médio terá uma formação mais técnica?

Quando recebeu o posto de secretário de Estado de Educação, substituindo a professora Marioneide Kliemaschewsk, em novembro de 2020, Alan Porto já conhecia a Seduc “de dentro” desde 2017. Talvez não imaginasse, no entanto, o tamanho das dificuldades que viria a enfrentar. Ele esteve à frente da pasta no pior momento da pandemia de Covid-19, em uma realidade de aulas remotas em que 45% dos estudantes do estado não tinham acesso à internet. Lançou programas polêmicos e tomou decisões que desagradaram servidores e o atuante Sindicato dos Trabalhadores do Ensino Público (Sintep) e resultaram em críticas públicas, seja nos autofalantes de manifestações ou no plenário da Assembleia Legislativa, pela voz de deputados da oposição como os petistas Lúdio Cabral e Valdir Barranco.Em entrevista ao, o gestor fala de sua experiência à frente do que considera “ secretaria mais importante do Estado”, e projeta o “melhor ano letivo da história do estado de Mato Grosso em 2022”. Além disso, rebate as críticas e fala sobre o início do ‘Novo Ensino Médio’, de caráter mais técnico e profissionalizante, que deve começar a ser implantado no próximo ano. Ainda nega que tenha pretensões eleitorais e afirma que pretende continuar à frente da Pasta até o final do mandato do governador Mauro Mendes. Leia a íntegra da entrevista:Bom, vamos lá, eu estou na Secretaria de Estado de Educação desde 2017. Entrei como secretário adjunto de infraestrutura, em 2019 como secretário executivo e no dia três de novembro de 2020 eu assumi como secretário da pasta. E um grande desafio por conta desse processo da pandemia. No mês de março de 2020 nós tivemos as aulas suspensas, depois de um esforço grande por parte da Seduc e do Governo de colocar as contas em dia. Como todo Governo tinham contratos que estavam em atraso, tinha problemas de repasse de [Programa de Desenvolvimento da Escola] PDE, de alimentação escolar, transporte escolar. Então, depois que a gente equacionou todas essas contas da Seduc, a gente [ia] colocar o nosso programa e o nosso planejamento para a recuperação da aprendizagem - que eu falo para gente a melhorar a aprendizagem e a qualidade da educação - veio aí a pandemia. E essa pandemia pegou o estado de Mato Grosso, Brasil, todo mundo de surpresa e tivemos que suspender as atividades. E aí começou essa corrida contra o tempo para a gente trabalhar as aulas remotas, [com] dificuldade de internet, material apostilado que teve que chegar para todos os estudantes, a gente está falando de 45% dos estudantes que não tem acesso à internet. Por mais que a gente fizesse um esforço de chegar conectividade nas escolas, a gente estava impedindo de os alunos irem até as unidades. Então um problema de conectividade mesmo por questões financeiras... não só conectividade, mas também o device, o computador ou smartphone, ou desktop. Então todas essas dificuldades a gente enfrentou também. Mas a gente não desistiu, claro! O material apostilado chegou até os nossos estudantes, todo o processo de formação continuada dos nossos profissionais, mais de trinta e sete mil profissionais passaram por formação, sejam eles do estado ou sejam do município - a gente não fez essa distinção de profissionais da educação. Bom, começamos toda essa luta, né? Passou o processo de ensino remoto, nós começamos as nossas atividades híbridas. Começamos com o plantão pedagógico nas unidades escolares para os alunos tirarem dúvidas, depois a gente deu mais um passo que foi 50% da capacidade da sala de aula e no dia 18 de outubro a gente iniciou 100% das nossas atividades na modalidade presencial. E com o grande desafio de recuperar a aprendizagem dos nossos estudantes. E nesse processo de recuperação a gente fez uma avaliação diagnóstica para a gente medir como que está o nível de aprendizado dos nossos estudantes. Tanto dos anos iniciais, dos anos finais do ensino fundamental e do ensino médio. Medimos como que nós estamos e a gente trabalhou o laboratório de aprendizagem, que são asaulas de reforço. O estado contratou 1500 profissionais da educação, professores, e com base naqueles descritores que são os principais problemas de aprendizagem que a gente tem, nós trabalhamos o material, orientamos todas as nossas escolas a trabalhar nessa recuperação e nessa aula de reforço. Então esse trabalho está em andamento. A gente finaliza o nosso ano letivo no dia 20 de dezembro e ano que vem a gente quer ter o melhor ano letivo da história do estado de Mato Grosso. Com todo um investimento na parte pedagógica, investimento na estruturação física das unidades, investimento tecnológico, equipamento chegando para todos os professores –[por]que chegou os notebooks - e agora também equipamentos que vão chegar para todos os estudantes e para todas as escolas do estado de Mato Grosso. Então serão grandes investimentos que vão acontecer para a gente motivar e recuperar o vínculo do aluno com a escola. Como todos os estados passaram por uma evasão grande, abandono por conta da pandemia, a gente está fazendo um processo de busca ativa, busca escolar em parceria com os municípios, em parceria com a [Associação Mato-Grossense dos Municípios] AMM, com o Tribunal de Contas do Estado, com o Ministério Público, enfim, motivando as nossas escolas para que o nosso aluno venha pra dentro da das unidades escolares. E vários programas que eu tenho certeza que a gente vai estar falando, do Alfabetiza MT, do Mais MT Muxirum, do novo ensino médio, que já começa a partir do ano que vem, então tem muita coisa boa para acontecer (...) O estado também terá um sistema de avaliação própria que é o ‘Avalia MT’. Nós já iniciamos fazendo a avaliação de fluência e leitura para os anos iniciais. Ano que vem nós vamos fazer outra avaliação diagnóstica, vai ter avaliação formativa, avaliação somativa, en",push,"war, violence: criticism, public and political disputes",mistral:7b,push,"war, violence: criticism, public and political disputes",article,4
20220102,43,SCHOOL,,https://olhardireto.com.br/noticias/exibir.asp?id=496488&noticia=porto-relembra-dificuldades-com-45-dos-estudantes-sem-internet-e-projeta-2022-como-melhor-ano-letivo-da-historia,neutral,none found,mistral:7b,,,,,,,mistral:7b,neutral,none found,url_1,4
20220102,1721,SCHOOL,,https://itongadol.com/coronavirus/coronavirus-en-israel-se-espera-que-tres-millones-de-israelies-se-infecten-con-el-virus,pull,three million Israelis expected to get infected with the virus,mistral:7b,,,,,,,mistral:7b,pull,three million Israelis expected to get infected with the virus,url_1,4
20220102,42,STUDENT,OAXACA,https://oaxaca.eluniversal.com.mx/sociedad/regresan-clases-mas-de-874-mil-estudiantes-de-oaxaca-este-3-de-enero,unclear,none found (too short),mistral:7b,,,,"SEP), este lunes 3 de enero regresan a clases alumnas, alumnos y personal docente de Educación Básica, de los planteles educativos en las ocho regiones de la entidad, incorporados al Instituto Estatal de Educación Pública de Oaxaca (IEEPO).



Oaxaca de Juárez .-De acuerdo con el calendario escolar 2021-2022 de la Secretaría de Educación Pública (), este lunes 3 de enero regresan a clases alumnas, alumnos y personal docente de, de los planteles educativos en las ocho regiones de la entidad, incorporados al Instituto Estatal de Educación Pública de Oaxaca ().

En lo que concierne al regreso a clases semipresenciales en la entidad, el IEEPO reiteró que esta decisión es en consenso con el magisterio, madres, padres de familia, tutores y autoridades municipales, a través de un proceso seguro, gradual, escalonado, mixto y sobre todo, acorde a las circunstancias propias de cada comunidad.

Al concluir el periodo vacacional de invierno, más de 874 mil 200 estudiantes, así como un aproximado de 82 mil trabajadores, entre directivos, docentes y personal de apoyo a la educación que trabajan a distancia o en la modalidad semipresencial, al igual que el personal administrativo, retomarán sus actividades.





De esta manera, en educación preescolar, primaria y secundaria, así como en las escuelas normales se continuará con los programas y planes de estudio establecidos por la Secretaría de Educación Pública, señaló el instituto.

Para las instituciones que continúan en la modalidad de educación a distancia, las actividades se apoyan en estrategias que maestras y maestros han implementado con éxito como son los cuadernillos de trabajo, la asesoría en temas académicos y recorridos permanentes por las localidades.

Por otra parte, ante las bajas temperaturas que llegan a presentarse en esta época invernal, el Instituto Estatal de Educación Pública de Oaxaca recomienda a las madres y padres de familia tomar las medidas correspondientes para el cuidado de la salud de las y los escolares y revisen los protocolos de emergencia en las escuelas de educación básica de esas zonas de la entidad que se encuentren en actividades semipresenciales.",neutral,"The article is about the return to school for students, teachers, and staff in Oaxaca, Mexico, following a winter vacation. There is no mention of conditions that would cause people to leave (push) or arrive (pull) in the country.",mistral:7b,neutral,"The article is about the return to school for students, teachers, and staff in Oaxaca, Mexico, following a winter vacation. There is no mention of conditions that would cause people to leave (push) or arrive (pull) in the country.",article,4
20220102,71,ACTOR,,https://bagikanberita.pikiran-rakyat.com/bisnis/pr-683379835/rezeki-senin-ceria-khusus-wanita-berjiwa-entrepreneur-dapat-pinjaman-tanpa-agunan-rp25-juta-di-pnm-mekaar-plus,pull,women entrepreneurs can get loans without collateral worth RP25 juta di PNM Mekaar Plus,mistral:7b,,,,,,,mistral:7b,pull,women entrepreneurs can get loans without collateral worth RP25 juta di PNM Mekaar Plus,url_1,4
20220102,1821,ACTOR,BANDUNG,https://www.pikiran-rakyat.com/nasional/pr-013379874/genting-susi-pudjiastuti-desak-ruu-pks-disahkan-perlu-berapa-banyak-lagi-korban,unclear,none found (too short),mistral:7b,,,,,unclear,,mistral:7b,unclear,,article,4
20220102,10,MADRID,,https://es.euronews.com/2022/01/02/espana-dice-no-a-la-propuesta-de-bruselas-de-incluir-la-energia-nuclear-y-el-gas-en-su-pla,push,Spain says no to Brussels' proposal to include nuclear energy and gas in its plan,mistral:7b,,,,,,,mistral:7b,push,Spain says no to Brussels' proposal to include nuclear energy and gas in its plan,url_1,4
20220102,111,EUROPEAN,,https://1prime.ru/business/20220103/835674504.html,unclear,none found (language unrecognizable),mistral:7b,,,,"По его словам, ожидается, что на рынке будет сохраняться дефицит. ""В среднем, автомобили подорожают в 2022 году. Но с учетом того, что спрос будет падать, не будет спекулятивных эффектов, которые были в 2021 году, поэтому цены будут относительно спокойнее расти"", — сказал эксперт.

Он отметил, что в 2022 году борьба между производителями обострится. ""Будут производители, которые захотят увеличить долю рынка и сумеют решить проблемы с логистикой и доставкой автомобилей, в частности китайские бренды. Они будут усиливать долю рынка и давать хорошее соотношение цены и качества на рынке автомобилей. А европейские марки столкнутся с дефицитом, связанным с проблемами производства, потому что никуда не девается проблема полупроводников, логистические проблемы и ковидные ограничения, которые еще есть в разных странах"", — сказал Мигаль.",neutral,"The article is about the expected rise in car prices and competition between manufacturers in 2022, not clearly about migration-driving conditions.",mistral:7b,neutral,"The article is about the expected rise in car prices and competition between manufacturers in 2022, not clearly about migration-driving conditions.",article,4
20220102,20,FINNISH,RUSSIA,https://www.geopolitica.ru/news/vlasti-finlyandii-zagovorili-o-vstuplenii-v-nato,pull,Finland government talks about joining NATO,mistral:7b,,,,,,,mistral:7b,pull,Finland government talks about joining NATO,url_1,4
20220102,42,UNITED KINGDOM,UNITED KINGDOM,https://www.elbotola.com/article/2022-01-02-22-03-111.html,push,none found,mistral:7b,,,,,,,mistral:7b,push,none found,url_1,4
20220102,42,UNITED KINGDOM,UNITED KINGDOM,https://www.elbotola.com/article/2022-01-02-22-03-111.html,unclear,none found (exact URL duplicate of row 228),mistral:7b,,,,"المنتخب الوطني يبرمج أولى حصصه التدريبية في الكاميرون غدا الإثنين استعدادا لودية بوركينا فاسو و""رحلة الكان""

حدد الطاقم التقني للناخب الوطني وحيد خليلوزيتش، برنامج ""الأسود"" في الكاميرون، قبل مواجهة غانا، لحساب الجولة الأولى من دور المجموعات لكأس أمم أفريقيا 2021.





ومن المقرر أن يخوض المنتخب الوطني يوم غد الإثنين، أولى حصصه التدريبية استعدادا لودية بوركينا فاسو، المبرمجة يوم الخميس 6 يناير الجاري.





ويدشن رفاق أشرف حكيمي، رحلتهم القارية، بمواجهة غانا، يوم الإثنين 10 يناير، بداية من الساعة الخامسة عصرا (17:00 غرينيتش +1)، بملعب ""أحمدو أهيدجو"" في مدينة ياوندي الكاميرونية.





وحطت بعثة المنتخب المغربي، يومه الأحد، الرحال في الكاميرون، إذ وجدت في استقبالها سفير المملكة هناك، مصطفى بوه.





يذكر أن المغرب يتواجد في المجموعة الثالثة، رفقة منتخبات غانا والغابون وجزر القمر.",neutral,"The article is about a football team's training sessions and matches, not directly related to migration-driving conditions.",mistral:7b,neutral,"The article is about a football team's training sessions and matches, not directly related to migration-driving conditions.",article,4
20220102,43,UNITED KINGDOM,,https://www.elbotola.com/article/2022-01-02-22-03-111.html,unclear,"<12 English words; URL too short, generic, ID-like>",mistral:7b,,,,"المنتخب الوطني يبرمج أولى حصصه التدريبية في الكاميرون غدا الإثنين استعدادا لودية بوركينا فاسو و""رحلة الكان""

حدد الطاقم التقني للناخب الوطني وحيد خليلوزيتش، برنامج ""الأسود"" في الكاميرون، قبل مواجهة غانا، لحساب الجولة الأولى من دور المجموعات لكأس أمم أفريقيا 2021.





ومن المقرر أن يخوض المنتخب الوطني يوم غد الإثنين، أولى حصصه التدريبية استعدادا لودية بوركينا فاسو، المبرمجة يوم الخميس 6 يناير الجاري.





ويدشن رفاق أشرف حكيمي، رحلتهم القارية، بمواجهة غانا، يوم الإثنين 10 يناير، بداية من الساعة الخامسة عصرا (17:00 غرينيتش +1)، بملعب ""أحمدو أهيدجو"" في مدينة ياوندي الكاميرونية.





وحطت بعثة المنتخب المغربي، يومه الأحد، الرحال في الكاميرون، إذ وجدت في استقبالها سفير المملكة هناك، مصطفى بوه.





يذكر أن المغرب يتواجد في المجموعة الثالثة، رفقة منتخبات غانا والغابون وجزر القمر.",neutral,"The article is about a soccer team's training preparations and matches in Cameroon, there are no clear indications of migration-driving conditions",mistral:7b,neutral,"The article is about a soccer team's training preparations and matches in Cameroon, there are no clear indications of migration-driving conditions",article,4
20220102,43,UNITED KINGDOM,,https://www.elbotola.com/article/2022-01-02-22-03-111.html,unclear,"<12 English words; URL too short, generic, ID-like>",mistral:7b,,,,"المنتخب الوطني يبرمج أولى حصصه التدريبية في الكاميرون غدا الإثنين استعدادا لودية بوركينا فاسو و""رحلة الكان""

حدد الطاقم التقني للناخب الوطني وحيد خليلوزيتش، برنامج ""الأسود"" في الكاميرون، قبل مواجهة غانا، لحساب الجولة الأولى من دور المجموعات لكأس أمم أفريقيا 2021.





ومن المقرر أن يخوض المنتخب الوطني يوم غد الإثنين، أولى حصصه التدريبية استعدادا لودية بوركينا فاسو، المبرمجة يوم الخميس 6 يناير الجاري.





ويدشن رفاق أشرف حكيمي، رحلتهم القارية، بمواجهة غانا، يوم الإثنين 10 يناير، بداية من الساعة الخامسة عصرا (17:00 غرينيتش +1)، بملعب ""أحمدو أهيدجو"" في مدينة ياوندي الكاميرونية.





وحطت بعثة المنتخب المغربي، يومه الأحد، الرحال في الكاميرون، إذ وجدت في استقبالها سفير المملكة هناك، مصطفى بوه.





يذكر أن المغرب يتواجد في المجموعة الثالثة، رفقة منتخبات غانا والغابون وجزر القمر.",neutral,The article is about the Cameroon national team preparing for a match and does not clearly discuss migration-driving conditions,mistral:7b,neutral,The article is about the Cameroon national team preparing for a match and does not clearly discuss migration-driving conditions,article,4
20220102,43,UNITED KINGDOM,UNITED KINGDOM,https://www.elbotola.com/article/2022-01-02-22-03-111.html,unclear,"<12 English words; URL too short, generic, ID-like>",mistral:7b,,,,"المنتخب الوطني يبرمج أولى حصصه التدريبية في الكاميرون غدا الإثنين استعدادا لودية بوركينا فاسو و""رحلة الكان""

حدد الطاقم التقني للناخب الوطني وحيد خليلوزيتش، برنامج ""الأسود"" في الكاميرون، قبل مواجهة غانا، لحساب الجولة الأولى من دور المجموعات لكأس أمم أفريقيا 2021.





ومن المقرر أن يخوض المنتخب الوطني يوم غد الإثنين، أولى حصصه التدريبية استعدادا لودية بوركينا فاسو، المبرمجة يوم الخميس 6 يناير الجاري.





ويدشن رفاق أشرف حكيمي، رحلتهم القارية، بمواجهة غانا، يوم الإثنين 10 يناير، بداية من الساعة الخامسة عصرا (17:00 غرينيتش +1)، بملعب ""أحمدو أهيدجو"" في مدينة ياوندي الكاميرونية.





وحطت بعثة المنتخب المغربي، يومه الأحد، الرحال في الكاميرون، إذ وجدت في استقبالها سفير المملكة هناك، مصطفى بوه.





يذكر أن المغرب يتواجد في المجموعة الثالثة، رفقة منتخبات غانا والغابون وجزر القمر.",neutral,"The article is not clearly about migration-driving conditions, it discusses a football team's training and matches in Cameroon for the Africa Cup of Nations.",mistral:7b,neutral,"The article is not clearly about migration-driving conditions, it discusses a football team's training and matches in Cameroon for the Africa Cup of Nations.",article,4
20220102,43,UNITED KINGDOM,UNITED KINGDOM,https://www.elbotola.com/article/2022-01-02-22-03-111.html,unclear,"<12 English words; URL too short, generic, ID-like>",mistral:7b,,,,"المنتخب الوطني يبرمج أولى حصصه التدريبية في الكاميرون غدا الإثنين استعدادا لودية بوركينا فاسو و""رحلة الكان""

حدد الطاقم التقني للناخب الوطني وحيد خليلوزيتش، برنامج ""الأسود"" في الكاميرون، قبل مواجهة غانا، لحساب الجولة الأولى من دور المجموعات لكأس أمم أفريقيا 2021.





ومن المقرر أن يخوض المنتخب الوطني يوم غد الإثنين، أولى حصصه التدريبية استعدادا لودية بوركينا فاسو، المبرمجة يوم الخميس 6 يناير الجاري.





ويدشن رفاق أشرف حكيمي، رحلتهم القارية، بمواجهة غانا، يوم الإثنين 10 يناير، بداية من الساعة الخامسة عصرا (17:00 غرينيتش +1)، بملعب ""أحمدو أهيدجو"" في مدينة ياوندي الكاميرونية.





وحطت بعثة المنتخب المغربي، يومه الأحد، الرحال في الكاميرون، إذ وجدت في استقبالها سفير المملكة هناك، مصطفى بوه.





يذكر أن المغرب يتواجد في المجموعة الثالثة، رفقة منتخبات غانا والغابون وجزر القمر.",neutral,The article is about a football team preparing for the Africa Cup of Nations and does not discuss migration-driving conditions,mistral:7b,neutral,The article is about a football team preparing for the Africa Cup of Nations and does not discuss migration-driving conditions,article,4
20220102,10,AUTHORITIES,,https://www.telemundo.com/noticias/noticias-telemundo/clima/no-esto-no-es-una-broma-llovieron-peces-en-texas-poco-antes-de-fin-de-rcna10639,neutral,<12 English words; no clear migration-related tokens>,mistral:7b,,,,,,,mistral:7b,neutral,<12 English words; no clear migration-related tokens>,url_1,4
20220102,12,SECRETARIAT,,https://olhardireto.com.br/noticias/exibir.asp?id=496488&noticia=porto-relembra-dificuldades-com-45-dos-estudantes-sem-internet-e-projeta-2022-como-melhor-ano-letivo-da-historia,unclear,"<12 English words; URL too short, generic, ID-like>",mistral:7b,,,,"Leia também:

Olhar Direto

Olhar Direto – Vamos começar fazendo um balanço assim desse ano? O senhor assumiu no meio de um Furacão da pandemia, em que a área da educação foi uma das mais afetadas. Como o senhor recebeu a pasta e como está terminando o ano?

OD - E a meta vai ser avaliada por meio da de todas essas avaliações que o senhor falou?

Olhar Direto – Uma polêmica envolvendo a própria Seduc, que nesse ano foi muito falada, foi em relação à municipalização do ensino. Teve professor até fazendo greve de fome, falando que eram fechamento de escolas, e o senhor sempre falando que não era o fechamento. Porque que o senhor acha que existe essa resistência de alguns professores e do Sintep em relação a esse programa da municipalização?



OD - O próprio ‘Alfabetiza MT’ também foi criticado, inclusive pelo deputado Lúdio, enfim, com o argumento de que a ideia meritocrática de premiar as escolas que mais alfabetizarem não leva em conta as diferenças... que não daria pra comparar digamos, uma escola de Cuiabá com uma escola do interior. Como que o senhor rebate essas críticas?

OD - Em relação às escolas militares. A gente tem visto algumas sendo inauguradas e elas sempre tem bons índices de rendimento dos alunos. O que eu queria questionar é se as escolas militares têm investimento financeiro que as outras, se a diferença para ter esse melhor rendimento está só no modelo militar ou se elas têm um investimento diferente, se tem alguma coisa diferente em relação a outras escolas.

""O deputado Lúdio desconhece da educação, ele não está preocupado com a qualidade""

OD - Secretário, na Assembleia tem corrido alguns projetos também polêmicos em relação à educação. Um, por exemplo, foi de proibir de filmar o professor, que é um projeto do [deputado] Valdir Barranco [PT]. Um outro do [depitado] Gilberto Cattani [PSL] para proibir o uso do pronome neutro nas escolas. Queria que o senhor falasse um pouco sobre esse projeto, se o senhor acha que eles são importantes mesmo, ou se há coisas mais importantes para serem discutidas na Assembleia Legislativa em relação à educação?

Olhar Direto - Então voltando para a Seduc. A gente teve umas críticas em relação ao processo seletivo que foi aberto recentemente e uma das críticas foi de não incluir pessoas do grupo de risco, que não poderiam nesse processo seletivo. Isso é verdade, e por que essa opção de não abrir pra pessoas do grupo de risco?

OD - Mas então no processo seletivo não fala que grupo de risco não pode se inscrever...

OD - E porque a opção por fazer a prova e não fazer como era feito antes pela contagem de pontos?

OD - Pessoalmente secretário, o senhor ganhou notoriedade nesse último ano à frente da Seduc. Pretende continuar à frente da secretaria, tem planos de se candidatar ano que vem, como que está isso aí?

OD - Para finalizar, queria que o senhor falasse um pouco dos desafios de estar à frente da Seduc, porque é uma pasta que tem muitos servidores naturalmente, uma pasta que tem um sindicato muito forte, atuante, está sempre ali “pegando no pé” da secretaria. Queria que o senhor falasse um pouco dos desafios no geral.

OD - Esse novo ensino médio terá uma formação mais técnica?

Quando recebeu o posto de secretário de Estado de Educação, substituindo a professora Marioneide Kliemaschewsk, em novembro de 2020, Alan Porto já conhecia a Seduc “de dentro” desde 2017. Talvez não imaginasse, no entanto, o tamanho das dificuldades que viria a enfrentar. Ele esteve à frente da pasta no pior momento da pandemia de Covid-19, em uma realidade de aulas remotas em que 45% dos estudantes do estado não tinham acesso à internet. Lançou programas polêmicos e tomou decisões que desagradaram servidores e o atuante Sindicato dos Trabalhadores do Ensino Público (Sintep) e resultaram em críticas públicas, seja nos autofalantes de manifestações ou no plenário da Assembleia Legislativa, pela voz de deputados da oposição como os petistas Lúdio Cabral e Valdir Barranco.Em entrevista ao, o gestor fala de sua experiência à frente do que considera “ secretaria mais importante do Estado”, e projeta o “melhor ano letivo da história do estado de Mato Grosso em 2022”. Além disso, rebate as críticas e fala sobre o início do ‘Novo Ensino Médio’, de caráter mais técnico e profissionalizante, que deve começar a ser implantado no próximo ano. Ainda nega que tenha pretensões eleitorais e afirma que pretende continuar à frente da Pasta até o final do mandato do governador Mauro Mendes. Leia a íntegra da entrevista:Bom, vamos lá, eu estou na Secretaria de Estado de Educação desde 2017. Entrei como secretário adjunto de infraestrutura, em 2019 como secretário executivo e no dia três de novembro de 2020 eu assumi como secretário da pasta. E um grande desafio por conta desse processo da pandemia. No mês de março de 2020 nós tivemos as aulas suspensas, depois de um esforço grande por parte da Seduc e do Governo de colocar as contas em dia. Como todo Governo tinham contratos que estavam em atraso, tinha problemas de repasse de [Programa de Desenvolvimento da Escola] PDE, de alimentação escolar, transporte escolar. Então, depois que a gente equacionou todas essas contas da Seduc, a gente [ia] colocar o nosso programa e o nosso planejamento para a recuperação da aprendizagem - que eu falo para gente a melhorar a aprendizagem e a qualidade da educação - veio aí a pandemia. E essa pandemia pegou o estado de Mato Grosso, Brasil, todo mundo de surpresa e tivemos que suspender as atividades. E aí começou essa corrida contra o tempo para a gente trabalhar as aulas remotas, [com] dificuldade de internet, material apostilado que teve que chegar para todos os estudantes, a gente está falando de 45% dos estudantes que não tem acesso à internet. Por mais que a gente fizesse um esforço de chegar conectividade nas escolas, a gente estava impedindo de os alunos irem até as unidades. Então um problema de conectividade mesmo por questões financeiras... não só conectividade, mas também o device, o computador ou smartphone, ou desktop. Então todas essas dificuldades a gente enfrentou também. Mas a gente não desistiu, claro! O material apostilado chegou até os nossos estudantes, todo o processo de formação continuada dos nossos profissionais, mais de trinta e sete mil profissionais passaram por formação, sejam eles do estado ou sejam do município - a gente não fez essa distinção de profissionais da educação. Bom, começamos toda essa luta, né? Passou o processo de ensino remoto, nós começamos as nossas atividades híbridas. Começamos com o plantão pedagógico nas unidades escolares para os alunos tirarem dúvidas, depois a gente deu mais um passo que foi 50% da capacidade da sala de aula e no dia 18 de outubro a gente iniciou 100% das nossas atividades na modalidade presencial. E com o grande desafio de recuperar a aprendizagem dos nossos estudantes. E nesse processo de recuperação a gente fez uma avaliação diagnóstica para a gente medir como que está o nível de aprendizado dos nossos estudantes. Tanto dos anos iniciais, dos anos finais do ensino fundamental e do ensino médio. Medimos como que nós estamos e a gente trabalhou o laboratório de aprendizagem, que são asaulas de reforço. O estado contratou 1500 profissionais da educação, professores, e com base naqueles descritores que são os principais problemas de aprendizagem que a gente tem, nós trabalhamos o material, orientamos todas as nossas escolas a trabalhar nessa recuperação e nessa aula de reforço. Então esse trabalho está em andamento. A gente finaliza o nosso ano letivo no dia 20 de dezembro e ano que vem a gente quer ter o melhor ano letivo da história do estado de Mato Grosso. Com todo um investimento na parte pedagógica, investimento na estruturação física das unidades, investimento tecnológico, equipamento chegando para todos os professores –[por]que chegou os notebooks - e agora também equipamentos que vão chegar para todos os estudantes e para todas as escolas do estado de Mato Grosso. Então serão grandes investimentos que vão acontecer para a gente motivar e recuperar o vínculo do aluno com a escola. Como todos os estados passaram por uma evasão grande, abandono por conta da pandemia, a gente está fazendo um processo de busca ativa, busca escolar em parceria com os municípios, em parceria com a [Associação Mato-Grossense dos Municípios] AMM, com o Tribunal de Contas do Estado, com o Ministério Público, enfim, motivando as nossas escolas para que o nosso aluno venha pra dentro da das unidades escolares. E vários programas que eu tenho certeza que a gente vai estar falando, do Alfabetiza MT, do Mais MT Muxirum, do novo ensino médio, que já começa a partir do ano que vem, então tem muita coisa boa para acontecer (...) O estado também terá um sistema de avaliação própria que é o ‘Avalia MT’. Nós já iniciamos fazendo a avaliação de fluência e leitura para os anos iniciais. Ano que vem nós vamos fazer outra avaliação diagnóstica, vai ter avaliação formativa, avaliação somativa, en",push,"pandemic causing remote learning issues with 45% of students without internet access, criticisms from servicers and the Sindicato dos Trabalhadores do Ensino Público (Sintep) due to controversial programs and decisions",mistral:7b,push,"pandemic causing remote learning issues with 45% of students without internet access, criticisms from servicers and the Sindicato dos Trabalhadores do Ensino Público (Sintep) due to controversial programs and decisions",article,4
20220102,14,MINISTRY,,https://tsn.ua/ru/svit/izrail-odobril-chetvertuyu-covid-privivku-dlya-medrabotnikov-i-lyudey-ot-60-let-1945456.html,neutral,<12 English words; no clear migration-related tokens>,mistral:7b,,,,,,,mistral:7b,neutral,<12 English words; no clear migration-related tokens>,url_1,4
20220102,40,KINGDOM,,https://alghad.com/%D9%88%D8%B2%D9%8A%D8%B1-%D8%A7%D9%84%D8%AE%D8%A7%D8%B1%D8%AC%D9%8A%D8%A9-%D8%A7%D9%84%D8%B3%D8%B9%D9%88%D8%AF%D9%8A-%D9%81%D9%8A-%D8%B9%D9%85%D8%A7%D9%86/,unclear,<12 English words; URL contains Arabic characters>,mistral:7b,,,,,unclear,,mistral:7b,unclear,,article,4
20220102,40,KINGDOM,,https://alghad.com/%D9%88%D8%B2%D9%8A%D8%B1-%D8%A7%D9%84%D8%AE%D8%A7%D8%B1%D8%AC%D9%8A%D8%A9-%D8%A7%D9%84%D8%B3%D8%B9%D9%88%D8%AF%D9%8A-%D9%81%D9%8A-%D8%B9%D9%85%D8%A7%D9%86/,unclear,<12 English words; URL contains Arabic characters>,mistral:7b,,,,,unclear,,mistral:7b,unclear,,article,4
20220102,46,MINIST,,https://alghad.com/%D9%88%D8%B2%D9%8A%D8%B1-%D8%A7%D9%84%D8%AE%D8%A7%D8%B1%D8%AC%D9%8A%D8%A9-%D8%A7%D9%84%D8%B3%D8%B9%D9%88%D8%AF%D9%8A-%D9%81%D9%8A-%D8%B9%D9%85%D8%A7%D9%86/,unclear,<12 English words; URL contains Arabic characters>,mistral:7b,,,,,unclear,,mistral:7b,unclear,,article,4
20220102,46,KINGDOM,,https://alghad.com/%D9%88%D8%B2%D9%8A%D8%B1-%D8%A7%D9%84%D8%AE%D8%A7%D8%B1%D8%AC%D9%8A%D8%A9-%D8%A7%D9%84%D8%B3%D8%B9%D9%88%D8%AF%D9%8A-%D9%81%D9%8A-%D8%B9%D9%85%D8%A7%D9%86/,push,war|crisis,mistral:7b,,,,,,,mistral:7b,push,war|crisis,url_1,4
20220102,57,GOVERNMENT,,https://www.cas.sk/clanok/2626553/predseda-civilnej-vlady-v-sudane-oznamil-svoju-rezignaciu-snazil-som-sa-zo-vsetkych-sil/,unclear,none provided (non-English URL),mistral:7b,,,,"Predseda civilnej vlády v Sudáne oznámil svoju rezignáciu: Snažil som sa zo všetkých síl Preskočiť na hlavný obsah Správy PREMIUM Útok na Irán PROMINENTI ŠPORTOVÝ ČAS TIP OD VÁS KVÍZY VIDEO HOROSKOP 0 Hľadať ... Predplatné Digitálne predplatné Printové predplatné 0 Reklama Predseda civilnej vlády v Sudáne oznámil svoju rezignáciu: Snažil som sa zo všetkých síl 2. 1. 2022, 23:25 Zdroj: TASR/AP Reklama Logo Nový Čas Logo Nový Čas Redakcia Nový Čas Predseda sudánskej civilnej vlády Abdallá Hamdúk oznámil v nedeľu večer svoju rezignáciu, viac než dva mesiace po tom, čo v krajine došlo k vojenskému prevratu. Informovala o tom agentúra AFP. "" Zo všetkých síl som sa snažil zabrániť katastrofe ,"" povedal Hamdúk v prejave v štátnej televízii. ""Vzhľadom na fragmentáciu politických strán a konflikty medzi (vojenskými a civilnými) zložkami prechodnej (vlády)... napriek všetkým snahám dosiahnuť konsenzus... sa tak nestalo ,"" pokračoval Hamdúk. Sudán sa podľa odchádzajúceho premiéra nachádza v ""zlomovom okamihu"", ktorý ohrozuje ""jeho existenciu"". Hamdúk sa stal predsedom civilnej vlády Sudánu v auguste 2019, keď vznikla Zvrchovaná rada Sudánu, ktorá nahradila dovtedy vládnucu vojenskú radu. Toto civilno-vojenské vládnuce teleso malo dohliadať na prechod krajiny k civilnej vláde. Ďalší olej do ohňa nemecko-ruských vzťahov, Nečajev si je istý: Rusko bude reagovať Celý článok V októbri 2021 však došlo k vojenskému prevratu a predseda Zvrchovanej rady Sudánu generál Abdal Fattáh Burhán rozpustil tento orgán fungujúci ako kolektívna hlava štátu, ako aj vládny kabinet a zároveň zosadil Hamdúka. Burhán a Hamdúk podpísali takmer mesiac po prevrate v novembri 2021 dohodu o obnovení prechodu na civilnú vládu , ktorá zabezpečila opätovné dosadenie Hamdúka do funkcie premiéra a prepustenie väznených civilných vodcov. Tento krok nahneval mnohých stúpencov prodemokratického hnutia , podľa ktorých Hamdúk týmto spôsobom poskytol pučistom zdanie legality. Sudánske bezpečnostné sily podľa miestnych zdravotníkov zabili počas nedeľňajších protivládnych demonštrácií ďalších dvoch ľudí. Bezpečnostné sily zároveň opäť zablokovali mosty cez rieku Níl prepravnými kontajnermi, aby hlavné mesto Chartúm odrezali od severných predmestí a susedného mesta Omdurmán. Prodemokratickí aktivisti vytrvalo protestujú proti vojenskému prevratu už dva mesiace aj napriek násilným represáliám, v rámci ktorých – podľa nezávislého výboru lekárov – zahynulo už najmenej 56 ľudí a ďalšie stovky utrpeli zranenia. Spánok vodiča autobusu si vyžiadal svoju daň: Rusko hlási 5 mŕtvych, žiaľ, zraneniam sa nevyhli ani deti Celý článok Autor: TASR Reklama Zdieľať Diskusia ( 0 ) Krátke videá Robert Fico sa pýta, kto riadi EÚ – či Zelenskyj, alebo členské štáty Premiér Fico sa opäť chystá do Mosky. Naposledy tam bol vlani na 80. výročie Máme novú päťeurovku! Pozrite sa, čo na nej je: To je rozkošné! Fanúšikovia neverili vlastným očiam: Ako si mohol dať takého vlastenca? Meryl Streep držala dcéry mimo reflektorov, napriek tomu sú všetky v šoubiznise Bývalá parťáčka Agáty Hanychovej: Ornella Koktová ukázala dom Václav Sivák pred RFA 29 hodnotí legendárneho Yasuhira Kida Športová moderátorka Kristína Kucianová na sebe neustále tvrdo drie O spoločnosti Etický kódex ABC Audit Kontakt Predplatné Inzercia Zamestnanie GDPR Nariadenie DSA Žiadosť o opravu Vyhlásenie o prístupnosti Nastavenie cookies Zoznam cookies © 2026 News and Media Holding, a.s. Autorské práva sú vyhradené a vykonáva ich vydavateľ. Akékoľvek rozmnožovanie časti alebo celku textov, fotografií, videí, zvukov, grafov akýmkoľvek spôsobom, v slovenskom, ale aj v inom jazyku bez písomného súhlasu vydavateľa je zakázané. Rovnako je zakázaný prístup na web, zakázané akékoľvek spracovanie, využitie akéhokoľvek obsahu (text, foto, video, zvuk) a v akomkoľvek rozsahu na účely trénovania, učenia, sumarizácie alebo alebo iného rozvoja modelov umelej inteligencie vrátane jazykových, obrazových, zvukových, video alebo multimodálnych systémov či modelov strojového učenia, či už komerčných alebo nekomerčných, bez predchádzajúceho písomného súhlasu vydavateľa. EV 24/22/SWP",push,"military coup, violence, repression, political conflict, deaths",mistral:7b,push,"military coup, violence, repression, political conflict, deaths",article,4
20220102,73,AUTHORITIES,,https://www.mbl.is/frettir/erlent/2022/01/02/heilbrigdisstarfsmenn_fa_fjorda_skammtinn/,neutral,none provided,mistral:7b,,,,,,,mistral:7b,neutral,none provided,url_1,4
20220102,90,GOVERNMENT,,https://newpost.gr/kosmos/61d20c59922542136ad20343/italia-koronoios-i-kyvernisi-exetazei-to-endehomeno-ypohreotikoy-emvoliasmoy-gia-oloys-toys-ano-ton-18-eton,pull,jobs|hiring,mistral:7b,,,,,,,mistral:7b,pull,jobs|hiring,url_1,4
20220102,160,GOVERNMENT,INDUSTRY,https://www.rp.pl/praca/art19248621-wielka-brytania-przedluza-program-wizowy-dla-pracownikow-z-ue,push,disaster|coronavirus,mistral:7b,,,,,,,mistral:7b,push,disaster|coronavirus,url_1,4
20220102,90,AUTHORITIES,CRIMINAL,https://sledcom.ru/news/item/1645072/,unclear,none provided (non-English URL),mistral:7b,,,,,unclear,,mistral:7b,unclear,,article,4
20220102,14,DIRECTOR GENERAL,ISRAELI,https://itongadol.com/coronavirus/coronavirus-en-israel-se-espera-que-tres-millones-de-israelies-se-infecten-con-el-virus,push,disaster|coronavirus,mistral:7b,,,,,,,mistral:7b,push,disaster|coronavirus,url_1,4
20220102,43,GOVERNMENT,DEMONSTRATOR,http://lratvakan.com/news/76958.html,unclear,none provided (non-English URL),mistral:7b,,,,"Участники акции протеста в центре Киева пошли на штурм кордонов, которые выставлены вокруг квартала правительственных зданий.

На улице Грушевского в Киеве не утихают столкновения протестующих и правоохранителей. На улице стоят несколько разбитых автобусов милиции, один автобус подожгли. Силовики регулярно бросают в толпу дымовые шашки, используют слезоточивый газ.

Ожидается приезд водометов. Об этом сообщают местные СМИ. Использование водометов на морозе угрожает смертями протестующим. При таком температуре может наступить переохлаждение от воды за несколько минут.

Помимо этого, протестующие захватили пять пустых милицейских автобусов. Лидер партии «УДАР» Виталий Кличко призвал протестующих отказаться от силовых действий в отношении правоохранителей, заявив, что это наверняка вызовет ответную реакцию со стороны «Беркута». Политик пообещал договориться о том, чтобы людям открыли проход к зданию Верховной Рады.

Столкновения активистов с милицией начались после так называемого народного вече на Майдане Незалежности, в котором приняли участие несколько сотен тысяч человек. Собравшиеся протестовали против политики действующих властей страны.",push,"Violence, persecution, and repression by police forces",mistral:7b,push,"Violence, persecution, and repression by police forces",article,4
20220102,43,GOVERNMENT,DEMONSTRATOR,https://lugradar.net/2022/01/337334,unclear,none provided,mistral:7b,,,,"Содержание:

Париматч — одна из самых известных букмекерских платформ, работающая с 1994 года. За это время бренд завоевал доверие миллионов пользователей в Украине и за рубежом. Сегодня Parimatch предлагает ставки на спорт, казино, покер и другие азартные развлечения. Платформа имеет лицензию Curacao Gaming Authority (no. 157), сотрудничает с ведущими разработчиками игрового софта и обеспечивает защиту данных современными технологиями шифрования.

⚠️ Некоторые ссылки на сайте являются партнерскими. Это значит, что мы можем получать комиссию, если вы зарегистрируетесь или сделаете депозит по одной из них. Это не влияет на содержание и оценки, но помогает развивать проект.

Преимущества Parimatch

Преимущество Описание Надежность и безопасность Современные технологии шифрования обеспечивают защиту данных и честность игр. Широкий выбор азартных игр и ставок Большой ассортимент спортивных событий, казино, покера и других развлечений. Удобная система ввода и вывода средств Быстрые транзакции через популярные платежные системы. Щедрые бонусы и турниры Программы лояльности, кэшбэки и розыгрыши для активных пользователей. Доступ с любого устройства Мобильное приложение Париматч и адаптивная мобильная версия сайта для смартфонов и планшетов. Поддержка 24/7 Оперативные ответы через онлайн-чат, email и телефон. Сертифицированные игры Все слоты и лайв-игры проходят независимое тестирование на честность и соответствие заявленному RTP. Лицензия Curacao Gaming Authority under the National Ordinance on Games of Chance (LOK), P.B. 2024, no. 157

⚠️ Азартные игры могут вызывать зависимость. Перед тем как начать — оцените свои риски. Рекомендуем ознакомиться с разделом «Ответственная игра».

Как войти в Пари Матч

Пари Матч вход выполняется через официальный сайт или мобильное приложение. Для авторизации понадобятся логин (номер телефона, email или номер счета) и пароль, указанные при регистрации. Вход в Париматч доступен с любого устройства — смартфона, планшета или компьютера.

Общий алгоритм входа в Пари Матч:

Откройте сайт Parimatch или запустите приложение. Нажмите кнопку «Войти» в правом верхнем углу. Выберите способ авторизации: номер телефона, номер счета или электронная почта. Введите логин и пароль от своей учетной записи. Нажмите «Войти» для завершения авторизации.

После успешного входа вы попадете в личный кабинет Париматч, откуда доступны ставки, казино, пополнение счета и вывод средств.

Вход в Пари Матч через мобильную версию

Если вы предпочитаете не устанавливать приложение, используйте мобильную версию Parimatch. Пари Матч вход через мобильный браузер работает так же, как и с компьютера — сайт автоматически адаптируется под размер экрана.

Чтобы войти в Пари Матч с телефона без приложения:

Откройте браузер на мобильном устройстве. Перейдите на сайт Parimatch. Нажмите «Войти» в верхнем правом углу. Укажите логин и пароль. Подтвердите вход.

Мобильная версия Parimatch поддерживает все функции десктопного сайта: ставки на спорт, казино, управление балансом и бонусами.

💡 Совет: если не приходит SMS-код — проверьте правильность номера и повторите попытку через 2 минуты. Если проблема сохраняется, обратитесь в поддержку через онлайн-чат.

Вход в казино Пари Матч

Пари Матч вход в казино выполняется через тот же аккаунт, что используется для ставок на спорт. Отдельная регистрация не требуется. После авторизации перейдите в раздел «Казино» в главном меню.

Казино Париматч предлагает широкий выбор развлечений:

Игровые автоматы (слоты) от NetEnt, Novomatic, BetSoft и других провайдеров.

Настольные игры — рулетка, блэкджек, баккара.

Live-казино с реальными дилерами.

Покер и видеопокер.

Все игры сертифицированы независимыми лабораториями и работают на генераторе случайных чисел, что гарантирует честность результатов. Чтобы играть на деньги, необходимо пройти регистрацию, верификацию и пополнить игровой счет.

Вход на сайт Париматч через компьютер

Для входа в Parimatch с компьютера откройте браузер и перейдите на официальный сайт. Нажмите «Войти» и введите данные от своего аккаунта. Процедура авторизации на ПК ничем не отличается от мобильной версии.

Регистрация в Пари Матч

Регистрация в букмекерской конторе Париматч занимает несколько минут. Создать аккаунт можно по номеру телефона или электронной почте. Рекомендуется сразу заполнить все поля анкеты — это ускорит прохождение верификации.

Как зарегистрироваться в Париматч:

Зайдите на сайт Parimatch с любого устройства. Нажмите кнопку «Регистрация» в верхнем правом углу. Укажите email или номер телефона. Придумайте надежный пароль, следуя рекомендациям системы. Нажмите «Зарегистрироваться».

После создания аккаунта необходимо подтвердить личность. Для этого зайдите в личный кабинет, перейдите в раздел «Подтвердить учетную запись», выберите тип документа и загрузите его фотографии. Верификация нужна для вывода средств и полноценного использования всех функций Parimatch.

Перед регистрацией рекомендуется внимательно ознакомиться с правилами платформы.

Скачать Париматч бесплатно

Скачать Париматч можно бесплатно с официального сайта. Приложение Пари Матч доступно для устройств на Android и iOS. Мобильное приложение обеспечивает быстрый доступ к ставкам и казино без необходимости открывать браузер.

Скачать Париматч на Андроид

Чтобы скачать Пари Матч на Андроид бесплатно:

Откройте официальный сайт Parimatch в браузере телефона. На главной странице найдите кнопку «Скачать приложение». Выберите версию для Android — начнется загрузка APK-файла. Если загрузка не началась, проверьте настройки устройства: разрешите установку приложений из неизвестных источников. После загрузки откройте файл и установите приложение.

После установки запустите приложение Париматч, войдите в свой аккаунт или пройдите регистрацию.

Скачать Париматч на Айфон

Скачать приложение Пари Матч на iPhone можно через App Store или с официального сайта:

Перейдите на сайт Parimatch с вашего iPhone. Нажмите «Скачать приложение» и выберите версию для iOS. Вы будете перенаправлены в App Store — нажмите «Загрузить». После установки откройте приложение и авторизуйтесь.

Мобильное приложение Париматч

Мобильное приложение Пари Матч — это полноценная версия платформы для смартфонов. Приложение Париматч предоставляет те же возможности, что и десктопный сайт:

Ставки на спорт в прематче и лайве.

Казино и игровые автоматы.

Пополнение счета и вывод средств.

Push-уведомления о результатах и акциях.

Управление бонусами и промокодами.

Приложение работает стабильно даже при слабом интернет-соединении и потребляет меньше трафика, чем мобильная версия сайта в браузере. Для входа в Пари Матч через приложение используйте тот же логин и пароль, что и на сайте.

Личный кабинет Пари Матч

После входа в Париматч игрок получает доступ к личному кабинету с расширенным функционалом:

Пополнение игрового счета и вывод средств.

Выбор и активация бонусов.

Статистика использованных поощрений от букмекера.

Финансовая отчетность с фильтрацией по дате.

Изменение персональных данных.

Прохождение верификации.

Обращение в службу поддержки.

Настройки аккаунта и безопасности.

Личный кабинет Parimatch позволяет полноценно управлять аккаунтом, контролировать финансы и использовать все функции букмекерской конторы и казино.

Проблемы со входом в Париматч

Рассмотрим распространенные ситуации, когда вход в Пари Матч может быть затруднен.

Блокировка сайта. В некоторых регионах доступ к Parimatch может быть ограничен. В этом случае попробуйте использовать VPN или Proxy для обхода блокировки. Также можно скачать приложение Париматч — оно работает независимо от ограничений браузера.

Забыт пароль. Нажмите «Забыл пароль» на странице входа, укажите email или номер телефона и следуйте инструкции для сброса пароля.

Неверные данные. Убедитесь, что логин и пароль введены корректно. Проверьте раскладку клавиатуры и регистр символов.

Технические неполадки. Попробуйте очистить кеш браузера, обновить страницу или использовать другой браузер. Если проблема сохраняется, обратитесь в службу поддержки Париматч — специалисты работают круглосуточно через онлайн-чат, email и телефон.",neutral,"The article is about a sports betting and casino platform called Parimatch, not directly related to migration pressure",mistral:7b,neutral,"The article is about a sports betting and casino platform called Parimatch, not directly related to migration pressure",article,4
20220102,46,MINIST,DEMONSTRATOR,https://www.journaldemontreal.com/2022/01/02/manifestations-anti-covid-un-pasteur-et-son-frere-arretes-par-calgary,push,displacement|arrests,mistral:7b,,,,,,,mistral:7b,push,displacement|arrests,url_1,4
20220102,30,GOVERNMENT,GUERRILLA,https://www.hoydiariodelmagdalena.com.co/archivos/613800,unclear,URL too short,mistral:7b,,,,"En diálogo con Enrique Gómez Martínez, abogado de la familia y sobrino del asesinado líder conservador Álvaro Gómez Hurtado, explicó en La FM los pormenores de los documentos del archivo de vigilancia del (Departamento Administrativo de Seguridad) DAS, a los que recientemente lograron acceder y que daría más luces para esclarecer los hechos que rodean el magnicidio ejecutado el 2 de noviembre de 1995.

Gómez Martínez relató que desde hace 5 años se ha librado una lucha compleja para que se revelen en su totalidad los archivos de vigilancia del DAS y tras ganar una tutela que permitió el acceso a esa documentación se logró encontrar varias referencias relacionadas sobre la investigación de la muerte de Álvaro Gómez Hurtado.

El abogado sostiene que hay varias evidencias sobre diferentes perfilamientos sistemáticos que ejecutó la división de inteligencia a todos los opositores y críticos del entonces presidente Enrique Samper Pizano y entre estas personas figura Gómez Hurtado.

«Estamos esperando poder confirmar la época en que fueron realizados estos seguimientos y queremos establecer si en esos seguimientos hubo interceptaciones telefónicas».

De igual manera, Enrique Gómez Martínez sostiene que halló evidencia que demuestra que en ninguno de los diferentes boletines que el DAS generaba para el presidente Samper, se habló sobre una presunta conspiración militar o golpista en su contra.

El abogado precisó que en dichos documentos también se descartó que la muerte de Álvaro Gómez Hurtado estuviese relacionada con un supuesto golpe de estado.

«El DAS descartó en 1995 la hipótesis que indica que la muerte de Álvaro Gómez se produjo en un fallido golpe de estado, Ramiro Bejarano durante años ha venido diciendo mentiras al país, estos informes deben ser puestos en conocimiento entre las partes del caso».

“Eso dio lugar a dos tutelas y de ahí vimos como la administración Santos con la asesoría de Ramiro Bejarano (director del DAS en la época en la que ocurrió el asesinato de Gómez Hurtado), desmontó los archivos del DAS; pero por cosas de la vida, la verdad siempre brilla y brota, han aparecido los archivos de seguimiento del DAS (…)”.

Gómez Martínez también señaló que la mafia también estuvo relacionada con la muerte de Gómez Hurtado, pues a Orlando Heano, jefe del cartel del Norte del Valle, se le solicitó que asesinara a Álvaro Gómez Hurtado a cambio de mejores beneficios en su proceso de entrega a las autoridades.

«Heano accedió y esta operación contó con la participación del entonces director del Gaula, Danilo Alfonso González».

La siniestra nota de Laude Fernández

El exdirector de inteligencia del DAS Laude Fernández, también está siendo investigado por su supuesta participación en interceptaciones ilegales a integrantes del sindicato de Avianca.

El abogado de la familia del político conservador aseguró que, Fernández también habría estado involucrado con los perfilamientos de los que fue objeto la víctima.

“Ya habíamos encontrado una siniestra nota de Laude Fernández, director de inteligencia de Ramiro Bejarano (no sé si el país recuerda porque está preso y cómo ha participado durante décadas, en todos los desarrollos del antiguo DAS), donde el primero de noviembre en una entrevista que Álvaro Gómez Hurtado, le concedió a la revista Diners, Laude Fernández, de alguna manera vaticinaba lo que iba a ocurrir al día siguiente, diciendo en su nota de comentario de revisión – Al que no quiere caldo se le dan dos tazas (…) – ”, dijo el abogado.

El abogado Gómez Martínez añadió que, se están agregando más pruebas al proceso por el crimen que fue considerado como de lesa humanidad.

“La extensión del tiempo no se ha determinado pero eran seguimientos personales; de inteligencia humana, seguimientos de inteligencia electrónica o lo que llamamos hoy día, ‘chuzadas’; lo que es claro es que había un trabajo de seguimiento personal”, añadió el jurista.

“Otros testigos que han declarado acreditan que en su momento, Danilo González, comandante del Gaula en el Gobierno de Ernesto Samper, recibió la orden de adelantar el homicidio pero parece que transcurrió muy poco tiempo entre el momento que recibió la orden y la puso en práctica, con la ayuda de Wilber Alirio Varela alias ‘Jabón’”, manifestó el abogado.

Agregó que, “me ha quedado la inquietud con base en qué inteligencia sabían el día, la hora y el lugar en que Álvaro Gómez Hurtado, dictaba sus clases en la Universidad Sergio Arboleda, aquel fatídico 2 de noviembre”.

Señaló que una de las hipótesis es que, desde el Gobierno se entregó información para facilitar que se cometiera el crimen.

“Pareciera que la respuesta es que posiblemente el Gobierno de Samper, le haya filtrado al cartel del Norte del Valle estos seguimientos para facilitar el homicidio”, sentenció.

Corte Suprema de Justicia

El abogado también anunció que ante el alto tribunal presentará las pruebas contra Horario Serpa Uribe quien para la época de los hechos, ocupaba el cargo de Ministro del Gobierno de Samper.

“Vamos a pedir la resolución de acusación contra Horacio Serpa, ahora la Corte Suprema de Justicia conoce el proceso en su contra a través de la Fiscalía delegada porque él, era aforado como exministro del Interior del Gobierno de Ernesto Samper y trasladaremos esas pruebas ante la Comisión de Acusaciones”, dijo.

Manifestó que, “queremos que al cumplirse 25 años de impunidad que se conmemoran en noviembre; se lleven a juicio esas pruebas”.

Aseguró, que no busca que el expresidente Ernesto Samper sea condenado pero que sí, se conozcan las pruebas.

“Querían enterrar estas pruebas con la complicidad de fiscales patrocinados por Ernesto Samper y que no se pudieran conocer: cuatro casas criminales confirmando la realización del homicidio por parte de Orlando Henao a solicitud de Ernesto Samper y Horacio Serpa, esas pruebas deben ir a juicio”, aseguró en su entrevista.

El abogado Gómez Martínez también cuestionó el trino de la exsenadora Piedad Córdoba, en el que advierte que la reunión entre el expresidente Juan Manuel Santos, exministro Cristo, senador Cepeda, Rodrigo Londoño ‘Timochenko’ y Carlos Lozada, permitirá descubrir qué sucedió con el crimen del destacado político conservador.

Fuente: LA FM

You can use this method to make deposits in instant Bank Transfer casino NZ. In most cases, you can do so by supplying your bank details. If you don’t have an account in NZ, you may be required to pay an additional fee. Once you’ve made the deposit, you can play! In some cases, the minimum deposit for this method is NZ$10, although it can range from $10 to $50. Depending on your bank, the withdrawal time can take two to seven days.",push,"The article discusses investigations and evidence of systematic profiling by intelligence divisions against opponents and critics of former president Enrique Samper Pizano, implicating Laude Fernández, the intelligence director of DAS during that time, in illegal interceptions and potential involvement in the murder of Álvaro Gómez Hurtado. The article also mentions Orlando Heano being solicited to assassinate Gómez Hurtado by the then director of Gaula Danilo Alfonso González, suggesting a link between organized crime and the murder.",mistral:7b,push,"The article discusses investigations and evidence of systematic profiling by intelligence divisions against opponents and critics of former president Enrique Samper Pizano, implicating Laude Fernández, the intelligence director of DAS during that time, in illegal interceptions and potential involvement in the murder of Álvaro Gómez Hurtado. The article also mentions Orlando Heano being solicited to assassinate Gómez Hurtado by the then director of Gaula Danilo Alfonso González, suggesting a link between organized crime and the murder.",article,4
20220102,20,AUTHORITIES,RUSSIAN FEDERATION,https://lugradar.net/2022/01/337336,pull,hiring,mistral:7b,,,,,,,mistral:7b,pull,hiring,url_1,4
20220102,20,AUTHORITIES,RUSSIAN FEDERATION,https://lugradar.net/2022/01/337319,pull,jobs,mistral:7b,,,,,,,mistral:7b,pull,jobs,url_1,4
20220102,40,PRESIDENT,RUSSIA,https://tsn.ua/ru/politika/bayden-i-zelenskiy-proveli-telefonnye-peregovory-chto-izvestno-1945450.html,neutral,URL too short,mistral:7b,,,,,,,mistral:7b,neutral,URL too short,url_1,4
20220102,41,PRESIDENT,RUSSIA,https://tsn.ua/ru/politika/bayden-i-zelenskiy-proveli-telefonnye-peregovory-chto-izvestno-1945450.html,neutral,URL identical to row_id 253,mistral:7b,,,,,,,mistral:7b,neutral,URL identical to row_id 253,url_1,4
20220102,41,PRESIDENT,RUSSIA,https://tsn.ua/ru/politika/bayden-i-zelenskiy-proveli-telefonnye-peregovory-chto-izvestno-1945450.html,neutral,URL identical to row_id 253,mistral:7b,,,,,,,mistral:7b,neutral,URL identical to row_id 253,url_1,4
20220102,10,MINIST OF HEALTH,,https://www.mdzol.com/sociedad/2022/1/2/coronavirus-en-argentina-mas-de-20000-casos-23-fallecidos-212523.html,push,displacement|crisis (coronavirus),mistral:7b,,,,,,,mistral:7b,push,displacement|crisis (coronavirus),url_1,4
20220102,10,DOCTOR,,https://pronedra.ru/v21-pervye-pervye-simptomy-pnevmonii-pomogut-svoevremenno-nachat-lechenie-i-soxranit-zhizn-439639.html,pull,asylum,mistral:7b,,,,,,,mistral:7b,pull,asylum,url_1,4
20220102,13,HOSPITAL,,https://pronedra.ru/v21-pervye-pervye-simptomy-pnevmonii-pomogut-svoevremenno-nachat-lechenie-i-soxranit-zhizn-439639.html,pull,asylum,mistral:7b,,,,,,,mistral:7b,pull,asylum,url_1,4
20220102,193,DOCTOR,POLICE OFFICER,https://pronedra.ru/v21-pervye-pervye-simptomy-pnevmonii-pomogut-svoevremenno-nachat-lechenie-i-soxranit-zhizn-439639.html,pull,asylum,mistral:7b,,,,,,,mistral:7b,pull,asylum,url_1,4
20220102,193,DOCTOR,POLICE OFFICER,https://www.mngz.ru/russia-world-sensation/2463989-v-gorode-rezh-sotrudnikami-sledstvennogo-komiteta-vozbuzhdeno-ugolovnoe-delo-po-faktu-ubiystva-iz-revnosti-medic.html,push,murders-of-jealousy-medic,mistral:7b,,,,,,,mistral:7b,push,murders-of-jealousy-medic,url_1,4
20220102,193,DOCTOR,POLICE OFFICER,https://www.mngz.ru/russia-world-sensation/2463989-v-gorode-rezh-sotrudnikami-sledstvennogo-komiteta-vozbuzhdeno-ugolovnoe-delo-po-faktu-ubiystva-iz-revnosti-medic.html,neutral,unclear,mistral:7b,,,,,,,mistral:7b,neutral,unclear,url_1,4
20220102,172,HAITI,,https://www.diariolibre.com/actualidad/sucesos/2022/01/02/acusan-ganaderos-de-provocar-incendios-en-sierra-de-bahoruco/1563459,push,fires-in-sierra-de-bahoruco,mistral:7b,,,,,,,mistral:7b,push,fires-in-sierra-de-bahoruco,url_1,4
20220102,90,THE EUROPEAN UNION,,https://lugradar.net/2022/01/337336,unclear,unclear,mistral:7b,,,,"Содержание:

Париматч — одна из самых известных букмекерских платформ, работающая с 1994 года. За это время бренд завоевал доверие миллионов пользователей в Украине и за рубежом. Сегодня Parimatch предлагает ставки на спорт, казино, покер и другие азартные развлечения. Платформа имеет лицензию Curacao Gaming Authority (no. 157), сотрудничает с ведущими разработчиками игрового софта и обеспечивает защиту данных современными технологиями шифрования.

⚠️ Некоторые ссылки на сайте являются партнерскими. Это значит, что мы можем получать комиссию, если вы зарегистрируетесь или сделаете депозит по одной из них. Это не влияет на содержание и оценки, но помогает развивать проект.

Преимущества Parimatch

Преимущество Описание Надежность и безопасность Современные технологии шифрования обеспечивают защиту данных и честность игр. Широкий выбор азартных игр и ставок Большой ассортимент спортивных событий, казино, покера и других развлечений. Удобная система ввода и вывода средств Быстрые транзакции через популярные платежные системы. Щедрые бонусы и турниры Программы лояльности, кэшбэки и розыгрыши для активных пользователей. Доступ с любого устройства Мобильное приложение Париматч и адаптивная мобильная версия сайта для смартфонов и планшетов. Поддержка 24/7 Оперативные ответы через онлайн-чат, email и телефон. Сертифицированные игры Все слоты и лайв-игры проходят независимое тестирование на честность и соответствие заявленному RTP. Лицензия Curacao Gaming Authority under the National Ordinance on Games of Chance (LOK), P.B. 2024, no. 157

⚠️ Азартные игры могут вызывать зависимость. Перед тем как начать — оцените свои риски. Рекомендуем ознакомиться с разделом «Ответственная игра».

Как войти в Пари Матч

Пари Матч вход выполняется через официальный сайт или мобильное приложение. Для авторизации понадобятся логин (номер телефона, email или номер счета) и пароль, указанные при регистрации. Вход в Париматч доступен с любого устройства — смартфона, планшета или компьютера.

Общий алгоритм входа в Пари Матч:

Откройте сайт Parimatch или запустите приложение. Нажмите кнопку «Войти» в правом верхнем углу. Выберите способ авторизации: номер телефона, номер счета или электронная почта. Введите логин и пароль от своей учетной записи. Нажмите «Войти» для завершения авторизации.

После успешного входа вы попадете в личный кабинет Париматч, откуда доступны ставки, казино, пополнение счета и вывод средств.

Вход в Пари Матч через мобильную версию

Если вы предпочитаете не устанавливать приложение, используйте мобильную версию Parimatch. Пари Матч вход через мобильный браузер работает так же, как и с компьютера — сайт автоматически адаптируется под размер экрана.

Чтобы войти в Пари Матч с телефона без приложения:

Откройте браузер на мобильном устройстве. Перейдите на сайт Parimatch. Нажмите «Войти» в верхнем правом углу. Укажите логин и пароль. Подтвердите вход.

Мобильная версия Parimatch поддерживает все функции десктопного сайта: ставки на спорт, казино, управление балансом и бонусами.

💡 Совет: если не приходит SMS-код — проверьте правильность номера и повторите попытку через 2 минуты. Если проблема сохраняется, обратитесь в поддержку через онлайн-чат.

Вход в казино Пари Матч

Пари Матч вход в казино выполняется через тот же аккаунт, что используется для ставок на спорт. Отдельная регистрация не требуется. После авторизации перейдите в раздел «Казино» в главном меню.

Казино Париматч предлагает широкий выбор развлечений:

Игровые автоматы (слоты) от NetEnt, Novomatic, BetSoft и других провайдеров.

Настольные игры — рулетка, блэкджек, баккара.

Live-казино с реальными дилерами.

Покер и видеопокер.

Все игры сертифицированы независимыми лабораториями и работают на генераторе случайных чисел, что гарантирует честность результатов. Чтобы играть на деньги, необходимо пройти регистрацию, верификацию и пополнить игровой счет.

Вход на сайт Париматч через компьютер

Для входа в Parimatch с компьютера откройте браузер и перейдите на официальный сайт. Нажмите «Войти» и введите данные от своего аккаунта. Процедура авторизации на ПК ничем не отличается от мобильной версии.

Регистрация в Пари Матч

Регистрация в букмекерской конторе Париматч занимает несколько минут. Создать аккаунт можно по номеру телефона или электронной почте. Рекомендуется сразу заполнить все поля анкеты — это ускорит прохождение верификации.

Как зарегистрироваться в Париматч:

Зайдите на сайт Parimatch с любого устройства. Нажмите кнопку «Регистрация» в верхнем правом углу. Укажите email или номер телефона. Придумайте надежный пароль, следуя рекомендациям системы. Нажмите «Зарегистрироваться».

После создания аккаунта необходимо подтвердить личность. Для этого зайдите в личный кабинет, перейдите в раздел «Подтвердить учетную запись», выберите тип документа и загрузите его фотографии. Верификация нужна для вывода средств и полноценного использования всех функций Parimatch.

Перед регистрацией рекомендуется внимательно ознакомиться с правилами платформы.

Скачать Париматч бесплатно

Скачать Париматч можно бесплатно с официального сайта. Приложение Пари Матч доступно для устройств на Android и iOS. Мобильное приложение обеспечивает быстрый доступ к ставкам и казино без необходимости открывать браузер.

Скачать Париматч на Андроид

Чтобы скачать Пари Матч на Андроид бесплатно:

Откройте официальный сайт Parimatch в браузере телефона. На главной странице найдите кнопку «Скачать приложение». Выберите версию для Android — начнется загрузка APK-файла. Если загрузка не началась, проверьте настройки устройства: разрешите установку приложений из неизвестных источников. После загрузки откройте файл и установите приложение.

После установки запустите приложение Париматч, войдите в свой аккаунт или пройдите регистрацию.

Скачать Париматч на Айфон

Скачать приложение Пари Матч на iPhone можно через App Store или с официального сайта:

Перейдите на сайт Parimatch с вашего iPhone. Нажмите «Скачать приложение» и выберите версию для iOS. Вы будете перенаправлены в App Store — нажмите «Загрузить». После установки откройте приложение и авторизуйтесь.

Мобильное приложение Париматч

Мобильное приложение Пари Матч — это полноценная версия платформы для смартфонов. Приложение Париматч предоставляет те же возможности, что и десктопный сайт:

Ставки на спорт в прематче и лайве.

Казино и игровые автоматы.

Пополнение счета и вывод средств.

Push-уведомления о результатах и акциях.

Управление бонусами и промокодами.

Приложение работает стабильно даже при слабом интернет-соединении и потребляет меньше трафика, чем мобильная версия сайта в браузере. Для входа в Пари Матч через приложение используйте тот же логин и пароль, что и на сайте.

Личный кабинет Пари Матч

После входа в Париматч игрок получает доступ к личному кабинету с расширенным функционалом:

Пополнение игрового счета и вывод средств.

Выбор и активация бонусов.

Статистика использованных поощрений от букмекера.

Финансовая отчетность с фильтрацией по дате.

Изменение персональных данных.

Прохождение верификации.

Обращение в службу поддержки.

Настройки аккаунта и безопасности.

Личный кабинет Parimatch позволяет полноценно управлять аккаунтом, контролировать финансы и использовать все функции букмекерской конторы и казино.

Проблемы со входом в Париматч

Рассмотрим распространенные ситуации, когда вход в Пари Матч может быть затруднен.

Блокировка сайта. В некоторых регионах доступ к Parimatch может быть ограничен. В этом случае попробуйте использовать VPN или Proxy для обхода блокировки. Также можно скачать приложение Париматч — оно работает независимо от ограничений браузера.

Забыт пароль. Нажмите «Забыл пароль» на странице входа, укажите email или номер телефона и следуйте инструкции для сброса пароля.

Неверные данные. Убедитесь, что логин и пароль введены корректно. Проверьте раскладку клавиатуры и регистр символов.

Технические неполадки. Попробуйте очистить кеш браузера, обновить страницу или использовать другой браузер. Если проблема сохраняется, обратитесь в службу поддержки Париматч — специалисты работают круглосуточно через онлайн-чат, email и телефон.",neutral,"The article is about a betting platform (Parimatch) and its features, not migration-driving conditions",mistral:7b,neutral,"The article is about a betting platform (Parimatch) and its features, not migration-driving conditions",article,4
20220102,43,UNITED NATIONS,,http://www.hispantv.com/noticias/palestina/535010/preso-israel-huelga-hambre,neutral,unclear,mistral:7b,,,,,,,mistral:7b,neutral,unclear,url_1,4
20220102,20,ISRAELI,WORKER,https://g1.globo.com/mundo/noticia/2022/01/02/israel-comeca-a-aplicar-quarta-dose-da-vacina-contra-a-covid.ghtml,pull,fourth-dose-of-vaccine-against-covid,mistral:7b,,,,,,,mistral:7b,pull,fourth-dose-of-vaccine-against-covid,url_1,4
20220102,51,ISRAEL,PALESTINE,http://www.hispantv.com/noticias/palestina/535010/preso-israel-huelga-hambre,neutral,unclear,mistral:7b,,,,,,,mistral:7b,neutral,unclear,url_1,4
20220102,53,ISRAEL,PALESTINE,http://www.hispantv.com/noticias/palestina/535010/preso-israel-huelga-hambre,neutral,unclear,mistral:7b,,,,,,,mistral:7b,neutral,unclear,url_1,4
20220102,142,ISRAEL,PALESTINE,http://www.hispantv.com/noticias/palestina/535010/preso-israel-huelga-hambre,neutral,unclear,mistral:7b,,,,,,,mistral:7b,neutral,unclear,url_1,4
20220102,42,JORDAN,,https://alghad.com/%D9%85%D8%B9%D8%B1%D8%B6-%D8%A3%D8%B1%D8%AF%D9%86%D9%8A-%D9%84%D9%84%D8%AA%D8%AC%D8%A7%D8%B1%D8%A9-%D9%88%D8%A7%D9%84%D8%AE%D8%AF%D9%85%D8%A7%D8%AA-%D9%8A%D9%86%D8%B7%D9%84%D9%82-%D9%81%D9%8A-%D8%B3/,mixed,Jordan-for-trade-and-services-launches-in-s/,mistral:7b,,,,,,,mistral:7b,mixed,Jordan-for-trade-and-services-launches-in-s/,url_1,4
20220102,234,FEDERAL COURT,,https://www.elmanana.com/cae-ex-rector-de-la-uabjo-por-fraude/5475695,unclear,,mistral:7b,,,,"CIUDAD DE MÉXICO.- Eduardo Martínez Helmes, ex Rector de la Universidad Autónoma Benito Juárez de Oaxaca (UABJO), fue detenido el pasado 31 de diciembre por el delito Equiparado a la Defraudación Fiscal Agravado contra la Hacienda Estatal.



Elementos de la Agencia Estatal de Investigaciones de Oaxaca le ejecutaron una orden de aprehensión por un presunto desfalco de alrededor de los 90 millones de pesos.

Tras su detención, se trasladó al penal de San Francisco Tanivet, ubicado en el Municipio de Tlacolula de Matamoros, lugar en el que tendrá su primera audiencia y un juez decidirá si es vinculado a proceso.

Al término de la administración de Martínez Helmes como Rector, cargo que ostentó entre 2012 y 2016, se observaron irregularidades financieras en la institución, más tarde, las investigaciones detectaron su posible responsabilidad

En un primer momento, la Auditoría Superior de la Federación manejó que el monto de 56 millones de pesos; sin embargo, la cifra podría ser de hasta 90 millones de pesos.

Este domingo, Eduardo M.H., emitió un comunicado en el que asegura que su detención fue hecha con el fin de generar un clima de caos al interior de la universidad, la cual tendrá elecciones para elegir al próximo Rector en el mes de mayo.

""Expreso mi férrea convicción por mantener la defensa de la Autonomía Universitaria, mi libertad está restringida, pero mi pensamiento firme y claro, no debemos doblegar la legalidad ni el respeto a la Autonomía"" aseveró Eduardo Martínez.

No obstante, de acuerdo con fuentes del Ministerio Público Estatal, el ex Rector recurrió tres veces a la justicia federal para solicitar un amparo que evitara que fuera aprehendido.",unclear,"The article discusses the detention and financial irregularities of Eduardo Martínez Helmes, former Rector of a Mexican university. There is no mention of migration-driving conditions such as war, violence, persecution, unemployment, or displacement, nor jobs, hiring, growth, investment, visas, safety, stability, or aid that could suggest push or pull factors.",mistral:7b,unclear,"The article discusses the detention and financial irregularities of Eduardo Martínez Helmes, former Rector of a Mexican university. There is no mention of migration-driving conditions such as war, violence, persecution, unemployment, or displacement, nor jobs, hiring, growth, investment, visas, safety, stability, or aid that could suggest push or pull factors.",article,4
20220102,84,JUDGE,,https://www.vesti-online.com/stopiran-otkaz-za-nevakcinisanog-cuvara-reda/,unclear,,mistral:7b,,,,"Stopiran otkaz za nevakcinisanog čuvara reda - Vesti online Početna VESTI SPORT KULTURA HUMANITARNI MOST NAŠI LJUDI ŽIVOT SCENA ZANIMLJIVOSTI LJUBIMCI Povratak na sajt Štampano izdanje 19.03.2026 Vesti online Početna VESTI SPORT KULTURA HUMANITARNI MOST NAŠI LJUDI ŽIVOT SCENA ZANIMLJIVOSTI LJUBIMCI [ivory-search id=""704507"" title=""AJAX Search Form""] Home NAŠI U SVETU AUSTRALIJA Stopiran otkaz za nevakcinisanog čuvara reda NAŠI U SVETU AUSTRALIJA Stopiran otkaz za nevakcinisanog čuvara reda 02.01.2022. 23:50 E. V. Facebook Twitter Google+ Pinterest WhatsApp Vesti Vrhovni sud Zapadne Australije Nevakcinisani policajac iz Perta dobio je pretres na Vrhovom sudu Zapadne Australije, kojim se zabranjuje odluka o njegovom otpuštanju iz službe zbog toga što je odbio obaveznu imunizaciju protiv kovida. Viši pozornik Ben Falkoner time je dobio pravo na sudski proces koji će se voditi u njegovom slučaju i Policija Zapadne Australije ne može da ga otpusti do izricanja konačne presude. Falkoner je na pretresu rekao da nije antivakser, već da se zalaže za pravo izbora kada je reč o vakcinaciji. Zbog toga je i zatražio da sud razmotri disciplinski postupak koji je Policija Zapadne Australije pokrenula protiv njega i još 34 pripadnika policije koji nisu pristali da se vakcinišu posle odluke vlasti u ovoj državi da uvede obaveznu imunizaciju za policajce i mnoge druge zaposlene u Zapadnoj Australiji. Komesar Policije Zapadne Australije Kris Doson izjavio je da se odluka Višeg suda ne odnosi na sve policajce, već samo na Falkonera, kojem će do daljeg biti zabranjen ulaz u sve prostorije policijske službe. – Odluka Suda je privremenog karaktera i važi samo za jednog policajca i nijednog drugog. Takođe, ova odluka ne menja naredbu glavnog zdravstvenog zvaničnika, što znači da nijedan od ovih policajaca neće imati pristup policijskim prostorijama u ovom privremenom periodu – rekao je Doson. Komesar policije je odbio da daje bilo kakve druge izjave dok se suđenje ne okonča. Tokom pretresa, državni pravni savetnik Kenet Petit naveo je sve benefite vakcine protiv kovida i istakao da to što je “podnosilac zahteva smatrao za problematično da se vakciniše, nije vredno nijedne hospitalizacije ili lokdauna”. S druge strane, advokat policajca Falkonera je naglasio da ne postoji dokaz da nevakcinisani predstavljaju pretnju za bilo koga, posebno podvlačeći da “oni koji su nevakcinisani nisu i oboleli”. Advokat Šejn Prins je takođe dodao da je “telesni integritet” pravo svakog čoveka prema opštem zakonu. Sudija Alanson je posle donošenja odluke o zabrani otpuštanja rekao da sud time ne prejudicira rezultat bilo kojeg suđenja u budućnosti. On je takođe naglasio da suđenje treba da se održi što je pre moguće, poželjno u prvom tromesečju 2022. godine. Prvo saslušanje u ovom predmetu zakazano je za 12. januar. TAGOVI Dijaspora Srbi u dijaspori NAŠI U SVETU SRBI U AUSTRALIJI Facebook Twitter Google+ Pinterest WhatsApp Vesti Online POVEZANE VESTI VIŠE OD AUTORA HOROSKOP Vodolija HOROSKOP Ribe HOROSKOP Bik OSTAVITE KOMENTAR Cancel reply Please enter your comment! Please enter your name here You have entered an incorrect email address! Please enter your email address here Save my name, email, and website in this browser for the next time I comment. NAJNOVIJE Ovan HOROSKOP Ribe HOROSKOP Vodolija HOROSKOP Jarac HOROSKOP Strelac HOROSKOP Škorpija HOROSKOP Vaga HOROSKOP Devica HOROSKOP Rak HOROSKOP Lav HOROSKOP Load more Kontaktirajte nas: redakcija@vesti-online.com O nama Marketing Impresum Pravilla i uslovi korišćenja Politika kolačića © 1992 - 2024 © - Vesti Online",unclear,"The article discusses a court ruling regarding a police officer in Western Australia who was fired for refusing vaccination. The text does not mention conditions that would typically cause people to leave or arrive in the country, such as war, violence, persecution, unemployment, jobs, or asylum access.",mistral:7b,unclear,"The article discusses a court ruling regarding a police officer in Western Australia who was fired for refusing vaccination. The text does not mention conditions that would typically cause people to leave or arrive in the country, such as war, violence, persecution, unemployment, jobs, or asylum access.",article,4
20220102,173,PUBLIC PROSECUTOR,,https://www.hoydiariodelmagdalena.com.co/archivos/613776,unclear,,mistral:7b,,,,"En diálogo con Enrique Gómez Martínez, abogado de la familia y sobrino del asesinado líder conservador Álvaro Gómez Hurtado, explicó en La FM los pormenores de los documentos del archivo de vigilancia del (Departamento Administrativo de Seguridad) DAS, a los que recientemente lograron acceder y que daría más luces para esclarecer los hechos que rodean el magnicidio ejecutado el 2 de noviembre de 1995.

Gómez Martínez relató que desde hace 5 años se ha librado una lucha compleja para que se revelen en su totalidad los archivos de vigilancia del DAS y tras ganar una tutela que permitió el acceso a esa documentación se logró encontrar varias referencias relacionadas sobre la investigación de la muerte de Álvaro Gómez Hurtado.

El abogado sostiene que hay varias evidencias sobre diferentes perfilamientos sistemáticos que ejecutó la división de inteligencia a todos los opositores y críticos del entonces presidente Enrique Samper Pizano y entre estas personas figura Gómez Hurtado.

«Estamos esperando poder confirmar la época en que fueron realizados estos seguimientos y queremos establecer si en esos seguimientos hubo interceptaciones telefónicas».

De igual manera, Enrique Gómez Martínez sostiene que halló evidencia que demuestra que en ninguno de los diferentes boletines que el DAS generaba para el presidente Samper, se habló sobre una presunta conspiración militar o golpista en su contra.

El abogado precisó que en dichos documentos también se descartó que la muerte de Álvaro Gómez Hurtado estuviese relacionada con un supuesto golpe de estado.

«El DAS descartó en 1995 la hipótesis que indica que la muerte de Álvaro Gómez se produjo en un fallido golpe de estado, Ramiro Bejarano durante años ha venido diciendo mentiras al país, estos informes deben ser puestos en conocimiento entre las partes del caso».

“Eso dio lugar a dos tutelas y de ahí vimos como la administración Santos con la asesoría de Ramiro Bejarano (director del DAS en la época en la que ocurrió el asesinato de Gómez Hurtado), desmontó los archivos del DAS; pero por cosas de la vida, la verdad siempre brilla y brota, han aparecido los archivos de seguimiento del DAS (…)”.

Gómez Martínez también señaló que la mafia también estuvo relacionada con la muerte de Gómez Hurtado, pues a Orlando Heano, jefe del cartel del Norte del Valle, se le solicitó que asesinara a Álvaro Gómez Hurtado a cambio de mejores beneficios en su proceso de entrega a las autoridades.

«Heano accedió y esta operación contó con la participación del entonces director del Gaula, Danilo Alfonso González».

La siniestra nota de Laude Fernández

El exdirector de inteligencia del DAS Laude Fernández, también está siendo investigado por su supuesta participación en interceptaciones ilegales a integrantes del sindicato de Avianca.

El abogado de la familia del político conservador aseguró que, Fernández también habría estado involucrado con los perfilamientos de los que fue objeto la víctima.

“Ya habíamos encontrado una siniestra nota de Laude Fernández, director de inteligencia de Ramiro Bejarano (no sé si el país recuerda porque está preso y cómo ha participado durante décadas, en todos los desarrollos del antiguo DAS), donde el primero de noviembre en una entrevista que Álvaro Gómez Hurtado, le concedió a la revista Diners, Laude Fernández, de alguna manera vaticinaba lo que iba a ocurrir al día siguiente, diciendo en su nota de comentario de revisión – Al que no quiere caldo se le dan dos tazas (…) – ”, dijo el abogado.

El abogado Gómez Martínez añadió que, se están agregando más pruebas al proceso por el crimen que fue considerado como de lesa humanidad.

“La extensión del tiempo no se ha determinado pero eran seguimientos personales; de inteligencia humana, seguimientos de inteligencia electrónica o lo que llamamos hoy día, ‘chuzadas’; lo que es claro es que había un trabajo de seguimiento personal”, añadió el jurista.

“Otros testigos que han declarado acreditan que en su momento, Danilo González, comandante del Gaula en el Gobierno de Ernesto Samper, recibió la orden de adelantar el homicidio pero parece que transcurrió muy poco tiempo entre el momento que recibió la orden y la puso en práctica, con la ayuda de Wilber Alirio Varela alias ‘Jabón’”, manifestó el abogado.

Agregó que, “me ha quedado la inquietud con base en qué inteligencia sabían el día, la hora y el lugar en que Álvaro Gómez Hurtado, dictaba sus clases en la Universidad Sergio Arboleda, aquel fatídico 2 de noviembre”.

Señaló que una de las hipótesis es que, desde el Gobierno se entregó información para facilitar que se cometiera el crimen.

“Pareciera que la respuesta es que posiblemente el Gobierno de Samper, le haya filtrado al cartel del Norte del Valle estos seguimientos para facilitar el homicidio”, sentenció.

Corte Suprema de Justicia

El abogado también anunció que ante el alto tribunal presentará las pruebas contra Horario Serpa Uribe quien para la época de los hechos, ocupaba el cargo de Ministro del Gobierno de Samper.

“Vamos a pedir la resolución de acusación contra Horacio Serpa, ahora la Corte Suprema de Justicia conoce el proceso en su contra a través de la Fiscalía delegada porque él, era aforado como exministro del Interior del Gobierno de Ernesto Samper y trasladaremos esas pruebas ante la Comisión de Acusaciones”, dijo.

Manifestó que, “queremos que al cumplirse 25 años de impunidad que se conmemoran en noviembre; se lleven a juicio esas pruebas”.

Aseguró, que no busca que el expresidente Ernesto Samper sea condenado pero que sí, se conozcan las pruebas.

“Querían enterrar estas pruebas con la complicidad de fiscales patrocinados por Ernesto Samper y que no se pudieran conocer: cuatro casas criminales confirmando la realización del homicidio por parte de Orlando Henao a solicitud de Ernesto Samper y Horacio Serpa, esas pruebas deben ir a juicio”, aseguró en su entrevista.

El abogado Gómez Martínez también cuestionó el trino de la exsenadora Piedad Córdoba, en el que advierte que la reunión entre el expresidente Juan Manuel Santos, exministro Cristo, senador Cepeda, Rodrigo Londoño ‘Timochenko’ y Carlos Lozada, permitirá descubrir qué sucedió con el crimen del destacado político conservador.

Fuente: LA FM

You can use this method to make deposits in instant Bank Transfer casino NZ. In most cases, you can do so by supplying your bank details. If you don’t have an account in NZ, you may be required to pay an additional fee. Once you’ve made the deposit, you can play! In some cases, the minimum deposit for this method is NZ$10, although it can range from $10 to $50. Depending on your bank, the withdrawal time can take two to seven days.",push,"Article discusses investigations into the assassination of a political leader Álvaro Gómez Hurtado, systematic profiling and surveillance of his opponents by the DAS, possible involvement of mafia in his murder, and potential complicity of government officials.",mistral:7b,push,"Article discusses investigations into the assassination of a political leader Álvaro Gómez Hurtado, systematic profiling and surveillance of his opponents by the DAS, possible involvement of mafia in his murder, and potential complicity of government officials.",article,4
20220102,10,LAWYER,MELBOURNE,https://www.vesti-online.com/samo-pisani-testament-je-vazeci/,unclear,,mistral:7b,,,,"T. Ostojić

Tokom nedavnih okupljanja Srpskog socijalnog servisa, advokat sa 20-godišnjim iskustvom Stevo Bezbradica iz Dandenonga u Melburnu, održao je izuzetno praktično predavanje starijim sunarodnicima iz srpske zajednice, o značaju pravilno napisanog testamenta. To je bio i povod da porazgovaramo s advokatom Bezbradicom.

Koliko su naši ljudi upoznati sa pisanjem testamenta?

– Generalno, naši ljudi nisu upoznati s pravljenjem testamenta. Mnogi od njih još “žive” u staroj Jugoslaviji, i misle na način kako je to tamo bilo regulisano. Dolaze kod mene upravo s takvim pitanjima, ko će šta da nasledi. Moj posao je da ih usmerim na koji način treba da se napiše testament, kako bi taj akt poslednje volje bio validan ovde u Australiji. Ljudi imaju neke ideje kako to može da se uradi, ali kada treba da se sprovede u delo, da se stavi na papir, postoje određeni problemi. Ljudi su uglavnom informisani po principu “rekla kazala”, ako su na primer čuli od nekih prijatelja ili rođaka.

Da li danas naši ljudi češće pišu testament nego ranije?

– U poslednje vreme situacija se malo promenila, drugačije je nego što je bilo pre deset ili 15 godina. Danas je raspon godina ljudi koji rade testamente, od 55 do 75 godina. Takođe, veći je broj onih koji dolaze u kancelariju da napišu testament i daleko više razumeju značaj pisanog testamenta.

Da li testament može da uradi samo advokat?

– Moji klijenti su nekad u dilemi, jer ne znaju da li testament treba da napravi samo advokat ili testament može da napiše bilo koji drugi profesionalac. Znači, testament ne mora da uradi samo advokat, može da ga uradi i bilo koje drugo lice, ali testament ima svoju formu, koja mora da se zadovolji. Ako testament ne radi advokat, postoji mogućnost da budu greške u sačinjavanju, tako da je dobro da ga na kraju ipak pregleda advokat.

Šta je sve neophodno da bi se napisao testament?

– Da bi se napravio testament advokat mora da uzme pravilne informacije koje moraju da budu deo testamenta. Pored ličnih podataka, zanimanja, stranka mora da pruži sve podatke oko imovine.

Šta se sve smatra za imovinu?

– Da li i koliko kuća osoba ima, zatim podaci o bankovnim računima, da li ima neku drugu svojinu kao što su automobili, zlato, umetničke slike… Sve što je predmet testamenta. Pored toga, zaveštalac mora da pruži i podatke o postojanju eventualnih dugova, kao što je na primer hipoteka na kuću i drugo. Kada se prikupe svi ti podaci, onda ovaj akt može i da se napravi. Posle toga lice koje pravi testament, mora da da instrukcije šta je to njegova poslednja volja, u zavisnosti od toga koliko ima naslednika, da li su to deca ili neko drugi. Takođe, moguće je jednoj osobi ostaviti sve, ili ukoliko ima više naslednika može da podeli imovinu svima na jednake delove, ili u različitim procentima.

O čemu još treba voditi računa kada je reč o testamentu?

– Potrebno je da ostavilac u testamentu navede lice koje je izvršilac testamenta. Ta osoba je najvažnija, jer to lice treba da sprovede volju zaveštaoca. To treba da bude osoba od poverenja, koja će kad ostavilac umre biti u kontaktu s advokatom i zajedno će da sprovedu poslednju volju lica koje je napravilo testament.

Koje pojedinosti su još značajne po pitanju zaveštanja?

– Posle smrti zaveštaoca, kad se odbiju svi troškovi testamenta, uključujući troškove advokata, i kada se izmire svi dugovi, ono što ostane je predmet zaostavštine koja se deli na naslednike. Pore toga, predmet testamenta može da bude i način sahrane zaveštaoca, ili donacija organa ili drugo. Testament se obično čuva kod advokata ili u banci ili ga ljudi nose kući i smeštaju na neko bezbedno mesto. Dobro bi bilo da se svake tri godine uradi revizija testamenta, ukoliko nešto treba da se promeni ili doda.

Postoje li neka važna pravila po pitanju zaključenja testamenta?

– Testament u Australiji je strogo formalan dokument, mora da bude u pisanoj formi. U isto vreme moraju da budu prisutna dva svedoka, koji moraju da potpišu testament u isto vreme kad i osoba koja pravi testament. Advokat mora da pročita napisani testament zaveštaocu i da on zatim izjavi da je to njegova zadnja volja. U isto vreme svedoci moraju da potpišu testament istom olovkom. Svedok ne može da bude osoba koja je naslednik. To mora da bude nezavisna i punoletna osoba. Takvo lice i može da napravi testament, mlađe lice ne može da napravi testament – kaže advokat Stevo Bezbradica.

Imovina prelazi na supružnika

Jedno od pitanja naših sunarodnika je bilo ko nasleđuje imovinu u kojoj su supružnici navedeni zajedno kao vlasnici.

– Tu imovinu nasleđuje supružnik koji je nadživeo drugog supružnika. Testamentom, pak može da se njegov nasledni deo drugačije rasporedi, i na primer na decu umrle osobe – istakao je advokat Bezbradica.",neutral,"Article is about legal aspects of writing a will and testament in Australia, not directly related to migration pressure",mistral:7b,neutral,"Article is about legal aspects of writing a will and testament in Australia, not directly related to migration pressure",article,4
20220102,114,PUBLIC PROSECUTOR,OAXACA,https://oaxaca.eluniversal.com.mx/municipios/denuncian-ante-el-ieepco-edil-de-ocotlan-oaxaca-por-violencia-politica-de-genero,unclear,,mistral:7b,,,,"Ocotlán de Morelos Marina Martínez y Juana Pacheco Díaz interpusieron una denuncia ante el Instituto Estatal Electoral y de Participación Ciudadana de Oaxaca (IEEPCO) contra el presidente municipal Luis Martínez Aquino, a quien acusan de ejercer violencia política contra las mujeres en razón de género.



Oaxaca de Juárez .- Las regidoras dedeinterpusieron una denuncia ante el Instituto Estatal Electoral y de Participación Ciudadana de Oaxaca () contra el, a quien acusan de ejercercontra las mujeres en razón de

En conferencia de prensa, explicaron que el edil les quitó el nombramiento de regidoras de Obras y Mercados, respectivamente, porque no tenían el perfil para desempeñar ese cargo. A Marina Martínez le asignó la regiduría de Salud y Juana Pacheco la de Ecología.





“Ahora resulta que por compromisos políticos y económicos del presidente municipal con actores ajenos al municipio, se opone y me niega el derecho a que una ciudadana desempeñe la concejalía de Mercados, porque según él no tengo los estudios ni el perfil y que son órdenes de arriba”, aseguró Juana Pacheco.

“Mis derechos políticos fueron atropellados por ser mujer. Fui electa como Regidora de Obras y en la sesión de cabildo me presenta (el edil) como Regidora de Salud bajo el argumento de que no tengo el perfil”, afirmó Marina Martínez.

Adicionalmente interpusieron una denuncia por el delito de lesiones ante la Fiscalía General del Estado de Oaxaca, por los hechos de violencia que se registraron el 1 de enero, posterior a la toma de protesta del nuevo cabildo municipal.





En estos hecho violentos fue agredida Rufina Josefina Ramírez Martínez, de 60 años de edad, y madre de la regidora Marina Martínez. Los agresores fueron identificados como hijo y sobrino del regidor de Hacienda, Ernesto Sánchez Ramírez.





Las concejales afirmaron que la sesión de cabildo en las que les reasignaron las regidurías no se realizó dentro del marco legal porque se hizo a puerta cerrada, cuando la ley establece que las sesiones de cabildo deben ser públicas y abiertas a la ciudadanía.

Ambas también exigieron al edil Luis Martínez Aquino que cumpla su palabra y lo exhortaron a retomar el diálogo para solucionar este conflicto político que originó desde el primer día de gobierno de la nueva administración municipal de Ocotlán de Morelos.",push,"allegations of political and physical violence against women, denial of political rights due to gender",mistral:7b,push,"allegations of political and physical violence against women, denial of political rights due to gender",article,4
20220102,112,LAWYER,UNITED STATES,https://www.diariolibre.com/usa/revista/2022/01/02/juez-impide-que-bloqueo-de-demanda-contra-el-principe-andres/1563621,unclear,,mistral:7b,,,,"Un juez federal estadounidense rechazó un intento del príncipe Andrés para tratar de bloquear de inmediato el avance de una demanda presentada por una mujer que lo acusa de haberla agredido sexualmente cuando ella tenía 17 años, alegando que la agraviada ya no vive en Estados Unidos, en momentos en que el lunes deberá comenzar la exposición de argumentos orales sobre la solicitud del príncipe de que se deseche la querella.

En una orden escrita presentada el viernes, el juez Lewis A. Kaplan dijo a los abogados del príncipe que deben entregar documentos de acuerdo con el calendario establecido en la demanda que Virginia Giuffre presentó en agosto.

Giuffre sostiene que el príncipe, el segundo hijo varón de la reina Isabel II de Gran Bretaña, abusó de ella en múltiples ocasiones en 2001, en una época en que también estaba siendo agredida sexualmente por el millonario Jeffrey Epstein. El abogado del príncipe, Andrew Brettler, dijo que la demanda es ""infundada"".

Los abogados del príncipe habían afirmado que las pruebas de que Giuffre no reside en Estados Unidos eran tan sólidas que no tenía sentido intercambiar pruebas hasta que se resolviera esa cuestión, porque podría resultar en la desestimación de la demanda.

Alegaron que Giuffre ha radicado en Australia todos salvo dos de los últimos 19 años, tiene licencia de conducir australiana y vive en una casa de 1.9 millones de dólares en Perth, Australia Occidental, donde ha estado criando a tres hijos con su esposo, que es australiano.

En un comunicado, la abogada de Giuffre, Sigrid McCawley, dijo que la solicitud para frenar el caso era ""sólo otro de una serie de los desgastados intentos del príncipe Andrés para eludir los méritos jurídicos del caso que Virginia Giuffre ha presentado contra él. Todas las partes en un litigio están sujetas a exhibir documentos solicitados y el príncipe Andrés no es la excepción"".

En su orden de una página, Kaplan subrayó que los abogados del príncipe han solicitado que Giuffre entregue materiales ""extensos"" para el 14 de enero, incluidos documentos relacionados con el lugar donde ella ha vivido y dijo que los abogados del príncipe aún no han planteado formalmente la defensa de que la demanda no puede proceder sobre la base de que Giuffre ha estado viviendo en Australia y no en Colorado, donde los abogados de ella dicen que es residente.

En la portada de una demanda entablada en septiembre de 2015, Giuffre dijo que su dirección está en Penrose, Colorado. En la portada de una demanda de abril de 2019, ella dijo que su dirección estaba en Palm Cove, Australia, y marcó una casilla como ""ciudadano o súbdito de un país extranjero"". Sin embargo, en su demanda contra el príncipe, indicó que su dirección era Ocean Reef, Australia Occidental, pero marcó una casilla que decía ""ciudadano de otro estado"".

El juez no manifestó opinión alguna en su orden sobre los méritos de las afirmaciones del príncipe de que no debería permitirse a Giuffre demandar porque vive en Australia.

Los argumentos orales por teleconferencia de video sobre la solicitud del príncipe de que el caso sea desechado están previstos para el lunes por la mañana.

En octubre, los abogados del príncipe buscaron que se desestimara la demanda por varios motivos, afirmando que Giuffre había hecho afirmaciones falsas contra el príncipe Andrés porque ""nunca abusó ni agredió sexualmente"" de ella.

""Giuffre ha iniciado esta demanda infundada contra el príncipe Andrés para lograr otro día de pago a sus expensas y a expensas de los más cercanos a él. El abuso cometido por Epstein contra Giuffre no justifica su campaña pública contra el príncipe Andrés"", según los argumentos escritos.

Epstein se suicidó en una cárcel federal de Manhattan en agosto de 2019 mientras esperaba ser enjuiciado por cargos de tráfico sexual.

Después de un juicio de un mes, su exnovia Ghislaine Maxwell, de 60 años, fue condenada el miércoles por cargos que incluyen tráfico sexual y asociación ilícita.

The Associated Press no suele identificar a las personas que dicen ser víctimas de agresión sexual a menos que decidan presentarse públicamente, como lo ha hecho Giuffre.",push,"Article describes a woman (Virginia Giuffre) accusing Prince Andrew of sexual assault when she was 17 years old, which could potentially push her to leave the UK",mistral:7b,push,"Article describes a woman (Virginia Giuffre) accusing Prince Andrew of sexual assault when she was 17 years old, which could potentially push her to leave the UK",article,4
20220102,30,EMPLOYEE,,https://es.investing.com/news/stock-market-news/goldman-sachs-pide-a-sus-empleados-estadounidenses-que-trabajen-desde-casa-hasta-el-18-de-enero-2199115,unclear,,mistral:7b,,,,,unclear,,mistral:7b,unclear,,article,4
20220102,10,CONGRESS,,https://www.telemundo.com/noticias/noticias-telemundo/clima/no-esto-no-es-una-broma-llovieron-peces-en-texas-poco-antes-de-fin-de-rcna10639,unclear,,mistral:7b,,,,"Por más raro que suene, una lluvia de peces sorprendió a los habitantes de Texarkana, un pequeño pueblo en el este de Texas, casi al cierre del 2021.

“El 2021 está sacando todos sus trucos ... incluyendo una lluvia de peces en Texarkana hoy. Y no, esto no es una broma”, escribieron los funcionarios de la ciudad en Facebook, para informar del evento y pedirle a los vecinos que compartieran sus fotos de los peces en el suelo. Y así lo hicieron algunos de ellos.

[900 bisontes de Yellowstone serán reubicados o sacrificados este invierno]

El fenómeno ocurrió el miércoles 29 de diciembre a eso de las 4:30 pm, según reportó el canal local de NBC News, que cita las declaraciones de James Audirsch, un empleado de una venta de autos usados que vio los peces caer en el parqueo del negocio.

Audirsch dijo que él y su compañero de trabajo, Brad Pratt, escucharon un fuerte ruido y miraron hacia afuera para encontrarse con que estaban cayendo peces del cielo.

Un pequeño pez en el suelo, en una foto compartida en Facebook por la ciudad de Texarkana, Texas, al anunciar la ""lluvia de peces"" el 29 d diciembre. City of Texarkana, Texas

“Hubo un fuerte trueno y cuando abrimos la puerta, miré hacia afuera y estaba lloviendo muy fuerte y un pez golpeó el suelo, y luego dije: ‘¡Está lloviendo peces!’ Brad me dijo: ‘No, no es así’ y yo digo, ‘¡No, realmente es así!’ y los peces estaban cayendo aquí y en todas partes!”, dijo Audirsch.

En varias fotografías y videos se pueden ver peces pequeños esparcidos por el estacionamiento del concesionario. Algunos medían entre 4 y 5 pulgadas de largo y parecían ser lubinas blancas jóvenes, informó la estación de NBC News, cadena hermana de Noticias Telemundo.

Las autoridades de la ciudad explicaron que la “lluvia de animales” es un fenómeno poco usual, que ocurre cuando pequeños animales acuáticos como ranas, cangrejos y peces son succionados del agua por trombas o corrientes de aire que los levantan y transportan hasta que pierden fuerza y los dejan caer como si fuera lluvia.

[La pesca industrial amenaza las montañas submarinas en Perú]

Un artículo de la Biblioteca del Congreso explica que un error popular es creer que estas trombas “surgen del mar”, cuando en realidad, comienzan en el aire y descienden hacia la superficie del agua.

“El vórtice en el centro de estas tormentas es lo suficientemente fuerte como para “succionar” el aire, el agua y los objetos pequeños circundantes, ""como una aspiradora”, explica el artículo.

La publicación del Congreso cita varios eventos similares que han ocurrido en el pasado. Una “lluvia” de ranas en Kansas City en 1873, cuyo origen fue un tornado o una tormenta similar según concluyó la revista Scientific American. Otra lluvia de ranas en Dubuque, Iowa, el 16 de junio de 1882, de la que los científicos especularon que pudo ser causada por una poderosa corriente ascendente que las llevó congeladas en granizo por el aire frío.

“Si bien es poco común, sucede, como se evidencia en varios lugares de Texarkana hoy. Entonces, ¡muéstranos tus fotos! Y por favor, por el bien de todos, entremos en 2022 de puntillas y lo más silenciosamente posible”, escribieron los funcionarios de la ciudad texana.",neutral,"The article is not clearly about migration-driving conditions, it discusses a rare event of fish raining in Texarkana, Texas.",mistral:7b,neutral,"The article is not clearly about migration-driving conditions, it discusses a rare event of fish raining in Texarkana, Texas.",article,4
20220102,10,STATE DUMA,,https://www.ridus.ru/news/370096,unclear,,mistral:7b,,,,"IT-комитет Госдумы назвал главные события года для цифровой индустрии найти × предложить новость Войти Поиск Картина дня Гражданская журналистика Интересное Полезное Развлечения Авторские колонки Сюжеты Тэги Фото репортаж Еще Гороскопы Авто Бизнес Военное дело Военные конфликты Видео Город Дизайн Еда Животные Здоровье Знаменитости Интернет История Кино Космос Криминал Компьютерные игры Культура Литература Музыка Наука и техника Недвижимость Образование Общество Погода Политика Право Происшествия Путешествия Расследования Религия СМИ Советы Спорт Стиль Тесты Технологии Фоторепортаж Экология Экономика Юмор Авторские колонки Фоторепортажи Бездна Нет логина? Зарегистрируйтесь ! Добро пожаловать! Войти через социальные сети: Facebook vKontakte Google+ Twitter Войти как пользователь ""РИДУС"": Запомнить меня Забыли пароль? Восстановить При регистрации и входе вы соглашаетесь с условиями использования сайта и политикой обработки данных Войти в систему Закрыть + 0 − Сохранить Сохранено 7 × IT-комитет Госдумы назвал главные события года для цифровой индустрии Нет логина? Зарегистрируйтесь ! Добро пожаловать! Войти через социальные сети: Facebook vKontakte Google+ Twitter Войти как пользователь ""РИДУС"": Запомнить меня Забыли пароль? Восстановить Войти в систему Закрыть Картина дня Интернет Право 0 0 19746 IT-комитет Госдумы назвал главные события года для цифровой индустрии 03 января 2022 00:51 Максим Котов , Журналист «Ридуса». © pixabay.com Интернет стремится к превращению в зону безопасности, где пользователи смогут общаться, невзирая на границы, получать знания, несмотря на расстояния и удаленность их населенных пунктов, а также пользоваться госуслугами в один клик. Члены комитета Госдумы по информационной политике назвали самые важные события 2021 года, приближающие тренд на безопасную Сеть. Для обеспечения комфорта и безопасности обитателей Сети нижняя палата парламента в 2021 году приняла целый ряд знаковых законопроектов. Некоторые из законотворческих инициатив уже вступили в силу, что позволяет дать точную оценку их эффективности, напомнил глава IT-комитета Госдумы Александр Хинштейн. «Так, 1 февраля заработал закон, согласно которому социальные сети должны самостоятельно выявлять и блокировать запрещенный контент. С марта действует закон, который закрепил право граждан удалять свои персданные и отменять ранее данное ими согласие на обработку данных. Вспоминая принятые законопроекты, хочу отметить установление квоты на размещение соцрекламы в Сети (5%) по аналогии с ТВ и наружной рекламой. Закон о „приземлении“, реализацию которого наш Комитет по информационной политике и связи Госдумы будет оценивать самым детальным образом. Мы планируем уже в начале следующего года провести расширенное заседание Комитета, посвященное как раз реализации закона о „приземлении“, и пригласить туда всех представителей иностранных IT-гигантов, подпадающих под требования этого нормативного акта», — цитирует Хинштейна Telegram-канал думского IT-комитета. Не менее активно велась работа по защите россиян от киберпреступников и угроз цифрового пространства. Хинштейн перечислил эти инициативы: Введение административной ответственности и штрафы до миллиона рублей для операторов связи за пропуск так называемых «подменных номеров». Досудебная блокировка сайтов, торгующих поддельными документами, включая дипломы, права, военные билеты и сертификаты о вакцинации. Введение единых интернет-тарифов операторов для школ и других социально значимых объектов. Бесплатные СМС при двухфакторной идентификации на «Госуслугах». Зампредседателя IT-комитета Антон Горелкин в свою очередь перечислил вызовы, на которые предстоит отвечать и в наступившем 2022 году: «Я вижу три основных проблемы, которые нас очень беспокоят. Это рост киберпреступности, и законодательные инициативы в этом направлении, безусловно, будут. Это защита персональных данных наших граждан — это большое направление, которое нуждается в доработке, развитии и обсуждении с бизнесом обязательно. Здесь, я думаю, будут инициативы. Третье направление, которое нас беспокоит, это вопросы манипулирования общественным мнением. Манипулирования пользователями. Речь идет, прежде всего, о социальных сетях и видеохостингах. Речь идет о специально настроенных рекомендательных алгоритмах», — подчеркнул парламентарий. Телеграм Дзен Подписывайтесь на наши каналы и первыми узнавайте о главных новостях и важнейших событиях дня. Нам важно ваше мнение! + 0 − Комментарии ( 0 ) От редакции Комментировать главное за сегодня Синоптик Тишковец предсказал слабые магнитные бури в Москве 19 марта Трамп смягчил правила морских перевозок для сдерживания цен на нефть Силы ПВО сбили 32 украинских беспилотника над регионами России Гороскопы Авто Бизнес Военное дело Военные конфликты Видео Город Дизайн Еда Животные Здоровье Знаменитости Интернет История Кино Космос Криминал Компьютерные игры Культура Литература Музыка Наука и техника Недвижимость Образование Общество Погода Политика Право Происшествия Путешествия Расследования Религия СМИ Советы Спорт Стиль Тесты Технологии Фоторепортаж Экология Экономика Юмор Картина дня Гражданская журналистика Интересное Полезное Развлечения Авторские колонки Фоторепортажи Бездна vKontakte Twitter Ok.ru RSS Ежедневная рассылка лучших новостей подписаться Попробуйте мобильные приложения Ридуса: FAQ: технология размещения пользовательских материалов на ""Ридусе"" Новый дизайн «Ридуса»: руководство пользователя и навигация по сайту Пользовательское соглашение Политика обработки персональных данных Политика конфиденциальности Согласие на обработку персональных данных Реклама на сайте Об издании Вести Камаза © 2011-2026 Ридус. Интернет-газета «Ридус». Использование материалов Ридус разрешено только с предварительного согласия правообладателей. Все права на картинки и тексты принадлежат их авторам. Сайт может содержать материалы, не предназначенные для лиц младше 21 года.",neutral,"The article is about a committee discussing significant events in the digital industry for the year and measures taken to ensure safety and security online, not directly related to migration-driving conditions.",mistral:7b,neutral,"The article is about a committee discussing significant events in the digital industry for the year and measures taken to ensure safety and security online, not directly related to migration-driving conditions.",article,4
20220102,83,SENATE,,https://sipse.com/mexico/las-breves-del-senado-inclusion-y-derechos-de-las-personas-sordas-415533.html,unclear,,mistral:7b,,,,"La comunidad sorda cuenta con una identidad y cultura propia. Adopta un lenguaje visual a través de expresiones gestuales y señas.

Para mejorar sus condiciones de vida garantizar sus derechos a elegir la forma de comunicación que mejor convenga a sus intereses.

El Senado aprobó reformas que promueven:

La formación de personal médico en el uso de la Lengua de Señas Mexicana y un modelo de educación bilingüe entre la lengua de señas y el español o las lenguas indígenas que se hablen en su entorno.

#VIDEO | En menos de un minuto te ponemos al día con 'Las Breves del Senado de la República'. pic.twitter.com/5nsBDIwEVI — Novedades de Q.Roo (@novedadesqroo) January 2, 2022

Ratificaciones y nombramientos

Numeralia del primer periodo ordinario de sesiones, del primer año de la LXV Legislatura.

Senadoras y senadores ratificaron o nombraron:

235 Grados militares

128 Grados navales

9 Consejeros consultivos de la CNDH

5 Embajadores

1 Ministra de la SCJN

1 Integrante de Banxico

1 Consejero Honoríficos del Sistema de Búsqueda de Personas

1 Titular de la CEAV

[Foto: Infografía - Las Breves Del Senado De La República]]

Lo anterior, con el objetivo de garantizar, tanto a nivel nacional como internacional, servicios públicos de calidad en beneficio de las y los mexicanos.

TE PUEDE INTERESAR:

Senado aplaza ley que regule la marihuana en México

Senado y Congreso de Guerrero firman convenio para capacitación

Breves del Senado: Aprueban inclusión y derechos de las personas sordas",neutral,"The article discusses the ratification and nomination of various officials, educational reforms, and improvements in services for the hearing-impaired community in Mexico. There is no mention of push or pull factors related to migration.",mistral:7b,neutral,"The article discusses the ratification and nomination of various officials, educational reforms, and improvements in services for the hearing-impaired community in Mexico. There is no mention of push or pull factors related to migration.",article,4
20220102,13,MEXICO,,https://sipse.com/mexico/isste-se-prepara-para-la-cuarta-ola-de-la-pandemia-por-covid-19-en-mexico-415544.html,unclear,<URL too short>,mistral:7b,,,,"El Instituto de Seguridad y Servicios Sociales de los Trabajadores del Estado (ISSSTE) alertó que México ya se encuentra en la cuarta ola de la pandemia por Covid-19, debido al incremento de contagios de coronavirus en el territorio nacional

Por esa razón envió una circular a fin de que se preparen para el repunte de nuevos casos y hospitalizaciones a direcciones de Hospitales Generales, Regionales, del Centro Médico Nacional “20 de noviembre”, de Clínicas Hospital y Clínicas de Medicina Familiar.

""Con la información disponible a nivel nacional e internacional, sabemos que la variante ómicron tiene una velocidad de transmisión mayor que las variantes anteriores y que provocará un mayor número de casos leves con manifestaciones clínicas bronquiales en lugar de pulmonares, que se traducirá en un incremento de las consultas ambulatorias en unidades de primer y segundo nivel con atención de medicina familiar, por lo que se deberá reforzar la atención en las áreas de triage para el correcto diagnóstico y derivación de los pacientes a donde corresponder"".

En la circular firmada por director normativo de Salud del ISSSTE, Ramiro López Elizalde, señala que para esta nueva etapa se espera un gran número de licencias médicas con motivo del contagio masivo, en consecuencia, se deberá reforzar el procedimiento correcto para otorgarlas y evitar la emisión de las mismas de manera innecesaria.

También se enfatiza que a pesar de que la variante Ómicron genera casos graves en menor número, comparado con la variante Delta, en el país aún circulan las dos variantes, por ese motivo se espera un número alto de nuevos contagios, y debido a este incremento de casos y el número de habitantes del país se prevé que aumenten las hospitalizaciones de manera exponencial.

""Por lo anterior se les solicita de la manera más atenta preparar sus unidades médicas para una posible conversión e incremento en el número de camas disponibles para la atención de estos pacientes conforme avance la cuarta ola en sus entidades federativas"".

El ISSTE resaltó en el documento interno que en caso de que la demanda de servicios en las unidades médicas requiera de más personal médico, enfermería y paramédico adicional a sus plantillas, se deberá pedir a la Dirección Normativa de Salud para poder gestionar el recurso humano ante la Dirección Normativa de Administración y Finanzas.

""No omito mencionar que, por ningún motivo se deberá poner en riesgo la salud y seguridad de nuestros pacientes, por lo que se les instruye a que en caso de que no se cuente con algún insumo o medicamento en sus unidades médicas y por necesidad urgente, deberán realizar las acciones necesarias para procurar dichos insumos de manera local, siempre anteponiendo la salud de los pacientes, sin dejar de realizar los trámites administrativos correspondientes una vez que se resuelva la urgencia"".

Para finalizar, la Dirección Normativa de Salud, afirmó que el ISSTE estará pendiente al avance de la pandemia en México y apoyará dentro de sus capacidades para afrontar el reto por delante.

Después de dos días de iniciar la aplicación de la dosis de refuerzo de la vacuna contra #COVID19, esta ha sido aplicada a 9600 trabajadores de la salud del #ISSSTE en #CDMX. #TransformandoAlISSSTE pic.twitter.com/cMF9aZ4oba — ISSSTE (@ISSSTE_mx) December 31, 2021

Únete a nuestros grupos para enterarte de las noticias en todo momento:

WhatsApp: https://chat.whatsapp.com/K1v1E39Ptds2wcQhpomLPp

WhatsApp (2): https://chat.whatsapp.com/FJ98jiimd4EHDerCQv0Kjk

Telegram: https://t.me/joinchat/8ARfcQNqlWUzZWRh

También te puede interesar:

Recortes de presupuesto ponen en riesgo la ENAH

¡Prepara el viaje! Te compartimos los días festivos del 2022 en México

¡Prepara el viaje! Te compartimos los días festivos del 2022 en México",push,"The article discusses the fourth wave of COVID-19 in Mexico, emphasizing an increase in cases and hospitalizations due to the Omnicron variant. The ISSSTE is preparing for a potential surge in new cases and hospitalizations by reinforcing medical care and resources.",mistral:7b,push,"The article discusses the fourth wave of COVID-19 in Mexico, emphasizing an increase in cases and hospitalizations due to the Omnicron variant. The ISSSTE is preparing for a potential surge in new cases and hospitalizations by reinforcing medical care and resources.",article,4
20220102,190,COMMANDER,,https://www.antaranews.com/berita/2620221/dilan-series-gelar-audisi-terbuka-untuk-cari-pemain,neutral,<no clear migration-related tokens>,mistral:7b,,,,,,,mistral:7b,neutral,<no clear migration-related tokens>,url_1,4
20220102,17,COMMANDER,ISLAMIC,http://www.hispantv.com/noticias/siria/535008/iran-siria-relaciones-cooperacion,neutral,<no clear migration-related tokens>,mistral:7b,,,,,,,mistral:7b,neutral,<no clear migration-related tokens>,url_1,4
20220102,17,COMMANDER,ISLAMIC,http://www.hispantv.com/noticias/siria/535008/iran-siria-relaciones-cooperacion,neutral,<no clear migration-related tokens>,mistral:7b,,,,,,,mistral:7b,neutral,<no clear migration-related tokens>,url_1,4
20220102,195,FIGHTER PLANE,SAUDI,http://www.hispantv.com/noticias/yemen/535011/ataque-saudi-mezquita-muertos,push,attack,mistral:7b,,,,,,,mistral:7b,push,attack,url_1,4
20220102,195,FIGHTER PLANE,SAUDI,http://www.hispantv.com/noticias/yemen/535011/ataque-saudi-mezquita-muertos,push,attack,mistral:7b,,,,,,,mistral:7b,push,attack,url_1,4
20220102,195,FIGHTER PLANE,SAUDI,http://www.hispantv.com/noticias/yemen/535011/ataque-saudi-mezquita-muertos,push,attack,mistral:7b,,,,,,,mistral:7b,push,attack,url_1,4
20220102,70,MILITARY POLICE,,https://g1.globo.com/sp/santos-regiao/noticia/2022/01/02/prefeito-de-peruibe-critica-atuacao-da-policia-militar-contra-pancadoes-no-reveillon-caos-na-seguranca.ghtml,unclear,<URL too short>,mistral:7b,,,,"Prefeito de Peruíbe critica atuação da Polícia Militar contra pancadões no Réveillon: 'caos na segurança' | G1 Santos e Região Prefeito de Peruíbe critica atuação da Polícia Militar contra pancadões no Réveillon: 'caos na segurança' Por meio das redes sociais, Luiz Maurício (PSDB) afirmou que já pediu ajuda ao Secretário de Desenvolvimento Regional, Marco Vinholi, para reforçar a segurança no município durante a temporada de verão. Por g1 Santos 02/01/2022 19h33 Atualizado 02/01/2022 1 de 2 Críticas foram feitas pelas redes sociais do prefeito de Peruíbe, Luiz Mauricio (PSDB). — Foto: Luiz Pinheiro/Prefeitura de Peruíbe Críticas foram feitas pelas redes sociais do prefeito de Peruíbe, Luiz Mauricio (PSDB). — Foto: Luiz Pinheiro/Prefeitura de Peruíbe O prefeito de Peruíbe, no litoral paulista, criticou, na noite deste sábado (1º), a falta de policiamento no município durante o feriado prolongado da Independência. De acordo com Luiz Maurício (PSDB), a cidade não recebeu o aumento de policiais anunciado pelo Governo de São Paulo, a fim de evitar aglomerações. Em sua conta no Twitter, o prefeito Luiz Maurício (PSDB) reclamou o gasto de cerca de R$ 1 milhão com a Operação Verão. ""Mais uma vez tivemos um caos na segurança em Peruíbe"", escreveu. Ele atribuiu a crítica à suposta falta de atuação da polícia para conter pancadões nos últimos dias (veja texto publicado abaixo). 2 de 2 Prefeito de Peruíbe critica atuação da Polícia Militar contra pancadões no Réveillon — Foto: Reprodução Prefeito de Peruíbe critica atuação da Polícia Militar contra pancadões no Réveillon — Foto: Reprodução Mais de 2,3 mil policiais militares foram enviados para reforçar a segurança na Baixada Santista durante a Operação Verão 2021/2022, que começou em dezembro e segue até março. Os policiais já estão na região e o reforço é uma ação do Governo do Estado. Destes, 145 estão em Peruíbe. Polícia Militar O g1 solicitou um posicionamento oficial da Polícia Militar mas, até a última atualização desta matéria, não obteve retorno. No entanto, na página do Instagram do 29º Batalhão da Polícia Militar, um texto publicado rebate as críticas do prefeito. ""As mulheres e homens que compõem o efetivo do 29º Batalhão de Polícia Militar do Interior e o reforço da Operação Verão estão extremamente compromissados para com a defesa da segurança das pessoas que residem e visitam os municípios do Litoral Centro Sul Paulista"", escreveu. O texto diz que os policiais realizaram uma ação de dispersão de multidão na madrugada do sábado (1º) e que foram responsáveis por lavrar quatro flagrantes em Peruíbe, sendo uma prisão por tentativa de roubo e porte ilegal de arma de fogo; uma por violência doméstica; uma por furto qualificado e outra por direção perigosa. VÍDEOS: as notícias mais vistas do g1 Resumo do dia De segunda a sábado, as notícias que você não pode perder diretamente no seu e-mail. Inscreva-se e receba a newsletter Para se inscrever, entre ou crie uma conta Globo gratuita. Ops! Ok Veja também Mais lidas Mais do G1 Guerra faz Copom retirar projeção de novos cortes de juros; entenda Há 6 horas Economia BC dos EUA mantém juros inalterados em meio à guerra Há 6 horas Filho do presidente PF investiga se dinheiro desviado do INSS ajudou a pagar viagens de Lulinha Há 2 horas Jornal Nacional Conflito no Oriente Médio Trump avalia enviar mais tropas e considera operação terrestre no Irã, diz agência Há 3 horas Mundo Bombardeios israelenses atingem maior campo de produção de gás natural do mundo Há 3 horas Jornal Nacional Ataque iraniano volta a acertar campo de gás no Catar; SIGA Há 3 horas Esperando pedido de Trump Porta-voz de Milei diz que Argentina pode dar apoio militar aos EUA no Irã Há 4 horas Mundo Suspeita de vazar informações FBI investiga diretor dos EUA que criticou a guerra ao renunciar, diz site Há 2 horas Mundo Violência 'Você enfiou a mão na minha cara', disse PM a marido dias antes de morrer Há 7 horas São Paulo Justiça torna tenente-coronel réu por feminicídio e fraude processual Há 7 horas 13 pontos e fotos da perícia que embasaram a prisão de tenente-coronel Há 8 horas São Paulo Nascido em Taubaté e há mais de 20 anos na PM: quem é o réu Há 8 horas Policial preso chamava esposa de 'burra' e dizia que 'lugar de mulher é em casa' Há 5 horas São Paulo Tenente-coronel é recebido com abraço de policial em presídio; VÍDEO Há 5 horas Veja mais Deseja receber as notícias mais importantes em tempo real? Ative as notificações do G1! Agora não Ativar Últimas Notícias Globo Notícias © Copyright 2000-2026 Globo Comunicação e Participações S.A. princípios editoriais política de privacidade minha conta anuncie conosco Editorias menu g1 Editorias Agro Editorias Agro Primeira Página Agro de gente pra gente Globo Rural Carnaval 2026 Editorias Carnaval 2026 primeira página Rio de Janeiro São Paulo Pernambuco Minas Gerais Carros Editorias Carros primeira página Motos Dinheiro sobre rodas Ciência Editorias Ciência Primeira Página Viva Você Economia Editorias Economia Primeira Página Bitcoin Calculadoras Dólar Educação Financeira Imposto de Renda Mídia e Marketing Open banking Educação Editorias Educação Primeira Página Enem Guia de Carreiras Simulado Enem Teste Vocacional Universidades Empreendedorismo​ Editorias Empreendedorismo​ Primeira página pequenas empresas Menos 30 Fest Dia do Empreendedor Fato ou Fake Guia de compras Inovação Loterias Meio Ambiente Editorias Meio Ambiente Primeira Página Amazônia Globo Natureza Sustentabilidade​ Monitor da Violência Mundo Editorias Mundo Primeira página Guerra na Ucrânia Olha que legal Política Editorias Política Primeira Página Eleições 2024 Reforma da Previdência Pop & Arte Editorias Pop & Arte Primeira Página Cinema Diversidade Games Música Tv e séries Circuito Sertanejo The Town Saúde Editorias Saúde Primeira página Bem Estar Coronavirus Tecnologia Trabalho e Carreira​ Editorias Trabalho e Carreira​ Primeira página Concursos Vagas de emprego Turismo e Viagem Editorias Turismo e Viagem Primeira Página Descubra o Brasil Jogos menu g1 Jogos Todos os jogos Soletra Labirinto Combinado Dito Palavras cruzadas Palavras cruzadas mini Sudoku Caça-Palavras Assine Coquetel Guia de Compras menu g1 Guia de Compras Primeira página Casa Celulares Lazer Moda e beleza Presentes Tecnologia Especial Vem Que Tem Guia de Compras Especial Vem Que Tem Mercado Pago Carros Regiões menu g1 Regiões centro-oeste Regiões centro-oeste Distrito Federal centro-oeste Distrito Federal Primeira página Bom Dia DF DF1 DF2 Globo Comunidade DF DF no campo O que fazer no DF Moto Week Goiás centro-oeste Goiás Primeira página Bom Dia GO Bom dia sábado JA 1ª Edição JA 2ª Edição Jornal do Campo Esporte Mercado Imobiliário Mato Grosso centro-oeste Mato Grosso Primeira Página Bom Dia MT MT TV 1ª Edição MT Rural MT TV 2ª Edição Esporte Mato Grosso do Sul centro-oeste Mato Grosso do Sul Primeira Página Bom Dia MS MS TV 1ª Edição MS TV 2ª Edição MS Rural Esporte nordeste Regiões nordeste Alagoas nordeste Alagoas Primeira Página Esporte Bahia nordeste Bahia Primeira Página Jornal da manhã Bahia Meio Dia BATV Bahia Rural Esporte Ceará nordeste Ceará Primeira Página Bom Dia CE CETV 1ª Edição CETV 2ª Edição NE Rural Esporte Maranhão nordeste Maranhão Primeira Página Bom Dia Mirante JMTV 1ª Edição JMTV 2ª edição Mirante Rural Esporte Daqui Repórter Mirante Paraíba nordeste Paraíba Primeira Página Bom Dia Paraíba JPB 1ª Edição JPB 2ª Edição Paraíba Comunidade Esporte Pernambuco nordeste Pernambuco Recife e região Pernambuco Recife e região Primeira página Bom Dia PE NE 1 NE 2 Espaço PE Globo Comunidade PE Nordeste Viver e Preservar Educação Esporte Praia Limpa São João 2025 Caruaru e região Pernambuco Caruaru e região Primeira Página Bom Dia PE ABTV 1ª Edição ABTV 2ª Edição Globo Comunidade Esporte Paixão de Cristo Petrolina e região Pernambuco Petrolina e região Primeira Página Bom Dia Pernambuco GRTV 1ª Edição GRTV 2ª edição Esporte Piauí nordeste Piauí Primeira Página Bom Dia Piauí Bom dia Sábado PI TV 1ª edição PI TV 2ª Edição Clube Rural Esporte Rio Grande do Norte nordeste Rio Grande do Norte Primeira Página Bom Dia RN RN TV 1ª Edição RN TV 2ª edição Inter TV Rural Esporte Sergipe nordeste Sergipe Primeira página Bom Dia SE SETV 1ª Edição SETV 2ª Edição Estação Agrícola Esporte norte Regiões norte Acre norte Acre Primeira Página Bom Dia Amazônia JAC 1ª Edição JAC 2ª Edição Globo Esporte Acre Amapá norte Amapá Primeira Página Bom Dia Amazônia JAP 1ª Edição JAP 2ª Edição Amazônia Rural Esporte Amazonas norte Amazonas Primeira Página Bom Dia Amazônia JAM 1ª Edição JAM 2ª Edição Amazônia rural Esporte Pará norte Pará Belém e região Pará Belém e região Primeira Página Bom Dia Pará Jornal Liberal 1ª Edição Jornal Liberal 2ª Edição Liberal Comunidade É do Pará Esporte Santarém e região Pará Santarém e região Primeira Página Bom Dia Santarém Jornal Tapajós 1ª Edição Jornal Tapajós 2ª Edição Esporte Rondônia norte Rondônia Primeira Página Bom Dia Amazônia JRO 1ª Edição JRO 2ª Edição Amazônia Ru",push,"criticized lack of policing and security, no increase in police as announced by the government of São Paulo, and stated chaos in security",mistral:7b,push,"criticized lack of policing and security, no increase in police as announced by the government of São Paulo, and stated chaos in security",article,4
20220102,20,NAVAL,AMBASSADOR,https://sipse.com/mexico/las-breves-del-senado-inclusion-y-derechos-de-las-personas-sordas-415533.html,neutral,<no clear migration-related tokens>,mistral:7b,,,,,,,mistral:7b,neutral,<no clear migration-related tokens>,url_1,4
20220102,20,GOLDMAN SACHS,AMERICAN,https://es.investing.com/news/stock-market-news/goldman-sachs-pide-a-sus-empleados-estadounidenses-que-trabajen-desde-casa-hasta-el-18-de-enero-2199115,pull,work-from-home,mistral:7b,,,,,,,mistral:7b,pull,work-from-home,url_1,4
20220102,20,VERIZON,REUTERS,https://es.investing.com/news/stock-market-news/presidentes-ejecutivos-de-att-y-verizon-rechazan-peticion-de-eeuu-de-retrasar-despliegue-del-5g-2199124,neutral,No clear migration-related tokens,mistral:7b,,,,,,,mistral:7b,neutral,No clear migration-related tokens,url_1,4
20220102,120,VERIZON,REUTERS,https://es.investing.com/news/stock-market-news/presidentes-ejecutivos-de-att-y-verizon-rechazan-peticion-de-eeuu-de-retrasar-despliegue-del-5g-2199124,neutral,No clear migration-related tokens,mistral:7b,,,,,,,mistral:7b,neutral,No clear migration-related tokens,url_1,4
20220102,113,PROTESTER,,http://lratvakan.com/news/76958.html,unclear,URL too short,mistral:7b,,,,"Участники акции протеста в центре Киева пошли на штурм кордонов, которые выставлены вокруг квартала правительственных зданий.

На улице Грушевского в Киеве не утихают столкновения протестующих и правоохранителей. На улице стоят несколько разбитых автобусов милиции, один автобус подожгли. Силовики регулярно бросают в толпу дымовые шашки, используют слезоточивый газ.

Ожидается приезд водометов. Об этом сообщают местные СМИ. Использование водометов на морозе угрожает смертями протестующим. При таком температуре может наступить переохлаждение от воды за несколько минут.

Помимо этого, протестующие захватили пять пустых милицейских автобусов. Лидер партии «УДАР» Виталий Кличко призвал протестующих отказаться от силовых действий в отношении правоохранителей, заявив, что это наверняка вызовет ответную реакцию со стороны «Беркута». Политик пообещал договориться о том, чтобы людям открыли проход к зданию Верховной Рады.

Столкновения активистов с милицией начались после так называемого народного вече на Майдане Незалежности, в котором приняли участие несколько сотен тысяч человек. Собравшиеся протестовали против политики действующих властей страны.",push,"war (unrest, violence), repression (use of force by authorities)",mistral:7b,push,"war (unrest, violence), repression (use of force by authorities)",article,4
20220102,113,PROTESTER,,https://lugradar.net/2022/01/337334,unclear,URL too short,mistral:7b,,,,"Содержание:

Париматч — одна из самых известных букмекерских платформ, работающая с 1994 года. За это время бренд завоевал доверие миллионов пользователей в Украине и за рубежом. Сегодня Parimatch предлагает ставки на спорт, казино, покер и другие азартные развлечения. Платформа имеет лицензию Curacao Gaming Authority (no. 157), сотрудничает с ведущими разработчиками игрового софта и обеспечивает защиту данных современными технологиями шифрования.

⚠️ Некоторые ссылки на сайте являются партнерскими. Это значит, что мы можем получать комиссию, если вы зарегистрируетесь или сделаете депозит по одной из них. Это не влияет на содержание и оценки, но помогает развивать проект.

Преимущества Parimatch

Преимущество Описание Надежность и безопасность Современные технологии шифрования обеспечивают защиту данных и честность игр. Широкий выбор азартных игр и ставок Большой ассортимент спортивных событий, казино, покера и других развлечений. Удобная система ввода и вывода средств Быстрые транзакции через популярные платежные системы. Щедрые бонусы и турниры Программы лояльности, кэшбэки и розыгрыши для активных пользователей. Доступ с любого устройства Мобильное приложение Париматч и адаптивная мобильная версия сайта для смартфонов и планшетов. Поддержка 24/7 Оперативные ответы через онлайн-чат, email и телефон. Сертифицированные игры Все слоты и лайв-игры проходят независимое тестирование на честность и соответствие заявленному RTP. Лицензия Curacao Gaming Authority under the National Ordinance on Games of Chance (LOK), P.B. 2024, no. 157

⚠️ Азартные игры могут вызывать зависимость. Перед тем как начать — оцените свои риски. Рекомендуем ознакомиться с разделом «Ответственная игра».

Как войти в Пари Матч

Пари Матч вход выполняется через официальный сайт или мобильное приложение. Для авторизации понадобятся логин (номер телефона, email или номер счета) и пароль, указанные при регистрации. Вход в Париматч доступен с любого устройства — смартфона, планшета или компьютера.

Общий алгоритм входа в Пари Матч:

Откройте сайт Parimatch или запустите приложение. Нажмите кнопку «Войти» в правом верхнем углу. Выберите способ авторизации: номер телефона, номер счета или электронная почта. Введите логин и пароль от своей учетной записи. Нажмите «Войти» для завершения авторизации.

После успешного входа вы попадете в личный кабинет Париматч, откуда доступны ставки, казино, пополнение счета и вывод средств.

Вход в Пари Матч через мобильную версию

Если вы предпочитаете не устанавливать приложение, используйте мобильную версию Parimatch. Пари Матч вход через мобильный браузер работает так же, как и с компьютера — сайт автоматически адаптируется под размер экрана.

Чтобы войти в Пари Матч с телефона без приложения:

Откройте браузер на мобильном устройстве. Перейдите на сайт Parimatch. Нажмите «Войти» в верхнем правом углу. Укажите логин и пароль. Подтвердите вход.

Мобильная версия Parimatch поддерживает все функции десктопного сайта: ставки на спорт, казино, управление балансом и бонусами.

💡 Совет: если не приходит SMS-код — проверьте правильность номера и повторите попытку через 2 минуты. Если проблема сохраняется, обратитесь в поддержку через онлайн-чат.

Вход в казино Пари Матч

Пари Матч вход в казино выполняется через тот же аккаунт, что используется для ставок на спорт. Отдельная регистрация не требуется. После авторизации перейдите в раздел «Казино» в главном меню.

Казино Париматч предлагает широкий выбор развлечений:

Игровые автоматы (слоты) от NetEnt, Novomatic, BetSoft и других провайдеров.

Настольные игры — рулетка, блэкджек, баккара.

Live-казино с реальными дилерами.

Покер и видеопокер.

Все игры сертифицированы независимыми лабораториями и работают на генераторе случайных чисел, что гарантирует честность результатов. Чтобы играть на деньги, необходимо пройти регистрацию, верификацию и пополнить игровой счет.

Вход на сайт Париматч через компьютер

Для входа в Parimatch с компьютера откройте браузер и перейдите на официальный сайт. Нажмите «Войти» и введите данные от своего аккаунта. Процедура авторизации на ПК ничем не отличается от мобильной версии.

Регистрация в Пари Матч

Регистрация в букмекерской конторе Париматч занимает несколько минут. Создать аккаунт можно по номеру телефона или электронной почте. Рекомендуется сразу заполнить все поля анкеты — это ускорит прохождение верификации.

Как зарегистрироваться в Париматч:

Зайдите на сайт Parimatch с любого устройства. Нажмите кнопку «Регистрация» в верхнем правом углу. Укажите email или номер телефона. Придумайте надежный пароль, следуя рекомендациям системы. Нажмите «Зарегистрироваться».

После создания аккаунта необходимо подтвердить личность. Для этого зайдите в личный кабинет, перейдите в раздел «Подтвердить учетную запись», выберите тип документа и загрузите его фотографии. Верификация нужна для вывода средств и полноценного использования всех функций Parimatch.

Перед регистрацией рекомендуется внимательно ознакомиться с правилами платформы.

Скачать Париматч бесплатно

Скачать Париматч можно бесплатно с официального сайта. Приложение Пари Матч доступно для устройств на Android и iOS. Мобильное приложение обеспечивает быстрый доступ к ставкам и казино без необходимости открывать браузер.

Скачать Париматч на Андроид

Чтобы скачать Пари Матч на Андроид бесплатно:

Откройте официальный сайт Parimatch в браузере телефона. На главной странице найдите кнопку «Скачать приложение». Выберите версию для Android — начнется загрузка APK-файла. Если загрузка не началась, проверьте настройки устройства: разрешите установку приложений из неизвестных источников. После загрузки откройте файл и установите приложение.

После установки запустите приложение Париматч, войдите в свой аккаунт или пройдите регистрацию.

Скачать Париматч на Айфон

Скачать приложение Пари Матч на iPhone можно через App Store или с официального сайта:

Перейдите на сайт Parimatch с вашего iPhone. Нажмите «Скачать приложение» и выберите версию для iOS. Вы будете перенаправлены в App Store — нажмите «Загрузить». После установки откройте приложение и авторизуйтесь.

Мобильное приложение Париматч

Мобильное приложение Пари Матч — это полноценная версия платформы для смартфонов. Приложение Париматч предоставляет те же возможности, что и десктопный сайт:

Ставки на спорт в прематче и лайве.

Казино и игровые автоматы.

Пополнение счета и вывод средств.

Push-уведомления о результатах и акциях.

Управление бонусами и промокодами.

Приложение работает стабильно даже при слабом интернет-соединении и потребляет меньше трафика, чем мобильная версия сайта в браузере. Для входа в Пари Матч через приложение используйте тот же логин и пароль, что и на сайте.

Личный кабинет Пари Матч

После входа в Париматч игрок получает доступ к личному кабинету с расширенным функционалом:

Пополнение игрового счета и вывод средств.

Выбор и активация бонусов.

Статистика использованных поощрений от букмекера.

Финансовая отчетность с фильтрацией по дате.

Изменение персональных данных.

Прохождение верификации.

Обращение в службу поддержки.

Настройки аккаунта и безопасности.

Личный кабинет Parimatch позволяет полноценно управлять аккаунтом, контролировать финансы и использовать все функции букмекерской конторы и казино.

Проблемы со входом в Париматч

Рассмотрим распространенные ситуации, когда вход в Пари Матч может быть затруднен.

Блокировка сайта. В некоторых регионах доступ к Parimatch может быть ограничен. В этом случае попробуйте использовать VPN или Proxy для обхода блокировки. Также можно скачать приложение Париматч — оно работает независимо от ограничений браузера.

Забыт пароль. Нажмите «Забыл пароль» на странице входа, укажите email или номер телефона и следуйте инструкции для сброса пароля.

Неверные данные. Убедитесь, что логин и пароль введены корректно. Проверьте раскладку клавиатуры и регистр символов.

Технические неполадки. Попробуйте очистить кеш браузера, обновить страницу или использовать другой браузер. Если проблема сохраняется, обратитесь в службу поддержки Париматч — специалисты работают круглосуточно через онлайн-чат, email и телефон.",neutral,"Article discusses a sports betting and casino platform, not migration",mistral:7b,neutral,"Article discusses a sports betting and casino platform, not migration",article,4
20220102,112,DETAINEE,BELARUSIAN,http://www.kvir.ru/author/andre-galinin/,neutral,No clear migration-related tokens,mistral:7b,,,,,,,mistral:7b,neutral,No clear migration-related tokens,url_1,4
20220102,190,DETAINEE,BELARUSIAN,http://www.kvir.ru/author/andre-galinin/,neutral,No clear migration-related tokens,mistral:7b,,,,,,,mistral:7b,neutral,No clear migration-related tokens,url_1,4
20220102,141,DEMONSTRATOR,CALGARY,https://www.journaldemontreal.com/2022/01/02/manifestations-anti-covid-un-pasteur-et-son-frere-arretes-par-calgary,push,manifestations-anti-covid,mistral:7b,,,,,,,mistral:7b,push,manifestations-anti-covid,url_1,4
20220102,145,PROTESTER,SECURITY FORCE,https://www.expressen.se/nyheter/efter-protesterna--sudans-premiarminister-avgar/,unclear,URL too short,mistral:7b,,,,"Minst 56 personer har dött i oroligheterna i landet den senaste tiden, enligt Sudans läkarkommitté.

Beskedet kommer samma dag som två personer dött i våldsamma demonstrationer.

Annons

Foto: OMER MESSINGER / EPA / TT / EPA TT NYHETSBYRÅN Öppna bild i helskärm Protester i Khartoum på juldagen. Foto: MARWAN ALI / AP TT NYHETSBYRÅN Öppna bild i helskärm

På söndagen samlades tusentals demonstranter i staden Omdurman, för att protestera mot den militärjunta som styr landet sedan i oktober i fjol. Under oroligheterna dog minst två personer.

Juntan, under ledning av general Abdel Fattah a-Burhan, grep makten i en kupp mot premiärministern Abdalla Hamdok den 25 oktober. Han vägrade först att lämna övermakten, men sattes i husarrest av militären.

”Jag har gjort mitt bästa”

Hamdok blev dock återigen premiärminister i november efter att han och al-Burhan kom överens om att dela på makten mellan civila institutioner och militär – vilket ledde till omfattande gatuprotester, som pågått sedan dess.

På söndagen avgick Abdalla Hamdok på grund av dödläget med militären.

– Jag har gjort mitt bästa för att förhindra landet från att gå mot en katastrof, sade han i den statliga televisionen enligt SVT.

I torsdags sköts fem personer ihjäl i huvudstaden Khartoum, då säkerhetsstyrkor drabbade samman med demonstranter. Minst 56 personer har dött under oroligheterna, enligt Sudans läkarkommitté, skriver AP.",push,"war, violence, persecution",mistral:7b,push,"war, violence, persecution",article,4
20220102,190,ACTIVIST,POLICE,http://lratvakan.com/news/76958.html,unclear,URL too short,mistral:7b,,,,"Участники акции протеста в центре Киева пошли на штурм кордонов, которые выставлены вокруг квартала правительственных зданий.

На улице Грушевского в Киеве не утихают столкновения протестующих и правоохранителей. На улице стоят несколько разбитых автобусов милиции, один автобус подожгли. Силовики регулярно бросают в толпу дымовые шашки, используют слезоточивый газ.

Ожидается приезд водометов. Об этом сообщают местные СМИ. Использование водометов на морозе угрожает смертями протестующим. При таком температуре может наступить переохлаждение от воды за несколько минут.

Помимо этого, протестующие захватили пять пустых милицейских автобусов. Лидер партии «УДАР» Виталий Кличко призвал протестующих отказаться от силовых действий в отношении правоохранителей, заявив, что это наверняка вызовет ответную реакцию со стороны «Беркута». Политик пообещал договориться о том, чтобы людям открыли проход к зданию Верховной Рады.

Столкновения активистов с милицией начались после так называемого народного вече на Майдане Незалежности, в котором приняли участие несколько сотен тысяч человек. Собравшиеся протестовали против политики действующих властей страны.",push,"violence, repression, danger from water cannons in cold weather",mistral:7b,push,"violence, repression, danger from water cannons in cold weather",article,4
20220102,42,DEMONSTRATOR,GOVERNMENT,https://lugradar.net/2022/01/337334,unclear,URL too short,mistral:7b,,,,"Содержание:

Париматч — одна из самых известных букмекерских платформ, работающая с 1994 года. За это время бренд завоевал доверие миллионов пользователей в Украине и за рубежом. Сегодня Parimatch предлагает ставки на спорт, казино, покер и другие азартные развлечения. Платформа имеет лицензию Curacao Gaming Authority (no. 157), сотрудничает с ведущими разработчиками игрового софта и обеспечивает защиту данных современными технологиями шифрования.

⚠️ Некоторые ссылки на сайте являются партнерскими. Это значит, что мы можем получать комиссию, если вы зарегистрируетесь или сделаете депозит по одной из них. Это не влияет на содержание и оценки, но помогает развивать проект.

Преимущества Parimatch

Преимущество Описание Надежность и безопасность Современные технологии шифрования обеспечивают защиту данных и честность игр. Широкий выбор азартных игр и ставок Большой ассортимент спортивных событий, казино, покера и других развлечений. Удобная система ввода и вывода средств Быстрые транзакции через популярные платежные системы. Щедрые бонусы и турниры Программы лояльности, кэшбэки и розыгрыши для активных пользователей. Доступ с любого устройства Мобильное приложение Париматч и адаптивная мобильная версия сайта для смартфонов и планшетов. Поддержка 24/7 Оперативные ответы через онлайн-чат, email и телефон. Сертифицированные игры Все слоты и лайв-игры проходят независимое тестирование на честность и соответствие заявленному RTP. Лицензия Curacao Gaming Authority under the National Ordinance on Games of Chance (LOK), P.B. 2024, no. 157

⚠️ Азартные игры могут вызывать зависимость. Перед тем как начать — оцените свои риски. Рекомендуем ознакомиться с разделом «Ответственная игра».

Как войти в Пари Матч

Пари Матч вход выполняется через официальный сайт или мобильное приложение. Для авторизации понадобятся логин (номер телефона, email или номер счета) и пароль, указанные при регистрации. Вход в Париматч доступен с любого устройства — смартфона, планшета или компьютера.

Общий алгоритм входа в Пари Матч:

Откройте сайт Parimatch или запустите приложение. Нажмите кнопку «Войти» в правом верхнем углу. Выберите способ авторизации: номер телефона, номер счета или электронная почта. Введите логин и пароль от своей учетной записи. Нажмите «Войти» для завершения авторизации.

После успешного входа вы попадете в личный кабинет Париматч, откуда доступны ставки, казино, пополнение счета и вывод средств.

Вход в Пари Матч через мобильную версию

Если вы предпочитаете не устанавливать приложение, используйте мобильную версию Parimatch. Пари Матч вход через мобильный браузер работает так же, как и с компьютера — сайт автоматически адаптируется под размер экрана.

Чтобы войти в Пари Матч с телефона без приложения:

Откройте браузер на мобильном устройстве. Перейдите на сайт Parimatch. Нажмите «Войти» в верхнем правом углу. Укажите логин и пароль. Подтвердите вход.

Мобильная версия Parimatch поддерживает все функции десктопного сайта: ставки на спорт, казино, управление балансом и бонусами.

💡 Совет: если не приходит SMS-код — проверьте правильность номера и повторите попытку через 2 минуты. Если проблема сохраняется, обратитесь в поддержку через онлайн-чат.

Вход в казино Пари Матч

Пари Матч вход в казино выполняется через тот же аккаунт, что используется для ставок на спорт. Отдельная регистрация не требуется. После авторизации перейдите в раздел «Казино» в главном меню.

Казино Париматч предлагает широкий выбор развлечений:

Игровые автоматы (слоты) от NetEnt, Novomatic, BetSoft и других провайдеров.

Настольные игры — рулетка, блэкджек, баккара.

Live-казино с реальными дилерами.

Покер и видеопокер.

Все игры сертифицированы независимыми лабораториями и работают на генераторе случайных чисел, что гарантирует честность результатов. Чтобы играть на деньги, необходимо пройти регистрацию, верификацию и пополнить игровой счет.

Вход на сайт Париматч через компьютер

Для входа в Parimatch с компьютера откройте браузер и перейдите на официальный сайт. Нажмите «Войти» и введите данные от своего аккаунта. Процедура авторизации на ПК ничем не отличается от мобильной версии.

Регистрация в Пари Матч

Регистрация в букмекерской конторе Париматч занимает несколько минут. Создать аккаунт можно по номеру телефона или электронной почте. Рекомендуется сразу заполнить все поля анкеты — это ускорит прохождение верификации.

Как зарегистрироваться в Париматч:

Зайдите на сайт Parimatch с любого устройства. Нажмите кнопку «Регистрация» в верхнем правом углу. Укажите email или номер телефона. Придумайте надежный пароль, следуя рекомендациям системы. Нажмите «Зарегистрироваться».

После создания аккаунта необходимо подтвердить личность. Для этого зайдите в личный кабинет, перейдите в раздел «Подтвердить учетную запись», выберите тип документа и загрузите его фотографии. Верификация нужна для вывода средств и полноценного использования всех функций Parimatch.

Перед регистрацией рекомендуется внимательно ознакомиться с правилами платформы.

Скачать Париматч бесплатно

Скачать Париматч можно бесплатно с официального сайта. Приложение Пари Матч доступно для устройств на Android и iOS. Мобильное приложение обеспечивает быстрый доступ к ставкам и казино без необходимости открывать браузер.

Скачать Париматч на Андроид

Чтобы скачать Пари Матч на Андроид бесплатно:

Откройте официальный сайт Parimatch в браузере телефона. На главной странице найдите кнопку «Скачать приложение». Выберите версию для Android — начнется загрузка APK-файла. Если загрузка не началась, проверьте настройки устройства: разрешите установку приложений из неизвестных источников. После загрузки откройте файл и установите приложение.

После установки запустите приложение Париматч, войдите в свой аккаунт или пройдите регистрацию.

Скачать Париматч на Айфон

Скачать приложение Пари Матч на iPhone можно через App Store или с официального сайта:

Перейдите на сайт Parimatch с вашего iPhone. Нажмите «Скачать приложение» и выберите версию для iOS. Вы будете перенаправлены в App Store — нажмите «Загрузить». После установки откройте приложение и авторизуйтесь.

Мобильное приложение Париматч

Мобильное приложение Пари Матч — это полноценная версия платформы для смартфонов. Приложение Париматч предоставляет те же возможности, что и десктопный сайт:

Ставки на спорт в прематче и лайве.

Казино и игровые автоматы.

Пополнение счета и вывод средств.

Push-уведомления о результатах и акциях.

Управление бонусами и промокодами.

Приложение работает стабильно даже при слабом интернет-соединении и потребляет меньше трафика, чем мобильная версия сайта в браузере. Для входа в Пари Матч через приложение используйте тот же логин и пароль, что и на сайте.

Личный кабинет Пари Матч

После входа в Париматч игрок получает доступ к личному кабинету с расширенным функционалом:

Пополнение игрового счета и вывод средств.

Выбор и активация бонусов.

Статистика использованных поощрений от букмекера.

Финансовая отчетность с фильтрацией по дате.

Изменение персональных данных.

Прохождение верификации.

Обращение в службу поддержки.

Настройки аккаунта и безопасности.

Личный кабинет Parimatch позволяет полноценно управлять аккаунтом, контролировать финансы и использовать все функции букмекерской конторы и казино.

Проблемы со входом в Париматч

Рассмотрим распространенные ситуации, когда вход в Пари Матч может быть затруднен.

Блокировка сайта. В некоторых регионах доступ к Parimatch может быть ограничен. В этом случае попробуйте использовать VPN или Proxy для обхода блокировки. Также можно скачать приложение Париматч — оно работает независимо от ограничений браузера.

Забыт пароль. Нажмите «Забыл пароль» на странице входа, укажите email или номер телефона и следуйте инструкции для сброса пароля.

Неверные данные. Убедитесь, что логин и пароль введены корректно. Проверьте раскладку клавиатуры и регистр символов.

Технические неполадки. Попробуйте очистить кеш браузера, обновить страницу или использовать другой браузер. Если проблема сохраняется, обратитесь в службу поддержки Париматч — специалисты работают круглосуточно через онлайн-чат, email и телефон.",neutral,The article is about a betting platform (Parimatch) and does not discuss conditions that may cause people to leave or arrive in any particular country.,mistral:7b,neutral,The article is about a betting platform (Parimatch) and does not discuss conditions that may cause people to leave or arrive in any particular country.,article,4
20220102,46,DEMONSTRATOR,MINIST,https://www.journaldemontreal.com/2022/01/02/manifestations-anti-covid-un-pasteur-et-son-frere-arretes-par-calgary,unclear,<URL too short>,mistral:7b,,,,"Un pasteur connu pour ses positions anti-mesures sanitaires et son frère ont été arrêtés et accusés, samedi, après avoir manifesté sur le terrain du ministre de la Santé de l’Alberta.

• À lire aussi: L’exaspération se fait ressentir aux centres de dépistage

Le pasteur Artur Pawlowski et son frère Dawid, qui ont déjà fait face à la justice pour avoir défié les règles sanitaires par le passé, ont rejoint une cinquantaine de manifestants devant la demeure du ministre Jason Copping.

La police de Calgary a confirmé qu'elle a arrêté deux manifestants parce qu'ils violaient une ordonnance de la cour, sans dévoiler leurs noms. Cependant, une vidéo publiée sur la page Facebook du pasteur controversé montre l’arrestation de ce dernier et de son frère peu de temps après la manifestation, alors qu’ils se trouvent en voiture.

«C’est ce qui se produit lorsque vous vivez au China-da, s’est insurgé Artur en se filmant. Vous allez vous faire arrêter par la Gestapo.»

La vidéo, d’une durée d’un peu plus de sept minutes, recèle un vaste éventail de références au nazisme, le pasteur allant jusqu’à rebaptiser le premier ministre Jason Kenney du nom de «Adolf Kenney».

Plus tard, au cours de l’arrestation des deux frères, on entend une troisième personne dans le véhicule, qui filme toute la scène, traiter les policiers de Calgary de «nazis» et se moquer d’eux.

L’avocate des deux frères, Sarah Miller, a confirmé au Calgary Herald que les Pawlowski ont été accusés de bris d’ordonnance.

Le premier ministre s’est désolé de la tournure de cette soirée du jour de l’An. «Tous les Albertains ont le droit de manifester pacifiquement. Ce droit ne permet pas d’empiéter sur les terrains de maisons privées et de harceler les familles des gens du service public», s’est-il insurgé sur Twitter.

«Malheureusement, ce n’est pas la première fois que cette portion des conspirationnistes antivaccins tente d’intimider des élus du gouvernement de cette façon. Je suis certain que la majorité des Albertains rejettent cette forme d’extrémisme», a-t-il ajouté.

À VOIR AUSSI",push,"The article discusses a pastor being arrested for protesting against health measures, using Nazi references and insults towards the police, indicating a push factor as they may leave due to perceived oppression or conflict with authorities.",mistral:7b,push,"The article discusses a pastor being arrested for protesting against health measures, using Nazi references and insults towards the police, indicating a push factor as they may leave due to perceived oppression or conflict with authorities.",article,4
20220102,145,DEMONSTRATOR,GOVERNMENT,http://lratvakan.com/news/76958.html,unclear,<URL too short>,mistral:7b,,,,"Участники акции протеста в центре Киева пошли на штурм кордонов, которые выставлены вокруг квартала правительственных зданий.

На улице Грушевского в Киеве не утихают столкновения протестующих и правоохранителей. На улице стоят несколько разбитых автобусов милиции, один автобус подожгли. Силовики регулярно бросают в толпу дымовые шашки, используют слезоточивый газ.

Ожидается приезд водометов. Об этом сообщают местные СМИ. Использование водометов на морозе угрожает смертями протестующим. При таком температуре может наступить переохлаждение от воды за несколько минут.

Помимо этого, протестующие захватили пять пустых милицейских автобусов. Лидер партии «УДАР» Виталий Кличко призвал протестующих отказаться от силовых действий в отношении правоохранителей, заявив, что это наверняка вызовет ответную реакцию со стороны «Беркута». Политик пообещал договориться о том, чтобы людям открыли проход к зданию Верховной Рады.

Столкновения активистов с милицией начались после так называемого народного вече на Майдане Незалежности, в котором приняли участие несколько сотен тысяч человек. Собравшиеся протестовали против политики действующих властей страны.",push,"violence, repression, danger from water cannons on cold temperature",mistral:7b,push,"violence, repression, danger from water cannons on cold temperature",article,4
20220102,145,DEMONSTRATOR,GOVERNMENT,https://lugradar.net/2022/01/337334,neutral,<no clear migration-related tokens>,mistral:7b,,,,,,,mistral:7b,neutral,<no clear migration-related tokens>,url_1,4
20220102,130,PRISONER,TEL AVIV,http://www.hispantv.com/noticias/palestina/535010/preso-israel-huelga-hambre,push,taken|israel,mistral:7b,,,,,,,mistral:7b,push,taken|israel,url_1,4
20220102,20,ACTIVIST,NATIONAL ASSEMBLY,http://lratvakan.com/news/76958.html,unclear,<URL too short>,mistral:7b,,,,"Участники акции протеста в центре Киева пошли на штурм кордонов, которые выставлены вокруг квартала правительственных зданий.

На улице Грушевского в Киеве не утихают столкновения протестующих и правоохранителей. На улице стоят несколько разбитых автобусов милиции, один автобус подожгли. Силовики регулярно бросают в толпу дымовые шашки, используют слезоточивый газ.

Ожидается приезд водометов. Об этом сообщают местные СМИ. Использование водометов на морозе угрожает смертями протестующим. При таком температуре может наступить переохлаждение от воды за несколько минут.

Помимо этого, протестующие захватили пять пустых милицейских автобусов. Лидер партии «УДАР» Виталий Кличко призвал протестующих отказаться от силовых действий в отношении правоохранителей, заявив, что это наверняка вызовет ответную реакцию со стороны «Беркута». Политик пообещал договориться о том, чтобы людям открыли проход к зданию Верховной Рады.

Столкновения активистов с милицией начались после так называемого народного вече на Майдане Незалежности, в котором приняли участие несколько сотен тысяч человек. Собравшиеся протестовали против политики действующих властей страны.",push,"war, violence, repression",mistral:7b,push,"war, violence, repression",article,4
20220102,20,ACTIVIST,NATIONAL ASSEMBLY,https://lugradar.net/2022/01/337334,neutral,<no clear migration-related tokens>,mistral:7b,,,,,,,mistral:7b,neutral,<no clear migration-related tokens>,url_1,4
20220102,42,MACHU PICCHU,,https://www.segnidalcielo.it/peru-un-turista-fotografa-un-ufo-sullantica-citta-di-machu-picchu/,pull,tourist|photographs|UFO|about the ancient|city|of|machu|picchu,mistral:7b,,,,,,,mistral:7b,pull,tourist|photographs|UFO|about the ancient|city|of|machu|picchu,url_1,4
20220102,20,POLAND,UKRAINIAN,https://www.volynnews.com/news/all/chomu-v-polshchi-vse-chastishe-napadaiut-na-zarobitchan-z-ukrayiny/,push,vse|chastishe|napadaiut|na|zarobitchan|z|ukrayiny,mistral:7b,,,,,,,mistral:7b,push,vse|chastishe|napadaiut|na|zarobitchan|z|ukrayiny,url_1,4
20220102,20,POLAND,UKRAINIAN,https://www.volynnews.com/news/all/chomu-v-polshchi-vse-chastishe-napadaiut-na-zarobitchan-z-ukrayiny/,push,vse|chastishe|napadaiut|na|zarobitchan|z|ukrayiny,mistral:7b,,,,,,,mistral:7b,push,vse|chastishe|napadaiut|na|zarobitchan|z|ukrayiny,url_1,4
20220102,90,POLISH,UKRAINIAN,https://www.volynnews.com/news/all/chomu-v-polshchi-vse-chastishe-napadaiut-na-zarobitchan-z-ukrayiny/,push,vse|chastishe|napadaiut|na|zarobitchan|z|ukrayiny,mistral:7b,,,,,,,mistral:7b,push,vse|chastishe|napadaiut|na|zarobitchan|z|ukrayiny,url_1,4
20220102,90,POLISH,UKRAINIAN,https://www.volynnews.com/news/all/chomu-v-polshchi-vse-chastishe-napadaiut-na-zarobitchan-z-ukrayiny/,pull,zarobitchan-z-ukrayiny,mistral:7b,,,,,,,mistral:7b,pull,zarobitchan-z-ukrayiny,url_1,4
20220102,20,POLAND,UKRAINIAN,https://www.volynnews.com/news/all/chomu-v-polshchi-vse-chastishe-napadaiut-na-zarobitchan-z-ukrayiny/,pull,zarobitchan-z-ukrayiny,mistral:7b,,,,,,,mistral:7b,pull,zarobitchan-z-ukrayiny,url_1,4
20220102,90,POLISH,UKRAINIAN,https://www.volynnews.com/news/all/chomu-v-polshchi-vse-chastishe-napadaiut-na-zarobitchan-z-ukrayiny/,pull,zarobitchan-z-ukrayiny,mistral:7b,,,,,,,mistral:7b,pull,zarobitchan-z-ukrayiny,url_1,4
20220102,90,POLAND,UKRAINE,https://www.volynnews.com/news/all/chomu-v-polshchi-vse-chastishe-napadaiut-na-zarobitchan-z-ukrayiny/,pull,zarobitchan-z-ukrayiny,mistral:7b,,,,,,,mistral:7b,pull,zarobitchan-z-ukrayiny,url_1,4
20220102,43,LISBON,GERMAN,https://naslovi.net/2022-01-03/blic/zarobljeni-u-luci-nemacki-kruzer-usidren-do-daljeg-u-lisabonu-zbog-izbijanja-epidemije-korona-virusa/29657724,push,epidemic-corona-virus,mistral:7b,,,,,,,mistral:7b,push,epidemic-corona-virus,url_1,4
20220102,43,LISBON,GERMAN,https://naslovi.net/2022-01-03/blic/zarobljeni-u-luci-nemacki-kruzer-usidren-do-daljeg-u-lisabonu-zbog-izbijanja-epidemije-korona-virusa/29657724,push,epidemic-corona-virus,mistral:7b,,,,,,,mistral:7b,push,epidemic-corona-virus,url_1,4
20220102,20,PALESTINIAN,,http://www.hispantv.com/noticias/palestina/535010/preso-israel-huelga-hambre,unclear,none found in the URL,mistral:7b,,,,"En Palestina, continúan las movilizaciones para pedir la libertad para el preso, Hisham Abu Hawash, en huelga de hambre en cárceles israelíes desde hace 139 días.

Los palestinos siguen reclamando justicia para Hisham Abu Hawash, encarcelado en Israel y en un “estado crítico” al cabo de cuatro meses de huelga de hambre, en rechazo a su detención “arbitraria”, sin ser imputado ni procesado.

En diferentes partes de la ciudad cisjordana de Al-Jalil, incluido el pueblo de Dura, los ciudadanos y familiares de Abu Hawash, pidieron su liberación inmediata.

La asediada Franja de Gaza también fue escenario de un acto en solidaridad con Abu Hawash. Los participantes, congregados frente a la sede del Alto Comisionado de las Naciones Unidas para los Derechos Humanos, denunciaron el silencio de las instituciones internacionales ante la criminal detención de Abu Hawash.

Desde el movimiento de Resistencia Islámica de Palestina (HAMAS) advirtieron que Tel Aviv tiene plena responsabilidad por la vida del preso.

Ahmed al-Mudalal, un líder de Yihad Islámica Palestina, advirtió a su vez al régimen israelí de respuestas si algo le pasa al preso Abu Hawash.

El Comité internacional de la Cruz Roja (CICR) aseveró, el sábado, que los grupos médicos que visitaron a Abu Hawash, lo hallaron en estado crítico, por lo que se declararon “preocupados por las consecuencias irreversibles para su salud y por su posible trágica muerte”.

mag/hnb",push,"Hisham Abu Hawash on hunger strike for 139 days in Israeli prisons, denied imputation or trial, Palestinian and Gaza citizens demanding his immediate release, CICR concerned about his critical health condition",mistral:7b,push,"Hisham Abu Hawash on hunger strike for 139 days in Israeli prisons, denied imputation or trial, Palestinian and Gaza citizens demanding his immediate release, CICR concerned about his critical health condition",article,4
20220102,1831,SUICIDE BOMBER,KABUL,https://www.journaldemontreal.com/2022/01/02/en-afghanistan-les-femmes-victimes-de-violences-abandonnees-a-leur-sort-1,pull,asylum,mistral:7b,,,,,,,mistral:7b,pull,asylum,url_1,4
20220102,42,SAINT,,https://g1.globo.com/sp/santos-regiao/porto-mar/noticia/2022/01/02/anvisa-reforca-urgencia-em-acabar-com-temporada-de-cruzeiros-e-fala-em-risco-a-saude-publica.ghtml,unclear,none found in the URL,mistral:7b,,,,"Anvisa reforça 'urgência' em acabar com temporada de cruzeiros e fala em 'risco à saúde pública'

MSC Splendida tinha previsão de iniciar uma nova viagem neste domingo (2), mas passageiros receberam o comunicado sobre o cancelamento no início da noite. Apesar disso, Anvisa afirma que empresa já havia sido notificada sobre impossibilidade de embarque no sábado (1º).",unclear,"The article is about the cancellation of a cruise ship's journey due to unspecified reasons, which does not directly indicate migration pressure.",mistral:7b,unclear,"The article is about the cancellation of a cruise ship's journey due to unspecified reasons, which does not directly indicate migration pressure.",article,4
20220102,14,ROMANIA,,https://ziare.com/sorin-grindeanu/grindeanu-acuzatii-drula-autostrada-brasov-ploiesti-licitatie-studiu-fezabilitate-1718214,neutral,none found in the URL,mistral:7b,,,,,,,mistral:7b,neutral,none found in the URL,url_1,4
20220102,130,RUSSIAN,EGYPTIAN,https://aif.ru/society/genkonsulstvo_rf_v_hurgade_predupredilo_o_zaderzhkah_reysov_iz-za_nepogody,push,flight delays (delaed flignz),mistral:7b,,,,,,,mistral:7b,push,flight delays (delaed flignz),url_1,4
20220102,46,RUSSIA,TURKEY,https://www.geopolitica.ru/news/putin-i-erdogan-obsudili-garantii-bezopasnosti-mezhdu-rf-i-nato,neutral,unclear,mistral:7b,,,,,,,mistral:7b,neutral,unclear,url_1,4
20220102,112,RUSSIA,UKRAINE,https://www.cas.sk/cl/1003185/2626559/biden-telefonoval-s-ukrajinskym-prezidentom-usa-budu-na-rusku-invaziu-reagovat,push,Russian invasion,mistral:7b,,,,,,,mistral:7b,push,Russian invasion,url_1,4
20220102,120,RUSSIA,UKRAINE,https://www.cas.sk/cl/1003185/2626559/biden-telefonoval-s-ukrajinskym-prezidentom-usa-budu-na-rusku-invaziu-reagovat,push,Russian invasion,mistral:7b,,,,,,,mistral:7b,push,Russian invasion,url_1,4
20220102,120,RUSSIA,UKRAINE,https://www.cas.sk/cl/1003185/2626559/biden-telefonoval-s-ukrajinskym-prezidentom-usa-budu-na-rusku-invaziu-reagovat,push,Russian invasion,mistral:7b,,,,,,,mistral:7b,push,Russian invasion,url_1,4
20220102,46,VLADIMIR,JOE BIDEN,https://gazeta.ua/articles/politics/_rozmova-zelenskogo-ta-bajdena-pro-scho-govorili-lideri/1065472,unclear,unclear,mistral:7b,,,,"Президенти США та України провели телефонну розмову. Фото: Reuters

2 січня президенти США та України Джо Байден і Володимир Зеленський провели телефонну розмову.

Під час перемовин американський лідер чітко дав зрозуміти, що США із союзниками й партнерами дадуть рішучу відповідь, якщо Росія вторгнеться в Україну.

""Байден підкреслив прихильність США, їхніх союзників і партнерів принципу ""нічого про вас без вас"", - ідеться в повідомленні Білого дому.

Також він підтвердив відданість США суверенітету й територіальній цілісності України. І висловив підтримку заходам зміцнення довіри для деескалації напруженості на Донбасі та активній дипломатії для впровадження Мінських домовленостей на підтримку ""нормандського формату"".

Лідери також висловили підтримку дипломатичним зусиллям, які розпочнуться наступного тижня з двостороннього діалогу про стратегічну стабільність, у НАТО через Раду Росія-НАТО та в Організації з безпеки й співробітництва в Європі.

ЧИТАЙТЕ ТАКОЖ: Україна отримає додаткову допомогу від США

Президенти РФ і США Володимир Путін і Джо Байден провели телефонну розмову вдруге за місяць. Головна тема - агресія РФ проти України.",neutral,"The article discusses a phone call between the presidents of the U.S. and Ukraine regarding potential Russian aggression towards Ukraine, but it does not explicitly mention conditions that may cause people to leave or arrive in either country.",mistral:7b,neutral,"The article discusses a phone call between the presidents of the U.S. and Ukraine regarding potential Russian aggression towards Ukraine, but it does not explicitly mention conditions that may cause people to leave or arrive in either country.",article,4
20220102,40,RUSSIA,PRESIDENT,https://tsn.ua/ru/politika/bayden-i-zelenskiy-proveli-telefonnye-peregovory-chto-izvestno-1945450.html,unclear,unclear,mistral:7b,,,,"Байден и Зеленский провели телефонные переговоры: что известно — Политика ТСН в социальных сетях facebook youtube tiktok instagram telegram viber x ru Язык сайта ua en Меню Сегодня: чтв, 19 марта Курс валют: $43.75 €50.31 Погода: +17° Локация: Киев Все публикации Лучшее с YouTube Эксклюзив ТСН Украина Политика Война Гламур Проспорт Леди Здоровье Астрология Видео Рецепты Экономика Киев Львов Курьезы Популярные теги Выпуски ТСН Мир Туризм Авто Наука и IT Помощь Другое Редакция Еще Live поиск Live Все публикации Лучшее с YouTube Эксклюзив ТСН Украина Политика Война Гламур Проспорт Леди Здоровье Астрология Видео Рецепты Экономика Киев Львов Курьезы Популярные теги Выпуски ТСН Мир Туризм Авто Наука и IT Помощь Другое Редакция Локация: Киев ТСН в социальных сетях facebook youtube tiktok instagram telegram viber x ТСН Политика Дата публикации 00:33, 03.01.22 Категория Политика Количество просмотров 37k Время на прочтение 2 мин Байден и Зеленский провели телефонные переговоры: что известно Байден подчеркнул, что в случае вторжения в Украину РФ получит ""решительный ответ"" от США и их союзников и партнеров. Автор публикации Оксана Сопрович Поделиться Поделиться: Facebook X Whatsapp Telegram Viber Скопировать ссылку © Associated Press Реклама Президент США Джо Байден в воскресенье, 2 января, провел телефонные переговоры с украинским лидером Владимиром Зеленским. Об этом сообщается на сайте Белого дома . Отмечается, что во время переговоров американский лидер четко дал понять, что в случае вторжения в Украину Россия получит ""решительный ответ"" от США и их союзников и партнеров. Реклама Читайте также Дата публикации 03:40, 31.12.21 Категория Политика Количество просмотров 3422 Стало известно, кто возглавит делегацию США на переговорах с РФ: подробности Автор публикации Елена Кузьмич ""Президент Байден выразил приверженность США, их союзников и партнеров принципу ""ничего о вас без вас"", — говорится в заявлении пресс-секретаря Белого дома Джен Псаки. Кроме того, американский лидер ""выразил поддержку мерам по укреплению доверия для деэскалации напряженности на Донбассе и активной дипломатии для продвижения имплементации Минских договоренностей в поддержку Нормандского формата"". Указывается, что Байден подтвердил приверженность США суверенитету и территориальной целостности Украины. Читайте также Дата публикации 02:48, 31.12.21 Категория Политика Количество просмотров 4039 Откровенный и деловой разговор о безопасности: что заявили в Кремле о переговорах президентов США и России Автор публикации Елена Кузьмич ""Лидеры также выразили поддержку дипломатическим усилиям, которые начнутся на следующей неделе по двустороннему диалогу о стратегической стабильности в НАТО через Совет Россия-НАТО и в Организации по безопасности и сотрудничеству в Европе"", — добавили в сообщении. Реклама Тем временем президент Украины Владимир Зеленский в своем микроблоге в Twitter подчеркнул , что первый международный разговор года с Джо Байденом ""доказывает особый характер"" дипломатических отношений между нашей страной и США. ""Обсудили общие действия Украины, США и партнеров по сохранению мира в Европе и недопущению дальнейшей эскалации, реформы и деолигархизацию. Ценим непреклонную поддержку Украины"", — написал украинский лидер. Напомним: Президент Джо Байден разговаривал по телефону с президентом России Владимиром Путиным . Глава американского государства призвал Россию к деэскалации напряженности с Украиной. Госсекретарь США Энтони Блинкен и министр иностранных дел Канады Мелани Жоли скоординировали свои действия в случае новой агрессии России против Украины. Ранее российский МИД обнародовал так называемый проект договора между Москвой и Вашингтоном о ""гарантиях безопасности"", где есть несколько пунктов, касающихся непосредственно Украины и ее интеграции в европейские и евроатлантические структуры. Также президенты России Владимир Путин и США Джо Байден договорились, что переговоры по безопасности состоятся в Женеве в январе. Дата публикации 07:16, 31.12.21 Количество просмотров 2538 Беседа Байдена и Путина: Россия разорвет отношения с США в случае введения санкций | Новости мира Новости партнеров Новости партнеров Реклама Дата публикации 00:33, 03.01.22 Количество просмотров 37k Поделиться Поделиться: Facebook X Whatsapp Telegram Viber Скопировать ссылку Дата публикации 23:46, 02.01.22 Категория Эксклюзив ТСН Количество просмотров 13k Время на прочтение 3 мин Избавиться от хлама и излучать спокойствие: как настроиться на 2022 год — год Тигра Главное верить в свои силы, поддерживать настроение, и тогда каждый день года будет успешным и счастливым. Автор публикации Иван Воробьев Поделиться Поделиться: Facebook X Whatsapp Telegram Viber Скопировать ссылку © УНИАН Читать новость полностью → Реклама Реклама Дата публикации 23:16, 02.01.22 Категория Мир Количество просмотров 6290 Время на прочтение 1 мин В США два десятка человек застряли в новогоднюю ночь на канатной дороге и провели там всю ночь Инцидент произошел из-за непогоды — кабели покрылись льдом. Поделиться Поделиться: Facebook X Whatsapp Telegram Viber Скопировать ссылку Читать новость полностью → Дата публикации 23:07, 02.01.22 Категория Астрология Количество просмотров 14k Время на прочтение 3 мин Лунный календарь стрижек на январь-2022: когда стричь, красить и оздоравливать волосы Луна воздействует на все сферы нашей жизни, прежде всего – на состояние волос. Автор публикации Мила Королева Поделиться Поделиться: Facebook X Whatsapp Telegram Viber Скопировать ссылку © Credits Читать новость полностью → Дата публикации 23:06, 02.01.22 Категория Астрология Количество просмотров 6106 Время на прочтение 2 мин Гороскоп болезней для всех знаков Зодиака на 3-9 января: кому на что обратить внимание Звезды могут рассказать нам о состоянии нашего здоровья ничуть не хуже докторов. Автор публикации Мила Королева Поделиться Поделиться: Facebook X Whatsapp Telegram Viber Скопировать ссылку © Credits Читать новость полностью → Лента новостей Дата публикации 05:30, 19.03.26 Количество просмотров 8 Оракул Ленорман на 19 марта 2026: деньги, новости и решения, которые не стоит откладывать Дата публикации 05:00, 19.03.26 Количество просмотров 65 Катар высылает иранских дипломатов после ракетного удара: атакован ключевой газовый город Дата публикации 05:00, 19.03.26 Количество просмотров 71 Астрологический прогноз на 19 марта Дата публикации 04:30, 19.03.26 Количество просмотров 118 Венс едет в Венгрию поддержать Орбана перед выборами — Reuters Реклама Дата публикации 04:00, 19.03.26 Количество просмотров 175 Орбан атакует Украину перед выборами: что стоит за громкими заявлениями премьера Венгрии Дата публикации 03:30, 19.03.26 Количество просмотров 176 Спикер Конгресса США сделал заявление о войне с Ираном: ""миссия скоро завершится"" Следующая публикация Погода Война Владимир Зеленский Курс валют Отключение электроэнергии Контакты facebook youtube tiktok instagram telegram viber x PUSH Уведомления RSS Лента Google News Гороскоп Гороскоп на 19 марта для всех знаков Зодиака Финансовый гороскоп на неделю Какой сегодня день Какой праздник 18 марта в Украине и мире Животное-покровитель 2026 День ангела сегодня Именины 18 марта 2026 года Привітання з Днем народження Церковный праздник сегодня Церковный праздник 18 марта 2026 года Погода Прогноз погоды на 18 марта 2026 года Курс валют Сколько стоят доллар, евро и злотый на 18 марта 2026 года Курьезы Страстная пятница в 2026 году: семь важных традиций и примет Что запрещено святить на Пасху Пасха в 2026 году в Украине: будет ли выходной в понедельник Разное Пасха в 2026 году: узнайте точную дату и кто будет праздновать раньше Пасхальная корзина подорожала: сколько потратят украинцы в 2026 году Прощенное воскресенье: какие приметы существуют Мир Норвегия ужесточает правила въезда для военнообязанных украинцев Телеканалы Грузии распространяют ложь о войне в Украине В Германии презентовали новую военную разработку Популярные теги Владимир Зеленский Дональд Трамп Війна Отключение света Вооружение и армия Сколько стоят ракеты Tomahawk и можно ли их купить Ракеты «Фламинго» - оружие, которое заставит Россию пойти на компромисс Украина показала свою новую ракету «Нептун» Ракета ""Орешник"": все последние новости Советы 4 вещи, которые не стоит брать с собой в новое жилье Привычка, от которой стоит отказаться уже сегодня Новый утренний ритуал может наполнить вас энергией на целый день Онлайн-медиа ТСН. 04080, г. Киев, ул. Кириловская, дом 23. Телефон — 044 490 01 01 . Адрес электронной почты — feedback@tsn.ua . Идентификатор онлайн-медиа в Реестре cубъектов в сфере медиа — R40-05195 Приступая к использованию Сайта, Пользователь этим подтверждает, что достиг 21-летнего возраста. В случае, если Вы не достигли 21-летнего возраста — не начинайте или прекратите пользование Сайтом. Администрация Сайта не несет ответственности за законность использования Сайта и его сервисов Пользователем, не достигшим 21-летнего возраста Все фотографические произведения, размещённые на этом сайте с ссылкой на агентство Gett",push,"The article discusses the potential response of the US and its allies if Russia invades Ukraine, indicating a push factor as people may leave Ukraine due to possible conflict or war.",mistral:7b,push,"The article discusses the potential response of the US and its allies if Russia invades Ukraine, indicating a push factor as people may leave Ukraine due to possible conflict or war.",article,4
20220102,195,SAUDI,,http://www.hispantv.com/noticias/yemen/535011/ataque-saudi-mezquita-muertos,push,ataque saudi (Saudi attack),mistral:7b,,,,,,,mistral:7b,push,ataque saudi (Saudi attack),url_1,4
20220102,195,SAUDI,SAUDI ARABIA,http://www.hispantv.com/noticias/yemen/535011/ataque-saudi-mezquita-muertos,push,ataque saudi (Saudi attack),mistral:7b,,,,,,,mistral:7b,push,ataque saudi (Saudi attack),url_1,4
20220102,180,SENEGAL,,https://www.elmundo.es/comunidad-valenciana/castellon/2022/01/02/61d1ffb121efa045798b4589.html,unclear,unclear,mistral:7b,,,,"El piloto castellonense cede cerca de 40 minutos en la primera especial del rally, en el que aspira a superar el récord de triunfos de etapa de Peterhansel y Despres

Joan Barreda es una leyenda del Dakar. En la edición de 2021 hizo historia con sus tres triunfos de etapa, ya que alcanzó las 27 victorias del mítico Jordi Arcarons, con el que el piloto castellonense del Monster Energy Honda Team comparte el tercer lugar del podio histórico por número de triunfos de etapa. Solo le superan Peterhansel y Després (33 cada uno). Barreda es el piloto en activo con más victorias y asegura que le seduce el reto de intentar alcanzar el récord histórico de triunfos en esta edición 2022, que arrancó ayer. Será su duodécima participación en moto, en la que busca llegar a la meta por séptima ocasión.

«El récord de victorias es algo que está ahí y que habla de todo el trabajo que he hecho durante estos años. Aunque no haya ganado el Dakar por diferentes motivos, he estado durante muchos años a un nivel altísimo y he logrado muchos triunfos. El récord de victorias es algo que me seduce bastante», explica Barreda en declaraciones facilitadas por la organización del Dakar.

Su mejor resultado es el quinto puesto de 2017 pese a que estuvo muy cerca de alcanzar la gloria en 2013, 2014 y 2015, logrando repetidas victorias, pero las caídas o los problemas mecánicos le impidieron triunfar. También peleó por ello en el Dakar 2021, pero finalmente se vio obligado a abandonar en la etapa 11 al quedarse sin gasolina, mermado por una caída que había sufrido dos días antes. Las tres ediciones anteriores ya habían puesto a prueba la entereza del piloto de Torreblanca. En 2018 se retiró cuando era segundo por problemas en la rodilla y la muñeca. En 2019 se salió de ruta en la tercera etapa y cayó a un precipicio de rocas cuando era líder. En 2020, afectado por una fisura de costilla en la previa del Dakar, Barreda pilotó en las primeras etapas muy condicionado y su lesión se resintió por caídas en la segunda y la cuarta jornada. Sufrió problemas mecánicos pero terminó en séptima posición.

En 2022, 'Bang Bang' sigue estando entre los grandes favoritos en la lucha por el triunfo final, aunque en la etapa de este domingo, segunda de la prueba y primera especial tras el prólogo del sábado, sufrió su primer contratiempo tras perder 39 minutos y 48 segundos al resultarle ""casi imposible"", como a la mayoría de pilotos, encontrar el penúltimo punto de control.

""Fue una etapa difícil durante todo el día, pero sobre todo en los últimos 50 kilómetros. Había una nota con un punto de control no visible, con pocas referencias y resultó casi imposible encontrarlo. Hice un bucle de varios kilómetros, pasé varias veces por el mismo punto y llegué incluso a temer por la gasolina para llegar al final. Con la referencia de otros pilotos que llegaban pude encontrarlo"", dijo al llegar al campamento.

A pesar de encontrarse a 41 minutos y 54 segundos en la general del líder, el austríaco Daniel Sanders (Gas Gas), Barreda confía en que cambien las tornas en las próximas etapas. ""Es el primer día, queda mucho Dakar por delante y esto es un anticipo de lo que pueden ser estos días. Es un rally difícil, cada día cambian las cosas. Lo importante es mantenerse en carrera con opciones, intentaremos ir recuperando el tiempo de hoy. Estamos bien físicamente y hay que darlo todo"", valoró el piloto castellonense, que arrancó su duodécima participación con el objetivo de ""ganar el Dakar"".",neutral,The article is about a motorcycle rally race and does not directly discuss conditions that may cause people to leave or arrive in any country.,mistral:7b,neutral,The article is about a motorcycle rally race and does not directly discuss conditions that may cause people to leave or arrive in any country.,article,4
20220102,172,SYRIAN,,https://correio.rac.com.br/agencias/agencia-estado/2022/01/1153709-israel-aprova-plano-para-dobrar-numero-de-colonos-nas-colinas-do-golan.html,pull,colonos (settlers) doblrar numero (double number) de colonos (settlers),mistral:7b,,,,,,,mistral:7b,pull,colonos (settlers) doblrar numero (double number) de colonos (settlers),url_1,4
20220102,193,ADANA,POLICE,https://www.ensonhaber.com/3-sayfa/adanada-silahli-kavgaya-mudahale-eden-polis-vuruldu,push|unclear,Police officer who intervened in an armed conflict was shot (Edinburgh was shot),mistral:7b,,,,,,,mistral:7b,push|unclear,Police officer who intervened in an armed conflict was shot (Edinburgh was shot),url_1,4
20220102,41,TURKEY,RUSSIA,https://www.geopolitica.ru/news/putin-i-erdogan-obsudili-garantii-bezopasnosti-mezhdu-rf-i-nato,neutral,no clear migration-related tokens,mistral:7b,,,,,,,mistral:7b,neutral,no clear migration-related tokens,url_1,4
20220102,46,TURKEY,RUSSIA,https://www.geopolitica.ru/news/putin-i-erdogan-obsudili-garantii-bezopasnosti-mezhdu-rf-i-nato,neutral,no clear migration-related tokens,mistral:7b,,,,,,,mistral:7b,neutral,no clear migration-related tokens,url_1,4
20220102,46,TURKEY,RUSSIA,https://www.geopolitica.ru/news/putin-i-erdogan-obsudili-garantii-bezopasnosti-mezhdu-rf-i-nato,neutral,no clear migration-related tokens,mistral:7b,,,,,,,mistral:7b,neutral,no clear migration-related tokens,url_1,4
20220102,50,UKRAINE,,https://www.lematin.ch/story/joe-biden-assure-au-president-ukrainien-de-son-soutien-face-a-la-russie-753628635749,pull,assures the Ukrainian President of his support facing Russia (support for Ukrainian President facing Russia),mistral:7b,,,,,,,mistral:7b,pull,assures the Ukrainian President of his support facing Russia (support for Ukrainian President facing Russia),url_1,4
20220102,51,UKRAINE,,https://www.volynnews.com/news/all/chomu-v-polshchi-vse-chastishe-napadaiut-na-zarobitchan-z-ukrayiny/,push,vse chastishe napadaiut na zarobitchan z ukrayiny (all are punishing attacks on workers from Ukraine),mistral:7b,,,,,,,mistral:7b,push,vse chastishe napadaiut na zarobitchan z ukrayiny (all are punishing attacks on workers from Ukraine),url_1,4
20220102,51,UKRAINE,,https://www.volynnews.com/news/all/chomu-v-polshchi-vse-chastishe-napadaiut-na-zarobitchan-z-ukrayiny/,push,chomu v polshchi vse chastishe napadaiut na zarobitchan z ukrayiny (Why in Poland are all punishing attacks on workers from Ukraine),mistral:7b,,,,,,,mistral:7b,push,chomu v polshchi vse chastishe napadaiut na zarobitchan z ukrayiny (Why in Poland are all punishing attacks on workers from Ukraine),url_1,4
20220102,173,UKRAINIAN,,https://kosice.korzar.sme.sk/c/22812499/rusi-12-rokov-patrali-po-ukrajincovi-obvinenom-z-vrazdy-uz-je-v-kosickej-vaznici.html,push,Russia has been monitoring a Ukrainian accused of murder in Kosice detention center for 12 years,mistral:7b,,,,,,,mistral:7b,push,Russia has been monitoring a Ukrainian accused of murder in Kosice detention center for 12 years,url_1,4
20220102,173,UKRAINE,CHINA,https://kosice.korzar.sme.sk/c/22812499/rusi-12-rokov-patrali-po-ukrajincovi-obvinenom-z-vrazdy-uz-je-v-kosickej-vaznici.html,push,Russia has been monitoring a Ukrainian accused of murder in Kosice detention center for 12 years,mistral:7b,,,,,,,mistral:7b,push,Russia has been monitoring a Ukrainian accused of murder in Kosice detention center for 12 years,url_1,4
20220102,190,UKRAINE,CHINA,https://kosice.korzar.sme.sk/c/22812499/rusi-12-rokov-patrali-po-ukrajincovi-obvinenom-z-vrazdy-uz-je-v-kosickej-vaznici.html,push,to a Ukrainian|accused|of murder,mistral:7b,,,,,,,mistral:7b,push,to a Ukrainian|accused|of murder,url_1,4
20220102,51,UKRAINE,RUSSIA,https://www.lematin.ch/story/joe-biden-assure-au-president-ukrainien-de-son-soutien-face-a-la-russie-753628635749,neutral,joe-biden|assures|the-ukrainian-president|of-his-support-against-russia,mistral:7b,,,,,,,mistral:7b,neutral,joe-biden|assures|the-ukrainian-president|of-his-support-against-russia,url_1,4
20220102,32,UKRAINE,RUSSIA,https://www.lematin.ch/story/joe-biden-assure-au-president-ukrainien-de-son-soutien-face-a-la-russie-753628635749,pull,joe-biden|assures|the-ukrainian-president|of-his-support-against-russia,mistral:7b,,,,,,,mistral:7b,pull,joe-biden|assures|the-ukrainian-president|of-his-support-against-russia,url_1,4
20220102,51,UKRAINE,RUSSIA,https://www.lematin.ch/story/joe-biden-assure-au-president-ukrainien-de-son-soutien-face-a-la-russie-753628635749,pull,joe-biden|assures|the-ukrainian-president|of-his-support-against-russia,mistral:7b,,,,,,,mistral:7b,pull,joe-biden|assures|the-ukrainian-president|of-his-support-against-russia,url_1,4
20220102,51,UKRAINE,RUSSIA,https://www.lematin.ch/story/joe-biden-assure-au-president-ukrainien-de-son-soutien-face-a-la-russie-753628635749,pull,joe-biden|assures|the-ukrainian-president|of-his-support-against-russia,mistral:7b,,,,,,,mistral:7b,pull,joe-biden|assures|the-ukrainian-president|of-his-support-against-russia,url_1,4
20220102,32,UKRAINE,UKRAINE,https://www.lematin.ch/story/joe-biden-assure-au-president-ukrainien-de-son-soutien-face-a-la-russie-753628635749,pull,joe-biden|assures|the-ukrainian-president|of-his-support-against-russia,mistral:7b,,,,,,,mistral:7b,pull,joe-biden|assures|the-ukrainian-president|of-his-support-against-russia,url_1,4
20220102,50,UKRAINE,UKRAINE,https://www.lematin.ch/story/joe-biden-assure-au-president-ukrainien-de-son-soutien-face-a-la-russie-753628635749,pull,joe-biden|assures|the-ukrainian-president|of-his-support-against-russia,mistral:7b,,,,,,,mistral:7b,pull,joe-biden|assures|the-ukrainian-president|of-his-support-against-russia,url_1,4
20220102,50,UKRAINE,UKRAINE,https://www.lematin.ch/story/joe-biden-assure-au-president-ukrainien-de-son-soutien-face-a-la-russie-753628635749,pull,joe-biden|assures|the-ukrainian-president|of-his-support-against-russia,mistral:7b,,,,,,,mistral:7b,pull,joe-biden|assures|the-ukrainian-president|of-his-support-against-russia,url_1,4
20220102,51,UKRAINE,UKRAINE,https://www.lematin.ch/story/joe-biden-assure-au-president-ukrainien-de-son-soutien-face-a-la-russie-753628635749,pull,joe-biden|assures|the-ukrainian-president|of-his-support-against-russia,mistral:7b,,,,,,,mistral:7b,pull,joe-biden|assures|the-ukrainian-president|of-his-support-against-russia,url_1,4
20220102,41,UKRAINE,UNITED STATES,https://gazeta.ua/articles/politics/_rozmova-zelenskogo-ta-bajdena-pro-scho-govorili-lideri/1065472,unclear,rozmova-zelenskogo-ta-baidena-pro-scho-spoken-leaders,mistral:7b,,,,"Президенти США та України провели телефонну розмову. Фото: Reuters

2 січня президенти США та України Джо Байден і Володимир Зеленський провели телефонну розмову.

Під час перемовин американський лідер чітко дав зрозуміти, що США із союзниками й партнерами дадуть рішучу відповідь, якщо Росія вторгнеться в Україну.

""Байден підкреслив прихильність США, їхніх союзників і партнерів принципу ""нічого про вас без вас"", - ідеться в повідомленні Білого дому.

Також він підтвердив відданість США суверенітету й територіальній цілісності України. І висловив підтримку заходам зміцнення довіри для деескалації напруженості на Донбасі та активній дипломатії для впровадження Мінських домовленостей на підтримку ""нормандського формату"".

Лідери також висловили підтримку дипломатичним зусиллям, які розпочнуться наступного тижня з двостороннього діалогу про стратегічну стабільність, у НАТО через Раду Росія-НАТО та в Організації з безпеки й співробітництва в Європі.

ЧИТАЙТЕ ТАКОЖ: Україна отримає додаткову допомогу від США

Президенти РФ і США Володимир Путін і Джо Байден провели телефонну розмову вдруге за місяць. Головна тема - агресія РФ проти України.",neutral,"The article discusses a phone call between the presidents of the USA and Ukraine, as well as diplomatic efforts and support for Ukraine's sovereignty and territorial integrity. There is no clear mention of conditions that may cause people to leave or arrive in either country.",mistral:7b,neutral,"The article discusses a phone call between the presidents of the USA and Ukraine, as well as diplomatic efforts and support for Ukraine's sovereignty and territorial integrity. There is no clear mention of conditions that may cause people to leave or arrive in either country.",article,4
20220102,41,UKRAINE,UNITED STATES,https://gazeta.ua/articles/politics/_rozmova-zelenskogo-ta-bajdena-pro-scho-govorili-lideri/1065472,neutral,No clear migration-related tokens,mistral:7b,,,,,,,mistral:7b,neutral,No clear migration-related tokens,url_1,4
20220102,46,UKRAINE,UNITED STATES,https://gazeta.ua/articles/politics/_rozmova-zelenskogo-ta-bajdena-pro-scho-govorili-lideri/1065472,neutral,No clear migration-related tokens,mistral:7b,,,,,,,mistral:7b,neutral,No clear migration-related tokens,url_1,4
20220102,46,UKRAINE,UNITED STATES,https://gazeta.ua/articles/politics/_rozmova-zelenskogo-ta-bajdena-pro-scho-govorili-lideri/1065472,neutral,No clear migration-related tokens,mistral:7b,,,,,,,mistral:7b,neutral,No clear migration-related tokens,url_1,4
20220102,100,UKRAINIAN,A US,https://naslovi.net/2022-01-03/blic/da-sacuvamo-mir-u-evropi-zelenski-razgovarao-sa-bajdenom-o-akcijama-u-ukrajini-reformi-i-borbama-protiv-oligarha/29657762,unclear,"URL too short, generic or ambiguous",mistral:7b,,,,"Ukrajinski predsednik Volodimir Zelenski rekao je da je sa američkim predsenikom Džoom Bajdenom u nedelju razgovarao o akcijama koje treba preduzeti kako bi se sačuvao mir u Evropi, reformama i borbi protiv oligarha u Ukrajini. - Razgovarali smo o zajedničkim akcijama Ukrajine, SAD i partnera kako bismo sačuvali mir u Evropi i sprečili dalju eskalaciju, reformama i bobi protiv oligarhije. Cenimo nepokolebljivu podršku Ukrajini - napisao je Zelenski na Tviteru.",unclear,The article does not provide sufficient context about migration-driving conditions in Ukraine.,mistral:7b,unclear,The article does not provide sufficient context about migration-driving conditions in Ukraine.,article,4
20220102,46,UKRAINE,JOE BIDEN,https://gazeta.ua/articles/politics/_rozmova-zelenskogo-ta-bajdena-pro-scho-govorili-lideri/1065472,neutral,No clear migration-related tokens,mistral:7b,,,,,,,mistral:7b,neutral,No clear migration-related tokens,url_1,4
20220102,50,UKRAINIAN,RUSSIA,https://www.lematin.ch/story/joe-biden-assure-au-president-ukrainien-de-son-soutien-face-a-la-russie-753628635749,unclear,"URL too short, generic or ambiguous",mistral:7b,,,,"Le président Biden a assuré à son homologue ukrainien Volodymyr Zelensky que les États-Unis «répondront énergiquement» en cas d’attaque russe.

Le président américain Joe Bide, le 21 décembre 2021 à la Maison-Blanche, à Washington. AFP

Le président américain Joe Biden a assuré à son homologue ukrainien Volodymyr Zelensky, lors d’un appel téléphonique dimanche, que les États-Unis et ses alliés «répondront énergiquement» si la Russie envahissait l’Ukraine.

«Le président Biden a dit clairement que les États-Unis et ses alliés répondront énergiquement si la Russie envahit davantage l’Ukraine», a indiqué dans un communiqué la porte-parole de la Maison-Blanche, Jen Psaki. Joe Biden a également souligné l’engagement de Washington «au principe de «rien à propos de vous sans vous», faisant apparemment référence à la nécessité d’inclure l’Ukraine dans les négociations sur son propre avenir.

«Nous apprécions l’indéfectible soutien à l’Ukraine (de la part des USA)», a réagi Volodymyr Zelensky sur Twitter. «Nous avons évoqué les actions conjointes de l’Ukraine, des États-Unis et de ses partenaires pour maintenir la paix en Europe et éviter une aggravation de la situation».

Pourparlers à Genève

Les 9 et 10 janvier, Russie et États-Unis engageront des pourparlers sur l’Ukraine à Genève. Menés par la vice-secrétaire d’État américaine Wendy Sherman et son homologue russe Sergueï Riabkov, ils seront suivis, le 12 janvier, d’une rencontre Russie-OTAN puis, le 13 janvier, d’une réunion dans le cadre de l’OSCE.

Vendredi dernier, Joe Biden avait déjà assuré avoir de nouveau mis en garde le président russe contre une tentative d’invasion de l’Ukraine lors d’un entretien téléphonique la veille: «J’ai dit clairement au président Poutine que nous adopterions des sanctions sévères et que nous augmenterions notre présence en Europe, chez nos alliés de l’OTAN».

«Nous avons été clairs: il ne peut pas, je répète, il ne peut pas envahir l’Ukraine», a insisté Joe Biden. Il s’agissait de la seconde conversation téléphonique entre les deux chefs d’État en trois semaines, en raison des tensions autour de l’Ukraine pro-occidentale, avec la mobilisation de troupes russes à la frontière orientale de l’Ukraine.

«Sanctions sévères»

Ce dimanche, le dirigeant américain a par ailleurs «exprimé son soutien aux mesures de confiance pour désamorcer les tensions dans le Donbass et à une diplomatie active pour faire avancer la mise en œuvre des Accords de Minsk», selon Jen Psaki. Selon ces accords, conclus sous l’égide de la France et de l’Allemagne, l’Ukraine a accepté de mener des réformes politiques et la Russie de mettre fin à son soutien aux rebelles séparatistes prorusses.

Washington et ses alliés européens accusent Moscou de menacer l’Ukraine d’une nouvelle invasion, après celle de la Crimée en 2014, et d’avoir fomenté une guerre séparatiste prorusse qui a éclaté la même année dans l’Est. Quelque 100’000 soldats russes sont massés près de la frontière du pays.

Pour Moscou, la sécurité de la Russie passe par l’interdiction de tout élargissement de l’OTAN, perçue comme une menace existentielle, et la fin des activités militaires occidentales à proximité des frontières russes, zone qu’elle considère comme relevant de son aire d’influence.",push,"Russia is threatening an invasion of Ukraine and has massed over 100,000 soldiers near the border, causing concern and potential displacement for Ukrainian citizens",mistral:7b,push,"Russia is threatening an invasion of Ukraine and has massed over 100,000 soldiers near the border, causing concern and potential displacement for Ukrainian citizens",article,4
20220102,51,UKRAINIAN,RUSSIA,https://www.lematin.ch/story/joe-biden-assure-au-president-ukrainien-de-son-soutien-face-a-la-russie-753628635749,unclear,"URL too short, generic or ambiguous",mistral:7b,,,,"Le président Biden a assuré à son homologue ukrainien Volodymyr Zelensky que les États-Unis «répondront énergiquement» en cas d’attaque russe.

Le président américain Joe Bide, le 21 décembre 2021 à la Maison-Blanche, à Washington. AFP

Le président américain Joe Biden a assuré à son homologue ukrainien Volodymyr Zelensky, lors d’un appel téléphonique dimanche, que les États-Unis et ses alliés «répondront énergiquement» si la Russie envahissait l’Ukraine.

«Le président Biden a dit clairement que les États-Unis et ses alliés répondront énergiquement si la Russie envahit davantage l’Ukraine», a indiqué dans un communiqué la porte-parole de la Maison-Blanche, Jen Psaki. Joe Biden a également souligné l’engagement de Washington «au principe de «rien à propos de vous sans vous», faisant apparemment référence à la nécessité d’inclure l’Ukraine dans les négociations sur son propre avenir.

«Nous apprécions l’indéfectible soutien à l’Ukraine (de la part des USA)», a réagi Volodymyr Zelensky sur Twitter. «Nous avons évoqué les actions conjointes de l’Ukraine, des États-Unis et de ses partenaires pour maintenir la paix en Europe et éviter une aggravation de la situation».

Pourparlers à Genève

Les 9 et 10 janvier, Russie et États-Unis engageront des pourparlers sur l’Ukraine à Genève. Menés par la vice-secrétaire d’État américaine Wendy Sherman et son homologue russe Sergueï Riabkov, ils seront suivis, le 12 janvier, d’une rencontre Russie-OTAN puis, le 13 janvier, d’une réunion dans le cadre de l’OSCE.

Vendredi dernier, Joe Biden avait déjà assuré avoir de nouveau mis en garde le président russe contre une tentative d’invasion de l’Ukraine lors d’un entretien téléphonique la veille: «J’ai dit clairement au président Poutine que nous adopterions des sanctions sévères et que nous augmenterions notre présence en Europe, chez nos alliés de l’OTAN».

«Nous avons été clairs: il ne peut pas, je répète, il ne peut pas envahir l’Ukraine», a insisté Joe Biden. Il s’agissait de la seconde conversation téléphonique entre les deux chefs d’État en trois semaines, en raison des tensions autour de l’Ukraine pro-occidentale, avec la mobilisation de troupes russes à la frontière orientale de l’Ukraine.

«Sanctions sévères»

Ce dimanche, le dirigeant américain a par ailleurs «exprimé son soutien aux mesures de confiance pour désamorcer les tensions dans le Donbass et à une diplomatie active pour faire avancer la mise en œuvre des Accords de Minsk», selon Jen Psaki. Selon ces accords, conclus sous l’égide de la France et de l’Allemagne, l’Ukraine a accepté de mener des réformes politiques et la Russie de mettre fin à son soutien aux rebelles séparatistes prorusses.

Washington et ses alliés européens accusent Moscou de menacer l’Ukraine d’une nouvelle invasion, après celle de la Crimée en 2014, et d’avoir fomenté une guerre séparatiste prorusse qui a éclaté la même année dans l’Est. Quelque 100’000 soldats russes sont massés près de la frontière du pays.

Pour Moscou, la sécurité de la Russie passe par l’interdiction de tout élargissement de l’OTAN, perçue comme une menace existentielle, et la fin des activités militaires occidentales à proximité des frontières russes, zone qu’elle considère comme relevant de son aire d’influence.",push,"President Biden assures Zelensky that the US and allies will respond energetically if Russia invades Ukraine, and mentions potential severe sanctions against Russia.",mistral:7b,push,"President Biden assures Zelensky that the US and allies will respond energetically if Russia invades Ukraine, and mentions potential severe sanctions against Russia.",article,4
20220102,51,UKRAINIAN,RUSSIA,https://www.lematin.ch/story/joe-biden-assure-au-president-ukrainien-de-son-soutien-face-a-la-russie-753628635749,unclear,"URL too short, generic or ambiguous",mistral:7b,,,,"Le président Biden a assuré à son homologue ukrainien Volodymyr Zelensky que les États-Unis «répondront énergiquement» en cas d’attaque russe.

Le président américain Joe Bide, le 21 décembre 2021 à la Maison-Blanche, à Washington. AFP

Le président américain Joe Biden a assuré à son homologue ukrainien Volodymyr Zelensky, lors d’un appel téléphonique dimanche, que les États-Unis et ses alliés «répondront énergiquement» si la Russie envahissait l’Ukraine.

«Le président Biden a dit clairement que les États-Unis et ses alliés répondront énergiquement si la Russie envahit davantage l’Ukraine», a indiqué dans un communiqué la porte-parole de la Maison-Blanche, Jen Psaki. Joe Biden a également souligné l’engagement de Washington «au principe de «rien à propos de vous sans vous», faisant apparemment référence à la nécessité d’inclure l’Ukraine dans les négociations sur son propre avenir.

«Nous apprécions l’indéfectible soutien à l’Ukraine (de la part des USA)», a réagi Volodymyr Zelensky sur Twitter. «Nous avons évoqué les actions conjointes de l’Ukraine, des États-Unis et de ses partenaires pour maintenir la paix en Europe et éviter une aggravation de la situation».

Pourparlers à Genève

Les 9 et 10 janvier, Russie et États-Unis engageront des pourparlers sur l’Ukraine à Genève. Menés par la vice-secrétaire d’État américaine Wendy Sherman et son homologue russe Sergueï Riabkov, ils seront suivis, le 12 janvier, d’une rencontre Russie-OTAN puis, le 13 janvier, d’une réunion dans le cadre de l’OSCE.

Vendredi dernier, Joe Biden avait déjà assuré avoir de nouveau mis en garde le président russe contre une tentative d’invasion de l’Ukraine lors d’un entretien téléphonique la veille: «J’ai dit clairement au président Poutine que nous adopterions des sanctions sévères et que nous augmenterions notre présence en Europe, chez nos alliés de l’OTAN».

«Nous avons été clairs: il ne peut pas, je répète, il ne peut pas envahir l’Ukraine», a insisté Joe Biden. Il s’agissait de la seconde conversation téléphonique entre les deux chefs d’État en trois semaines, en raison des tensions autour de l’Ukraine pro-occidentale, avec la mobilisation de troupes russes à la frontière orientale de l’Ukraine.

«Sanctions sévères»

Ce dimanche, le dirigeant américain a par ailleurs «exprimé son soutien aux mesures de confiance pour désamorcer les tensions dans le Donbass et à une diplomatie active pour faire avancer la mise en œuvre des Accords de Minsk», selon Jen Psaki. Selon ces accords, conclus sous l’égide de la France et de l’Allemagne, l’Ukraine a accepté de mener des réformes politiques et la Russie de mettre fin à son soutien aux rebelles séparatistes prorusses.

Washington et ses alliés européens accusent Moscou de menacer l’Ukraine d’une nouvelle invasion, après celle de la Crimée en 2014, et d’avoir fomenté une guerre séparatiste prorusse qui a éclaté la même année dans l’Est. Quelque 100’000 soldats russes sont massés près de la frontière du pays.

Pour Moscou, la sécurité de la Russie passe par l’interdiction de tout élargissement de l’OTAN, perçue comme une menace existentielle, et la fin des activités militaires occidentales à proximité des frontières russes, zone qu’elle considère comme relevant de son aire d’influence.",push,"Russia's potential invasion of Ukraine, mobilization of Russian troops at the eastern border of Ukraine, and the threat of a new invasion after the annexation of Crimea in 2014.",mistral:7b,push,"Russia's potential invasion of Ukraine, mobilization of Russian troops at the eastern border of Ukraine, and the threat of a new invasion after the annexation of Crimea in 2014.",article,4
20220102,32,UKRAINIAN,UKRAINIAN,https://www.lematin.ch/story/joe-biden-assure-au-president-ukrainien-de-son-soutien-face-a-la-russie-753628635749,unclear,"URL too short, generic or ambiguous",mistral:7b,,,,"Le président Biden a assuré à son homologue ukrainien Volodymyr Zelensky que les États-Unis «répondront énergiquement» en cas d’attaque russe.

Le président américain Joe Bide, le 21 décembre 2021 à la Maison-Blanche, à Washington. AFP

Le président américain Joe Biden a assuré à son homologue ukrainien Volodymyr Zelensky, lors d’un appel téléphonique dimanche, que les États-Unis et ses alliés «répondront énergiquement» si la Russie envahissait l’Ukraine.

«Le président Biden a dit clairement que les États-Unis et ses alliés répondront énergiquement si la Russie envahit davantage l’Ukraine», a indiqué dans un communiqué la porte-parole de la Maison-Blanche, Jen Psaki. Joe Biden a également souligné l’engagement de Washington «au principe de «rien à propos de vous sans vous», faisant apparemment référence à la nécessité d’inclure l’Ukraine dans les négociations sur son propre avenir.

«Nous apprécions l’indéfectible soutien à l’Ukraine (de la part des USA)», a réagi Volodymyr Zelensky sur Twitter. «Nous avons évoqué les actions conjointes de l’Ukraine, des États-Unis et de ses partenaires pour maintenir la paix en Europe et éviter une aggravation de la situation».

Pourparlers à Genève

Les 9 et 10 janvier, Russie et États-Unis engageront des pourparlers sur l’Ukraine à Genève. Menés par la vice-secrétaire d’État américaine Wendy Sherman et son homologue russe Sergueï Riabkov, ils seront suivis, le 12 janvier, d’une rencontre Russie-OTAN puis, le 13 janvier, d’une réunion dans le cadre de l’OSCE.

Vendredi dernier, Joe Biden avait déjà assuré avoir de nouveau mis en garde le président russe contre une tentative d’invasion de l’Ukraine lors d’un entretien téléphonique la veille: «J’ai dit clairement au président Poutine que nous adopterions des sanctions sévères et que nous augmenterions notre présence en Europe, chez nos alliés de l’OTAN».

«Nous avons été clairs: il ne peut pas, je répète, il ne peut pas envahir l’Ukraine», a insisté Joe Biden. Il s’agissait de la seconde conversation téléphonique entre les deux chefs d’État en trois semaines, en raison des tensions autour de l’Ukraine pro-occidentale, avec la mobilisation de troupes russes à la frontière orientale de l’Ukraine.

«Sanctions sévères»

Ce dimanche, le dirigeant américain a par ailleurs «exprimé son soutien aux mesures de confiance pour désamorcer les tensions dans le Donbass et à une diplomatie active pour faire avancer la mise en œuvre des Accords de Minsk», selon Jen Psaki. Selon ces accords, conclus sous l’égide de la France et de l’Allemagne, l’Ukraine a accepté de mener des réformes politiques et la Russie de mettre fin à son soutien aux rebelles séparatistes prorusses.

Washington et ses alliés européens accusent Moscou de menacer l’Ukraine d’une nouvelle invasion, après celle de la Crimée en 2014, et d’avoir fomenté une guerre séparatiste prorusse qui a éclaté la même année dans l’Est. Quelque 100’000 soldats russes sont massés près de la frontière du pays.

Pour Moscou, la sécurité de la Russie passe par l’interdiction de tout élargissement de l’OTAN, perçue comme une menace existentielle, et la fin des activités militaires occidentales à proximité des frontières russes, zone qu’elle considère comme relevant de son aire d’influence.",push,"Article discusses tensions and potential invasion of Ukraine by Russia, suggesting conditions that may cause people to leave Ukraine",mistral:7b,push,"Article discusses tensions and potential invasion of Ukraine by Russia, suggesting conditions that may cause people to leave Ukraine",article,4
20220102,100,UKRAINIAN,A US,https://naslovi.net/2022-01-03/blic/da-sacuvamo-mir-u-evropi-zelenski-razgovarao-sa-bajdenom-o-akcijama-u-ukrajini-reformi-i-borbama-protiv-oligarha/29657762,unclear,"URL too short, generic or ambiguous",mistral:7b,,,,"Ukrajinski predsednik Volodimir Zelenski rekao je da je sa američkim predsenikom Džoom Bajdenom u nedelju razgovarao o akcijama koje treba preduzeti kako bi se sačuvao mir u Evropi, reformama i borbi protiv oligarha u Ukrajini. - Razgovarali smo o zajedničkim akcijama Ukrajine, SAD i partnera kako bismo sačuvali mir u Evropi i sprečili dalju eskalaciju, reformama i bobi protiv oligarhije. Cenimo nepokolebljivu podršku Ukrajini - napisao je Zelenski na Tviteru.",unclear,The article does not provide clear information about conditions that may cause people to leave or arrive in Ukraine,mistral:7b,unclear,The article does not provide clear information about conditions that may cause people to leave or arrive in Ukraine,article,4
20220102,12,UNITED STATES,,https://www.telemundo.com/noticias/noticias-telemundo/desastres-naturales/hallan-con-vida-a-uno-de-los-tres-desaparecidos-en-los-incendios-de-co-rcna10641,unclear,<URL too short>,mistral:7b,,,,"Una de las tres personas que desaparecieron tras los inusuales incendios que arden en Colorado desde el jueves fue encontrada ""viva y bien"", informaron funcionarios del estado este domingo. La búsqueda de las otras dos prosigue, mientras los investigadores continúan indagando en las causas del fuego, que ha destruido casi 1,000 hogares y dejado a miles de evacuados.

El sábado se produjeron nevadas y bajas temperaturas en el condado de Boulder, el más afectado, y otras localidades como Superior y Louisville. El clima severo ha complicado las labores de búsqueda y rescate.

“Algo encendió ese fuego y es nuestra responsabilidad averiguar qué fue”, dijo este domingo Joe Pelle, el Sheriff del condado de Boulder. “(Pero) no puedo especular”.

El Buró Federal de Investigaciones (FBI) está indagando en la causa de los incendios. Las autoridades inicialmente sospecharon que se habían producido tras la caída de un cable eléctrico, pero luego descartaron esa posibilidad.

Pelle dijo el sábado que las autoridades estaban siguiendo una serie de pistas y habían ejecutado una orden de registro en “un lugar en particular”, aunque se negó a dar detalles.

“Si hubo alguna forma de incendio intencional o accidental, espero que los autores sean considerado splenamente responsables según la ley por la devastación total causada"", dijo este domingo Jared Polis, gobernador de Colorado.

[Incendios acaban con miles de terrenos productivos en Chile]

Según un informe preliminar de la Oficina de Manejo de Emergencias, 991 estructuras fueron destruidas en el condado de Boulder y más de 120 habían resultado dañadas hasta el 1 de enero. Alrededor de 6,000 acres fueron arrasados.

No se han reportado muertes, aunque el Sheriff de Boulder dijo el sábado que dudaba que los desaparecidos fueran encontrados con vida, tomando en cuenta ""la velocidad y la ferocidad"" del fuego.

""Creo que es milagroso que sean solo tres y no cientos” de desaparecidos, dijo Pelle.

En la localidad de Superior, 12 negocios resultaron dañados, incluidos un Target, un Chuck E. Cheese, un concesionario de autos Tesla, un hotel y el ayuntamiento.

Empleados de servicios públicos trabajaban el domingo para restaurar la mayor parte de la electricidad en las casas que aún estaban en pie, pero advirtieron que el servicio de gas podría demorar más en regresar.

En las zonas arrasadas, grupos de personas han hecho filas para recibir calentadores, agua embotellada y mantas donados en los refugios de la Cruz Roja.

La empresa eléctrica y de gas Xcel Energy ha instado a los residentes a usar chimeneas y estufas de leña para mantenerse calientes y evitar que las tuberías de las casas se congelen.

El presidente, Joe Biden, aprobó el sábado una declaración de desastre lo que permite el desembolso de ayuda federal para alojamiento temporal y las labores de reconstrucción en la zona.

Incendios inusuales de diciembre

Los incendios forestales no suelen ocurrir durante el invierno, particularmente en áreas como el condado de Boulder, donde el suelo tiende a estar húmedo por la nieve.

Expertos forestales advierten que este raro evento de diciembre puede no ser tan inusual en el futuro, debido al cambio climático.

“Claramente, el cambio climático está empeorando las condiciones para que ocurran incendios forestales en la mayoría de las regiones del mundo propensas a incendios”, dijo a NBC News Keith Musselman, hidrólogo y profesor asistente de investigación en la Universidad de Colorado en Boulder.

[La emergencia climática reduce la población de mariposa monarca]

En los últimos meses, Colorado ha experimentado una sequía severa.

Desde el 1 de julio hasta el 29 de diciembre de 2021, Denver registró su menor cantidad de precipitación en más de una pulgada, con nevadas en niveles récord también.

En Blouder, donde usualmente caen unas 30 pulgadas de nieve entre septiembre y diciembre, hubo solo una pulgada en ese período previo al día del incendio.

“Sé que para muchos parece una experiencia surrealista"", dijo el gobernador Polis el domingo. ""Hace apenas unos días estábamos celebrando la Navidad en casa y ahora la casa y el hogar han sido destruidos"".

“Pero quiero que la comunidad sepa que no está sola. Toda la fuerza de Estados Unidos está aquí con el administrador de FEMA, el condado, los comisionados, el estado, todos trabajando juntos. Hay un largo camino por recorrer”.",push,Unusual fires destroying homes and displacing thousands of people,mistral:7b,push,Unusual fires destroying homes and displacing thousands of people,article,4
20220102,30,THE US,,http://www.kvir.ru/articles/glavnoe-kachestvo-boyca.html,neutral,<no clear migration-related tokens>,mistral:7b,,,,,,,mistral:7b,neutral,<no clear migration-related tokens>,url_1,4
20220102,36,UNITED STATES,,https://news.online.ua/u-zelenskogo-utochnili-vremya-segodnyashnego-razgovora-s-baydenom_n840515/,unclear,<no clear migration-related tokens>,mistral:7b,,,,"Президент Владимир Зеленский и глава Белого дома Джо Байден проведут телефонные переговоры в воскресенье после 22 часов по киевскому времени, уточнил пресс-секретарь главы государства Сергей Никифоров.

Источник: Facebook Никифорова

Коллеги, поздравляю с новогодними праздниками! Желаю всем нам только хороших новостей в 2022 году! Одна из таких – уже совсем скоро. Президенты Владимир Зеленский и Джо Байден проведут телефонный разговор сегодня после 22:00 по Киеву, – отметил Никифоров.

Накануне Зеленский подтвердил, что переговоры должны пройти 2 января.

Напомним, 30 декабря 2021 года состоялся разговор лидера Штатов с главой Кремля Владимиром Путиным. Байден тогда неоднозначно намекнул о возможном введении масштабных санкций экономического, финансового и политического плана в случае дальнейших экспансивных действий на украинской границе.

Предварительный разговор президентов Украины и США состоялся 9 декабря, в ходе которого были обсуждены результаты переговоров Байдена и Путина 7 декабря.

Представители Белого дома сообщили, что в ходе разговора Байден озвучил Путину два сценария действий США в зависимости от политики Москвы.

Президент Джо Байден изложил два пути, два аспекта подхода США, зависящих от российских действий в будущий период. Первый – это путь дипломатии, ведущий к деэскалации ситуации. Другой путь в большей степени сфокусирован на сдерживании, включая серьезные затраты и последствия, если Россия выберет вариант вторжения в Украину. Эти расходы включают экономические меры, отметили в Белом доме.

Читайте также:",unclear,"The article does not clearly discuss conditions related to migration-driving factors such as war, violence, persecution, unemployment, growth, jobs or visas",mistral:7b,unclear,"The article does not clearly discuss conditions related to migration-driving factors such as war, violence, persecution, unemployment, growth, jobs or visas",article,4
20220102,30,AMERICAN,UKRAINIAN,https://www.lematin.ch/story/joe-biden-assure-au-president-ukrainien-de-son-soutien-face-a-la-russie-753628635749,neutral,<no clear migration-related tokens>,mistral:7b,,,,,,,mistral:7b,neutral,<no clear migration-related tokens>,url_1,4
20220102,41,UNITED STATES,UKRAINE,https://gazeta.ua/articles/politics/_rozmova-zelenskogo-ta-bajdena-pro-scho-govorili-lideri/1065472,neutral,<no clear migration-related tokens>,mistral:7b,,,,,,,mistral:7b,neutral,<no clear migration-related tokens>,url_1,4
20220102,46,UNITED STATES,UKRAINE,https://gazeta.ua/articles/politics/_rozmova-zelenskogo-ta-bajdena-pro-scho-govorili-lideri/1065472,neutral,<no clear migration-related tokens>,mistral:7b,,,,,,,mistral:7b,neutral,<no clear migration-related tokens>,url_1,4
20220102,46,UNITED STATES,UKRAINE,https://gazeta.ua/articles/politics/_rozmova-zelenskogo-ta-bajdena-pro-scho-govorili-lideri/1065472,neutral,<no clear migration-related tokens>,mistral:7b,,,,,,,mistral:7b,neutral,<no clear migration-related tokens>,url_1,4
20220102,36,UNITED STATES,THE WHITE HOUSE,https://pronedra.ru/v21-pervye-pervye-simptomy-pnevmonii-pomogut-svoevremenno-nachat-lechenie-i-soxranit-zhizn-439639.html,push,'pneumonia' (pneumonia),mistral:7b,,,,,,,mistral:7b,push,'pneumonia' (pneumonia),url_1,4
20220102,36,THE WHITE HOUSE,,https://pronedra.ru/v21-pervye-pervye-simptomy-pnevmonii-pomogut-svoevremenno-nachat-lechenie-i-soxranit-zhizn-439639.html,push,'pneumonia' (pneumonia),mistral:7b,,,,,,,mistral:7b,push,'pneumonia' (pneumonia),url_1,4
20220102,36,THE WHITE HOUSE,,https://news.online.ua/u-zelenskogo-utochnili-vremya-segodnyashnego-razgovora-s-baydenom_n840515/,unclear,<URL too short>,mistral:7b,,,,"Президент Владимир Зеленский и глава Белого дома Джо Байден проведут телефонные переговоры в воскресенье после 22 часов по киевскому времени, уточнил пресс-секретарь главы государства Сергей Никифоров.

Источник: Facebook Никифорова

Коллеги, поздравляю с новогодними праздниками! Желаю всем нам только хороших новостей в 2022 году! Одна из таких – уже совсем скоро. Президенты Владимир Зеленский и Джо Байден проведут телефонный разговор сегодня после 22:00 по Киеву, – отметил Никифоров.

Накануне Зеленский подтвердил, что переговоры должны пройти 2 января.

Напомним, 30 декабря 2021 года состоялся разговор лидера Штатов с главой Кремля Владимиром Путиным. Байден тогда неоднозначно намекнул о возможном введении масштабных санкций экономического, финансового и политического плана в случае дальнейших экспансивных действий на украинской границе.

Предварительный разговор президентов Украины и США состоялся 9 декабря, в ходе которого были обсуждены результаты переговоров Байдена и Путина 7 декабря.

Представители Белого дома сообщили, что в ходе разговора Байден озвучил Путину два сценария действий США в зависимости от политики Москвы.

Президент Джо Байден изложил два пути, два аспекта подхода США, зависящих от российских действий в будущий период. Первый – это путь дипломатии, ведущий к деэскалации ситуации. Другой путь в большей степени сфокусирован на сдерживании, включая серьезные затраты и последствия, если Россия выберет вариант вторжения в Украину. Эти расходы включают экономические меры, отметили в Белом доме.

Читайте также:",unclear,The article does not provide specific information regarding migration-driving conditions or factors that may cause people to leave or arrive in Ukraine or the United States,mistral:7b,unclear,The article does not provide specific information regarding migration-driving conditions or factors that may cause people to leave or arrive in Ukraine or the United States,article,4
20220102,41,THE WHITE HOUSE,,https://pronedra.ru/v21-pervye-pervye-simptomy-pnevmonii-pomogut-svoevremenno-nachat-lechenie-i-soxranit-zhizn-439639.html,neutral,URL does not contain any migration-related tokens,mistral:7b,,,,,,,mistral:7b,neutral,URL does not contain any migration-related tokens,url_1,4
20220102,90,NASA,,http://www.hispantv.com/noticias/ciencia-tecnologia/535007/nasa-asteroide-psyche,unclear,URL is about an asteroid and does not contain any migration-related tokens,mistral:7b,,,,"La NASA busca un asteroide que vale más que toda economía global | HISPANTV × Usted puede descargar el app en su móvil para un mejor funcionamiento. HispanTV Noticias noticias IRÁN ASIA OCCIDENTAL ASIA Y OCEANÍA ÁFRICA EUROPA AMÉRICA DEL NORTE SUDAMÉRICA CENTROAMÉRICA SOCIEDAD ECONOMÍA CIENCIA/TEC DEPORTE SALUD CULTURA OPINIóN Programas Programas Detrás de la Razón Causa Palestina Grin Go! El Frasco PoliMedios Negro y Blanco con Eduardo Artés El Porqué de las Noticias Ventana a Palestina Dice Israel Etiquetaje Sobh Wikihispan Recuento Monoblock Entre Líneas - Temporada 2 Verdadera Promesa Documentales Reporteros Cine Iraní Series Fotos Radio TV en Directo Radio en Directo Distribución Programación SÍganos En Instagram como: hispan_tv https://www.youtube.com/@nexo_latino http://twitter.com/nexo_latino https://t.me/hispantvcanal https://urmedium.com/c/hispantv WhatsApp y Viber: +98 921 79 29 404 Ciencia-Tecnología La NASA busca un asteroide que vale más que toda economía global Una representación del asteroide 16 Psyche. Publicada: domingo, 2 de enero de 2022 18:55 a • A Imprimir La NASA está planeando una misión para explorar al asteroide metálico “16 Psyche” que podría convertir en multimillonarios a todos habitantes de la Tierra. De acuerdo con la Administración Nacional de la Aeronáutica y del Espacio de EE.UU. (NASA, por sus siglas en inglés), el asteroide 16 Psyche está ubicado entre Marte y Júpiter y parece ser el núcleo expuesto de níquel-hierro de un planeta primitivo. El valor de los metales que componen Psyche 16 supera el de toda la economía global. Calculan que solo su hierro valdría unos 10 000 cuatrillones de dólares en la Tierra. A modo de comparación, en 2020 la economía mundial se valoró en unos 84,5 billones de dólares, según la revista estadounidense Forbes . Desde telescopios terrestres y espaciales, el asteroide aparece como una mancha borrosa. Lo que los científicos saben, a partir de los datos del radar, es que tiene la forma de una papa y que gira de lado. #Psyche : #NASAMission to a #MetalWorld || This communications-satellite-turned-space-probe will visit the #asteroid 16 Psyche || The Psyche #spacecraft will reach its destination in early 2026... PETER RUBIN/JPL-CALTECH/ARIZONA STATE UNIVERSITY/NASA || https://t.co/fALBxuFgcR — AEROSPATIAL (@aerospatial) January 1, 2022 mmo/tqi/mkh Etiquetas NASA Enlace corto Ciencia-Tecnología Descubre Irán: El Parque Científico y Tecnológico de Sistán y Baluchestán Yam-e Yam 1, el gran salto de Irán hacia la órbita geoestacionaria y una nueva era de radiodifusión Asesor ruso elogia tecnología de Irán y propone mercado común Irán entra en club mundial con 110 productos de terapia celular avanzada LO MÁS LEÍDO DE Ciencia-Tecnología NASA alerta que un asteroide podría chocar con la Tierra en 2019 Hallan gigantesco objeto en galaxia que podría destruir la Tierra Hallan ciudad extraterrestre en Venus y acusan a NASA de mentir ¡El asteroide que acabó con los dinosaurios cayó en México! Comentarios Últimas Noticias LO MÁS LEÍDO El asesinato de Ali Lariyani y la lógica del martirio estratégico Ansaralá de Yemen y HAMAS: recurrir a asesinatos no debilitan a Irán Irán empleará armamento más moderno en días siguientes de la guerra Canciller iraní: Asesinatos no afectarán estructura política sólida de Irán Dura venganza de Irán deja más de 230 muertos y heridos en Tel Aviv Irán protesta ante ONU ataques de EEUU desde países de la región USS Abraham Lincoln se aleja de la zona; Gerald Ford regresa a Grecia México, dispuesto a albergar partidos de Irán en el Mundial en lugar de EEUU Ver más 24 horas 1 semana 1 mes SÍganos en    Pakistán declara la “guerra abierta” contra Afganistán- Noticiero 21:30 boletÍn de noticias OPINIóN El asesinato de Ali Lariyani y la lógica del martirio estratégico Estados Unidos: Armas, Monopolio e Injerencia Irán ante la guerra: cuando la presión externa termina uniendo a una nación Perfil: Ali Lariyani, un experimentado estratega político y de seguridad de Irán Irán: Agresiones desde múltiples frentes. Parte II ENCUESTA LOs vídeos MÁS populares 1 de “Guerra abierta” al Talibán | El Porqué de las Noticias Los usurpadores de Palestina quieren más| El Frasco, medios sin cura ¿Por qué Estados Unidos no puede tolerar a Irán? - P 1 Irán mostró una vez más, una gran firmeza diplomática en la 3era. ronda de diálogos entre el país persa y EEUU| Detrás de la Razón Venezuela: Cuando ataca el imperio - Parte 1 14 C Ciudad de México 23 C La Habana, CUB 19 C Washington, EE.UU. 9 C Bogotá, COL 18 C Caracas, VEN 6 C Quito, ECU 17 C Brasilia, BRA 13 C Lima, PER -5 C La Paz, BOL 10 C Buenos Aire, ARG 21 C Madrid, ESP 31 C Teherán, IRI 23 C Santiago, CHI 12 C Asunción, PAR 9 C Montevideo, URU Ciudad de México La Habana, CUB Washington, EE.UU. Bogotá, COL Caracas, VEN Quito, ECU Brasilia, BRA Lima, PER La Paz, BOL Buenos Aire, ARG Madrid, ESP Teherán, IRI Santiago, CHI Asunción, PAR Montevideo, URU    Noticias Secciones HispanTV Irán Asia Occidental Asia y Oceanía África Europa América del Norte Sudamérica Centroamérica Sociedad Economía Ciencia/Tec Deporte Salud Cultura Programas Series Cine Iraní Reporteros Análisis del día Opinión Documentales Distribución Nosotros Contacto Programación Rss Recibir noticias por email Registrarse © HispanTV 2023. Todos los derechos reservados. Al usar los materiales parcial o completamente, es obligatorio hacer referencia a HispanTV",neutral,"The article is about NASA's mission to explore an asteroid with potential valuable resources, not clearly about migration-driving conditions",mistral:7b,neutral,"The article is about NASA's mission to explore an asteroid with potential valuable resources, not clearly about migration-driving conditions",article,4
20220102,46,JOE BIDEN,VLADIMIR,https://gazeta.ua/articles/politics/_rozmova-zelenskogo-ta-bajdena-pro-scho-govorili-lideri/1065472,neutral,URL does not contain any migration-related tokens,mistral:7b,,,,,,,mistral:7b,neutral,URL does not contain any migration-related tokens,url_1,4
20220102,30,AMERICAN,UKRAINIAN,https://www.lematin.ch/story/joe-biden-assure-au-president-ukrainien-de-son-soutien-face-a-la-russie-753628635749,unclear,URL does not contain any migration-related tokens,mistral:7b,,,,"Le président Biden a assuré à son homologue ukrainien Volodymyr Zelensky que les États-Unis «répondront énergiquement» en cas d’attaque russe.

Le président américain Joe Bide, le 21 décembre 2021 à la Maison-Blanche, à Washington. AFP

Le président américain Joe Biden a assuré à son homologue ukrainien Volodymyr Zelensky, lors d’un appel téléphonique dimanche, que les États-Unis et ses alliés «répondront énergiquement» si la Russie envahissait l’Ukraine.

«Le président Biden a dit clairement que les États-Unis et ses alliés répondront énergiquement si la Russie envahit davantage l’Ukraine», a indiqué dans un communiqué la porte-parole de la Maison-Blanche, Jen Psaki. Joe Biden a également souligné l’engagement de Washington «au principe de «rien à propos de vous sans vous», faisant apparemment référence à la nécessité d’inclure l’Ukraine dans les négociations sur son propre avenir.

«Nous apprécions l’indéfectible soutien à l’Ukraine (de la part des USA)», a réagi Volodymyr Zelensky sur Twitter. «Nous avons évoqué les actions conjointes de l’Ukraine, des États-Unis et de ses partenaires pour maintenir la paix en Europe et éviter une aggravation de la situation».

Pourparlers à Genève

Les 9 et 10 janvier, Russie et États-Unis engageront des pourparlers sur l’Ukraine à Genève. Menés par la vice-secrétaire d’État américaine Wendy Sherman et son homologue russe Sergueï Riabkov, ils seront suivis, le 12 janvier, d’une rencontre Russie-OTAN puis, le 13 janvier, d’une réunion dans le cadre de l’OSCE.

Vendredi dernier, Joe Biden avait déjà assuré avoir de nouveau mis en garde le président russe contre une tentative d’invasion de l’Ukraine lors d’un entretien téléphonique la veille: «J’ai dit clairement au président Poutine que nous adopterions des sanctions sévères et que nous augmenterions notre présence en Europe, chez nos alliés de l’OTAN».

«Nous avons été clairs: il ne peut pas, je répète, il ne peut pas envahir l’Ukraine», a insisté Joe Biden. Il s’agissait de la seconde conversation téléphonique entre les deux chefs d’État en trois semaines, en raison des tensions autour de l’Ukraine pro-occidentale, avec la mobilisation de troupes russes à la frontière orientale de l’Ukraine.

«Sanctions sévères»

Ce dimanche, le dirigeant américain a par ailleurs «exprimé son soutien aux mesures de confiance pour désamorcer les tensions dans le Donbass et à une diplomatie active pour faire avancer la mise en œuvre des Accords de Minsk», selon Jen Psaki. Selon ces accords, conclus sous l’égide de la France et de l’Allemagne, l’Ukraine a accepté de mener des réformes politiques et la Russie de mettre fin à son soutien aux rebelles séparatistes prorusses.

Washington et ses alliés européens accusent Moscou de menacer l’Ukraine d’une nouvelle invasion, après celle de la Crimée en 2014, et d’avoir fomenté une guerre séparatiste prorusse qui a éclaté la même année dans l’Est. Quelque 100’000 soldats russes sont massés près de la frontière du pays.

Pour Moscou, la sécurité de la Russie passe par l’interdiction de tout élargissement de l’OTAN, perçue comme une menace existentielle, et la fin des activités militaires occidentales à proximité des frontières russes, zone qu’elle considère comme relevant de son aire d’influence.",push,"The article discusses the threat of Russian aggression against Ukraine, mentioning the presence of 100,000 Russian soldiers near the border and tensions that have been ongoing since 2014.",mistral:7b,push,"The article discusses the threat of Russian aggression against Ukraine, mentioning the presence of 100,000 Russian soldiers near the border and tensions that have been ongoing since 2014.",article,4
20220102,46,JOE BIDEN,UKRAINE,https://gazeta.ua/articles/politics/_rozmova-zelenskogo-ta-bajdena-pro-scho-govorili-lideri/1065472,neutral,URL is the same as row 373 and does not contain any migration-related tokens,mistral:7b,,,,,,,mistral:7b,neutral,URL is the same as row 373 and does not contain any migration-related tokens,url_1,4
20220102,36,THE WHITE HOUSE,UNITED STATES,https://news.online.ua/u-zelenskogo-utochnili-vremya-segodnyashnego-razgovora-s-baydenom_n840515/,neutral,URL does not contain any migration-related tokens,mistral:7b,,,,,,,mistral:7b,neutral,URL does not contain any migration-related tokens,url_1,4
20220102,13,VENEZUELAN,VENEZUELA,http://www.hispantv.com/noticias/venezuela/535014/eeuu-confrontacion-dialogos-intervenezolanos,unclear,URL is about U.S.-Venezuela confrontation and dialogs but does not contain any migration-related tokens,mistral:7b,,,,"Lo Bue: EEUU incita la confrontación en diálogos intervenezolanos | HISPANTV × Usted puede descargar el app en su móvil para un mejor funcionamiento. HispanTV Noticias noticias IRÁN ASIA OCCIDENTAL ASIA Y OCEANÍA ÁFRICA EUROPA AMÉRICA DEL NORTE SUDAMÉRICA CENTROAMÉRICA SOCIEDAD ECONOMÍA CIENCIA/TEC DEPORTE SALUD CULTURA OPINIóN Programas Programas Detrás de la Razón Causa Palestina Grin Go! El Frasco PoliMedios Negro y Blanco con Eduardo Artés El Porqué de las Noticias Ventana a Palestina Dice Israel Etiquetaje Sobh Wikihispan Recuento Monoblock Entre Líneas - Temporada 2 Verdadera Promesa Documentales Reporteros Cine Iraní Series Fotos Radio TV en Directo Radio en Directo Distribución Programación SÍganos En Instagram como: hispan_tv https://www.youtube.com/@nexo_latino http://twitter.com/nexo_latino https://t.me/hispantvcanal https://urmedium.com/c/hispantv WhatsApp y Viber: +98 921 79 29 404 Sudamérica / Venezuela Lo Bue: EEUU incita la confrontación en diálogos intervenezolanos Publicada: domingo, 2 de enero de 2022 22:49 Actualizada: domingo, 2 de enero de 2022 23:31 a • A Ver en Ver en Descargar Imprimir Embed El objetivo de las sanciones impuestas por EE.UU. contra Venezuela es provocar una confrontación en la mesa de diálogos intervenezolanos, opina una periodista. “Es evidente que el sabotaje de la mesa de diálogo intervenezolano es parte de las medidas de provocación, incluso para tratar de fracturar las relaciones internacionales de Venezuela y estrangularla”, ha señalado la periodista Rosalba Lo Bue en una entrevista concedida este domingo a la cadena HispanTV. En este sentido, la experta ha indicado que Washington intensifica su guerra mediática internacional contra Venezuela para mantener una matriz internacional de un país en condiciones de guerra virtual que implica amenazas para los socios venezolanos e incrementos en los costos de simples operaciones de transacción internacional. En otra parte de sus declaraciones, la entrevistada ha asegurado que el retorno a la vía y la estabilidad democrática en Venezuela pudiera darse si la mesa de diálogo puede pasar a un segundo plano de negociación. Maduro destaca el diálogo en el avance hacia estabilidad política Maduro: EEUU metió una puñalada por la espalda a diálogos con oposición | HISPANTV El presidente de Venezuela, Nicolás Maduro, ha destacado que EE.UU. saboteó el proceso de los diálogos de México con la oposición del país suramericano. La conquista de distintos espacios, ha añado Lo Bue, de tres gobernaciones regionales por parte de la oposición en las últimas elecciones en el país sudamericano, demuestra a la oposición venezolana y al mundo entero que Venezuela tiene un sistema electoral democrático y transparente. Irán: Elecciones en Venezuela, una demostración de democracia El Gobierno de Venezuela ha arremetido en diversas ocasiones contra las pretensiones injerencistas de EE.UU. en los diálogos de paz que buscan el levantamiento de las sanciones ilegales contra la economía de Venezuela, el reconocimiento de las autoridades legítimas y constitucionales, y el cese de actos de violencia y conspiración por parte de la derecha. Maduro repudia subordinación de la oposición a Estados Unidos Además, las autoridades venezolanas expresan sus esperanzas de que se lleve a cabo un diálogo directo, valiente, sincero y de entendimiento con Washington. El presidente Joe Biden habló en su campaña de cambiar la política de EE.UU. hacia Venezuela; sin embargo, los reportes muestran que la postura del mandatario demócrata no difiere a la de su predecesor en el cargo, Donald con respecto a Caracas. Maduro, dispuesto a dialogar con Biden: Injerencias son “game over” Fuente: Hispan TV Noticias rth/ncl/hnb Etiquetas Derecha Venezolana Oposición Venezolana Tensiones Venezuela-EEUU Elecciones Venezuela Enlace corto relacionadas Venezuela rechaza “insolentes” declaraciones del portavoz de la Diplomacia de EEUU Cabello: Echamos al FMI y al Banco Mundial de Venezuela Maduro felicita la instalación de comandos electorales En elecciones del 6D, ""Gana Chávez y gana el pueblo"" venezolano Venezuela Delcy Rodríguez insta a Trump a cesar “bloqueo y sanciones” a Venezuela Washington anula autorización que permitía pagar defensa de Maduro Comienza en Venezuela una campaña de solidaridad activa con Cuba Avanza con rapidez aplicación de amnistía en Venezuela LO MÁS LEÍDO DE Venezuela Venezuela posee el sistema de defensa más poderoso de la región “Si me fastidian los mataré a todos”, plan de EEUU en Venezuela Colombia se prepara para lanzar incursión militar contra Venezuela Bloqueo de EEUU impide a Venezuela compra de alimentos y medicinas Comentarios Últimas Noticias LO MÁS LEÍDO El asesinato de Ali Lariyani y la lógica del martirio estratégico Ansaralá de Yemen y HAMAS: recurrir a asesinatos no debilitan a Irán Irán empleará armamento más moderno en días siguientes de la guerra Canciller iraní: Asesinatos no afectarán estructura política sólida de Irán Dura venganza de Irán deja más de 230 muertos y heridos en Tel Aviv Irán protesta ante ONU ataques de EEUU desde países de la región USS Abraham Lincoln se aleja de la zona; Gerald Ford regresa a Grecia México, dispuesto a albergar partidos de Irán en el Mundial en lugar de EEUU Ver más 24 horas 1 semana 1 mes SÍganos en    Pakistán declara la “guerra abierta” contra Afganistán- Noticiero 21:30 boletÍn de noticias OPINIóN El asesinato de Ali Lariyani y la lógica del martirio estratégico Estados Unidos: Armas, Monopolio e Injerencia Irán ante la guerra: cuando la presión externa termina uniendo a una nación Perfil: Ali Lariyani, un experimentado estratega político y de seguridad de Irán Irán: Agresiones desde múltiples frentes. Parte II ENCUESTA LOs vídeos MÁS populares 1 de “Guerra abierta” al Talibán | El Porqué de las Noticias Los usurpadores de Palestina quieren más| El Frasco, medios sin cura ¿Por qué Estados Unidos no puede tolerar a Irán? - P 1 Irán mostró una vez más, una gran firmeza diplomática en la 3era. ronda de diálogos entre el país persa y EEUU| Detrás de la Razón Venezuela: Cuando ataca el imperio - Parte 1 14 C Ciudad de México 23 C La Habana, CUB 19 C Washington, EE.UU. 9 C Bogotá, COL 18 C Caracas, VEN 6 C Quito, ECU 17 C Brasilia, BRA 13 C Lima, PER -5 C La Paz, BOL 10 C Buenos Aire, ARG 21 C Madrid, ESP 31 C Teherán, IRI 23 C Santiago, CHI 12 C Asunción, PAR 9 C Montevideo, URU Ciudad de México La Habana, CUB Washington, EE.UU. Bogotá, COL Caracas, VEN Quito, ECU Brasilia, BRA Lima, PER La Paz, BOL Buenos Aire, ARG Madrid, ESP Teherán, IRI Santiago, CHI Asunción, PAR Montevideo, URU    Noticias Secciones HispanTV Irán Asia Occidental Asia y Oceanía África Europa América del Norte Sudamérica Centroamérica Sociedad Economía Ciencia/Tec Deporte Salud Cultura Programas Series Cine Iraní Reporteros Análisis del día Opinión Documentales Distribución Nosotros Contacto Programación Rss Recibir noticias por email Registrarse © HispanTV 2023. Todos los derechos reservados. Al usar los materiales parcial o completamente, es obligatorio hacer referencia a HispanTV",push,"The article discusses the US imposing sanctions on Venezuela, which according to a journalist, is intended to provoke confrontation in the dialogue between Venezuela and the US. The journalist also mentions that Washington intensifies its international media war against Venezuela to maintain a virtual state of war with increased costs for simple international transaction operations.",mistral:7b,push,"The article discusses the US imposing sanctions on Venezuela, which according to a journalist, is intended to provoke confrontation in the dialogue between Venezuela and the US. The journalist also mentions that Washington intensifies its international media war against Venezuela to maintain a virtual state of war with increased costs for simple international transaction operations.",article,4
20220102,111,VENEZUELAN,VENEZUELA,http://www.hispantv.com/noticias/venezuela/535014/eeuu-confrontacion-dialogos-intervenezolanos,unclear,URL is the same as row 376 and does not contain any migration-related tokens,mistral:7b,,,,"El objetivo de las sanciones impuestas por EE.UU. contra Venezuela es provocar una confrontación en la mesa de diálogos intervenezolanos, opina una periodista.

“Es evidente que el sabotaje de la mesa de diálogo intervenezolano es parte de las medidas de provocación, incluso para tratar de fracturar las relaciones internacionales de Venezuela y estrangularla”, ha señalado la periodista Rosalba Lo Bue en una entrevista concedida este domingo a la cadena HispanTV.

En este sentido, la experta ha indicado que Washington intensifica su guerra mediática internacional contra Venezuela para mantener una matriz internacional de un país en condiciones de guerra virtual que implica amenazas para los socios venezolanos e incrementos en los costos de simples operaciones de transacción internacional.

En otra parte de sus declaraciones, la entrevistada ha asegurado que el retorno a la vía y la estabilidad democrática en Venezuela pudiera darse si la mesa de diálogo puede pasar a un segundo plano de negociación.

La conquista de distintos espacios, ha añado Lo Bue, de tres gobernaciones regionales por parte de la oposición en las últimas elecciones en el país sudamericano, demuestra a la oposición venezolana y al mundo entero que Venezuela tiene un sistema electoral democrático y transparente.

El Gobierno de Venezuela ha arremetido en diversas ocasiones contra las pretensiones injerencistas de EE.UU. en los diálogos de paz que buscan el levantamiento de las sanciones ilegales contra la economía de Venezuela, el reconocimiento de las autoridades legítimas y constitucionales, y el cese de actos de violencia y conspiración por parte de la derecha.

Además, las autoridades venezolanas expresan sus esperanzas de que se lleve a cabo un diálogo directo, valiente, sincero y de entendimiento con Washington. El presidente Joe Biden habló en su campaña de cambiar la política de EE.UU. hacia Venezuela; sin embargo, los reportes muestran que la postura del mandatario demócrata no difiere a la de su predecesor en el cargo, Donald con respecto a Caracas.

Fuente: Hispan TV Noticias

rth/ncl/hnb",push,"U.S. sanctions against Venezuela aim to provoke confrontation in the Venezuelan dialogue table, intensifying their international media war against Venezuela to maintain a virtual war-like international matrix that involves threats towards Venezuelan allies and increasing costs of international transactions.",mistral:7b,push,"U.S. sanctions against Venezuela aim to provoke confrontation in the Venezuelan dialogue table, intensifying their international media war against Venezuela to maintain a virtual war-like international matrix that involves threats towards Venezuelan allies and increasing costs of international transactions.",article,4
20220102,111,VENEZUELAN,,http://www.hispantv.com/noticias/venezuela/535014/eeuu-confrontacion-dialogos-intervenezolanos,unclear,URL is the same as row 376 and does not contain any migration-related tokens,mistral:7b,,,,"El objetivo de las sanciones impuestas por EE.UU. contra Venezuela es provocar una confrontación en la mesa de diálogos intervenezolanos, opina una periodista.

“Es evidente que el sabotaje de la mesa de diálogo intervenezolano es parte de las medidas de provocación, incluso para tratar de fracturar las relaciones internacionales de Venezuela y estrangularla”, ha señalado la periodista Rosalba Lo Bue en una entrevista concedida este domingo a la cadena HispanTV.

En este sentido, la experta ha indicado que Washington intensifica su guerra mediática internacional contra Venezuela para mantener una matriz internacional de un país en condiciones de guerra virtual que implica amenazas para los socios venezolanos e incrementos en los costos de simples operaciones de transacción internacional.

En otra parte de sus declaraciones, la entrevistada ha asegurado que el retorno a la vía y la estabilidad democrática en Venezuela pudiera darse si la mesa de diálogo puede pasar a un segundo plano de negociación.

La conquista de distintos espacios, ha añado Lo Bue, de tres gobernaciones regionales por parte de la oposición en las últimas elecciones en el país sudamericano, demuestra a la oposición venezolana y al mundo entero que Venezuela tiene un sistema electoral democrático y transparente.

El Gobierno de Venezuela ha arremetido en diversas ocasiones contra las pretensiones injerencistas de EE.UU. en los diálogos de paz que buscan el levantamiento de las sanciones ilegales contra la economía de Venezuela, el reconocimiento de las autoridades legítimas y constitucionales, y el cese de actos de violencia y conspiración por parte de la derecha.

Además, las autoridades venezolanas expresan sus esperanzas de que se lleve a cabo un diálogo directo, valiente, sincero y de entendimiento con Washington. El presidente Joe Biden habló en su campaña de cambiar la política de EE.UU. hacia Venezuela; sin embargo, los reportes muestran que la postura del mandatario demócrata no difiere a la de su predecesor en el cargo, Donald con respecto a Caracas.

Fuente: Hispan TV Noticias

rth/ncl/hnb",push,"The article discusses US sanctions against Venezuela that are intended to provoke conflict and fracture international relations with Venezuela, escalating media war and increasing costs for international transactions. These conditions may create unfavorable economic conditions for people in Venezuela, potentially leading to them leaving the country.",mistral:7b,push,"The article discusses US sanctions against Venezuela that are intended to provoke conflict and fracture international relations with Venezuela, escalating media war and increasing costs for international transactions. These conditions may create unfavorable economic conditions for people in Venezuela, potentially leading to them leaving the country.",article,4
20220102,13,VENEZUELAN,VENEZUELAN,http://www.hispantv.com/noticias/venezuela/535014/eeuu-confrontacion-dialogos-intervenezolanos,unclear,URL is the same as row 376 and does not contain any migration-related tokens,mistral:7b,,,,"El objetivo de las sanciones impuestas por EE.UU. contra Venezuela es provocar una confrontación en la mesa de diálogos intervenezolanos, opina una periodista.

“Es evidente que el sabotaje de la mesa de diálogo intervenezolano es parte de las medidas de provocación, incluso para tratar de fracturar las relaciones internacionales de Venezuela y estrangularla”, ha señalado la periodista Rosalba Lo Bue en una entrevista concedida este domingo a la cadena HispanTV.

En este sentido, la experta ha indicado que Washington intensifica su guerra mediática internacional contra Venezuela para mantener una matriz internacional de un país en condiciones de guerra virtual que implica amenazas para los socios venezolanos e incrementos en los costos de simples operaciones de transacción internacional.

En otra parte de sus declaraciones, la entrevistada ha asegurado que el retorno a la vía y la estabilidad democrática en Venezuela pudiera darse si la mesa de diálogo puede pasar a un segundo plano de negociación.

La conquista de distintos espacios, ha añado Lo Bue, de tres gobernaciones regionales por parte de la oposición en las últimas elecciones en el país sudamericano, demuestra a la oposición venezolana y al mundo entero que Venezuela tiene un sistema electoral democrático y transparente.

El Gobierno de Venezuela ha arremetido en diversas ocasiones contra las pretensiones injerencistas de EE.UU. en los diálogos de paz que buscan el levantamiento de las sanciones ilegales contra la economía de Venezuela, el reconocimiento de las autoridades legítimas y constitucionales, y el cese de actos de violencia y conspiración por parte de la derecha.

Además, las autoridades venezolanas expresan sus esperanzas de que se lleve a cabo un diálogo directo, valiente, sincero y de entendimiento con Washington. El presidente Joe Biden habló en su campaña de cambiar la política de EE.UU. hacia Venezuela; sin embargo, los reportes muestran que la postura del mandatario demócrata no difiere a la de su predecesor en el cargo, Donald con respecto a Caracas.

Fuente: Hispan TV Noticias

rth/ncl/hnb",push,"The US sanctions against Venezuela aim to provoke confrontation in the Venezuelan dialogue table, as opined by a journalist, which may strain international relations and increase costs for simple international transactions for Venezuela.",mistral:7b,push,"The US sanctions against Venezuela aim to provoke confrontation in the Venezuelan dialogue table, as opined by a journalist, which may strain international relations and increase costs for simple international transactions for Venezuela.",article,4
20220102,51,CATALAN,,https://sport1.oslobodjenje.ba/s1/fudbal/ino-fudbal/primera/barcelona-slavila-minimalnu-pobjedu-protiv-mallorce-721769,neutral,<URL too short>,mistral:7b,,,,,,,mistral:7b,neutral,<URL too short>,url_1,4
