sqldate,eventcode,actor1name,actor2name,sourceurl,pressure_url_1,reason_url_1,model_url_1,pressure_url_2,reason_url_2,model_url_2,article_text,pressure_article,reason_article,model_article,pressure_final,reason_final,final_source,mode_used
20210101,130,GERMANY,,https://www.e110.de/terrorakte-vielleicht-verhindert/,push,acts of terrorism,qwen2.5:7b,,,,,,,qwen2.5:7b,push,acts of terrorism,url_1,1
20220101,43,,CHILE,http://www.funkuhr.de/fernsehprogramm/sendungsdetails/169446982/pumas-in-der-wildnis-patagoniens.html,neutral,,qwen2.5:7b,,,,,,,qwen2.5:7b,neutral,,url_1,1
20220101,112,,CRIMINAL,https://www.brasil247.com/brasil/bolsonaro-e-eleito-corrupto-do-ano-por-consorcio-internacional,neutral,,qwen2.5:7b,,,,,,,qwen2.5:7b,neutral,,url_1,1
20220101,46,,AUTHORITIES,https://ria.ru/20220102/status-1766397981.html,unclear,,qwen2.5:7b,,,,"ООН, 2 янв — РИА Новости. Статус персоны нон грата неприменим к сотрудникам Статус персоны нон грата неприменим к сотрудникам ООН — так официальный представитель генсека организации Стефан Дюжаррик прокомментировал решение властей самопровозглашенной республики Косово в отношении российского дипломата.

« ""Нам стало известно о том, что власти Косово объявили персоной нон грата сотрудника миссии ООН в Косово (МООНК). Никакого официального уведомления от властей Косово по поводу этого объявления миссии не поступало"", — сказал он.

Представитель генсека подчеркнул, что доктрина персоны нон грата неприменима к сотрудникам ООН и не предусмотрена в постановлении 2000/47 МООНК (о статусе, привилегиях и иммунитете СДК и МООНК и их персонала в Косово).

По словам Дюжаррика, любые обеспокоенности, связанные с сотрудниками миссии ООН в Косово, следует направлять ее руководству, чтобы оно могло решить этот вопрос в соответствии со статусом, привилегиями и иммунитетом самой миссии и ее персонала.

""МООНК и штаб-квартира ООН принимают соответствующие меры для обеспечения безопасности сотрудника и находятся в связи с этой ситуацией в контакте с соответствующими властями"", — заключил Дюжаррик.

Приштина 31 декабря объявила персоной нон-грата сотрудника миссии ООН из России за якобы несовместимую с дипломатическим статусом деятельность. Российское посольство в Сербии назвало это решение провокацией, ""предпринятой, дабы выслужиться перед западными менторами"".

Это не первый подобный случай: в октябре косовский МИД объявил персонами нон грата двух дипломатов в канцелярии российского посольства в Сербии, которые постоянно работают в Приштине. МИД тогда призвал МООНК и международные Силы для Косово обеспечить надежную безопасность и необходимые условия для полноценной работы российского персонала в Косово.

Республика Косово — частично признанное государство на Балканском полуострове . Согласно Конституции Сербии , входит в состав страны как Автономный край Косово и Метохия, однако Белград фактически не контролирует большую часть региона.

В 1990-х здесь развернулась война между югославской армией и албанскими вооруженными формированиями. Конфликт сопровождался массовыми репрессиями и этническими чистками: албанские сепаратисты разрушили многие памятники православной культуры. В 1999 году НАТО вмешалась в вооруженное противостояние и подвергла бомбардировкам города и военные объекты Югославии . В результате Белград был вынужден согласиться на ввод в Косово военного контингента Североатлантического альянса. Область перешла под управление ООН",neutral,"Article discusses diplomatic issues, not migration conditions.",qwen2.5:7b,neutral,"Article discusses diplomatic issues, not migration conditions.",article,1
20220101,110,,PRIME MINISTER,https://www.aftenposten.no/verden/i/OrevnE/foerste-nyttaarsdag-ble-det-registrert-over-160000-koronatilfeller-i-en,neutral,,qwen2.5:7b,,,,,,,qwen2.5:7b,neutral,,url_1,1
20220101,190,,PRESIDENT,https://alquds.com/2022/01/01/%D8%A5%D8%B5%D8%A7%D8%A8%D8%A7%D8%AA-%D8%AE%D9%84%D8%A7%D9%84-%D9%85%D9%88%D8%A7%D8%AC%D9%87%D8%A7%D8%AA-%D9%81%D9%8A-%D8%A8%D8%B1%D9%82%D8%A9/,push,Injuries-during-confrontations,qwen2.5:7b,,,,,,,qwen2.5:7b,push,Injuries-during-confrontations,url_1,1
20220101,42,,ITALIAN,https://www.interris.it/copertina/perno-opbg-omicron-bambini/,neutral,,qwen2.5:7b,,,,,,,qwen2.5:7b,neutral,,url_1,1
20220101,51,,WORKER,https://www.franceguyane.fr/actualite/social/mobilisation-sociale-a-pointe-a-pitre-elie-domota-a-ete-arrete-493999.php,neutral,,qwen2.5:7b,,,,,,,qwen2.5:7b,neutral,,url_1,1
20220101,51,,WORKER,https://www.franceguyane.fr/actualite/social/mobilisation-sociale-a-pointe-a-pitre-elie-domota-a-ete-arrete-493999.php,neutral,,qwen2.5:7b,,,,,,,qwen2.5:7b,neutral,,url_1,1
20220101,1823,,MILITARY,https://www.franceguyane.fr/actualite/france/feminicides-deux-hommes-en-garde-a-vue-le-jour-du-nouvel-an-494064.php,neutral,,qwen2.5:7b,,,,,,,qwen2.5:7b,neutral,,url_1,1
20220101,43,,POLE,https://as.com/futbol/2022/01/01/primera/1641057005_745473.html,neutral,first,qwen2.5:7b,,,,,,,qwen2.5:7b,neutral,first,url_1,1
20220101,51,,SAUDI ARABIA,https://www.okaz.com.sa/news/na/2092790,neutral,already,qwen2.5:7b,,,,,,,qwen2.5:7b,neutral,already,url_1,1
20220101,51,,SAUDI ARABIA,https://www.okaz.com.sa/news/na/2092790,neutral,already,qwen2.5:7b,,,,,,,qwen2.5:7b,neutral,already,url_1,1
20220101,20,,INTELLIGENCE,https://www.diariolaprovinciasj.com/elpais/2022/1/1/cuales-son-los-sectores-que-tendran-mayor-demanda-laboral-en-2022-165873.html,pull,sectors-that-will-have-greater-labor-demand,qwen2.5:7b,,,,,,,qwen2.5:7b,pull,sectors-that-will-have-greater-labor-demand,url_1,1
20220101,42,,VENEZUELAN,https://noticias.uol.com.br/ultimas-noticias/efe/2022/01/01/chanceler-venezuelano-pede-que-bolsonaro-aprove-transferencia-de-migrantes.htm,push,Venezuelan-chancellor-asks-bolsonaro-to-approve-transfer-of-migrants,qwen2.5:7b,,,,,,,qwen2.5:7b,push,Venezuelan-chancellor-asks-bolsonaro-to-approve-transfer-of-migrants,url_1,1
20220101,20,,BASQUE,https://omirante.pt/cavaleiro-andante/2022-01-01-Em-Abrantes-nada-como-dantes-a2fb5365,neutral,Em-Abrantes-nothing-like-before-a2fb5365,qwen2.5:7b,,,,,,,qwen2.5:7b,neutral,Em-Abrantes-nothing-like-before-a2fb5365,url_1,1
20220101,50,,CATALAN,https://sport1.oslobodjenje.ba/s1/fudbal/ino-fudbal/primera/postigao-dogovor-sa-kataloncima-barcelona-sljedeceg-ljeta-dobija-veliko-pojacanje-721568,neutral,foreign-football-primera-reached-an-agreement-with-the-Catalans-barcelona-next-summer-gets-a-big-reinforcement-721568,qwen2.5:7b,,,,,,,qwen2.5:7b,neutral,foreign-football-primera-reached-an-agreement-with-the-Catalans-barcelona-next-summer-gets-a-big-reinforcement-721568,url_1,1
20220101,51,,INDIGENOUS,https://g1.globo.com/mundo/noticia/2022/01/01/a-epidemia-de-desaparecimentos-de-indigenas-que-intriga-os-eua.ghtml,push,epidemic-of-disappearances-of-indigenous-people-that-intrigue-the-us,qwen2.5:7b,,,,,,,qwen2.5:7b,push,epidemic-of-disappearances-of-indigenous-people-that-intrigue-the-us,url_1,1
20220101,51,,INDIGENOUS,https://g1.globo.com/mundo/noticia/2022/01/01/a-epidemia-de-desaparecimentos-de-indigenas-que-intriga-os-eua.ghtml,push,epidemic-of-disappearances-of-indigenous-people-that-intrigue-the-us,qwen2.5:7b,,,,,,,qwen2.5:7b,push,epidemic-of-disappearances-of-indigenous-people-that-intrigue-the-us,url_1,1
20220101,161,MADEIRA,,https://www.akhbarona.com/last/340605.html,neutral,last/340605.html,qwen2.5:7b,,,,,,,qwen2.5:7b,neutral,last/340605.html,url_1,1
20220101,112,BRAZIL,CRIMINAL,https://www.brasil247.com/brasil/bolsonaro-e-eleito-corrupto-do-ano-por-consorcio-internacional,neutral,no clear migration-related tokens,qwen2.5:7b,,,,,,,qwen2.5:7b,neutral,no clear migration-related tokens,url_1,1
20220101,112,BRAZIL,CRIMINAL,https://www.brasil247.com/brasil/bolsonaro-e-eleito-corrupto-do-ano-por-consorcio-internacional,neutral,no clear migration-related tokens,qwen2.5:7b,,,,,,,qwen2.5:7b,neutral,no clear migration-related tokens,url_1,1
20220101,100,BUSINESS,,https://pronedra.ru/znaki-vostochnogo-kalendarya-po-godu-rozhdeniya-kotorym-povezet-v-2022-godu-628853.html,neutral,no clear migration-related tokens,qwen2.5:7b,,,,,,,qwen2.5:7b,neutral,no clear migration-related tokens,url_1,1
20220101,90,COMPANY,ADMINISTRATION,https://www.republika.co.id/berita/r520kx430/jepang-bantu-perusahaan-bill-gates-bangun-reaktor-nuklir,neutral,no clear migration-related tokens,qwen2.5:7b,,,,,,,qwen2.5:7b,neutral,no clear migration-related tokens,url_1,1
20220101,112,COMPANIES,REPRESENTATIVES,https://www.alarab.com/Article/1018144,unclear,URL too short or generic,qwen2.5:7b,,,,"أعلن الادعاء العام في ولاية نيويورك الأمريكية أن ""هيئة المحلفين خلصت إلى أن شركة ""تيفا"" الإسرائيلية للأدوية وشركاءها، مسؤولون عن موت ودمار ألحقوه بالشعب الأمريكي"".

وجاء ذلك بعد محاكمة تاريخية في قضية ""المواد الأفيونية"" (مسكنات الألم الأفيونية) التي استمرت ستة أشهر، وشملت أكثر من عشر شركات ثبتت براءة الكثير منها، لتبقى شركة ""تيفا"" والشركات التابعة لها في قفص الاتهام.

وقامت الدعوى التي حركتها ولاية نيويورك ومقاطعتا ناسو، وسوفولك، على أساس أن الشركات المذكورة ضللت الناس بشأن الخطر الحقيقي للمواد الأفيونية التي روجت لها.

وألقى ممثلو الادعاء باللوم على شركة ""تيفا"" والشركات التابعة لها في خلق ""آفة المواد الأفيونية""، واتهم المدعون شركات الأدوية بتغذية الوباء الذي أودى بحياة الآلاف وأصاب ملايين آخرين.

وجاء في الدعوى القضائية أن ""المصنعين والموزعين دفعوا بشكل جنوني نحو الترويج لمسكنات الألم الأفيونية إلى مجتمعات نيويورك مع عدم التحذير من المخاطر والإدمان الناشئ عن تعاطيها"".بينما قال مسؤولو الولاية والمقاطعة، إضافة إلى عائلات الضحايا إنهم ""يريدون تحميل شركات الأدوية المسؤولية عن الوفيات والبؤس الناجم عن وباء المواد الأفيونية"".

وقد رفضت ""تيفا"" بشدة نتيجة اليوم وأعلنت أنها تستعد لاستئناف سريع للطعن بالقرار.ومن المقرر أن تُعقد محاكمة أخرى لتحديد المبلغ الذي سيُطلب من ""تيفا"" وآخرين، والذي سيتم إضافته إلى مبلغ مقرر مسبقا يصل إلى مليار ونصف المليار دولار أمريكي.",push,"war, violence, persecution implied",qwen2.5:7b,push,"war, violence, persecution implied",article,1
20220101,60,SWITZERLAND,,https://evz.ro/sinuciderea-asistata-este-acum-legala-austria-este-tara-care-a-decis-sa-curme-suferintele-bolnavilor.html,neutral,no clear migration-related tokens,qwen2.5:7b,,,,,,,qwen2.5:7b,neutral,no clear migration-related tokens,url_1,1
20220101,81,SWITZERLAND,,https://evz.ro/sinuciderea-asistata-este-acum-legala-austria-este-tara-care-a-decis-sa-curme-suferintele-bolnavilor.html,neutral,no clear migration-related tokens,qwen2.5:7b,,,,,,,qwen2.5:7b,neutral,no clear migration-related tokens,url_1,1
20220101,42,CHILE,,http://www.funkuhr.de/fernsehprogramm/sendungsdetails/169446982/pumas-in-der-wildnis-patagoniens.html,neutral,no clear migration-related tokens,qwen2.5:7b,,,,,,,qwen2.5:7b,neutral,no clear migration-related tokens,url_1,1
20220101,54,CHINA,EMBASSY,https://gordonua.com/news/worldnews/kitay-otkryl-posolstvo-v-nikaragua-posle-vozobnovleniya-diplomaticheskih-otnosheniy-1589047.html,neutral,no clear migration-related tokens,qwen2.5:7b,,,,,,,qwen2.5:7b,neutral,no clear migration-related tokens,url_1,1
20220101,20,COLOMBIA,COLOMBIA,https://www.colombia.com/actualidad/nacionales/12415-contagios-por-la-covid-19-registra-colombia-en-el-primer-dia-del-ano-2022-333346,neutral,no clear migration-related tokens,qwen2.5:7b,,,,,,,qwen2.5:7b,neutral,no clear migration-related tokens,url_1,1
20220101,180,PRISON,,https://pronedra.ru/zaprety-i-primety-rozhdestvenskogo-sochelnik-chto-gotovyat-v-prazdnik-628846.html,neutral,no migration-related tokens,qwen2.5:7b,,,,,,,qwen2.5:7b,neutral,no migration-related tokens,url_1,1
20220101,30,PRISON,ACADEMICS,https://www.notigape.com/trabajara-gobierno-municipal-por-bienestar-y-progreso-en-2022/243835,pull,Municipal government will work for well-being and progress,qwen2.5:7b,,,,,,,qwen2.5:7b,pull,Municipal government will work for well-being and progress,url_1,1
20220101,173,POLICE,FRANCE,https://www.franceguyane.fr/actualite/social/mobilisation-sociale-a-pointe-a-pitre-elie-domota-a-ete-arrete-493999.php,push,social mobilization in Pointe a Pitre Elie Domota was arrested,qwen2.5:7b,,,,,,,qwen2.5:7b,push,social mobilization in Pointe a Pitre Elie Domota was arrested,url_1,1
20220101,186,PERPETRATOR,BAMAKO,http://malijet.com/les_faits_divers_au_mali/265488-commissariat-de-police-du-11eme-arrondissement-fin-de-course-pou.html,neutral,no migration-related tokens,qwen2.5:7b,,,,,,,qwen2.5:7b,neutral,no migration-related tokens,url_1,1
20220101,10,COMMUNITY,,https://www.lopinionista.it/fico-ringrazia-mattarella-120130.html,neutral,no migration-related tokens,qwen2.5:7b,,,,,,,qwen2.5:7b,neutral,no migration-related tokens,url_1,1
20220101,111,RESIDENTS,,https://g1.globo.com/sp/piracicaba-regiao/noticia/2022/01/01/biblioteca-municipal-de-limeira-oferece-oficinas-gincana-show-e-sarau-durante-as-ferias-escolares.ghtml,neutral,no migration-related tokens,qwen2.5:7b,,,,,,,qwen2.5:7b,neutral,no migration-related tokens,url_1,1
20220101,1723,POPULATION,,https://gordonua.com/news/worldnews/vo-francii-v-novogodnyuyu-noch-sozhgli-874-mashiny-mvd-1589046.html,neutral,no migration-related tokens,qwen2.5:7b,,,,,,,qwen2.5:7b,neutral,no migration-related tokens,url_1,1
20220101,80,ACTOR,,https://www.interris.it/rubriche/opinione/affrontare-questioni-pressanti-luce-dottrina-sociale-chiesa/,neutral,no migration-related tokens,qwen2.5:7b,,,,,,,qwen2.5:7b,neutral,no migration-related tokens,url_1,1
20220101,833,EUROPE,,https://www.brasil247.com/blog/brasil-para-principiantes,neutral,no migration-related tokens,qwen2.5:7b,,,,,,,qwen2.5:7b,neutral,no migration-related tokens,url_1,1
20220101,90,EUROPE,,https://alquds.com/2022/01/02/%D8%A3%D9%88%D8%B1%D9%88%D8%A8%D8%A7-%D8%AA%D8%AA%D8%AC%D8%A7%D9%88%D8%B2-%D8%B9%D8%AA%D8%A8%D8%A9-100-%D9%85%D9%84%D9%8A%D9%88%D9%86-%D8%A5%D8%B5%D8%A7%D8%A8%D8%A9-%D8%A8%D9%83%D9%88%D9%81%D9%8A/,neutral,no migration-related tokens,qwen2.5:7b,,,,,,,qwen2.5:7b,neutral,no migration-related tokens,url_1,1
20220101,112,EUROPEAN,BELARUS,https://www.skivefolkeblad.dk/artikel/8426302b-78a7-3353-beaa-8731a102cde4/,neutral,URL token does not contain relevant migration indicators,qwen2.5:7b,,,,,,,qwen2.5:7b,neutral,URL token does not contain relevant migration indicators,url_1,1
20220101,112,EUROPEAN,RUSSIA,https://www.skivefolkeblad.dk/artikel/8426302b-78a7-3353-beaa-8731a102cde4/,neutral,URL token does not contain relevant migration indicators,qwen2.5:7b,,,,,,,qwen2.5:7b,neutral,URL token does not contain relevant migration indicators,url_1,1
20220101,112,EUROPEAN,RUSSIA,https://www.skivefolkeblad.dk/artikel/8426302b-78a7-3353-beaa-8731a102cde4/,neutral,URL token does not contain relevant migration indicators,qwen2.5:7b,,,,,,,qwen2.5:7b,neutral,URL token does not contain relevant migration indicators,url_1,1
20220101,50,FRANCE,,https://as.com/futbol/2022/01/01/primera/1641057005_745473.html,neutral,URL token does not contain relevant migration indicators,qwen2.5:7b,,,,,,,qwen2.5:7b,neutral,URL token does not contain relevant migration indicators,url_1,1
20220101,141,PARIS,POLICE,https://noticias.uol.com.br/ultimas-noticias/deutschewelle/2022/01/01/franca-ve-queda-em-numero-de-carros-incendiados-no-ano-novo.htm,neutral,URL token does not contain relevant migration indicators,qwen2.5:7b,,,,,,,qwen2.5:7b,neutral,URL token does not contain relevant migration indicators,url_1,1
20220101,192,FRENCH,SYRIA,https://naslovi.net/2022-01-02/rtv/vremeplov-otvorena-prva-citaonica-u-knezevini-srbiji/29652721,neutral,URL token does not contain relevant migration indicators,qwen2.5:7b,,,,,,,qwen2.5:7b,neutral,URL token does not contain relevant migration indicators,url_1,1
20220101,192,FRANCE,SYRIA,https://naslovi.net/2022-01-02/rtv/vremeplov-otvorena-prva-citaonica-u-knezevini-srbiji/29652721,neutral,URL token does not contain relevant migration indicators,qwen2.5:7b,,,,,,,qwen2.5:7b,neutral,URL token does not contain relevant migration indicators,url_1,1
20220101,190,LILLE,YEMENI,https://www.okaz.com.sa/news/na/2092790,neutral,URL token does not contain relevant migration indicators,qwen2.5:7b,,,,,,,qwen2.5:7b,neutral,URL token does not contain relevant migration indicators,url_1,1
20220101,141,GUADELOUPE,,https://www.franceguyane.fr/actualite/social/mobilisation-sociale-a-pointe-a-pitre-elie-domota-a-ete-arrete-493999.php,neutral,URL token does not contain relevant migration indicators,qwen2.5:7b,,,,,,,qwen2.5:7b,neutral,URL token does not contain relevant migration indicators,url_1,1
20220101,172,CONAKRY,,http://malijet.com/actualite_economique_du_mali/265491-lutte-contre-la-fraude-et-la-contrebande-les-douanes-saisissent-.html,neutral,URL token does not contain relevant migration indicators,qwen2.5:7b,,,,,,,qwen2.5:7b,neutral,URL token does not contain relevant migration indicators,url_1,1
20220101,70,GAMBIA,NORWEGIAN,https://www.analisidifesa.it/2022/01/il-2021-ha-rilanciato-limmigrazione-illegale-su-vasta-scala-in-italia/,pull,illegal immigration,qwen2.5:7b,,,,,,,qwen2.5:7b,pull,illegal immigration,url_1,1
20220101,70,GAMBIA,NORWAY,https://www.analisidifesa.it/2022/01/il-2021-ha-rilanciato-limmigrazione-illegale-su-vasta-scala-in-italia/,pull,illegal immigration,qwen2.5:7b,,,,,,,qwen2.5:7b,pull,illegal immigration,url_1,1
20220101,70,GAMBIA,NORWEGIAN,https://www.analisidifesa.it/2022/01/il-2021-ha-rilanciato-limmigrazione-illegale-su-vasta-scala-in-italia/,pull,illegal immigration,qwen2.5:7b,,,,,,,qwen2.5:7b,pull,illegal immigration,url_1,1
20220101,190,PRESIDENT,,https://alquds.com/2022/01/01/%D8%A5%D8%B5%D8%A7%D8%A8%D8%A7%D8%AA-%D8%AE%D9%84%D8%A7%D9%84-%D9%85%D9%88%D8%A7%D8%AC%D9%87%D8%A7%D8%AA-%D9%81%D9%8A-%D8%A8%D8%B1%D9%82%D8%A9/,push,Injuries-during,qwen2.5:7b,,,,,,,qwen2.5:7b,push,Injuries-during,url_1,1
20220101,192,PRESIDENT,,https://alquds.com/2022/01/01/%D8%A5%D8%B5%D8%A7%D8%A8%D8%A7%D8%AA-%D8%AE%D9%84%D8%A7%D9%84-%D9%85%D9%88%D8%A7%D8%AC%D9%87%D8%A7%D8%AA-%D9%81%D9%8A-%D8%A8%D8%B1%D9%82%D8%A9/,push,Injuries-during,qwen2.5:7b,,,,,,,qwen2.5:7b,push,Injuries-during,url_1,1
20220101,20,MINISTRY,EMIRATI,https://www.akhbarona.com/world/340606.html,neutral,,qwen2.5:7b,,,,,,,qwen2.5:7b,neutral,,url_1,1
20220101,51,MINISTRY,EMIRATI,https://www.akhbarona.com/world/340606.html,neutral,,qwen2.5:7b,,,,,,,qwen2.5:7b,neutral,,url_1,1
20220101,71,GOVERNMENT,EUROPEAN,https://www.interris.it/rubriche/opinione/affrontare-questioni-pressanti-luce-dottrina-sociale-chiesa/,neutral,,qwen2.5:7b,,,,,,,qwen2.5:7b,neutral,,url_1,1
20220101,111,AUTHORITIES,EMPLOYEE,https://ria.ru/20220102/status-1766397981.html,unclear,status-1766397981.html,qwen2.5:7b,,,,"ООН, 2 янв — РИА Новости. Статус персоны нон грата неприменим к сотрудникам Статус персоны нон грата неприменим к сотрудникам ООН — так официальный представитель генсека организации Стефан Дюжаррик прокомментировал решение властей самопровозглашенной республики Косово в отношении российского дипломата.

« ""Нам стало известно о том, что власти Косово объявили персоной нон грата сотрудника миссии ООН в Косово (МООНК). Никакого официального уведомления от властей Косово по поводу этого объявления миссии не поступало"", — сказал он.

Представитель генсека подчеркнул, что доктрина персоны нон грата неприменима к сотрудникам ООН и не предусмотрена в постановлении 2000/47 МООНК (о статусе, привилегиях и иммунитете СДК и МООНК и их персонала в Косово).

По словам Дюжаррика, любые обеспокоенности, связанные с сотрудниками миссии ООН в Косово, следует направлять ее руководству, чтобы оно могло решить этот вопрос в соответствии со статусом, привилегиями и иммунитетом самой миссии и ее персонала.

""МООНК и штаб-квартира ООН принимают соответствующие меры для обеспечения безопасности сотрудника и находятся в связи с этой ситуацией в контакте с соответствующими властями"", — заключил Дюжаррик.

Приштина 31 декабря объявила персоной нон-грата сотрудника миссии ООН из России за якобы несовместимую с дипломатическим статусом деятельность. Российское посольство в Сербии назвало это решение провокацией, ""предпринятой, дабы выслужиться перед западными менторами"".

Это не первый подобный случай: в октябре косовский МИД объявил персонами нон грата двух дипломатов в канцелярии российского посольства в Сербии, которые постоянно работают в Приштине. МИД тогда призвал МООНК и международные Силы для Косово обеспечить надежную безопасность и необходимые условия для полноценной работы российского персонала в Косово.

Республика Косово — частично признанное государство на Балканском полуострове . Согласно Конституции Сербии , входит в состав страны как Автономный край Косово и Метохия, однако Белград фактически не контролирует большую часть региона.

В 1990-х здесь развернулась война между югославской армией и албанскими вооруженными формированиями. Конфликт сопровождался массовыми репрессиями и этническими чистками: албанские сепаратисты разрушили многие памятники православной культуры. В 1999 году НАТО вмешалась в вооруженное противостояние и подвергла бомбардировкам города и военные объекты Югославии . В результате Белград был вынужден согласиться на ввод в Косово военного контингента Североатлантического альянса. Область перешла под управление ООН",neutral,"article discusses UN staff status, not migration",qwen2.5:7b,neutral,"article discusses UN staff status, not migration",article,1
20220101,841,DIPLOMAT,PRISONER,https://www.republika.co.id/berita/r520da430/indiapakistan-tukar-daftar-tahanan,neutral,,qwen2.5:7b,,,,,,,qwen2.5:7b,neutral,,url_1,1
20220101,841,DIPLOMAT,PRISONER,https://www.republika.co.id/berita/r520da430/indiapakistan-tukar-daftar-tahanan,neutral,home,qwen2.5:7b,,,,,,,qwen2.5:7b,neutral,home,url_1,1
20220101,1014,EMBASSY,UKRAINIAN,https://pronedra.ru/znaki-vostochnogo-kalendarya-po-godu-rozhdeniya-kotorym-povezet-v-2022-godu-628853.html,unclear,signs-of-the-eastern-calendar-by-year-of-birth-who-will-be-lucky-in-2022-628853.html,qwen2.5:7b,,,,"Знаки восточного календаря по году рождения, которым повезет в 2022 году

Каждый новый год несет перемены, а какими они будут, зависит от того, насколько благосклонным окажется тотемное животное. В 2022 году повезет нескольким знакам восточного календаря. Также удача улыбнется тем, кто заслужит благоволение Тигра.

Об этом рассказывает kp.ru

Астрологи составили гороскоп для знаков по году рождения. Тигр примет бразды правления от Быка 1 февраля в 2022 году. Пора узнать, что ждет каждого в следующие 12 месяцев.

Каким восточным знакам по году рождения повезет в 2022 году

Крыса (1948, 1960, 1972, 1984, 1996, 2008) – астрологи сулят вам на 2022 год Тигра много путешествий, увлекательных поездок. Обязательно соглашайтесь на командировки – их результат будет оправдан. Окружающие будут покорены вашей харизмой, появятся новые друзья. Рутинной работой заниматься не рекомендуется – могут возникать различные сложности.

Бык (1949, 1961, 1973, 1985, 1997, 2009) – год Тигра будет наполнен приятными событиями, которые не забудутся до конца жизни. Трудолюбие, терпеливость и реализм претят символу 2022 года. Следующие 12 месяцев ознаменуются стабильностью и уверенностью. Появится возможность неплохо заработать.

Змея (1941, 1953, 1965, 1977, 1989, 2001, 2013) – астрологи рекомендуют в год Тигра заняться собственным здоровьем, избавиться от депрессии, невроза, панических атак. Благодаря самообладанию и выдержке вы добьетесь желаемого. В 2022 году произойдут изменения на работе: кто-то «положил глаз» на ваше место.

Коза (1943, 1955, 1967, 1979, 1991, 2003, 2015) – в новом 2022 году ожидается полный штиль. Для формирования стабильного финансового потока придется усилить работоспособность. Влиятельный человек поможет с работой: научитесь договариваться, идти на компромисс.

Свинья (1947, 1959, 1971, 1983, 1995, 2007) – год Тигра будет комфортным для вас. Новая сфера деятельности увлечет, предоставит новые возможности. Найдите хобби по душе, заведите новые знакомства, полезные связи. Займитесь личной жизнью.

Кому будет благоволить Тигре в 2022 году

Тигр (1950, 1962, 1974, 1986, 1998, 2010) – в новом году ваш круг общения значительно расширится, и вы заручитесь поддержкой новых знакомых. В «свой» год вы составите достойную конкуренцию «акулам» бизнеса, заслужите авторитет своим упрямством и настойчивостью. Новый 2022 год будет финансово стабильным.

Кот/Кролик (1951, 1963, 1975, 1987, 1999, 2011) – получаемая информация будет быстро усваиваться. Проведите анализ своих действий, запишитесь на интересные курсы. Год Тигра будет благоприятным для создания крепкой семьи и рождения ребенка.

Петух (1945, 1957, 1969, 1981, 1993, 2005) – 2022 год активного самовыражения будет у вас. Благодаря тому, что вы умеет открыто себя проявить, станете независимым, свободолюбивым. Все конфликты с разногласиями будут решены в кратчайшие сроки.

Восточный гороскоп на 2022 год: настоящие счастливчики

Дракон (1940, 1952, 1964, 1976, 1988, 2000, 2012) – энергия, мужество, терпение, мудрость помогут принять эффективные и нестандартные решения, которые приведут к карьерному росту. В год Тигра укрепятся родственные связи, будут запущены интересные и прибыльные проекты.

Лошадь (1942, 1954, 1966, 1978, 1990, 2002, 2014) – благоприятным станет для вас 2022 год Тигра, если будете развивать коммуникативные способности. Вы легко находите общий язык с незнакомцами, у вас много друзей. Новые лица в кругу общения помогут устроиться на хорошую работу. Важные дела будут решены в кратчайшие сроки, улучшатся отношения с партнером.

Обезьяна (1944, 1956, 1968, 1980, 1992, 2004, 2016) – грядет хороший и счастливый год для вас. Тигр будет благоволить тем, кто захочет заниматься благотворительностью. Астрологи рекомендуют заниматься творческими и активными работами, максимум времени проводить с родственниками, устанавливать новые семейные традиции.

Собака (1946, 1958, 1970, 1982, 1994, 2006) – в год Тигра вы получите много знаний и навыков, которые успешно примените в ближайшее время, и получите за это хорошее вознаграждение. Год будет действительно счастливым, финансово стабильным, главное – избегать авантюр и неоправданных рисков.",neutral,"Article is about Chinese zodiac and 2022 predictions, not migration.",qwen2.5:7b,neutral,"Article is about Chinese zodiac and 2022 predictions, not migration.",article,1
20220101,1014,EMBASSY,UKRAINIAN,https://pronedra.ru/znaki-vostochnogo-kalendarya-po-godu-rozhdeniya-kotorym-povezet-v-2022-godu-628853.html,unclear,signs-of-the-eastern-calendar-by-year-of-birth-who-will-be-lucky-in-2022-628853.html,qwen2.5:7b,,,,"Знаки восточного календаря по году рождения, которым повезет в 2022 году

Каждый новый год несет перемены, а какими они будут, зависит от того, насколько благосклонным окажется тотемное животное. В 2022 году повезет нескольким знакам восточного календаря. Также удача улыбнется тем, кто заслужит благоволение Тигра.

Об этом рассказывает kp.ru

Астрологи составили гороскоп для знаков по году рождения. Тигр примет бразды правления от Быка 1 февраля в 2022 году. Пора узнать, что ждет каждого в следующие 12 месяцев.

Каким восточным знакам по году рождения повезет в 2022 году

Крыса (1948, 1960, 1972, 1984, 1996, 2008) – астрологи сулят вам на 2022 год Тигра много путешествий, увлекательных поездок. Обязательно соглашайтесь на командировки – их результат будет оправдан. Окружающие будут покорены вашей харизмой, появятся новые друзья. Рутинной работой заниматься не рекомендуется – могут возникать различные сложности.

Бык (1949, 1961, 1973, 1985, 1997, 2009) – год Тигра будет наполнен приятными событиями, которые не забудутся до конца жизни. Трудолюбие, терпеливость и реализм претят символу 2022 года. Следующие 12 месяцев ознаменуются стабильностью и уверенностью. Появится возможность неплохо заработать.

Змея (1941, 1953, 1965, 1977, 1989, 2001, 2013) – астрологи рекомендуют в год Тигра заняться собственным здоровьем, избавиться от депрессии, невроза, панических атак. Благодаря самообладанию и выдержке вы добьетесь желаемого. В 2022 году произойдут изменения на работе: кто-то «положил глаз» на ваше место.

Коза (1943, 1955, 1967, 1979, 1991, 2003, 2015) – в новом 2022 году ожидается полный штиль. Для формирования стабильного финансового потока придется усилить работоспособность. Влиятельный человек поможет с работой: научитесь договариваться, идти на компромисс.

Свинья (1947, 1959, 1971, 1983, 1995, 2007) – год Тигра будет комфортным для вас. Новая сфера деятельности увлечет, предоставит новые возможности. Найдите хобби по душе, заведите новые знакомства, полезные связи. Займитесь личной жизнью.

Кому будет благоволить Тигре в 2022 году

Тигр (1950, 1962, 1974, 1986, 1998, 2010) – в новом году ваш круг общения значительно расширится, и вы заручитесь поддержкой новых знакомых. В «свой» год вы составите достойную конкуренцию «акулам» бизнеса, заслужите авторитет своим упрямством и настойчивостью. Новый 2022 год будет финансово стабильным.

Кот/Кролик (1951, 1963, 1975, 1987, 1999, 2011) – получаемая информация будет быстро усваиваться. Проведите анализ своих действий, запишитесь на интересные курсы. Год Тигра будет благоприятным для создания крепкой семьи и рождения ребенка.

Петух (1945, 1957, 1969, 1981, 1993, 2005) – 2022 год активного самовыражения будет у вас. Благодаря тому, что вы умеет открыто себя проявить, станете независимым, свободолюбивым. Все конфликты с разногласиями будут решены в кратчайшие сроки.

Восточный гороскоп на 2022 год: настоящие счастливчики

Дракон (1940, 1952, 1964, 1976, 1988, 2000, 2012) – энергия, мужество, терпение, мудрость помогут принять эффективные и нестандартные решения, которые приведут к карьерному росту. В год Тигра укрепятся родственные связи, будут запущены интересные и прибыльные проекты.

Лошадь (1942, 1954, 1966, 1978, 1990, 2002, 2014) – благоприятным станет для вас 2022 год Тигра, если будете развивать коммуникативные способности. Вы легко находите общий язык с незнакомцами, у вас много друзей. Новые лица в кругу общения помогут устроиться на хорошую работу. Важные дела будут решены в кратчайшие сроки, улучшатся отношения с партнером.

Обезьяна (1944, 1956, 1968, 1980, 1992, 2004, 2016) – грядет хороший и счастливый год для вас. Тигр будет благоволить тем, кто захочет заниматься благотворительностью. Астрологи рекомендуют заниматься творческими и активными работами, максимум времени проводить с родственниками, устанавливать новые семейные традиции.

Собака (1946, 1958, 1970, 1982, 1994, 2006) – в год Тигра вы получите много знаний и навыков, которые успешно примените в ближайшее время, и получите за это хорошее вознаграждение. Год будет действительно счастливым, финансово стабильным, главное – избегать авантюр и неоправданных рисков.",neutral,"Article discusses Chinese zodiac signs and their fortunes in 2022, unrelated to migration.",qwen2.5:7b,neutral,"Article discusses Chinese zodiac signs and their fortunes in 2022, unrelated to migration.",article,1
20220101,36,MINIST OF EDUCATION,,https://www.diariolaprovinciasj.com/educacion/2022/1/1/el-ministerio-de-educacion-atendera-en-nuevo-horario-165874.html,neutral,education,qwen2.5:7b,,,,,,,qwen2.5:7b,neutral,education,url_1,1
20220101,13,MEDICAL ASSOCIATION,,https://www.aftenposten.no/verden/i/OrevnE/foerste-nyttaarsdag-ble-det-registrert-over-160000-koronatilfeller-i-en,neutral,new year's day corona case-in-one,qwen2.5:7b,,,,,,,qwen2.5:7b,neutral,new year's day corona case-in-one,url_1,1
20220101,120,DOCTOR,,https://kino.24tv.ua/ru/novogodnie-multfilmy-dlja-vsej-semi-dushevnaja-podborka-dlja_n1831930,unclear,New Year's-cartoons-for-the-whole-family-heartwarming-selection-for_n1831930,qwen2.5:7b,,,,"Рождество – это самый прекрасный праздник, который с большим нетерпением ждут дети и взрослые. Так как он полон радости, и каждый ждет в это время чуда. Ничто так не помогает окунуться в атмосферу праздника, как шедевры мировой анимации. Мы подготовили пятерку лучших.

Не пропустите Разрушаем мифы в кино: 5 популярных стереотипов о казино, которые нам навязывает Голливуд

Рождественская история

(A Christmas Carol)

Год выхода: 2009

О сюжете

Великолепная анимационная драма от студии Walt Disney Pictures ""Рождественская история"" является экранизацией повести известного классика мировой литературы Чарльза Диккенса.

События картины разворачиваются вокруг пожилого мужчины по имени Эбенезер Скрудж. Он жуткий скряга, и каждый день думает только о том, как бы сэкономить лишний цент. У него нет ни капельки сочувствия к бедным людям, да и ко всему прочему, Скруджу просто чужды дружба, любовь, а Рождество он вообще не считает праздником.

Однако в преддверии этого светлого и доброго праздника Эбенезеру предстоит пережить еще раз свое прошлое и увидеть настоящее и будущее, что заставит его по-другому взглянуть на мир, и это изменит его навсегда.

Трейлер мультфильма ""Рождественская история"": смотрите видео онлайн

Актер всегда находится в центре внимания на съемочной площадке. Так же, как SlotoKing среди любителей азартных игр. Это онлайн-казино занимает лидирующие позиции среди украинских аналогов, так как предоставляет только высококачественный сервис.

Полярный экспресс

(The Polar Express)

Год выхода: 2004

О сюжете

Мультфильм режиссера Роберта Земекиса, снятый по мотивам одноименной книги Криса Ван Оллсбурга.

Сюжет рассказывает о необычных путешествиях маленького мальчика по Северному полюсу в волшебном поезде к Санта-Клаусу. Мальчик верит в Санту, вопреки тому, что все его друзья и семья в один голос утверждают, что это лишь сказка. И вот однажды вера мальчика вознаграждается.

В канун Рождества мальчик вдруг получает возможность поехать на волшебном поезде к нему в гости. И в то время, как на спящий мир опускается Рождественская ночь, пассажиры экспресса мчатся на Северный полюс, встречая приключения и опасности на своем пути, которые подстерегают их в зловещих горах, темных лесах и ледяной тундре. Героев ждут удивительные путешествия на пути к их цели.

Трейлер мультфильма ""Полярный экспресс"": смотрите видео онлайн



Клаус

(Klaus)

Год выхода: 2019

О сюжете

История о том, как все началось...

Когда эгоистичный и ленивый сын богатого магната Джеспер проваливает учебу в почтовой академии, заслуженно становясь худшим студентом, отец парня отправляет его на перевоспитание на отдаленный остров за полярным кругом.

Чтобы вернуться домой и пользоваться благами родительского достатка, Джесперу придется послать шесть тысяч писем, однако вскоре он обнаруживает, что местные жители, разделенные на два противоборствующих лагеря, вообще не пользуются почтовыми услугами.

Джеспер, раздосадованный очередной неудачей, собирается признать миссию невыполнимой, но неожиданно находит союзников – очаровательную учительницу Альву и таинственного лесоруба Клауса.

Трейлер мультфильма ""Клаус"": смотрите видео онлайн



Хранители снов

(Rise of the Guardians)

Год выхода: 2012

О сюжете

Это полнометражный мультфильм-сказка, созданный по книге писателя Уильяма Джойса.

Герои этой истории, Санта-Клаус, Пасхальный кролик, Зубная фея и Песочный человек, дружат с детства, а теперь они являются одной дружной командой, которая охраняет сны малышей. Все шло замечательно, пока на горизонте не появился злой дух. Ему совсем не по нраву то, что дети очень много мечтают, и в планы злодея входит заменить детские фантазии ночными кошмарами.

Восемнадцатилетний Ледяной Джек приходит на помощь хранителям и возглавляет борьбу против злого духа. Ситуация осложняется тем, что прихвостни злодея похитили помощниц Зубной Феи и детские зубки, в том числе и зубы Джека, что лишает стража детских воспоминаний. Однако отступать нельзя. Детей, их мечты и веру надо спасти.

Трейлер мультфильма ""Хранители снов"": смотрите видео онлайн



Секретная служба Санта-Клауса

(Arthur Christmas)

Год выхода: 2011

О сюжете

Мультфильм погружает зрителя в мир захватывающих приключений Санта-Клауса и его младшего сына Артура. Каждый ребенок старается вести себя хорошо, чтобы в Новый Год увидеть под елкой желанные подарки, но одна девочка, несмотря на то, что весь год вела себя хорошо, осталась без подарка. Как такое могло произойти?

Почему верные помощники Санта-Клауса, эльфы, допустили такую ошибку? Ведь это же волшебный праздник, и у каждого ребенка должен быть подарок! Ситуацию решает исправить Артур, сын Санта-Клауса, который работает в почтовом отделении. Храбрый мальчик решается на опасные приключения ради справедливости.

Трейлер мультфильма ""Секретная служба Санта Клауса"": смотрите видео онлайн

Сайт 24 канала поздравляет всех с Новым годом и Рождеством Христовым. Спасибо, что доверяете – мы вместе меняем страну к лучшему.",neutral,Articles about Christmas animations and stories do not discuss migration conditions.,qwen2.5:7b,neutral,Articles about Christmas animations and stories do not discuss migration conditions.,article,1
20220101,120,DOCTOR,,https://kino.24tv.ua/ru/novogodnie-multfilmy-dlja-vsej-semi-dushevnaja-podborka-dlja_n1831930,unclear,New Year's-cartoons-for-the-whole-family-heartwarming-selection-for_n1831930,qwen2.5:7b,,,,"Рождество – это самый прекрасный праздник, который с большим нетерпением ждут дети и взрослые. Так как он полон радости, и каждый ждет в это время чуда. Ничто так не помогает окунуться в атмосферу праздника, как шедевры мировой анимации. Мы подготовили пятерку лучших.

Не пропустите Разрушаем мифы в кино: 5 популярных стереотипов о казино, которые нам навязывает Голливуд

Рождественская история

(A Christmas Carol)

Год выхода: 2009

О сюжете

Великолепная анимационная драма от студии Walt Disney Pictures ""Рождественская история"" является экранизацией повести известного классика мировой литературы Чарльза Диккенса.

События картины разворачиваются вокруг пожилого мужчины по имени Эбенезер Скрудж. Он жуткий скряга, и каждый день думает только о том, как бы сэкономить лишний цент. У него нет ни капельки сочувствия к бедным людям, да и ко всему прочему, Скруджу просто чужды дружба, любовь, а Рождество он вообще не считает праздником.

Однако в преддверии этого светлого и доброго праздника Эбенезеру предстоит пережить еще раз свое прошлое и увидеть настоящее и будущее, что заставит его по-другому взглянуть на мир, и это изменит его навсегда.

Трейлер мультфильма ""Рождественская история"": смотрите видео онлайн

Актер всегда находится в центре внимания на съемочной площадке. Так же, как SlotoKing среди любителей азартных игр. Это онлайн-казино занимает лидирующие позиции среди украинских аналогов, так как предоставляет только высококачественный сервис.

Полярный экспресс

(The Polar Express)

Год выхода: 2004

О сюжете

Мультфильм режиссера Роберта Земекиса, снятый по мотивам одноименной книги Криса Ван Оллсбурга.

Сюжет рассказывает о необычных путешествиях маленького мальчика по Северному полюсу в волшебном поезде к Санта-Клаусу. Мальчик верит в Санту, вопреки тому, что все его друзья и семья в один голос утверждают, что это лишь сказка. И вот однажды вера мальчика вознаграждается.

В канун Рождества мальчик вдруг получает возможность поехать на волшебном поезде к нему в гости. И в то время, как на спящий мир опускается Рождественская ночь, пассажиры экспресса мчатся на Северный полюс, встречая приключения и опасности на своем пути, которые подстерегают их в зловещих горах, темных лесах и ледяной тундре. Героев ждут удивительные путешествия на пути к их цели.

Трейлер мультфильма ""Полярный экспресс"": смотрите видео онлайн



Клаус

(Klaus)

Год выхода: 2019

О сюжете

История о том, как все началось...

Когда эгоистичный и ленивый сын богатого магната Джеспер проваливает учебу в почтовой академии, заслуженно становясь худшим студентом, отец парня отправляет его на перевоспитание на отдаленный остров за полярным кругом.

Чтобы вернуться домой и пользоваться благами родительского достатка, Джесперу придется послать шесть тысяч писем, однако вскоре он обнаруживает, что местные жители, разделенные на два противоборствующих лагеря, вообще не пользуются почтовыми услугами.

Джеспер, раздосадованный очередной неудачей, собирается признать миссию невыполнимой, но неожиданно находит союзников – очаровательную учительницу Альву и таинственного лесоруба Клауса.

Трейлер мультфильма ""Клаус"": смотрите видео онлайн



Хранители снов

(Rise of the Guardians)

Год выхода: 2012

О сюжете

Это полнометражный мультфильм-сказка, созданный по книге писателя Уильяма Джойса.

Герои этой истории, Санта-Клаус, Пасхальный кролик, Зубная фея и Песочный человек, дружат с детства, а теперь они являются одной дружной командой, которая охраняет сны малышей. Все шло замечательно, пока на горизонте не появился злой дух. Ему совсем не по нраву то, что дети очень много мечтают, и в планы злодея входит заменить детские фантазии ночными кошмарами.

Восемнадцатилетний Ледяной Джек приходит на помощь хранителям и возглавляет борьбу против злого духа. Ситуация осложняется тем, что прихвостни злодея похитили помощниц Зубной Феи и детские зубки, в том числе и зубы Джека, что лишает стража детских воспоминаний. Однако отступать нельзя. Детей, их мечты и веру надо спасти.

Трейлер мультфильма ""Хранители снов"": смотрите видео онлайн



Секретная служба Санта-Клауса

(Arthur Christmas)

Год выхода: 2011

О сюжете

Мультфильм погружает зрителя в мир захватывающих приключений Санта-Клауса и его младшего сына Артура. Каждый ребенок старается вести себя хорошо, чтобы в Новый Год увидеть под елкой желанные подарки, но одна девочка, несмотря на то, что весь год вела себя хорошо, осталась без подарка. Как такое могло произойти?

Почему верные помощники Санта-Клауса, эльфы, допустили такую ошибку? Ведь это же волшебный праздник, и у каждого ребенка должен быть подарок! Ситуацию решает исправить Артур, сын Санта-Клауса, который работает в почтовом отделении. Храбрый мальчик решается на опасные приключения ради справедливости.

Трейлер мультфильма ""Секретная служба Санта Клауса"": смотрите видео онлайн

Сайт 24 канала поздравляет всех с Новым годом и Рождеством Христовым. Спасибо, что доверяете – мы вместе меняем страну к лучшему.",neutral,"Article focuses on Christmas animated films, not migration conditions.",qwen2.5:7b,neutral,"Article focuses on Christmas animated films, not migration conditions.",article,1
20220101,10,CROATIAN,,https://madeinfoot.ouest-france.fr/infos/article-asm-l-as-monaco-officialise-le-depart-de-niko-kovac-officiel-364395.html,push,the departure,qwen2.5:7b,,,,,,,qwen2.5:7b,push,the departure,url_1,1
20220101,10,CROATIAN,,https://madeinfoot.ouest-france.fr/infos/article-asm-l-as-monaco-officialise-le-depart-de-niko-kovac-officiel-364395.html,push,the departure,qwen2.5:7b,,,,,,,qwen2.5:7b,push,the departure,url_1,1
20220101,42,CROATIAN,,https://madeinfoot.ouest-france.fr/infos/article-asm-l-as-monaco-officialise-le-depart-de-niko-kovac-officiel-364395.html,push,the departure,qwen2.5:7b,,,,,,,qwen2.5:7b,push,the departure,url_1,1
20220101,42,CROATIAN,,https://madeinfoot.ouest-france.fr/infos/article-asm-l-as-monaco-officialise-le-depart-de-niko-kovac-officiel-364395.html,push,the departure,qwen2.5:7b,,,,,,,qwen2.5:7b,push,the departure,url_1,1
20220101,43,JAKARTA,FLORIDA,https://www.republika.co.id/berita/r520u2384/ini-ketentuan-tes-antigen-di-stasiun,neutral,,qwen2.5:7b,,,,,,,qwen2.5:7b,neutral,,url_1,1
20220101,10,ISRAEL,,https://www.lematin.ch/story/apres-des-tirs-de-roquettes-frappes-israeliennes-sur-gaza-569823935907,push,"rocket fire, israeli strikes on gaza",qwen2.5:7b,,,,,,,qwen2.5:7b,push,"rocket fire, israeli strikes on gaza",url_1,1
20220101,61,ISRAEL,,https://www.alquds.co.uk/%D8%A7%D9%84%D8%AC%D9%8A%D8%B4-%D8%A7%D9%84%D8%A5%D8%B3%D8%B1%D8%A7%D8%A6%D9%8A%D9%84%D9%8A-%D9%8A%D9%82%D8%B5%D9%81-%D8%A3%D9%87%D8%AF%D8%A7%D9%81%D8%A7-%D9%81%D9%8A-%D9%82%D8%B7%D8%A7%D8%B9-%D8%BA/,push,Looking for a better life in Ivory Coast,qwen2.5:7b,,,,,,,qwen2.5:7b,push,Looking for a better life in Ivory Coast,url_1,1
20220101,190,ISRAELI,ISRAEL,https://ria.ru/20220102/status-1766397981.html,neutral,,qwen2.5:7b,,,,,,,qwen2.5:7b,neutral,,url_1,1
20220101,871,ISRAEL,PALESTINIAN,https://www.alquds.co.uk/%D8%A7%D9%84%D8%AC%D9%8A%D8%B4-%D8%A7%D9%84%D8%A5%D8%B3%D8%B1%D8%A7%D8%A6%D9%8A%D9%84%D9%8A-%D9%8A%D9%82%D8%B5%D9%81-%D8%A3%D9%87%D8%AF%D8%A7%D9%81%D8%A7-%D9%81%D9%8A-%D9%82%D8%B7%D8%A7%D8%B9-%D8%BA/,push,Looking for a better life in Ivory Coast,qwen2.5:7b,,,,,,,qwen2.5:7b,push,Looking for a better life in Ivory Coast,url_1,1
20220101,190,ISRAELI,GAZA,https://ria.ru/20220102/udary-1766397744.html,neutral,,qwen2.5:7b,,,,,,,qwen2.5:7b,neutral,,url_1,1
20220101,194,ISRAEL,PALESTINIAN,https://www.lematin.ch/story/apres-des-tirs-de-roquettes-frappes-israeliennes-sur-gaza-569823935907,push,"rocket fire, israeli strikes on gaza",qwen2.5:7b,,,,,,,qwen2.5:7b,push,"rocket fire, israeli strikes on gaza",url_1,1
20220101,194,ISRAEL,HAMAS,https://www.lematin.ch/story/apres-des-tirs-de-roquettes-frappes-israeliennes-sur-gaza-569823935907,push,"rocket fire, israeli strikes on gaza",qwen2.5:7b,,,,,,,qwen2.5:7b,push,"rocket fire, israeli strikes on gaza",url_1,1
20220101,90,ISRAELI,,https://www.adn40.mx/internacional/israel-flurona-gripe-covid-19-pfp,neutral,,qwen2.5:7b,,,,,,,qwen2.5:7b,neutral,,url_1,1
20220101,10,ISRAELI,ISRAEL,https://www.notigape.com/israel-detecto-primer-caso-de-flurona-gripe-y-covid-19-en-simultaneo/243839,neutral,No clear migration-related tokens,qwen2.5:7b,,,,,,,qwen2.5:7b,neutral,No clear migration-related tokens,url_1,1
20220101,90,ISRAELI,ISRAEL,https://www.adn40.mx/internacional/israel-flurona-gripe-covid-19-pfp,neutral,No clear migration-related tokens,qwen2.5:7b,,,,,,,qwen2.5:7b,neutral,No clear migration-related tokens,url_1,1
20220101,190,ISRAELI,,https://ria.ru/20220102/status-1766397981.html,neutral,No clear migration-related tokens,qwen2.5:7b,,,,,,,qwen2.5:7b,neutral,No clear migration-related tokens,url_1,1
20220101,190,ISRAEL,ISRAEL,https://ria.ru/20220102/status-1766397981.html,neutral,No clear migration-related tokens,qwen2.5:7b,,,,,,,qwen2.5:7b,neutral,No clear migration-related tokens,url_1,1
20220101,190,ISRAEL,ISRAEL,https://ria.ru/20220102/udary-1766397744.html,neutral,No clear migration-related tokens,qwen2.5:7b,,,,,,,qwen2.5:7b,neutral,No clear migration-related tokens,url_1,1
20220101,190,ISRAELI,GAZA,https://ria.ru/20220102/status-1766397981.html,neutral,No clear migration-related tokens,qwen2.5:7b,,,,,,,qwen2.5:7b,neutral,No clear migration-related tokens,url_1,1
20220101,190,ISRAELI,GAZA,https://ria.ru/20220102/udary-1766397744.html,neutral,No clear migration-related tokens,qwen2.5:7b,,,,,,,qwen2.5:7b,neutral,No clear migration-related tokens,url_1,1
20220101,20,ISRAELI,ISRAELI,https://www.alarab.com/Article/1018146,neutral,No clear migration-related tokens,qwen2.5:7b,,,,,,,qwen2.5:7b,neutral,No clear migration-related tokens,url_1,1
20220101,43,ITALY,,https://www.analisidifesa.it/2022/01/il-2021-ha-rilanciato-limmigrazione-illegale-su-vasta-scala-in-italia/,pull,illegal immigration,qwen2.5:7b,,,,,,,qwen2.5:7b,pull,illegal immigration,url_1,1
20220101,173,ITALY,ALBANIA,http://www.oranews.tv/vendi/ky-eshte-shqiptari-i-arratisur-nga-burgu-ne-itali-naten-e-nderrimit-te-vit-i1023852,push,escaped from prison in Italy,qwen2.5:7b,,,,,,,qwen2.5:7b,push,escaped from prison in Italy,url_1,1
20220101,42,ITALY,ITALIAN,https://www.interris.it/copertina/perno-opbg-omicron-bambini/,neutral,pin-opbg-omicron-children,qwen2.5:7b,,,,,,,qwen2.5:7b,neutral,pin-opbg-omicron-children,url_1,1
20220101,43,ITALIAN,,https://www.interris.it/copertina/perno-opbg-omicron-bambini/,neutral,pin-opbg-omicron-children,qwen2.5:7b,,,,,,,qwen2.5:7b,neutral,pin-opbg-omicron-children,url_1,1
20220101,43,ITALIAN,ITALY,https://www.interris.it/copertina/perno-opbg-omicron-bambini/,neutral,pin-opbg-omicron-children,qwen2.5:7b,,,,,,,qwen2.5:7b,neutral,pin-opbg-omicron-children,url_1,1
20220101,10,JUDGE,,https://www.analisidifesa.it/2022/01/il-2021-ha-rilanciato-limmigrazione-illegale-su-vasta-scala-in-italia/,pull,2021-has-relaunched-illegal-immigration-on-a-large-scale-in-italy,qwen2.5:7b,,,,,,,qwen2.5:7b,pull,2021-has-relaunched-illegal-immigration-on-a-large-scale-in-italy,url_1,1
20220101,43,SOUTH KOREA,MUSLIM,https://portaljember.pikiran-rakyat.com/pariwisata/pr-163372393/7-destinasi-wisata-halal-di-korea-selatan-cocok-bagi-umat-muslim-yang-traveling-ke-negeri-ginseng,neutral,7-halal-tourism-destinations-in-South-Korea-suitable-for-Muslims-who-travel-to-the-land-of-ginseng,qwen2.5:7b,,,,,,,qwen2.5:7b,neutral,7-halal-tourism-destinations-in-South-Korea-suitable-for-Muslims-who-travel-to-the-land-of-ginseng,url_1,1
20220101,84,TRADE UNION,,https://www.franceguyane.fr/actualite/social/mobilisation-sociale-a-pointe-a-pitre-elie-domota-a-ete-arrete-493999.php,neutral,social-mobilization-in-pointe-a-pitre-elie-domota-a-ete-arrete-493999.php,qwen2.5:7b,,,,,,,qwen2.5:7b,neutral,social-mobilization-in-pointe-a-pitre-elie-domota-a-ete-arrete-493999.php,url_1,1
20220101,111,TRADE UNION,,https://www.franceguyane.fr/actualite/social/mobilisation-sociale-a-pointe-a-pitre-elie-domota-a-ete-arrete-493999.php,neutral,social-mobilization-in-pointe-a-pitre-elie-domota-a-ete-arrete-493999.php,qwen2.5:7b,,,,,,,qwen2.5:7b,neutral,social-mobilization-in-pointe-a-pitre-elie-domota-a-ete-arrete-493999.php,url_1,1
20220101,100,REPRESENTATIVES,VOTER,https://www.corriere.it/editoriali/22_gennaio_01/i-partiti-quirinaleche-cosa-serve-ora-paese-466c0010-6b3e-11ec-a3c8-e3c830b3b1de.shtml,neutral,i-partiti-quirinaleche-cosa-serve-ora-paese-466c0010-6b3e-11ec-a3c8-e3c830b3b1de.shtml,qwen2.5:7b,,,,,,,qwen2.5:7b,neutral,i-partiti-quirinaleche-cosa-serve-ora-paese-466c0010-6b3e-11ec-a3c8-e3c830b3b1de.shtml,url_1,1
20220101,120,REPRESENTATIVES,VOTER,https://www.corriere.it/editoriali/22_gennaio_01/i-partiti-quirinaleche-cosa-serve-ora-paese-466c0010-6b3e-11ec-a3c8-e3c830b3b1de.shtml,neutral,i-partiti-quirinaleche-cosa-serve-ora-paese-466c0010-6b3e-11ec-a3c8-e3c830b3b1de.shtml,qwen2.5:7b,,,,,,,qwen2.5:7b,neutral,i-partiti-quirinaleche-cosa-serve-ora-paese-466c0010-6b3e-11ec-a3c8-e3c830b3b1de.shtml,url_1,1
20220101,161,MONACO,,https://madeinfoot.ouest-france.fr/infos/article-asm-l-as-monaco-officialise-le-depart-de-niko-kovac-officiel-364395.html,neutral,asm-l-as-monaco-officialise-le-depart-de-niko-kovac-officiel-364395.html,qwen2.5:7b,,,,,,,qwen2.5:7b,neutral,asm-l-as-monaco-officialise-le-depart-de-niko-kovac-officiel-364395.html,url_1,1
20220101,161,MONACO,,https://madeinfoot.ouest-france.fr/infos/article-asm-l-as-monaco-officialise-le-depart-de-niko-kovac-officiel-364395.html,push,departure,qwen2.5:7b,,,,,,,qwen2.5:7b,push,departure,url_1,1
20220101,51,MILITARY,,https://www.okaz.com.sa/news/na/2092790,neutral,,qwen2.5:7b,,,,,,,qwen2.5:7b,neutral,,url_1,1
20220101,51,MILITARY,,https://www.okaz.com.sa/news/na/2092790,neutral,,qwen2.5:7b,,,,,,,qwen2.5:7b,neutral,,url_1,1
20220101,114,NAVY,,https://omirante.pt/sociedade/2022-01-01-Vila-Franca-de-Xira-vai-ter-de-realizar-mais-obras-para-ganhar-novo-tribunal-a4687496,neutral,,qwen2.5:7b,,,,,,,qwen2.5:7b,neutral,,url_1,1
20220101,190,MALI,,http://malijet.com/actualite-politique-au-mali/editorial-journaux-mali/265485-edito-le-pragmatisme-russe-aux-antipodes-des-th%C3%A9ories-fran%C3%A7aises.html,neutral,,qwen2.5:7b,,,,,,,qwen2.5:7b,neutral,,url_1,1
20220101,42,MUSLIM,SOUTH KOREA,https://portaljember.pikiran-rakyat.com/pariwisata/pr-163372393/7-destinasi-wisata-halal-di-korea-selatan-cocok-bagi-umat-muslim-yang-traveling-ke-negeri-ginseng,neutral,,qwen2.5:7b,,,,,,,qwen2.5:7b,neutral,,url_1,1
20220101,841,PRISONER,DIPLOMAT,https://www.republika.co.id/berita/r520da430/indiapakistan-tukar-daftar-tahanan,neutral,,qwen2.5:7b,,,,,,,qwen2.5:7b,neutral,,url_1,1
20220101,42,POLE,,https://as.com/futbol/2022/01/01/primera/1641057005_745473.html,neutral,,qwen2.5:7b,,,,,,,qwen2.5:7b,neutral,,url_1,1
20220101,161,PORTUGAL,MADEIRA,https://www.akhbarona.com/last/340605.html,neutral,,qwen2.5:7b,,,,,,,qwen2.5:7b,neutral,,url_1,1
20220101,10,PALESTINIAN,,https://www.lematin.ch/story/apres-des-tirs-de-roquettes-frappes-israeliennes-sur-gaza-569823935907,push,attacks,qwen2.5:7b,,,,,,,qwen2.5:7b,push,attacks,url_1,1
20220101,10,PALESTINIAN,,https://www.lematin.ch/story/apres-des-tirs-de-roquettes-frappes-israeliennes-sur-gaza-569823935907,push,Israeli attacks on Gaza,qwen2.5:7b,,,,,,,qwen2.5:7b,push,Israeli attacks on Gaza,url_1,1
20220101,61,PALESTINIAN,,https://www.alquds.co.uk/%D8%A7%D9%84%D8%AC%D9%8A%D8%B4-%D8%A7%D9%84%D8%A5%D8%B3%D8%B1%D8%A7%D8%A6%D9%8A%D9%84%D9%8A-%D9%8A%D9%82%D8%B5%D9%81-%D8%A3%D9%87%D8%AF%D8%A7%D9%81%D8%A7-%D9%81%D9%8A-%D9%82%D8%B7%D8%A7%D8%B9-%D8%BA/,push,Israeli attacks on Gaza,qwen2.5:7b,,,,,,,qwen2.5:7b,push,Israeli attacks on Gaza,url_1,1
20220101,10,PALESTINIAN,ISRAEL,https://www.lematin.ch/story/apres-des-tirs-de-roquettes-frappes-israeliennes-sur-gaza-569823935907,push,Israeli attacks on Gaza,qwen2.5:7b,,,,,,,qwen2.5:7b,push,Israeli attacks on Gaza,url_1,1
20220101,10,PALESTINIAN,ISRAEL,https://www.lematin.ch/story/apres-des-tirs-de-roquettes-frappes-israeliennes-sur-gaza-569823935907,push,Israeli attacks on Gaza,qwen2.5:7b,,,,,,,qwen2.5:7b,push,Israeli attacks on Gaza,url_1,1
20220101,61,PALESTINIAN,ISRAEL,https://www.alquds.co.uk/%D8%A7%D9%84%D8%AC%D9%8A%D8%B4-%D8%A7%D9%84%D8%A5%D8%B3%D8%B1%D8%A7%D8%A6%D9%8A%D9%84%D9%8A-%D9%8A%D9%82%D8%B5%D9%81-%D8%A3%D9%87%D8%AF%D8%A7%D9%81%D8%A7-%D9%81%D9%8A-%D9%82%D8%B7%D8%A7%D8%B9-%D8%BA/,push,Israeli attacks on Gaza,qwen2.5:7b,,,,,,,qwen2.5:7b,push,Israeli attacks on Gaza,url_1,1
20220101,195,HAMAS,,https://alquds.com/2022/01/02/%D8%A7%D9%84%D8%A7%D8%AD%D8%AA%D9%84%D8%A7%D9%84-%D9%8A%D9%82%D8%B5%D9%81-%D9%85%D9%88%D9%82%D8%B9%D9%8B%D8%A7-%D9%84%D9%84%D9%85%D9%82%D8%A7%D9%88%D9%85%D8%A9-%D8%A8%D8%BA%D8%B2%D8%A9/,neutral,Agricultural issues in Jerusalem,qwen2.5:7b,,,,,,,qwen2.5:7b,neutral,Agricultural issues in Jerusalem,url_1,1
20220101,195,HAMAS,,https://alquds.com/2022/01/02/%D8%A7%D9%84%D8%A7%D8%AD%D8%AA%D9%84%D8%A7%D9%84-%D9%8A%D9%82%D8%B5%D9%81-%D9%85%D9%88%D9%82%D8%B9%D9%8B%D8%A7-%D9%84%D9%84%D9%85%D9%82%D8%A7%D9%88%D9%85%D8%A9-%D8%A8%D8%BA%D8%B2%D8%A9/,neutral,Agricultural issues in Jerusalem,qwen2.5:7b,,,,,,,qwen2.5:7b,neutral,Agricultural issues in Jerusalem,url_1,1
20220101,1712,POLITICIAN,,https://www.analisidifesa.it/2022/01/il-2021-ha-rilanciato-limmigrazione-illegale-su-vasta-scala-in-italia/,pull,Irregular migration on a large scale to Italy,qwen2.5:7b,,,,,,,qwen2.5:7b,pull,Irregular migration on a large scale to Italy,url_1,1
20220101,833,ARCHBISHOP,,https://noticias.uol.com.br/ultimas-noticias/efe/2022/01/01/sul-africanos-se-despedem-de-desmond-tutu.htm,push,South Africans saying goodbye to Desmond Tutu (indicates potential immigration pressure as they leave the country),qwen2.5:7b,,,,,,,qwen2.5:7b,push,South Africans saying goodbye to Desmond Tutu (indicates potential immigration pressure as they leave the country),url_1,1
20220101,84,ROMANIA,,https://evz.ro/catalin-harnagea-fostul-sef-al-serviciului-extern-de-informatii-incepe-sa-scrie-in-evenimentul-zilei.html,neutral,Former head of external information service starts writing in Zilei evenimentul,qwen2.5:7b,,,,,,,qwen2.5:7b,neutral,Former head of external information service starts writing in Zilei evenimentul,url_1,1
20220101,10,RUSSIA,,https://www.volynnews.com/news/all/5-naykrutishykh-skarbiv-volynskoho-krayeznavchoho-muzeiu-foto/,neutral,no migration-related tokens,qwen2.5:7b,,,,,,,qwen2.5:7b,neutral,no migration-related tokens,url_1,1
20220101,10,RUSSIA,,https://kino.24tv.ua/ru/novogodnie-multfilmy-dlja-vsej-semi-dushevnaja-podborka-dlja_n1831930,neutral,no migration-related tokens,qwen2.5:7b,,,,,,,qwen2.5:7b,neutral,no migration-related tokens,url_1,1
20220101,111,RUSSIAN,,https://www.teleport2001.ru/news/2022-01-02/140398-zasukha-grozit-lyudyam-i-zhivotnym-iz-za-stroitelstva-plotiny-na-dalnem-vostoke.html,push,drought (druzhnt) threatens people (threatens people) due to the construction of a dam (due to dam construction),qwen2.5:7b,,,,,,,qwen2.5:7b,push,drought (druzhnt) threatens people (threatens people) due to the construction of a dam (due to dam construction),url_1,1
20220101,110,RUSSIAN,FRENCH,http://malijet.com/actualite-politique-au-mali/editorial-journaux-mali/265485-edito-le-pragmatisme-russe-aux-antipodes-des-th%C3%A9ories-fran%C3%A7aises.html,neutral,no migration-related tokens,qwen2.5:7b,,,,,,,qwen2.5:7b,neutral,no migration-related tokens,url_1,1
20220101,182,JEDDAH,FRANCE,https://www.la-croix.com/Dakar-2022-Al-Attiyah-auto-Sanders-moto-remportent-prologue-concurrent-blesse-explosion-2022-01-01-1301192706,neutral,no migration-related tokens,qwen2.5:7b,,,,,,,qwen2.5:7b,neutral,no migration-related tokens,url_1,1
20220101,182,JEDDAH,FRANCE,https://www.la-croix.com/Dakar-2022-Al-Attiyah-auto-Sanders-moto-remportent-prologue-concurrent-blesse-explosion-2022-01-01-1301192706,neutral,no migration-related tokens,qwen2.5:7b,,,,,,,qwen2.5:7b,neutral,no migration-related tokens,url_1,1
20220101,182,JEDDAH,FRENCH,https://www.la-croix.com/Dakar-2022-Al-Attiyah-auto-Sanders-moto-remportent-prologue-concurrent-blesse-explosion-2022-01-01-1301192706,neutral,no migration-related tokens,qwen2.5:7b,,,,,,,qwen2.5:7b,neutral,no migration-related tokens,url_1,1
20220101,182,JEDDAH,FRANCE,https://www.la-croix.com/Dakar-2022-Al-Attiyah-auto-Sanders-moto-remportent-prologue-concurrent-blesse-explosion-2022-01-01-1301192706,neutral,no migration-related tokens,qwen2.5:7b,,,,,,,qwen2.5:7b,neutral,no migration-related tokens,url_1,1
20220101,120,SAUDI,SAUDI ARABIA,https://www.la-croix.com/Dakar-2022-Al-Attiyah-auto-Sanders-moto-remportent-prologue-concurrent-blesse-explosion-2022-01-01-1301192706,neutral,no migration-related tokens,qwen2.5:7b,,,,,,,qwen2.5:7b,neutral,no migration-related tokens,url_1,1
20220101,60,SENEGAL,,https://www.la-croix.com/Dakar-2022-Al-Attiyah-auto-Sanders-moto-remportent-prologue-concurrent-blesse-explosion-2022-01-01-1301192706,neutral,no migration-related tokens,qwen2.5:7b,,,,,,,qwen2.5:7b,neutral,no migration-related tokens,url_1,1
20220101,60,DAKAR,,https://www.la-croix.com/Dakar-2022-Al-Attiyah-auto-Sanders-moto-remportent-prologue-concurrent-blesse-explosion-2022-01-01-1301192706,neutral,no clear migration-related tokens,qwen2.5:7b,,,,,,,qwen2.5:7b,neutral,no clear migration-related tokens,url_1,1
20220101,180,SETTLER,ISRAEL,https://www.alarab.com/Article/1018146,neutral,no clear migration-related tokens,qwen2.5:7b,,,,,,,qwen2.5:7b,neutral,no clear migration-related tokens,url_1,1
20220101,180,SETTLER,PALESTINIAN,https://www.alarab.com/Article/1018146,neutral,no clear migration-related tokens,qwen2.5:7b,,,,,,,qwen2.5:7b,neutral,no clear migration-related tokens,url_1,1
20220101,193,SETTLER,GUNMEN,https://alquds.com/2022/01/02/%D8%A7%D9%84%D9%85%D9%82%D8%A7%D9%88%D9%85%D8%A9-%D8%A7%D9%84%D8%B4%D8%B9%D8%A8%D9%8A%D8%A9-%D8%AA%D8%B3%D8%AA%D8%B9%D8%B1-%D9%81%D9%8A-%D8%B4%D9%85%D8%A7%D9%84-%D8%A7%D9%84%D8%B6%D9%81%D8%A9/,push,"explosion, competitor-injury",qwen2.5:7b,,,,,,,qwen2.5:7b,push,"explosion, competitor-injury",url_1,1
20220101,36,SYRIAN,SYRIAN,https://www.alarab.com/Article/1018149,neutral,no clear migration-related tokens,qwen2.5:7b,,,,,,,qwen2.5:7b,neutral,no clear migration-related tokens,url_1,1
20220101,36,SYRIAN,SYRIAN,https://www.alarab.com/Article/1018149,neutral,no clear migration-related tokens,qwen2.5:7b,,,,,,,qwen2.5:7b,neutral,no clear migration-related tokens,url_1,1
20220101,36,SYRIAN,SYRIAN,https://www.alarab.com/Article/1018149,neutral,no clear migration-related tokens,qwen2.5:7b,,,,,,,qwen2.5:7b,neutral,no clear migration-related tokens,url_1,1
20220101,36,SYRIAN,SYRIAN,https://www.alarab.com/Article/1018149,neutral,no clear migration-related tokens,qwen2.5:7b,,,,,,,qwen2.5:7b,neutral,no clear migration-related tokens,url_1,1
20220101,23,UKRAINIAN,,https://kino.24tv.ua/ru/novogodnie-multfilmy-dlja-vsej-semi-dushevnaja-podborka-dlja_n1831930,neutral,no clear migration-related tokens,qwen2.5:7b,,,,,,,qwen2.5:7b,neutral,no clear migration-related tokens,url_1,1
20220101,90,WYOMING,,https://g1.globo.com/mundo/noticia/2022/01/01/a-epidemia-de-desaparecimentos-de-indigenas-que-intriga-os-eua.ghtml,pull,"epidemic-of-disappearances, indigenous-that-intrigue-the-us",qwen2.5:7b,,,,,,,qwen2.5:7b,pull,"epidemic-of-disappearances, indigenous-that-intrigue-the-us",url_1,1
20220101,42,FLORIDA,JAKARTA,https://www.republika.co.id/berita/r520u2384/ini-ketentuan-tes-antigen-di-stasiun,neutral,tes antigen,qwen2.5:7b,,,,,,,qwen2.5:7b,neutral,tes antigen,url_1,1
20220101,190,YEMENI,LILLE,https://www.okaz.com.sa/news/na/2092790,neutral,antigen test provisions,qwen2.5:7b,,,,,,,qwen2.5:7b,neutral,antigen test provisions,url_1,1
20220101,10,YEMENI,PERSIAN,https://www.okaz.com.sa/news/na/2092790,neutral,antigen test provisions,qwen2.5:7b,,,,,,,qwen2.5:7b,neutral,antigen test provisions,url_1,1
20220101,50,CATALAN,,https://sport1.oslobodjenje.ba/s1/fudbal/ino-fudbal/primera/postigao-dogovor-sa-kataloncima-barcelona-sljedeceg-ljeta-dobija-veliko-pojacanje-721568,neutral,football,qwen2.5:7b,,,,,,,qwen2.5:7b,neutral,football,url_1,1
20220101,141,SLAVIC,TARA,https://www.kramatorsk.info/view/272909,push,Kramatorsk info,qwen2.5:7b,,,,,,,qwen2.5:7b,push,Kramatorsk info,url_1,1
20220101,141,SLAVIC,UKRAINE,https://www.kramatorsk.info/view/272909,push,Kramatorsk info,qwen2.5:7b,,,,,,,qwen2.5:7b,push,Kramatorsk info,url_1,1
20210102,51,POLAND,,https://logistyka.rp.pl/drogowy/art19249821-na-ten-rok-w-planach-oddanie-do-uzytku-345-km-drog-krajowych,neutral,road,qwen2.5:7b,,,,,,,qwen2.5:7b,neutral,road,url_1,1
20210102,51,POLISH,,https://logistyka.rp.pl/drogowy/art19249821-na-ten-rok-w-planach-oddanie-do-uzytku-345-km-drog-krajowych,neutral,road,qwen2.5:7b,,,,,,,qwen2.5:7b,neutral,road,url_1,1
20210102,51,POLISH,,https://logistyka.rp.pl/drogowy/art19249821-na-ten-rok-w-planach-oddanie-do-uzytku-345-km-drog-krajowych,neutral,road,qwen2.5:7b,,,,,,,qwen2.5:7b,neutral,road,url_1,1
20220102,36,,BUENOS AIRES,https://urgente24.com/actualidad/tragedia-palermo-asesino-al-volante-alcohol-y-muerte-n531977,neutral,driving killer alcohol and death,qwen2.5:7b,,,,,,,qwen2.5:7b,neutral,driving killer alcohol and death,url_1,1
20220102,100,,BUSINESS,https://www.eluniversal.com.mx/cartera/concanaco-pide-comercios-mantener-medidas-sanitarias-y-evitar-cierres-por-ola-de-covid,neutral,,qwen2.5:7b,,,,,,,qwen2.5:7b,neutral,,url_1,1
20220102,190,,TYCOON,https://revistamonet.globo.com/Celebridades/noticia/2022/01/look-de-jeff-bezos-um-dos-homens-mais-ricos-do-mundo-no-reveillon-rende-piadas-nas-redes-meio-vin-diesel-meio-agostinho-carrara.html,neutral,,qwen2.5:7b,,,,,,,qwen2.5:7b,neutral,,url_1,1
20220102,112,,CALGARY,https://www.journaldemontreal.com/2022/01/02/manifestations-anti-covid-un-pasteur-et-son-frere-arretes-par-calgary,unclear,,qwen2.5:7b,,,,"Un pasteur connu pour ses positions anti-mesures sanitaires et son frère ont été arrêtés et accusés, samedi, après avoir manifesté sur le terrain du ministre de la Santé de l’Alberta.

• À lire aussi: L’exaspération se fait ressentir aux centres de dépistage

Le pasteur Artur Pawlowski et son frère Dawid, qui ont déjà fait face à la justice pour avoir défié les règles sanitaires par le passé, ont rejoint une cinquantaine de manifestants devant la demeure du ministre Jason Copping.

La police de Calgary a confirmé qu'elle a arrêté deux manifestants parce qu'ils violaient une ordonnance de la cour, sans dévoiler leurs noms. Cependant, une vidéo publiée sur la page Facebook du pasteur controversé montre l’arrestation de ce dernier et de son frère peu de temps après la manifestation, alors qu’ils se trouvent en voiture.

«C’est ce qui se produit lorsque vous vivez au China-da, s’est insurgé Artur en se filmant. Vous allez vous faire arrêter par la Gestapo.»

La vidéo, d’une durée d’un peu plus de sept minutes, recèle un vaste éventail de références au nazisme, le pasteur allant jusqu’à rebaptiser le premier ministre Jason Kenney du nom de «Adolf Kenney».

Plus tard, au cours de l’arrestation des deux frères, on entend une troisième personne dans le véhicule, qui filme toute la scène, traiter les policiers de Calgary de «nazis» et se moquer d’eux.

L’avocate des deux frères, Sarah Miller, a confirmé au Calgary Herald que les Pawlowski ont été accusés de bris d’ordonnance.

Le premier ministre s’est désolé de la tournure de cette soirée du jour de l’An. «Tous les Albertains ont le droit de manifester pacifiquement. Ce droit ne permet pas d’empiéter sur les terrains de maisons privées et de harceler les familles des gens du service public», s’est-il insurgé sur Twitter.

«Malheureusement, ce n’est pas la première fois que cette portion des conspirationnistes antivaccins tente d’intimider des élus du gouvernement de cette façon. Je suis certain que la majorité des Albertains rejettent cette forme d’extrémisme», a-t-il ajouté.

À VOIR AUSSI",neutral,No clear migration-related content,qwen2.5:7b,neutral,No clear migration-related content,article,1
20220102,841,,POLICE,https://www.hoydiariodelmagdalena.com.co/archivos/613756,neutral,,qwen2.5:7b,,,,,,,qwen2.5:7b,neutral,,url_1,1
20220102,36,,SCHOOL,https://olhardireto.com.br/noticias/exibir.asp?id=496488&noticia=porto-relembra-dificuldades-com-45-dos-estudantes-sem-internet-e-projeta-2022-como-melhor-ano-letivo-da-historia,push,difficulties with students without internet,qwen2.5:7b,,,,,,,qwen2.5:7b,push,difficulties with students without internet,url_1,1
20220102,42,,SCHOOL,https://olhardireto.com.br/noticias/exibir.asp?id=496488&noticia=porto-relembra-dificuldades-com-45-dos-estudantes-sem-internet-e-projeta-2022-como-melhor-ano-letivo-da-historia,push,difficulties with students without internet,qwen2.5:7b,,,,,,,qwen2.5:7b,push,difficulties with students without internet,url_1,1
20220102,42,,FRANCE,https://www.mdzol.com/deportes/2022/1/2/cuando-vuelve-lionel-messi-su-posible-debut-con-el-psg-en-2022-212536.html,neutral,,qwen2.5:7b,,,,,,,qwen2.5:7b,neutral,,url_1,1
20220102,42,,FRANCE,https://www.mdzol.com/deportes/2022/1/2/cuando-vuelve-lionel-messi-su-posible-debut-con-el-psg-en-2022-212536.html,neutral,,qwen2.5:7b,,,,,,,qwen2.5:7b,neutral,,url_1,1
20220102,141,,THE UK,https://www.clarin.com/opinion/malvinas-pasado-presente-conflicto_0_4JQu1pJwH.html,neutral,,qwen2.5:7b,,,,,,,qwen2.5:7b,neutral,,url_1,1
20220102,42,,UNITED KINGDOM,https://www.elbotola.com/article/2022-01-02-22-03-111.html,unclear,,qwen2.5:7b,,,,"المنتخب الوطني يبرمج أولى حصصه التدريبية في الكاميرون غدا الإثنين استعدادا لودية بوركينا فاسو و""رحلة الكان""

حدد الطاقم التقني للناخب الوطني وحيد خليلوزيتش، برنامج ""الأسود"" في الكاميرون، قبل مواجهة غانا، لحساب الجولة الأولى من دور المجموعات لكأس أمم أفريقيا 2021.





ومن المقرر أن يخوض المنتخب الوطني يوم غد الإثنين، أولى حصصه التدريبية استعدادا لودية بوركينا فاسو، المبرمجة يوم الخميس 6 يناير الجاري.





ويدشن رفاق أشرف حكيمي، رحلتهم القارية، بمواجهة غانا، يوم الإثنين 10 يناير، بداية من الساعة الخامسة عصرا (17:00 غرينيتش +1)، بملعب ""أحمدو أهيدجو"" في مدينة ياوندي الكاميرونية.





وحطت بعثة المنتخب المغربي، يومه الأحد، الرحال في الكاميرون، إذ وجدت في استقبالها سفير المملكة هناك، مصطفى بوه.





يذكر أن المغرب يتواجد في المجموعة الثالثة، رفقة منتخبات غانا والغابون وجزر القمر.",neutral,"Article about football training, not migration",qwen2.5:7b,neutral,"Article about football training, not migration",article,1
20220102,42,,UNITED KINGDOM,https://www.elbotola.com/article/2022-01-02-22-03-111.html,unclear,https://www.elbotola.com/article/2022-01-02-22-03-111.html,qwen2.5:7b,,,,"المنتخب الوطني يبرمج أولى حصصه التدريبية في الكاميرون غدا الإثنين استعدادا لودية بوركينا فاسو و""رحلة الكان""

حدد الطاقم التقني للناخب الوطني وحيد خليلوزيتش، برنامج ""الأسود"" في الكاميرون، قبل مواجهة غانا، لحساب الجولة الأولى من دور المجموعات لكأس أمم أفريقيا 2021.





ومن المقرر أن يخوض المنتخب الوطني يوم غد الإثنين، أولى حصصه التدريبية استعدادا لودية بوركينا فاسو، المبرمجة يوم الخميس 6 يناير الجاري.





ويدشن رفاق أشرف حكيمي، رحلتهم القارية، بمواجهة غانا، يوم الإثنين 10 يناير، بداية من الساعة الخامسة عصرا (17:00 غرينيتش +1)، بملعب ""أحمدو أهيدجو"" في مدينة ياوندي الكاميرونية.





وحطت بعثة المنتخب المغربي، يومه الأحد، الرحال في الكاميرون، إذ وجدت في استقبالها سفير المملكة هناك، مصطفى بوه.





يذكر أن المغرب يتواجد في المجموعة الثالثة، رفقة منتخبات غانا والغابون وجزر القمر.",neutral,"article about football training, not migration",qwen2.5:7b,neutral,"article about football training, not migration",article,1
20220102,40,,KINGDOM,https://alghad.com/%D9%88%D8%B2%D9%8A%D8%B1-%D8%A7%D9%84%D8%AE%D8%A7%D8%B1%D8%AC%D9%8A%D8%A9-%D8%A7%D9%84%D8%B3%D8%B9%D9%88%D8%AF%D9%8A-%D9%81%D9%8A-%D8%B9%D9%85%D8%A7%D9%86/,pull,Saudi,qwen2.5:7b,,,,,,,qwen2.5:7b,pull,Saudi,url_1,1
20220102,46,,MINIST,https://alghad.com/%D9%88%D8%B2%D9%8A%D8%B1-%D8%A7%D9%84%D8%AE%D8%A7%D8%B1%D8%AC%D9%8A%D8%A9-%D8%A7%D9%84%D8%B3%D8%B9%D9%88%D8%AF%D9%8A-%D9%81%D9%8A-%D8%B9%D9%85%D8%A7%D9%86/,pull,Saudi,qwen2.5:7b,,,,,,,qwen2.5:7b,pull,Saudi,url_1,1
20220102,46,,KINGDOM,https://alghad.com/%D9%88%D8%B2%D9%8A%D8%B1-%D8%A7%D9%84%D8%AE%D8%A7%D8%B1%D8%AC%D9%8A%D8%A9-%D8%A7%D9%84%D8%B3%D8%B9%D9%88%D8%AF%D9%8A-%D9%81%D9%8A-%D8%B9%D9%85%D8%A7%D9%86/,pull,Saudi,qwen2.5:7b,,,,,,,qwen2.5:7b,pull,السعودي,url_1,1
20220102,57,,GOVERNMENT,https://www.cas.sk/clanok/2626553/predseda-civilnej-vlady-v-sudane-oznamil-svoju-rezignaciu-snazil-som-sa-zo-vsetkych-sil/,neutral,the head-of-the-civilian-government-in-sudan-announced-his-resignation-I-tried-with-all-my-forces/,qwen2.5:7b,,,,,,,qwen2.5:7b,neutral,presseda-civilnej-vlady-v-sudane-oznamil-svoju-rezignaciu-snazil-som-sa-zo-vsetkych-sil/,url_1,1
20220102,84,,PRESIDENT,https://www.lematin.ch/story/lhomme-fort-du-parti-ennahdha-hospitalise-dans-un-etat-critique-474086927675,unclear,Foreign Ministry - Saudi Arabia,qwen2.5:7b,,,,"Noureddine Bhiri, le 8 mai 2013, à Tunis. AFP

L’ex-ministre tunisien de la Justice Noureddine Bhiri, homme fort du parti d’inspiration islamiste Ennahdha, a été transféré dans un état critique à l’hôpital de Bizerte (nord) deux jours après son interpellation, ont affirmé dimanche des militants de ce mouvement et des députés.

Interpellé vendredi matin, Noureddine Bhiri, 63 ans, «est dans un état critique, il est en réanimation à l’hôpital Bougatfa à Bizerte», a indiqué à l’AFP l’avocat et député Samir Dilou. Après plus de deux jours de silence, Rached Ghannouchi, chef d’Ennahdha et dont Noureddine Bhiri est considéré comme proche, a diffusé dimanche soir une lettre qu’il a adressée au président Kais Saied en lui imputant «la responsabilité de révéler son état, de rassurer sa famille et l’opinion publique».

Il a souligné qu’après les informations sur «la détérioration de l’état de santé» de Noureddine Bhiri, le président Saied devait «autoriser une équipe médicale et ses avocats à lui rendre visite et le libérer immédiatement».

Plusieurs maladies chroniques

Ennahdha est au cœur d’un bras de fer avec le président Kais Saied depuis son coup de force du 25 juillet et sa décision de suspendre le Parlement que ce parti contrôlait depuis une dizaine d’années. La députée et ex-secrétaire d’État Saida Ounissi a dénoncé sur Twitter le fait que Noureddine Bhiri ait été détenu «dans un lieu tenu secret, sans aucun mandat d’arrêt, mise en accusation ou autorisation judiciaire».

Lors d’une conférence de presse à Tunis, Mondher Ounissi, médecin et membre du bureau exécutif d’Ennahdha, a indiqué que Noureddine Bhiri souffrait de plusieurs maladies chroniques, dont de diabète et d’hypertension, et prenait habituellement «16 comprimés par jour». Il a été «privé de ses médicaments» et «sa vie est menacée», a-t-il assuré, appelant «le Croissant rouge et les organisations internationales à intervenir» face à «des pratiques inhumaines».

Dans une déclaration à l’AFP, Said Ferjani, membre de la direction d’Ennahdha et proche de Noureddine Bhiri, a dénoncé «une situation vraiment dangereuse pour la Tunisie et la région» quand on voit «un ex-ministre traité de cette manière». Il a souligné que son état était «vraiment critique après trois jours sans boire, ni manger, et sans prendre ses médicaments».

«Mesure préventive»

Samedi, l’Instance de prévention de la torture (INPT, autorité indépendante) et le parti Ennahdha avaient déjà protesté et s’étaient inquiétés du sort réservé à Noureddine Bhiri et à un autre dirigeant d’Ennahdha, Fathi Baldi, arrêté lui aussi vendredi. L’INPT et le comité de défense de Noureddine Bhiri ont dénoncé le secret autour du lieu de leur détention et l’absence d’explications du ministère de l’Intérieur qui a ordonné les deux arrestations.

Le ministère s’était borné vendredi soir à annoncer deux assignations à résidence, sans donner de noms, faisant état d’une «mesure préventive dictée par la nécessité de préserver la sûreté nationale». Vendredi, le comité de défense de Noureddine Bhiri avait qualifié son interpellation devant son domicile par des agents en civil de «kidnapping et (de) dangereux précédent marquant l’entrée du pays dans le tunnel de la dictature».",push,"health concerns, detention, political conflict",qwen2.5:7b,push,"health concerns, detention, political conflict",article,1
20220102,141,,AUTHORITIES,http://lratvakan.com/news/76958.html,unclear,http://lratvakan.com/news/76958.html,qwen2.5:7b,,,,"Участники акции протеста в центре Киева пошли на штурм кордонов, которые выставлены вокруг квартала правительственных зданий.

На улице Грушевского в Киеве не утихают столкновения протестующих и правоохранителей. На улице стоят несколько разбитых автобусов милиции, один автобус подожгли. Силовики регулярно бросают в толпу дымовые шашки, используют слезоточивый газ.

Ожидается приезд водометов. Об этом сообщают местные СМИ. Использование водометов на морозе угрожает смертями протестующим. При таком температуре может наступить переохлаждение от воды за несколько минут.

Помимо этого, протестующие захватили пять пустых милицейских автобусов. Лидер партии «УДАР» Виталий Кличко призвал протестующих отказаться от силовых действий в отношении правоохранителей, заявив, что это наверняка вызовет ответную реакцию со стороны «Беркута». Политик пообещал договориться о том, чтобы людям открыли проход к зданию Верховной Рады.

Столкновения активистов с милицией начались после так называемого народного вече на Майдане Незалежности, в котором приняли участие несколько сотен тысяч человек. Собравшиеся протестовали против политики действующих властей страны.",push,"war, violence, protests",qwen2.5:7b,push,"war, violence, protests",article,1
20220102,141,,AUTHORITIES,https://lugradar.net/2022/01/337334,push,2022/01/337334,qwen2.5:7b,,,,,,,qwen2.5:7b,push,2022/01/337334,url_1,1
20220102,42,,UNITED NATIONS,http://www.hispantv.com/noticias/palestina/535010/preso-israel-huelga-hambre,pull,prisoner-israel-hunger-strike,qwen2.5:7b,,,,,,,qwen2.5:7b,pull,prisoner-israel-hunger-strike,url_1,1
20220102,14,,ISRAELI,https://itongadol.com/coronavirus/coronavirus-en-israel-se-espera-que-tres-millones-de-israelies-se-infecten-con-el-virus,neutral,coronavirus-in-israel-three-million-Israelis-are-expected-to-be-infected-with-the-virus,qwen2.5:7b,,,,,,,qwen2.5:7b,neutral,coronavirus-in-israel-three-million-Israelis-are-expected-to-be-infected-with-the-virus,url_1,1
20220102,51,,ISRAEL,http://www.hispantv.com/noticias/palestina/535010/preso-israel-huelga-hambre,neutral,no clear migration-related tokens,qwen2.5:7b,,,,,,,qwen2.5:7b,neutral,no clear migration-related tokens,url_1,1
20220102,53,,ISRAEL,http://www.hispantv.com/noticias/palestina/535010/preso-israel-huelga-hambre,neutral,no clear migration-related tokens,qwen2.5:7b,,,,,,,qwen2.5:7b,neutral,no clear migration-related tokens,url_1,1
20220102,43,,JORDAN,https://alghad.com/%D9%85%D8%B9%D8%B1%D8%B6-%D8%A3%D8%B1%D8%AF%D9%86%D9%8A-%D9%84%D9%84%D8%AA%D8%AC%D8%A7%D8%B1%D8%A9-%D9%88%D8%A7%D9%84%D8%AE%D8%AF%D9%85%D8%A7%D8%AA-%D9%8A%D9%86%D8%B7%D9%84%D9%82-%D9%81%D9%8A-%D8%B3/,push,preso-israel-huelga-hambre (implying conditions causing people to leave due to a crisis or unrest),qwen2.5:7b,,,,,,,qwen2.5:7b,push,preso-israel-huelga-hambre (implying conditions causing people to leave due to a crisis or unrest),url_1,1
20220102,130,,LAWYER,https://www.vesti-online.com/stopiran-otkaz-za-nevakcinisanog-cuvara-reda/,neutral,no clear migration-related tokens,qwen2.5:7b,,,,,,,qwen2.5:7b,neutral,no clear migration-related tokens,url_1,1
20220102,42,,ANTANANARIVO,http://www.taringa.net/+salud_bienestar/la-proxima-gran-pandemia-la-resistencia-a-antibioticos-ya-esta-aqui_4zonot/,neutral,no clear migration-related tokens,qwen2.5:7b,,,,,,,qwen2.5:7b,neutral,no clear migration-related tokens,url_1,1
20220102,71,,OAXACA,https://oaxaca.eluniversal.com.mx/estatal/aumenta-congreso-de-oaxaca-presupuesto-de-comision-forestal-en-14-mdp,neutral,no clear migration-related tokens,qwen2.5:7b,,,,,,,qwen2.5:7b,neutral,no clear migration-related tokens,url_1,1
20220102,43,,MACHU PICCHU,https://www.segnidalcielo.it/peru-un-turista-fotografa-un-ufo-sullantica-citta-di-machu-picchu/,neutral,no clear migration-related tokens,qwen2.5:7b,,,,,,,qwen2.5:7b,neutral,no clear migration-related tokens,url_1,1
20220102,53,,PALESTINE,http://www.hispantv.com/noticias/palestina/535010/preso-israel-huelga-hambre,neutral,no clear migration-related tokens,qwen2.5:7b,,,,,,,qwen2.5:7b,neutral,no clear migration-related tokens,url_1,1
20220102,51,,PALESTINE,http://www.hispantv.com/noticias/palestina/535010/preso-israel-huelga-hambre,neutral,no clear migration-related tokens,qwen2.5:7b,,,,,,,qwen2.5:7b,neutral,no clear migration-related tokens,url_1,1
20220102,53,,PALESTINE,http://www.hispantv.com/noticias/palestina/535010/preso-israel-huelga-hambre,neutral,no clear migration-related tokens,qwen2.5:7b,,,,,,,qwen2.5:7b,neutral,no clear migration-related tokens,url_1,1
20220102,43,,SAINT,https://g1.globo.com/sp/santos-regiao/porto-mar/noticia/2022/01/02/anvisa-reforca-urgencia-em-acabar-com-temporada-de-cruzeiros-e-fala-em-risco-a-saude-publica.ghtml,neutral,no migration-related tokens,qwen2.5:7b,,,,,,,qwen2.5:7b,neutral,no migration-related tokens,url_1,1
20220102,51,,SETTLER,https://www.eluniversal.com.mx/ciencia-y-salud/tras-aparente-extincion-el-pez-picote-tequila-fue-reintegrado-su-habitat,neutral,no migration-related tokens,qwen2.5:7b,,,,,,,qwen2.5:7b,neutral,no migration-related tokens,url_1,1
20220102,20,,TURKEY,https://eleftherostypos.gr/ellinotourkika/880814-empristikos-o-akar-ebale-xio-samo-kai-oinousses-sto-stoma-tis-tourkias/,neutral,no migration-related tokens,qwen2.5:7b,,,,,,,qwen2.5:7b,neutral,no migration-related tokens,url_1,1
20220102,36,,THE WHITE HOUSE,https://pronedra.ru/v21-pervye-pervye-simptomy-pnevmonii-pomogut-svoevremenno-nachat-lechenie-i-soxranit-zhizn-439639.html,neutral,no migration-related tokens,qwen2.5:7b,,,,,,,qwen2.5:7b,neutral,no migration-related tokens,url_1,1
20220102,41,,THE WHITE HOUSE,https://pronedra.ru/v21-pervye-pervye-simptomy-pnevmonii-pomogut-svoevremenno-nachat-lechenie-i-soxranit-zhizn-439639.html,neutral,no migration-related tokens,qwen2.5:7b,,,,,,,qwen2.5:7b,neutral,no migration-related tokens,url_1,1
20220102,112,FARMER,MINIST OF ENVIRONMENT,https://www.diariolibre.com/actualidad/sucesos/2022/01/02/acusan-ganaderos-de-provocar-incendios-en-sierra-de-bahoruco/1563459,neutral,no migration-related tokens,qwen2.5:7b,,,,,,,qwen2.5:7b,neutral,no migration-related tokens,url_1,1
20220102,356,ARGENTINIAN,,https://www.clarin.com/opinion/malvinas-primeros-200-anos-_0_7SMJC2Ult.html,neutral,no migration-related tokens,qwen2.5:7b,,,,,,,qwen2.5:7b,neutral,no migration-related tokens,url_1,1
20220102,36,BUENOS AIRES,,https://urgente24.com/actualidad/tragedia-palermo-asesino-al-volante-alcohol-y-muerte-n531977,neutral,no migration-related tokens,qwen2.5:7b,,,,,,,qwen2.5:7b,neutral,no migration-related tokens,url_1,1
20220102,80,ARGENTINA,,https://www.clarin.com/opinion/malvinas-pasado-presente-conflicto_0_4JQu1pJwH.html,neutral,no migration-related tokens,qwen2.5:7b,,,,,,,qwen2.5:7b,neutral,no migration-related tokens,url_1,1
20220102,160,ARGENTINA,FALKLANDS,https://www.clarin.com/opinion/malvinas-pasado-presente-conflicto_0_4JQu1pJwH.html,neutral,no migration-related tokens,qwen2.5:7b,,,,,,,qwen2.5:7b,neutral,no migration-related tokens,url_1,1
20220102,190,BELGIAN,BELGIUM,https://geeko.lesoir.be/2022/01/02/une-entreprise-belge-lutte-contre-contre-le-gaspillage-pharmaceutique/,neutral,no migration-related tokens,qwen2.5:7b,,,,,,,qwen2.5:7b,neutral,no migration-related tokens,url_1,1
20220102,190,BELGIAN,,https://geeko.lesoir.be/2022/01/02/une-entreprise-belge-lutte-contre-contre-le-gaspillage-pharmaceutique/,neutral,no migration-related tokens,qwen2.5:7b,,,,,,,qwen2.5:7b,neutral,no migration-related tokens,url_1,1
20220102,112,BELARUSIAN,BELARUS,http://www.kvir.ru/author/andre-galinin/,unclear,"author name only, no clear migration context",qwen2.5:7b,,,,,unclear,,qwen2.5:7b,unclear,,article,1
20220102,190,BELARUSIAN,BELARUS,http://www.kvir.ru/author/andre-galinin/,unclear,"author name only, no clear migration context",qwen2.5:7b,,,,,unclear,,qwen2.5:7b,unclear,,article,1
20220102,51,BRAZIL,ARGENTINE,https://www.clarin.com/opinion/malvinas-pasado-presente-conflicto_0_4JQu1pJwH.html,push,conflict (conflict),qwen2.5:7b,,,,,,,qwen2.5:7b,push,conflict (conflict),url_1,1
20220102,10,BRAZIL,BRAZIL,https://www.clarin.com/opinion/malvinas-pasado-presente-conflicto_0_4JQu1pJwH.html,push,conflict (conflict),qwen2.5:7b,,,,,,,qwen2.5:7b,push,conflicto (conflict),url_1,1
20220102,10,BRAZIL,BRAZIL,https://www.clarin.com/opinion/malvinas-pasado-presente-conflicto_0_4JQu1pJwH.html,push,conflict (conflict),qwen2.5:7b,,,,,,,qwen2.5:7b,push,conflict (conflict),url_1,1
20220102,12,TYCOON,,https://revistamonet.globo.com/Celebridades/noticia/2022/01/look-de-jeff-bezos-um-dos-homens-mais-ricos-do-mundo-no-reveillon-rende-piadas-nas-redes-meio-vin-diesel-meio-agostinho-carrara.html,neutral,no migration-related tokens,qwen2.5:7b,,,,,,,qwen2.5:7b,neutral,no migration-related tokens,url_1,1
20220102,90,COMPANY,,https://e24.no/ledige-stillinger/s/Kzeo24/har-du-inkasso-erfaring-men-kan-tenke-deg-strre-ansvar,pull,har du inkasso (do you have debt collection experience) - indicates job opportunity,qwen2.5:7b,,,,,,,qwen2.5:7b,pull,har du inkasso (do you have debt collection experience) - indicates job opportunity,url_1,1
20220102,145,BUSINESS,,https://www.limburger.nl/cnt/dmf20220102_97854382,neutral,no migration-related tokens,qwen2.5:7b,,,,,,,qwen2.5:7b,neutral,no migration-related tokens,url_1,1
20220102,160,AIRLINE,,https://es.investing.com/news/stock-market-news/disrupciones-relacionadas-con-omicron-provocan-mas-de-4000-cancelaciones-de-vuelos-en-inicio-de-2022-2199117,neutral,no clear migration-related tokens,qwen2.5:7b,,,,,,,qwen2.5:7b,neutral,no clear migration-related tokens,url_1,1
20220102,190,TYCOON,,https://revistamonet.globo.com/Celebridades/noticia/2022/01/look-de-jeff-bezos-um-dos-homens-mais-ricos-do-mundo-no-reveillon-rende-piadas-nas-redes-meio-vin-diesel-meio-agostinho-carrara.html,neutral,no clear migration-related tokens,qwen2.5:7b,,,,,,,qwen2.5:7b,neutral,no clear migration-related tokens,url_1,1
20220102,20,AIRLINE,EMPLOYEE,https://es.investing.com/news/stock-market-news/disrupciones-relacionadas-con-omicron-provocan-mas-de-4000-cancelaciones-de-vuelos-en-inicio-de-2022-2199117,neutral,no clear migration-related tokens,qwen2.5:7b,,,,,,,qwen2.5:7b,neutral,no clear migration-related tokens,url_1,1
20220102,30,BUSINESS,,https://www.eluniversal.com.mx/nacion/tras-vacaciones-de-invierno-sep-se-declara-lista-para-retorno-actividades-escolares-presenciales,neutral,no clear migration-related tokens,qwen2.5:7b,,,,,,,qwen2.5:7b,neutral,no clear migration-related tokens,url_1,1
20220102,173,CALGARY,CALGARY,https://www.journaldemontreal.com/2022/01/02/manifestations-anti-covid-un-pasteur-et-son-frere-arretes-par-calgary,unclear,URL is too short and ambiguous,qwen2.5:7b,,,,"Un pasteur connu pour ses positions anti-mesures sanitaires et son frère ont été arrêtés et accusés, samedi, après avoir manifesté sur le terrain du ministre de la Santé de l’Alberta.

• À lire aussi: L’exaspération se fait ressentir aux centres de dépistage

Le pasteur Artur Pawlowski et son frère Dawid, qui ont déjà fait face à la justice pour avoir défié les règles sanitaires par le passé, ont rejoint une cinquantaine de manifestants devant la demeure du ministre Jason Copping.

La police de Calgary a confirmé qu'elle a arrêté deux manifestants parce qu'ils violaient une ordonnance de la cour, sans dévoiler leurs noms. Cependant, une vidéo publiée sur la page Facebook du pasteur controversé montre l’arrestation de ce dernier et de son frère peu de temps après la manifestation, alors qu’ils se trouvent en voiture.

«C’est ce qui se produit lorsque vous vivez au China-da, s’est insurgé Artur en se filmant. Vous allez vous faire arrêter par la Gestapo.»

La vidéo, d’une durée d’un peu plus de sept minutes, recèle un vaste éventail de références au nazisme, le pasteur allant jusqu’à rebaptiser le premier ministre Jason Kenney du nom de «Adolf Kenney».

Plus tard, au cours de l’arrestation des deux frères, on entend une troisième personne dans le véhicule, qui filme toute la scène, traiter les policiers de Calgary de «nazis» et se moquer d’eux.

L’avocate des deux frères, Sarah Miller, a confirmé au Calgary Herald que les Pawlowski ont été accusés de bris d’ordonnance.

Le premier ministre s’est désolé de la tournure de cette soirée du jour de l’An. «Tous les Albertains ont le droit de manifester pacifiquement. Ce droit ne permet pas d’empiéter sur les terrains de maisons privées et de harceler les familles des gens du service public», s’est-il insurgé sur Twitter.

«Malheureusement, ce n’est pas la première fois que cette portion des conspirationnistes antivaccins tente d’intimider des élus du gouvernement de cette façon. Je suis certain que la majorité des Albertains rejettent cette forme d’extrémisme», a-t-il ajouté.

À VOIR AUSSI",push,violent reactions may increase tensions,qwen2.5:7b,push,violent reactions may increase tensions,article,1
20220102,175,CALGARY,DEMONSTRATOR,https://www.journaldemontreal.com/2022/01/02/manifestations-anti-covid-un-pasteur-et-son-frere-arretes-par-calgary,unclear,URL is too short and ambiguous,qwen2.5:7b,,,,"Un pasteur connu pour ses positions anti-mesures sanitaires et son frère ont été arrêtés et accusés, samedi, après avoir manifesté sur le terrain du ministre de la Santé de l’Alberta.

• À lire aussi: L’exaspération se fait ressentir aux centres de dépistage

Le pasteur Artur Pawlowski et son frère Dawid, qui ont déjà fait face à la justice pour avoir défié les règles sanitaires par le passé, ont rejoint une cinquantaine de manifestants devant la demeure du ministre Jason Copping.

La police de Calgary a confirmé qu'elle a arrêté deux manifestants parce qu'ils violaient une ordonnance de la cour, sans dévoiler leurs noms. Cependant, une vidéo publiée sur la page Facebook du pasteur controversé montre l’arrestation de ce dernier et de son frère peu de temps après la manifestation, alors qu’ils se trouvent en voiture.

«C’est ce qui se produit lorsque vous vivez au China-da, s’est insurgé Artur en se filmant. Vous allez vous faire arrêter par la Gestapo.»

La vidéo, d’une durée d’un peu plus de sept minutes, recèle un vaste éventail de références au nazisme, le pasteur allant jusqu’à rebaptiser le premier ministre Jason Kenney du nom de «Adolf Kenney».

Plus tard, au cours de l’arrestation des deux frères, on entend une troisième personne dans le véhicule, qui filme toute la scène, traiter les policiers de Calgary de «nazis» et se moquer d’eux.

L’avocate des deux frères, Sarah Miller, a confirmé au Calgary Herald que les Pawlowski ont été accusés de bris d’ordonnance.

Le premier ministre s’est désolé de la tournure de cette soirée du jour de l’An. «Tous les Albertains ont le droit de manifester pacifiquement. Ce droit ne permet pas d’empiéter sur les terrains de maisons privées et de harceler les familles des gens du service public», s’est-il insurgé sur Twitter.

«Malheureusement, ce n’est pas la première fois que cette portion des conspirationnistes antivaccins tente d’intimider des élus du gouvernement de cette façon. Je suis certain que la majorité des Albertains rejettent cette forme d’extrémisme», a-t-il ajouté.

À VOIR AUSSI",push,arrestations and intimidation may push people away,qwen2.5:7b,push,arrestations and intimidation may push people away,article,1
20220102,51,ORTHODOX CHRISTIAN,SAINT,https://www.mngz.ru/russia-world-sensation/2464160-v-vargashinskom-rayone-sotrudniki-policii-proveli-20-profilakticheskih-besed-so-shkolnikami.html,neutral,no clear migration-related tokens,qwen2.5:7b,,,,,,,qwen2.5:7b,neutral,no clear migration-related tokens,url_1,1
20220102,51,ORTHODOX CHRISTIAN,SAINT,https://pronedra.ru/pozdravleniya-ko-dnyu-svyatoj-anastasii-4-yanvarya-tradiczii-prazdnika-630226.html,neutral,no clear migration-related tokens,qwen2.5:7b,,,,,,,qwen2.5:7b,neutral,no clear migration-related tokens,url_1,1
20220102,90,POLICE,,https://www.noviny.sk/krimi/652963-mrtvy-muz-v-aute-telo-hladaneho-slovenskeho-policajta-nasli-v-polsku,neutral,no clear migration-related tokens,qwen2.5:7b,,,,,,,qwen2.5:7b,neutral,no clear migration-related tokens,url_1,1
20220102,192,POLICE OFFICER,,https://www.hoydiariodelmagdalena.com.co/archivos/613776,unclear,URL is too short and ambiguous,qwen2.5:7b,,,,"En diálogo con Enrique Gómez Martínez, abogado de la familia y sobrino del asesinado líder conservador Álvaro Gómez Hurtado, explicó en La FM los pormenores de los documentos del archivo de vigilancia del (Departamento Administrativo de Seguridad) DAS, a los que recientemente lograron acceder y que daría más luces para esclarecer los hechos que rodean el magnicidio ejecutado el 2 de noviembre de 1995.

Gómez Martínez relató que desde hace 5 años se ha librado una lucha compleja para que se revelen en su totalidad los archivos de vigilancia del DAS y tras ganar una tutela que permitió el acceso a esa documentación se logró encontrar varias referencias relacionadas sobre la investigación de la muerte de Álvaro Gómez Hurtado.

El abogado sostiene que hay varias evidencias sobre diferentes perfilamientos sistemáticos que ejecutó la división de inteligencia a todos los opositores y críticos del entonces presidente Enrique Samper Pizano y entre estas personas figura Gómez Hurtado.

«Estamos esperando poder confirmar la época en que fueron realizados estos seguimientos y queremos establecer si en esos seguimientos hubo interceptaciones telefónicas».

De igual manera, Enrique Gómez Martínez sostiene que halló evidencia que demuestra que en ninguno de los diferentes boletines que el DAS generaba para el presidente Samper, se habló sobre una presunta conspiración militar o golpista en su contra.

El abogado precisó que en dichos documentos también se descartó que la muerte de Álvaro Gómez Hurtado estuviese relacionada con un supuesto golpe de estado.

«El DAS descartó en 1995 la hipótesis que indica que la muerte de Álvaro Gómez se produjo en un fallido golpe de estado, Ramiro Bejarano durante años ha venido diciendo mentiras al país, estos informes deben ser puestos en conocimiento entre las partes del caso».

“Eso dio lugar a dos tutelas y de ahí vimos como la administración Santos con la asesoría de Ramiro Bejarano (director del DAS en la época en la que ocurrió el asesinato de Gómez Hurtado), desmontó los archivos del DAS; pero por cosas de la vida, la verdad siempre brilla y brota, han aparecido los archivos de seguimiento del DAS (…)”.

Gómez Martínez también señaló que la mafia también estuvo relacionada con la muerte de Gómez Hurtado, pues a Orlando Heano, jefe del cartel del Norte del Valle, se le solicitó que asesinara a Álvaro Gómez Hurtado a cambio de mejores beneficios en su proceso de entrega a las autoridades.

«Heano accedió y esta operación contó con la participación del entonces director del Gaula, Danilo Alfonso González».

La siniestra nota de Laude Fernández

El exdirector de inteligencia del DAS Laude Fernández, también está siendo investigado por su supuesta participación en interceptaciones ilegales a integrantes del sindicato de Avianca.

El abogado de la familia del político conservador aseguró que, Fernández también habría estado involucrado con los perfilamientos de los que fue objeto la víctima.

“Ya habíamos encontrado una siniestra nota de Laude Fernández, director de inteligencia de Ramiro Bejarano (no sé si el país recuerda porque está preso y cómo ha participado durante décadas, en todos los desarrollos del antiguo DAS), donde el primero de noviembre en una entrevista que Álvaro Gómez Hurtado, le concedió a la revista Diners, Laude Fernández, de alguna manera vaticinaba lo que iba a ocurrir al día siguiente, diciendo en su nota de comentario de revisión – Al que no quiere caldo se le dan dos tazas (…) – ”, dijo el abogado.

El abogado Gómez Martínez añadió que, se están agregando más pruebas al proceso por el crimen que fue considerado como de lesa humanidad.

“La extensión del tiempo no se ha determinado pero eran seguimientos personales; de inteligencia humana, seguimientos de inteligencia electrónica o lo que llamamos hoy día, ‘chuzadas’; lo que es claro es que había un trabajo de seguimiento personal”, añadió el jurista.

“Otros testigos que han declarado acreditan que en su momento, Danilo González, comandante del Gaula en el Gobierno de Ernesto Samper, recibió la orden de adelantar el homicidio pero parece que transcurrió muy poco tiempo entre el momento que recibió la orden y la puso en práctica, con la ayuda de Wilber Alirio Varela alias ‘Jabón’”, manifestó el abogado.

Agregó que, “me ha quedado la inquietud con base en qué inteligencia sabían el día, la hora y el lugar en que Álvaro Gómez Hurtado, dictaba sus clases en la Universidad Sergio Arboleda, aquel fatídico 2 de noviembre”.

Señaló que una de las hipótesis es que, desde el Gobierno se entregó información para facilitar que se cometiera el crimen.

“Pareciera que la respuesta es que posiblemente el Gobierno de Samper, le haya filtrado al cartel del Norte del Valle estos seguimientos para facilitar el homicidio”, sentenció.

Corte Suprema de Justicia

El abogado también anunció que ante el alto tribunal presentará las pruebas contra Horario Serpa Uribe quien para la época de los hechos, ocupaba el cargo de Ministro del Gobierno de Samper.

“Vamos a pedir la resolución de acusación contra Horacio Serpa, ahora la Corte Suprema de Justicia conoce el proceso en su contra a través de la Fiscalía delegada porque él, era aforado como exministro del Interior del Gobierno de Ernesto Samper y trasladaremos esas pruebas ante la Comisión de Acusaciones”, dijo.

Manifestó que, “queremos que al cumplirse 25 años de impunidad que se conmemoran en noviembre; se lleven a juicio esas pruebas”.

Aseguró, que no busca que el expresidente Ernesto Samper sea condenado pero que sí, se conozcan las pruebas.

“Querían enterrar estas pruebas con la complicidad de fiscales patrocinados por Ernesto Samper y que no se pudieran conocer: cuatro casas criminales confirmando la realización del homicidio por parte de Orlando Henao a solicitud de Ernesto Samper y Horacio Serpa, esas pruebas deben ir a juicio”, aseguró en su entrevista.

El abogado Gómez Martínez también cuestionó el trino de la exsenadora Piedad Córdoba, en el que advierte que la reunión entre el expresidente Juan Manuel Santos, exministro Cristo, senador Cepeda, Rodrigo Londoño ‘Timochenko’ y Carlos Lozada, permitirá descubrir qué sucedió con el crimen del destacado político conservador.

Fuente: LA FM

You can use this method to make deposits in instant Bank Transfer casino NZ. In most cases, you can do so by supplying your bank details. If you don’t have an account in NZ, you may be required to pay an additional fee. Once you’ve made the deposit, you can play! In some cases, the minimum deposit for this method is NZ$10, although it can range from $10 to $50. Depending on your bank, the withdrawal time can take two to seven days.",neutral,Article discusses legal proceedings and does not mention migration conditions.,qwen2.5:7b,neutral,Article discusses legal proceedings and does not mention migration conditions.,article,1
20220102,193,POLICE OFFICER,,https://www.ensonhaber.com/3-sayfa/adanada-silahli-kavgaya-mudahale-eden-polis-vuruldu,push,intervention in armed conflict,qwen2.5:7b,,,,,,,qwen2.5:7b,push,intervention in armed conflict,url_1,1
20220102,190,POLICE,ACTIVIST,http://lratvakan.com/news/76958.html,unclear,,qwen2.5:7b,,,,"Участники акции протеста в центре Киева пошли на штурм кордонов, которые выставлены вокруг квартала правительственных зданий.

На улице Грушевского в Киеве не утихают столкновения протестующих и правоохранителей. На улице стоят несколько разбитых автобусов милиции, один автобус подожгли. Силовики регулярно бросают в толпу дымовые шашки, используют слезоточивый газ.

Ожидается приезд водометов. Об этом сообщают местные СМИ. Использование водометов на морозе угрожает смертями протестующим. При таком температуре может наступить переохлаждение от воды за несколько минут.

Помимо этого, протестующие захватили пять пустых милицейских автобусов. Лидер партии «УДАР» Виталий Кличко призвал протестующих отказаться от силовых действий в отношении правоохранителей, заявив, что это наверняка вызовет ответную реакцию со стороны «Беркута». Политик пообещал договориться о том, чтобы людям открыли проход к зданию Верховной Рады.

Столкновения активистов с милицией начались после так называемого народного вече на Майдане Незалежности, в котором приняли участие несколько сотен тысяч человек. Собравшиеся протестовали против политики действующих властей страны.",push,"protests, clashes, danger, threaten to cause people to leave",qwen2.5:7b,push,"protests, clashes, danger, threaten to cause people to leave",article,1
20220102,10,PERPETRATOR,CREATIVITY,https://www.hespress.com/%D8%AA%D8%AC%D8%A7%D9%88%D8%B2-%D9%88%D8%B1%D8%B7%D8%A9-%D8%B9%D8%B5%D8%B1-%D8%A7%D9%84%D8%B9%D8%AA%D9%85%D8%A9-925188.html,neutral,Overflow-trouble,qwen2.5:7b,,,,,,,qwen2.5:7b,neutral,تجاوز-ورطة,url_1,1
20220102,172,VILLAGE,,https://www.volynnews.com/news/all/cherez-novorichni-feyerverky-v-chernivtsiakh-zahynuly-desiatky-ptakhiv/,unclear,,qwen2.5:7b,,,,"Через новорічні феєрверки в Чернівцях загинули десятки птахів Вхід Авторизація Зареєструйтеся на сайті , якщо у вас немає облікового запису на Волинських Новинах. Забули пароль? Або якщо ви - користувач попередньої версії сайту, пам’ятаєте свій логін - просто створіть новий пароль . Якщо у вас виникли проблеми з авторизацією, будь ласка, напишіть нам листа . Увійти USD 40.45 40.75 USD 40.45 40.75 EUR 44.50 45.20 PLN 3.30 4.00 15:45 07.04.2025 RSS Контакти Вівторок 23:48 10 Березня 2026 Новини Луцьк Волинь Україна Світ Політика Економіка Гроші Бізнес Нерухомість НП Соціум Медицина Освіта Довкілля Вікенд Релігія Благодійництво Техно, IT Культура Музика Кіно Література Мистецтво Історія Авто Спорт Таблоїд Проекти ВН Акценти Трибуна повідом новину Аверс Інтерв'ю Аналітика Фото Відео Блоги Досьє Анонси Популярне Запитай юриста PDF-архів газети Новини Луцьк Волинь Україна Світ Політика Влада Партії Економіка Гроші Бізнес Нерухомість НП Соціум Медицина Освіта Довкілля Вікенд Релігія Благодійництво Техно, IT Культура Музика Кіно Література Мистецтво Історія Авто Спорт Таблоїд Проекти ВН Тільки разом Волинь не забуває Походеньки-поїзденьки Ми це бачили На межі Відлупцюй волинського журналіста Marichka Kulish влог Власний досвід Луцьк буденний Розвідка ВН Де влітку відпочити на Волині МандроСвіт Музичний проект Acoustic Diary Соромлюсь запитати Віп-новина «Від школярів до козаків» Інтерв'ю Аналітика Привітання Акценти Трибуна PDF-архів газети Анонси ТОП-анонс Повідом новину Фото Відео Блоги Досьє Анонси Популярне Запитай юриста Через новорічні феєрверки в Чернівцях загинули десятки птахів 2 Січня 2022 21:47 Коментарів: 1 0 Твіт У Чернівцях у новорічну ніч загинули десятки птахів. Все через вибухи феєрверків, які супроводжують святкування Нового року. Про цю проблему розповіла волонтерка із захисту диких тварин Вікторія Гусарова , пише 24 канал . За словами Гусарової, внаслідок вибухів феєрверків загинули десятки птахів. «Лише в одному парку в центрі міста ми знайшли дев’ять мертвих птахів. Вони загинули внаслідок вибухів феєрверків цієї ночі», – повідомила Гусарова. Волонтерка зауважила, що всі птахи були ретельно оглянуті. Читати ще: Інший бік Нового року: на вулицях міст України торговці розкидали тисячі хвойних дерев «Вони були вгодовані, не мали жодних зовнішніх ознак захворювань. Вони не мали загинути, але... Всі птахи загинули від удару. Про це свідчить ціаноз слизових та черевної порожнини, кровотеча з дзьоба та клоаки. Пташки злякалися і просто вилетіли та летіли в нікуди, у паніці врізавшись у паркан чи дерева», – розповіла жінка. З 2014 року в українських містах та селах почали забороняти використання феєрверків – а все тому, що люди не дотримуються елементарних правил безпеки. До прикладу, запускати феєрверки слід на відстані не менше 100 метрів від будівель. Крім того, салюти дуже нагадують вибухи у зоні бойових дій – вважається, що поки в Україні триває війна, на мирній території необхідно відмовитись від феєрверків. На рівні закону феєрверки в Україні так і не заборонили – за це не передбачено ніякої відповідальності. Знайшли помилку? Виділіть текст і натисніть Повідомити Підписуйтесь на наш Telegram-канал , аби першими дізнаватись найактуальніші новини Волині, України та світу Читайте також В Індії та Бангладеш через циклон «Амман» загинули 20 осіб, зруйновані тисячі будинків 21 Травня 2020 10:31 На похороні іранського генерала Сулеймані через тисняву загинули 35 осіб, – ЗМІ 7 Січня 2020 13:11 У Гонконгу – масштабна пожежа в кількох хмарочосах, є загиблі 26 Листопада 2025 17:27 Лучани пішли в поліцію через кота 19 Вересня 2016 08:16 Додати свій коментар Коментарів: 1 123 Показати IP 3 Січня 2022 11:40 відповісти + 4 - 0 для чого нам взагалі ті феєрверки, це китайська традиція зустрічати ними новий рік.... Додати коментар: УВАГА! Користувач www.volynnews.com має розуміти, що коментування на сайті створені аж ніяк не для політичного піару чи антипіару, зведення особистих рахунків, комерційної реклами, образ, безпідставних звинувачень та інших некоректних і негідних речей. Утім коментарі – це не редакційні матеріали, не мають попередньої модерації, суб’єктивні повідомлення і можуть містити недостовірну інформацію. Новини Протест проти ШІ: у Британії 10 тисяч письменників випустили книгу, де єдиний текст – їхні імена Сьогодні 23:38 Нічні кошмари можуть попереджати про хвороби ще до появи симптомів, – вчені Сьогодні 23:18 Чи зменшить холодна зима кількість кліщів і комарів: що кажуть науковці Сьогодні 23:00 МЗС: Парламент Угорщини сьогодні точно зірвав аплодисменти в Москві Сьогодні 22:40 Розшук у «Резерв+»: як поліція відстежує військовозобов'язаних Сьогодні 22:22 Примушували гавкати в будці та їсти хліб з підлоги: у Дніпрі батьки-вихователі роками катували шістьох дітей Сьогодні 22:02 Потягнув на себе, коли тримала ніж: у Луцьку судять 66-річну жінку за вбивство чоловіка Сьогодні 21:43 Підтвердили загибель двох військових з Волині – Івана Шваївського та Андрія Мацерука Сьогодні 21:24 Зеленський сподівається отримати ракети до Patriot в обмін на допомогу на Близькому Сході Сьогодні 21:05 На Волині поховали загиблого воїна з Олешок Андрія Шишкіна Сьогодні 20:45 Понад 1,1 млн євро для країни-агресора: у Києві затримали колишнього депутата від ОПЗЖ за співпрацю з РФ Сьогодні 20:26 Нагору Мультимедіа Примушували гавкати в будці та їсти хліб з підлоги: у Дніпрі батьки-вихователі роками катували шістьох дітей Потягнув на себе, коли тримала ніж: у Луцьку судять 66-річну жінку за вбивство чоловіка У Нововолинській громаді вийшли на маршрути три інклюзивні авто: хто може скористатись ЗСУ уразили завод у Брянську, що виготовляє системи управління для російських ракет Тут працюють особливі терапевти: для ветеранів і їхніх рідних проводять заняття з іпотерапії біля Луцька. Фото Вдавала, що гуляє з дитиною: у Києві коригувальниця ФСБ наводила ракети на ТЕЦ Десятирічні спортсмени Дитячої футзальної ліги Волині визначили найкращу команду. Фото Найкращі дистанційні школи України для старшокласників за підсумками НМТ-2025 Порушення на чверть мільйона: на «Устилузі» в авто знайшли взуття модних брендів У Луцьку затримали чоловіка, який за 10 тисяч доларів мав переправити ухилянта до Польщі Судять ділків, які вирощували коноплі й збували їх на Волині та Рівненщині Росіяни вдарили авіабомбами по Словʼянську, загинули четверо людей Хотіли продати майно підприємства на Волині: СБУ затримала керівників «Автомобільних доріг України» Міноборони переходить до автоматичної закупівлі дронів на основі даних з поля бою. Для чого це і як працюватиме Сів за кермо напідпитку й перевищив швидкість: на Волині зупинили водія-порушника У Луцькому районі через замикання мережі спалахнув будинок У Луцьку на Соборності вантажівка від удару в'їхала в стовп. Фото Бійцям бригади «Любарт» вручили ордени та відзнаки На Волині ліквідували дві пожежі сухої рослинності, на паліїв склали протоколи В Україні оголосили лауреатів Шевченківської премії 2026 року Росіяни вночі випустили по Україні 137 дронів. У Харкові та Дніпрі є постраждалі Патологоанатом з Луцька – про вибір професії й уміння знаходити баланс «Заповіт» мовою сетсвана: в Африці відкрили перший пам’ятник Шевченку 30 студентів волинського вишу долучилися до військово-патріотичного вишколу «Воїн-Вовкулака» У Польщі повітряна куля врізалась в будинок, загинула жінка У Любешеві рідним полеглого захисника Олександра Григорука вручили його посмертну нагороду Втратив обидві руки на передовій: у Луцьку ветеран презентував виставку картин У Луцьку відзначили 212-ту річницю від Дня народження Тараса Шевченка Квадрокоптери, генератори, зарядні станції: чергову допомогу передали захисникам від Луцької громади Як зустрічають весну в Луцькому геріатричному пансіонаті Новини Луцьк Волинь Україна Світ Політика Влада Партії Економіка Гроші Бізнес Нерухомість Соціум Медицина Освіта Довкілля Вікенд Релігія Благодійництво Техно, IT Культура Музика Кіно Література Мистецтво Історія Анонси ТОП-анонс НП Авто Спорт Таблоїд Проекти ВН Інтерв'ю Аналітика Акценти Трибуна Інформаційне агентство Волинські Новини. 2017 Всі права захищені Про нас Контакти Рекламодавцям",unclear,,qwen2.5:7b,unclear,,article,1
20220102,10,COMMUNITY,POLICE,https://www.hoydiariodelmagdalena.com.co/archivos/613752,unclear,,qwen2.5:7b,,,,"En diálogo con Enrique Gómez Martínez, abogado de la familia y sobrino del asesinado líder conservador Álvaro Gómez Hurtado, explicó en La FM los pormenores de los documentos del archivo de vigilancia del (Departamento Administrativo de Seguridad) DAS, a los que recientemente lograron acceder y que daría más luces para esclarecer los hechos que rodean el magnicidio ejecutado el 2 de noviembre de 1995.

Gómez Martínez relató que desde hace 5 años se ha librado una lucha compleja para que se revelen en su totalidad los archivos de vigilancia del DAS y tras ganar una tutela que permitió el acceso a esa documentación se logró encontrar varias referencias relacionadas sobre la investigación de la muerte de Álvaro Gómez Hurtado.

El abogado sostiene que hay varias evidencias sobre diferentes perfilamientos sistemáticos que ejecutó la división de inteligencia a todos los opositores y críticos del entonces presidente Enrique Samper Pizano y entre estas personas figura Gómez Hurtado.

«Estamos esperando poder confirmar la época en que fueron realizados estos seguimientos y queremos establecer si en esos seguimientos hubo interceptaciones telefónicas».

De igual manera, Enrique Gómez Martínez sostiene que halló evidencia que demuestra que en ninguno de los diferentes boletines que el DAS generaba para el presidente Samper, se habló sobre una presunta conspiración militar o golpista en su contra.

El abogado precisó que en dichos documentos también se descartó que la muerte de Álvaro Gómez Hurtado estuviese relacionada con un supuesto golpe de estado.

«El DAS descartó en 1995 la hipótesis que indica que la muerte de Álvaro Gómez se produjo en un fallido golpe de estado, Ramiro Bejarano durante años ha venido diciendo mentiras al país, estos informes deben ser puestos en conocimiento entre las partes del caso».

“Eso dio lugar a dos tutelas y de ahí vimos como la administración Santos con la asesoría de Ramiro Bejarano (director del DAS en la época en la que ocurrió el asesinato de Gómez Hurtado), desmontó los archivos del DAS; pero por cosas de la vida, la verdad siempre brilla y brota, han aparecido los archivos de seguimiento del DAS (…)”.

Gómez Martínez también señaló que la mafia también estuvo relacionada con la muerte de Gómez Hurtado, pues a Orlando Heano, jefe del cartel del Norte del Valle, se le solicitó que asesinara a Álvaro Gómez Hurtado a cambio de mejores beneficios en su proceso de entrega a las autoridades.

«Heano accedió y esta operación contó con la participación del entonces director del Gaula, Danilo Alfonso González».

La siniestra nota de Laude Fernández

El exdirector de inteligencia del DAS Laude Fernández, también está siendo investigado por su supuesta participación en interceptaciones ilegales a integrantes del sindicato de Avianca.

El abogado de la familia del político conservador aseguró que, Fernández también habría estado involucrado con los perfilamientos de los que fue objeto la víctima.

“Ya habíamos encontrado una siniestra nota de Laude Fernández, director de inteligencia de Ramiro Bejarano (no sé si el país recuerda porque está preso y cómo ha participado durante décadas, en todos los desarrollos del antiguo DAS), donde el primero de noviembre en una entrevista que Álvaro Gómez Hurtado, le concedió a la revista Diners, Laude Fernández, de alguna manera vaticinaba lo que iba a ocurrir al día siguiente, diciendo en su nota de comentario de revisión – Al que no quiere caldo se le dan dos tazas (…) – ”, dijo el abogado.

El abogado Gómez Martínez añadió que, se están agregando más pruebas al proceso por el crimen que fue considerado como de lesa humanidad.

“La extensión del tiempo no se ha determinado pero eran seguimientos personales; de inteligencia humana, seguimientos de inteligencia electrónica o lo que llamamos hoy día, ‘chuzadas’; lo que es claro es que había un trabajo de seguimiento personal”, añadió el jurista.

“Otros testigos que han declarado acreditan que en su momento, Danilo González, comandante del Gaula en el Gobierno de Ernesto Samper, recibió la orden de adelantar el homicidio pero parece que transcurrió muy poco tiempo entre el momento que recibió la orden y la puso en práctica, con la ayuda de Wilber Alirio Varela alias ‘Jabón’”, manifestó el abogado.

Agregó que, “me ha quedado la inquietud con base en qué inteligencia sabían el día, la hora y el lugar en que Álvaro Gómez Hurtado, dictaba sus clases en la Universidad Sergio Arboleda, aquel fatídico 2 de noviembre”.

Señaló que una de las hipótesis es que, desde el Gobierno se entregó información para facilitar que se cometiera el crimen.

“Pareciera que la respuesta es que posiblemente el Gobierno de Samper, le haya filtrado al cartel del Norte del Valle estos seguimientos para facilitar el homicidio”, sentenció.

Corte Suprema de Justicia

El abogado también anunció que ante el alto tribunal presentará las pruebas contra Horario Serpa Uribe quien para la época de los hechos, ocupaba el cargo de Ministro del Gobierno de Samper.

“Vamos a pedir la resolución de acusación contra Horacio Serpa, ahora la Corte Suprema de Justicia conoce el proceso en su contra a través de la Fiscalía delegada porque él, era aforado como exministro del Interior del Gobierno de Ernesto Samper y trasladaremos esas pruebas ante la Comisión de Acusaciones”, dijo.

Manifestó que, “queremos que al cumplirse 25 años de impunidad que se conmemoran en noviembre; se lleven a juicio esas pruebas”.

Aseguró, que no busca que el expresidente Ernesto Samper sea condenado pero que sí, se conozcan las pruebas.

“Querían enterrar estas pruebas con la complicidad de fiscales patrocinados por Ernesto Samper y que no se pudieran conocer: cuatro casas criminales confirmando la realización del homicidio por parte de Orlando Henao a solicitud de Ernesto Samper y Horacio Serpa, esas pruebas deben ir a juicio”, aseguró en su entrevista.

El abogado Gómez Martínez también cuestionó el trino de la exsenadora Piedad Córdoba, en el que advierte que la reunión entre el expresidente Juan Manuel Santos, exministro Cristo, senador Cepeda, Rodrigo Londoño ‘Timochenko’ y Carlos Lozada, permitirá descubrir qué sucedió con el crimen del destacado político conservador.

Fuente: LA FM

You can use this method to make deposits in instant Bank Transfer casino NZ. In most cases, you can do so by supplying your bank details. If you don’t have an account in NZ, you may be required to pay an additional fee. Once you’ve made the deposit, you can play! In some cases, the minimum deposit for this method is NZ$10, although it can range from $10 to $50. Depending on your bank, the withdrawal time can take two to seven days.",neutral,Article discusses legal proceedings and does not mention migration conditions.,qwen2.5:7b,neutral,Article discusses legal proceedings and does not mention migration conditions.,article,1
20220102,42,GERMAN,LISBON,https://naslovi.net/2022-01-03/blic/zarobljeni-u-luci-nemacki-kruzer-usidren-do-daljeg-u-lisabonu-zbog-izbijanja-epidemije-korona-virusa/29657724,push,corona virus epidemic,qwen2.5:7b,,,,,,,qwen2.5:7b,push,epidemije korona virusa,url_1,1
20220102,42,GERMAN,LISBON,https://naslovi.net/2022-01-03/blic/zarobljeni-u-luci-nemacki-kruzer-usidren-do-daljeg-u-lisabonu-zbog-izbijanja-epidemije-korona-virusa/29657724,push,epidemije korona virusa,qwen2.5:7b,,,,,,,qwen2.5:7b,push,corona virus epidemic,url_1,1
20220102,10,UNIVERSITY,,https://www.elmanana.com/cae-ex-rector-de-la-uabjo-por-fraude/5475695,unclear,,qwen2.5:7b,,,,"CIUDAD DE MÉXICO.- Eduardo Martínez Helmes, ex Rector de la Universidad Autónoma Benito Juárez de Oaxaca (UABJO), fue detenido el pasado 31 de diciembre por el delito Equiparado a la Defraudación Fiscal Agravado contra la Hacienda Estatal.



Elementos de la Agencia Estatal de Investigaciones de Oaxaca le ejecutaron una orden de aprehensión por un presunto desfalco de alrededor de los 90 millones de pesos.

Tras su detención, se trasladó al penal de San Francisco Tanivet, ubicado en el Municipio de Tlacolula de Matamoros, lugar en el que tendrá su primera audiencia y un juez decidirá si es vinculado a proceso.

Al término de la administración de Martínez Helmes como Rector, cargo que ostentó entre 2012 y 2016, se observaron irregularidades financieras en la institución, más tarde, las investigaciones detectaron su posible responsabilidad

En un primer momento, la Auditoría Superior de la Federación manejó que el monto de 56 millones de pesos; sin embargo, la cifra podría ser de hasta 90 millones de pesos.

Este domingo, Eduardo M.H., emitió un comunicado en el que asegura que su detención fue hecha con el fin de generar un clima de caos al interior de la universidad, la cual tendrá elecciones para elegir al próximo Rector en el mes de mayo.

""Expreso mi férrea convicción por mantener la defensa de la Autonomía Universitaria, mi libertad está restringida, pero mi pensamiento firme y claro, no debemos doblegar la legalidad ni el respeto a la Autonomía"" aseveró Eduardo Martínez.

No obstante, de acuerdo con fuentes del Ministerio Público Estatal, el ex Rector recurrió tres veces a la justicia federal para solicitar un amparo que evitara que fuera aprehendido.",neutral,article focuses on legal issues not migration,qwen2.5:7b,neutral,article focuses on legal issues not migration,article,1
20220102,36,STUDENT,,https://olhardireto.com.br/noticias/exibir.asp?id=496488&noticia=porto-relembra-dificuldades-com-45-dos-estudantes-sem-internet-e-projeta-2022-como-melhor-ano-letivo-da-historia,pull,without internet and projected as the best school year,qwen2.5:7b,,,,,,,qwen2.5:7b,pull,sem internet e projetada como melhor ano letivo,url_1,1
20220102,36,SCHOOL,,https://olhardireto.com.br/noticias/exibir.asp?id=496488&noticia=porto-relembra-dificuldades-com-45-dos-estudantes-sem-internet-e-projeta-2022-como-melhor-ano-letivo-da-historia,unclear,,qwen2.5:7b,,,,"Leia também:

Olhar Direto

Olhar Direto – Vamos começar fazendo um balanço assim desse ano? O senhor assumiu no meio de um Furacão da pandemia, em que a área da educação foi uma das mais afetadas. Como o senhor recebeu a pasta e como está terminando o ano?

OD - E a meta vai ser avaliada por meio da de todas essas avaliações que o senhor falou?

Olhar Direto – Uma polêmica envolvendo a própria Seduc, que nesse ano foi muito falada, foi em relação à municipalização do ensino. Teve professor até fazendo greve de fome, falando que eram fechamento de escolas, e o senhor sempre falando que não era o fechamento. Porque que o senhor acha que existe essa resistência de alguns professores e do Sintep em relação a esse programa da municipalização?



OD - O próprio ‘Alfabetiza MT’ também foi criticado, inclusive pelo deputado Lúdio, enfim, com o argumento de que a ideia meritocrática de premiar as escolas que mais alfabetizarem não leva em conta as diferenças... que não daria pra comparar digamos, uma escola de Cuiabá com uma escola do interior. Como que o senhor rebate essas críticas?

OD - Em relação às escolas militares. A gente tem visto algumas sendo inauguradas e elas sempre tem bons índices de rendimento dos alunos. O que eu queria questionar é se as escolas militares têm investimento financeiro que as outras, se a diferença para ter esse melhor rendimento está só no modelo militar ou se elas têm um investimento diferente, se tem alguma coisa diferente em relação a outras escolas.

""O deputado Lúdio desconhece da educação, ele não está preocupado com a qualidade""

OD - Secretário, na Assembleia tem corrido alguns projetos também polêmicos em relação à educação. Um, por exemplo, foi de proibir de filmar o professor, que é um projeto do [deputado] Valdir Barranco [PT]. Um outro do [depitado] Gilberto Cattani [PSL] para proibir o uso do pronome neutro nas escolas. Queria que o senhor falasse um pouco sobre esse projeto, se o senhor acha que eles são importantes mesmo, ou se há coisas mais importantes para serem discutidas na Assembleia Legislativa em relação à educação?

Olhar Direto - Então voltando para a Seduc. A gente teve umas críticas em relação ao processo seletivo que foi aberto recentemente e uma das críticas foi de não incluir pessoas do grupo de risco, que não poderiam nesse processo seletivo. Isso é verdade, e por que essa opção de não abrir pra pessoas do grupo de risco?

OD - Mas então no processo seletivo não fala que grupo de risco não pode se inscrever...

OD - E porque a opção por fazer a prova e não fazer como era feito antes pela contagem de pontos?

OD - Pessoalmente secretário, o senhor ganhou notoriedade nesse último ano à frente da Seduc. Pretende continuar à frente da secretaria, tem planos de se candidatar ano que vem, como que está isso aí?

OD - Para finalizar, queria que o senhor falasse um pouco dos desafios de estar à frente da Seduc, porque é uma pasta que tem muitos servidores naturalmente, uma pasta que tem um sindicato muito forte, atuante, está sempre ali “pegando no pé” da secretaria. Queria que o senhor falasse um pouco dos desafios no geral.

OD - Esse novo ensino médio terá uma formação mais técnica?

Quando recebeu o posto de secretário de Estado de Educação, substituindo a professora Marioneide Kliemaschewsk, em novembro de 2020, Alan Porto já conhecia a Seduc “de dentro” desde 2017. Talvez não imaginasse, no entanto, o tamanho das dificuldades que viria a enfrentar. Ele esteve à frente da pasta no pior momento da pandemia de Covid-19, em uma realidade de aulas remotas em que 45% dos estudantes do estado não tinham acesso à internet. Lançou programas polêmicos e tomou decisões que desagradaram servidores e o atuante Sindicato dos Trabalhadores do Ensino Público (Sintep) e resultaram em críticas públicas, seja nos autofalantes de manifestações ou no plenário da Assembleia Legislativa, pela voz de deputados da oposição como os petistas Lúdio Cabral e Valdir Barranco.Em entrevista ao, o gestor fala de sua experiência à frente do que considera “ secretaria mais importante do Estado”, e projeta o “melhor ano letivo da história do estado de Mato Grosso em 2022”. Além disso, rebate as críticas e fala sobre o início do ‘Novo Ensino Médio’, de caráter mais técnico e profissionalizante, que deve começar a ser implantado no próximo ano. Ainda nega que tenha pretensões eleitorais e afirma que pretende continuar à frente da Pasta até o final do mandato do governador Mauro Mendes. Leia a íntegra da entrevista:Bom, vamos lá, eu estou na Secretaria de Estado de Educação desde 2017. Entrei como secretário adjunto de infraestrutura, em 2019 como secretário executivo e no dia três de novembro de 2020 eu assumi como secretário da pasta. E um grande desafio por conta desse processo da pandemia. No mês de março de 2020 nós tivemos as aulas suspensas, depois de um esforço grande por parte da Seduc e do Governo de colocar as contas em dia. Como todo Governo tinham contratos que estavam em atraso, tinha problemas de repasse de [Programa de Desenvolvimento da Escola] PDE, de alimentação escolar, transporte escolar. Então, depois que a gente equacionou todas essas contas da Seduc, a gente [ia] colocar o nosso programa e o nosso planejamento para a recuperação da aprendizagem - que eu falo para gente a melhorar a aprendizagem e a qualidade da educação - veio aí a pandemia. E essa pandemia pegou o estado de Mato Grosso, Brasil, todo mundo de surpresa e tivemos que suspender as atividades. E aí começou essa corrida contra o tempo para a gente trabalhar as aulas remotas, [com] dificuldade de internet, material apostilado que teve que chegar para todos os estudantes, a gente está falando de 45% dos estudantes que não tem acesso à internet. Por mais que a gente fizesse um esforço de chegar conectividade nas escolas, a gente estava impedindo de os alunos irem até as unidades. Então um problema de conectividade mesmo por questões financeiras... não só conectividade, mas também o device, o computador ou smartphone, ou desktop. Então todas essas dificuldades a gente enfrentou também. Mas a gente não desistiu, claro! O material apostilado chegou até os nossos estudantes, todo o processo de formação continuada dos nossos profissionais, mais de trinta e sete mil profissionais passaram por formação, sejam eles do estado ou sejam do município - a gente não fez essa distinção de profissionais da educação. Bom, começamos toda essa luta, né? Passou o processo de ensino remoto, nós começamos as nossas atividades híbridas. Começamos com o plantão pedagógico nas unidades escolares para os alunos tirarem dúvidas, depois a gente deu mais um passo que foi 50% da capacidade da sala de aula e no dia 18 de outubro a gente iniciou 100% das nossas atividades na modalidade presencial. E com o grande desafio de recuperar a aprendizagem dos nossos estudantes. E nesse processo de recuperação a gente fez uma avaliação diagnóstica para a gente medir como que está o nível de aprendizado dos nossos estudantes. Tanto dos anos iniciais, dos anos finais do ensino fundamental e do ensino médio. Medimos como que nós estamos e a gente trabalhou o laboratório de aprendizagem, que são asaulas de reforço. O estado contratou 1500 profissionais da educação, professores, e com base naqueles descritores que são os principais problemas de aprendizagem que a gente tem, nós trabalhamos o material, orientamos todas as nossas escolas a trabalhar nessa recuperação e nessa aula de reforço. Então esse trabalho está em andamento. A gente finaliza o nosso ano letivo no dia 20 de dezembro e ano que vem a gente quer ter o melhor ano letivo da história do estado de Mato Grosso. Com todo um investimento na parte pedagógica, investimento na estruturação física das unidades, investimento tecnológico, equipamento chegando para todos os professores –[por]que chegou os notebooks - e agora também equipamentos que vão chegar para todos os estudantes e para todas as escolas do estado de Mato Grosso. Então serão grandes investimentos que vão acontecer para a gente motivar e recuperar o vínculo do aluno com a escola. Como todos os estados passaram por uma evasão grande, abandono por conta da pandemia, a gente está fazendo um processo de busca ativa, busca escolar em parceria com os municípios, em parceria com a [Associação Mato-Grossense dos Municípios] AMM, com o Tribunal de Contas do Estado, com o Ministério Público, enfim, motivando as nossas escolas para que o nosso aluno venha pra dentro da das unidades escolares. E vários programas que eu tenho certeza que a gente vai estar falando, do Alfabetiza MT, do Mais MT Muxirum, do novo ensino médio, que já começa a partir do ano que vem, então tem muita coisa boa para acontecer (...) O estado também terá um sistema de avaliação própria que é o ‘Avalia MT’. Nós já iniciamos fazendo a avaliação de fluência e leitura para os anos iniciais. Ano que vem nós vamos fazer outra avaliação diagnóstica, vai ter avaliação formativa, avaliação somativa, en",neutral,Article focuses on education challenges and initiatives without clear migration implications.,qwen2.5:7b,neutral,Article focuses on education challenges and initiatives without clear migration implications.,article,1
20220102,43,SCHOOL,,https://olhardireto.com.br/noticias/exibir.asp?id=496488&noticia=porto-relembra-dificuldades-com-45-dos-estudantes-sem-internet-e-projeta-2022-como-melhor-ano-letivo-da-historia,neutral,no clear migration-related tokens,qwen2.5:7b,,,,,,,qwen2.5:7b,neutral,no clear migration-related tokens,url_1,1
20220102,1721,SCHOOL,,https://itongadol.com/coronavirus/coronavirus-en-israel-se-espera-que-tres-millones-de-israelies-se-infecten-con-el-virus,neutral,no clear migration-related tokens,qwen2.5:7b,,,,,,,qwen2.5:7b,neutral,no clear migration-related tokens,url_1,1
20220102,42,STUDENT,OAXACA,https://oaxaca.eluniversal.com.mx/sociedad/regresan-clases-mas-de-874-mil-estudiantes-de-oaxaca-este-3-de-enero,neutral,no clear migration-related tokens,qwen2.5:7b,,,,,,,qwen2.5:7b,neutral,no clear migration-related tokens,url_1,1
20220102,71,ACTOR,,https://bagikanberita.pikiran-rakyat.com/bisnis/pr-683379835/rezeki-senin-ceria-khusus-wanita-berjiwa-entrepreneur-dapat-pinjaman-tanpa-agunan-rp25-juta-di-pnm-mekaar-plus,neutral,no clear migration-related tokens,qwen2.5:7b,,,,,,,qwen2.5:7b,neutral,no clear migration-related tokens,url_1,1
20220102,1821,ACTOR,BANDUNG,https://www.pikiran-rakyat.com/nasional/pr-013379874/genting-susi-pudjiastuti-desak-ruu-pks-disahkan-perlu-berapa-banyak-lagi-korban,neutral,no clear migration-related tokens,qwen2.5:7b,,,,,,,qwen2.5:7b,neutral,no clear migration-related tokens,url_1,1
20220102,10,MADRID,,https://es.euronews.com/2022/01/02/espana-dice-no-a-la-propuesta-de-bruselas-de-incluir-la-energia-nuclear-y-el-gas-en-su-pla,neutral,no clear migration-related tokens,qwen2.5:7b,,,,,,,qwen2.5:7b,neutral,no clear migration-related tokens,url_1,1
20220102,111,EUROPEAN,,https://1prime.ru/business/20220103/835674504.html,unclear,URL too short or generic,qwen2.5:7b,,,,"По его словам, ожидается, что на рынке будет сохраняться дефицит. ""В среднем, автомобили подорожают в 2022 году. Но с учетом того, что спрос будет падать, не будет спекулятивных эффектов, которые были в 2021 году, поэтому цены будут относительно спокойнее расти"", — сказал эксперт.

Он отметил, что в 2022 году борьба между производителями обострится. ""Будут производители, которые захотят увеличить долю рынка и сумеют решить проблемы с логистикой и доставкой автомобилей, в частности китайские бренды. Они будут усиливать долю рынка и давать хорошее соотношение цены и качества на рынке автомобилей. А европейские марки столкнутся с дефицитом, связанным с проблемами производства, потому что никуда не девается проблема полупроводников, логистические проблемы и ковидные ограничения, которые еще есть в разных странах"", — сказал Мигаль.",neutral,No migration-related conditions discussed.,qwen2.5:7b,neutral,No migration-related conditions discussed.,article,1
20220102,20,FINNISH,RUSSIA,https://www.geopolitica.ru/news/vlasti-finlyandii-zagovorili-o-vstuplenii-v-nato,push,Finnish authorities (officials of Finland) are talking about joining NATO (NATO discussion),qwen2.5:7b,,,,,,,qwen2.5:7b,push,vlasti-finlyandii (officials of Finland) zagovorili-o-vstuplenii-v-nato (discuss joining NATO),url_1,1
20220102,42,UNITED KINGDOM,UNITED KINGDOM,https://www.elbotola.com/article/2022-01-02-22-03-111.html,unclear,URL too short or generic,qwen2.5:7b,,,,"المنتخب الوطني يبرمج أولى حصصه التدريبية في الكاميرون غدا الإثنين استعدادا لودية بوركينا فاسو و""رحلة الكان""

حدد الطاقم التقني للناخب الوطني وحيد خليلوزيتش، برنامج ""الأسود"" في الكاميرون، قبل مواجهة غانا، لحساب الجولة الأولى من دور المجموعات لكأس أمم أفريقيا 2021.





ومن المقرر أن يخوض المنتخب الوطني يوم غد الإثنين، أولى حصصه التدريبية استعدادا لودية بوركينا فاسو، المبرمجة يوم الخميس 6 يناير الجاري.





ويدشن رفاق أشرف حكيمي، رحلتهم القارية، بمواجهة غانا، يوم الإثنين 10 يناير، بداية من الساعة الخامسة عصرا (17:00 غرينيتش +1)، بملعب ""أحمدو أهيدجو"" في مدينة ياوندي الكاميرونية.





وحطت بعثة المنتخب المغربي، يومه الأحد، الرحال في الكاميرون، إذ وجدت في استقبالها سفير المملكة هناك، مصطفى بوه.





يذكر أن المغرب يتواجد في المجموعة الثالثة، رفقة منتخبات غانا والغابون وجزر القمر.",neutral,Article focuses on Morocco's soccer team schedule.,qwen2.5:7b,neutral,Article focuses on Morocco's soccer team schedule.,article,1
20220102,42,UNITED KINGDOM,UNITED KINGDOM,https://www.elbotola.com/article/2022-01-02-22-03-111.html,unclear,,qwen2.5:7b,,,,"المنتخب الوطني يبرمج أولى حصصه التدريبية في الكاميرون غدا الإثنين استعدادا لودية بوركينا فاسو و""رحلة الكان""

حدد الطاقم التقني للناخب الوطني وحيد خليلوزيتش، برنامج ""الأسود"" في الكاميرون، قبل مواجهة غانا، لحساب الجولة الأولى من دور المجموعات لكأس أمم أفريقيا 2021.





ومن المقرر أن يخوض المنتخب الوطني يوم غد الإثنين، أولى حصصه التدريبية استعدادا لودية بوركينا فاسو، المبرمجة يوم الخميس 6 يناير الجاري.





ويدشن رفاق أشرف حكيمي، رحلتهم القارية، بمواجهة غانا، يوم الإثنين 10 يناير، بداية من الساعة الخامسة عصرا (17:00 غرينيتش +1)، بملعب ""أحمدو أهيدجو"" في مدينة ياوندي الكاميرونية.





وحطت بعثة المنتخب المغربي، يومه الأحد، الرحال في الكاميرون، إذ وجدت في استقبالها سفير المملكة هناك، مصطفى بوه.





يذكر أن المغرب يتواجد في المجموعة الثالثة، رفقة منتخبات غانا والغابون وجزر القمر.",neutral,"Article discusses team training and matches, not migration conditions.",qwen2.5:7b,neutral,"Article discusses team training and matches, not migration conditions.",article,1
20220102,43,UNITED KINGDOM,,https://www.elbotola.com/article/2022-01-02-22-03-111.html,neutral,url_id,qwen2.5:7b,,,,,,,qwen2.5:7b,neutral,url_id,url_1,1
20220102,43,UNITED KINGDOM,,https://www.elbotola.com/article/2022-01-02-22-03-111.html,neutral,url_id,qwen2.5:7b,,,,,,,qwen2.5:7b,neutral,url_id,url_1,1
20220102,43,UNITED KINGDOM,UNITED KINGDOM,https://www.elbotola.com/article/2022-01-02-22-03-111.html,neutral,url_id,qwen2.5:7b,,,,,,,qwen2.5:7b,neutral,url_id,url_1,1
20220102,43,UNITED KINGDOM,UNITED KINGDOM,https://www.elbotola.com/article/2022-01-02-22-03-111.html,neutral,url_id,qwen2.5:7b,,,,,,,qwen2.5:7b,neutral,url_id,url_1,1
20220102,10,AUTHORITIES,,https://www.telemundo.com/noticias/noticias-telemundo/clima/no-esto-no-es-una-broma-llovieron-peces-en-texas-poco-antes-de-fin-de-rcna10639,neutral,url_id,qwen2.5:7b,,,,,,,qwen2.5:7b,neutral,url_id,url_1,1
20220102,12,SECRETARIAT,,https://olhardireto.com.br/noticias/exibir.asp?id=496488&noticia=porto-relembra-dificuldades-com-45-dos-estudantes-sem-internet-e-projeta-2022-como-melhor-ano-letivo-da-historia,neutral,url_id,qwen2.5:7b,,,,,,,qwen2.5:7b,neutral,url_id,url_1,1
20220102,14,MINISTRY,,https://tsn.ua/ru/svit/izrail-odobril-chetvertuyu-covid-privivku-dlya-medrabotnikov-i-lyudey-ot-60-let-1945456.html,neutral,url_id,qwen2.5:7b,,,,,,,qwen2.5:7b,neutral,url_id,url_1,1
20220102,40,KINGDOM,,https://alghad.com/%D9%88%D8%B2%D9%8A%D8%B1-%D8%A7%D9%84%D8%AE%D8%A7%D8%B1%D8%AC%D9%8A%D8%A9-%D8%A7%D9%84%D8%B3%D8%B9%D9%88%D8%AF%D9%8A-%D9%81%D9%8A-%D8%B9%D9%85%D8%A7%D9%86/,push,approved-the-fourth-Covid-vaccination-for-health-care workers-and-people-from-60 years of age,qwen2.5:7b,,,,,,,qwen2.5:7b,push,odobril-chetvertuyu-covid-privivku-dlya-medrabotnikov-i-lyudey-ot-60-let,url_1,1
20220102,40,KINGDOM,,https://alghad.com/%D9%88%D8%B2%D9%8A%D8%B1-%D8%A7%D9%84%D8%AE%D8%A7%D8%B1%D8%AC%D9%8A%D8%A9-%D8%A7%D9%84%D8%B3%D8%B9%D9%88%D8%AF%D9%8A-%D9%81%D9%8A-%D8%B9%D9%85%D8%A7%D9%86/,push,approved-the-fourth-Covid-vaccination-for-health-care workers-and-people-from-60 years of age,qwen2.5:7b,,,,,,,qwen2.5:7b,push,odobril-chetvertuyu-covid-privivku-dlya-medrabotnikov-i-lyudey-ot-60-let,url_1,1
20220102,46,MINIST,,https://alghad.com/%D9%88%D8%B2%D9%8A%D8%B1-%D8%A7%D9%84%D8%AE%D8%A7%D8%B1%D8%AC%D9%8A%D8%A9-%D8%A7%D9%84%D8%B3%D8%B9%D9%88%D8%AF%D9%8A-%D9%81%D9%8A-%D8%B9%D9%85%D8%A7%D9%86/,push,approved-the-fourth-Covid-vaccination-for-health-care workers-and-people-from-60 years of age,qwen2.5:7b,,,,,,,qwen2.5:7b,push,approved-the-fourth-Covid-vaccination-for-health-care workers-and-people-from-60 years of age,url_1,1
20220102,46,KINGDOM,,https://alghad.com/%D9%88%D8%B2%D9%8A%D8%B1-%D8%A7%D9%84%D8%AE%D8%A7%D8%B1%D8%AC%D9%8A%D8%A9-%D8%A7%D9%84%D8%B3%D8%B9%D9%88%D8%AF%D9%8A-%D9%81%D9%8A-%D8%B9%D9%85%D8%A7%D9%86/,push,foreign,qwen2.5:7b,,,,,,,qwen2.5:7b,push,erlent,url_1,1
20220102,57,GOVERNMENT,,https://www.cas.sk/clanok/2626553/predseda-civilnej-vlady-v-sudane-oznamil-svoju-rezignaciu-snazil-som-sa-zo-vsetkych-sil/,neutral,,qwen2.5:7b,,,,,,,qwen2.5:7b,neutral,,url_1,1
20220102,73,AUTHORITIES,,https://www.mbl.is/frettir/erlent/2022/01/02/heilbrigdisstarfsmenn_fa_fjorda_skammtinn/,neutral,,qwen2.5:7b,,,,,,,qwen2.5:7b,neutral,,url_1,1
20220102,90,GOVERNMENT,,https://newpost.gr/kosmos/61d20c59922542136ad20343/italia-koronoios-i-kyvernisi-exetazei-to-endehomeno-ypohreotikoy-emvoliasmoy-gia-oloys-toys-ano-ton-18-eton,pull,possibility of compulsory vaccination,qwen2.5:7b,,,,,,,qwen2.5:7b,pull,endehomeno ypohreotikoy emvoliasmoy,url_1,1
20220102,160,GOVERNMENT,INDUSTRY,https://www.rp.pl/praca/art19248621-wielka-brytania-przedluza-program-wizowy-dla-pracownikow-z-ue,pull,visa program for EU workers,qwen2.5:7b,,,,,,,qwen2.5:7b,pull,program wizowy dla pracownikow z ue,url_1,1
20220102,90,AUTHORITIES,CRIMINAL,https://sledcom.ru/news/item/1645072/,unclear,,qwen2.5:7b,,,,,unclear,,qwen2.5:7b,unclear,,article,1
20220102,14,DIRECTOR GENERAL,ISRAELI,https://itongadol.com/coronavirus/coronavirus-en-israel-se-espera-que-tres-millones-de-israelies-se-infecten-con-el-virus,neutral,,qwen2.5:7b,,,,,,,qwen2.5:7b,neutral,,url_1,1
20220102,43,GOVERNMENT,DEMONSTRATOR,http://lratvakan.com/news/76958.html,push,manifestations anti-covid,qwen2.5:7b,,,,,,,qwen2.5:7b,push,manifestations anti-covid,url_1,1
20220102,43,GOVERNMENT,DEMONSTRATOR,https://lugradar.net/2022/01/337334,unclear,,qwen2.5:7b,,,,"Содержание:

Пари Матч представляет собой гиганта в сфере организации азартных развлечений. Проект имеет колоссальный опыт в гемблинге. БК Париматч взял свое начало еще в далеком 1994 году и очень быстро завоевал расположение не только ценителей спорта, но и любителей азартных игр. Сегодня бренд является одной из самых популярных площадок на рынке Украины и за рубежом. Партнерами букмекера являются разработчики игрального софта с мировым именем, благодаря чему пользователи Parimatch получают только качественные и безопасные услуги. Parimatch имеет лицензию от правительства Кюрасао (no. 157), что позволяет предоставлять услуги онлайн-казино и ставок на спорт на международном уровне.

⚠️ Некоторые ссылки на сайте являются партнёрскими. Это значит, что мы можем получать комиссию, если вы зарегистрируетесь или сделаете депозит по одной из них. Это не влияет на содержание и оценки, но помогает развивать проект.

Преимущества Parimatch

Преимущество Описание 🔒 Надежность и безопасность Современные технологии шифрования обеспечивают защиту данных и честность игр. 🎲 Широкий выбор азартных игр и ставок Большой ассортимент спортивных событий, казино, покера и других развлечений. 💳 Простая и удобная система ввода и вывода средств Быстрые транзакции через популярные платежные системы. 🎁 Щедрые бонусы и интересные турниры Программы лояльности, кэшбэки и розыгрыши для активных пользователей. 📱 Мгновенный доступ с любого устройства Удобные мобильные приложения и адаптивный веб-сайт. 🛎️ Квалифицированная поддержка 24/7 Оперативные ответы через чат, email и телефон. ✅ Сертифицированные игры от мировых брендов Все слоты и лайв-игры проходят независимое тестирование (например, eCOGRA) на честность и соответствие заявленному RTP. 🧾 Лицензия Curaçao Gaming Authority under the National Ordinance on Games of Chance (LOK), P.B. 2024, no. 157

⚠️ Азартные игры могут вызывать зависимость. Перед тем как начать — оцените свои риски. Рекомендуем ознакомиться с разделом ""Ответственная игра"".

Parimatch — это платформа, которая сочетает высококлассный сервис с комфортом для каждого пользователя. Присоединяйтесь к миру развлечений и испытайте удачу с лучшими играми и ставками на спорт!

Регистрация в БК Париматч

Создание учетной записи занимает немного больше времени нежели авторизация, но эта процедура является одноразовой. Для создания профиля на сайте Pari Match может быть использован как номер мобильного телефона, так и адрес электронной почты. Не смотря на возможность выбора рекомендуется указать в личной анкете пользователя всю информацию, так как ее объем позволит пройти верификацию личности гораздо быстрее. Перед созданием профиля на сайте, рекомендуется внимательно ознакомиться с правилами проекта во избежание неприятных сюрпризов.

Чтобы создать аккаунт придерживайтесь простых шагов:

Зайдите на сайт беттинг-компании с использованием любого удобного устройства. Далее найдите кнопку ""Регистрация"", которая расположена в верхнем углу. После ее нажатия откроется форма, которую нужно заполнить, для создания персонального аккаунта. Укажите в первом поле свой e-mail. В следующей ячейке пропишите пароль, чтобы сделать его надежным, нужно следовать рекомендациям организатора.

После заполнения формы нажмите кнопку ""Зарегистрироваться"", это действие запускает отправку данных на сервер, где информация будет закреплена за конкретным игроком.

Чтобы иметь возможность играть на деньги, необходимо подтвердить свою личность с помощью документа. Для прохождения верификации потребуется зайти в личный кабинет и перейти в раздел ""Подтвердить учетную запись"". Далее нужно выбрать подходящий тип документа и загрузить его фотографии.

Вход в Париматч

Создание учетной записи необходимо не только для организатора, но и для самого пользователя. Благодаря персональному аккаунту, помимо прочего, игрок получает важную возможность вести учет своих действий и контролировать свои траты на развлечения. Организатору такой подход позволяет вести учет пользователей и отчитываться перед регулятором о своей деятельности. Учетная запись в казино также позволяет геймеру защитить свои интересы, так как в случае каких-либо споров между игроком и организатором, регулятор помогает в разрешении подобных ситуаций с учетом интересов обеих сторон.

Вход в Пари Матч доступен с различных устройств и имеет простой алгоритм действий:

Мобильная версия Parimatch

Если вы хотите войти в личный кабинет Париматч без использования специального приложения, то необходимо придерживаться следующей инструкции:

Откройте браузер на мобильном телефоне. С помощью него зайдите на сайт Париматч. В правом верхнем углу найдите кнопку ""Войти"". После ее нажатия откроется новое окно с формой для входа. Выберите один из доступных способов для авторизации: номер телефона, номер счета и электронная почта. В соответствии с выбранной вкладкой укажите данные в первом поле. Далее впишите пароль от учетной записи. Перед завершением авторизации необходимо проверить правильность введенных данных. Завершить процедуру входа можно клавишей ""Войти"".

💡 Совет от пользователей: если не приходит SMS-код — проверьте правильность номера и повторите попытку через 2 минуты. Если проблема сохраняется, обратитесь в поддержку через онлайн-чат.

Приложение Париматч

Процедура авторизации с помощью мобильного приложения идентична мобильной версии сайта, но прежде чем войти в свой аккаунт, необходимо скачать программу на устройство. Приложение доступно на гаджетах с любой операционной системой. Чтобы его скачать, необходимо зайти на официальный сайт Parimatch и на главной странице найти кнопку ""Скачать приложение"", далее откроется новая страница, на которой нужно выбрать тип своей операционной системы, после чего начнется загрузка. В случае, если загрузка не началась, рекомендуется проверить настройки и при необходимости дать разрешение на загрузку и установку приложений через браузер. Когда настройки будут изменены, необходимо повторить попытку. После того как приложение загрузилось на устройство, нужно установить его и перейти к авторизации.

Запустите приложение и укажите логин и пароль от своего аккаунта, подтвердите ввод с помощью кнопки ""Войти"".

Вход на сайт Париматч через компьютер

Концепт авторизации с помощью компьютера практически не отличается своим алгоритмом. Для этого нужно зайти на сайт Parimatch используя браузер своего компьютера, а далее указать данные от своего аккаунта.

Личный кабинет Париматч

После создания персонального аккаунта в БК Пари-Матч игрок получает доступ к расширенному функционалу и виртуальному игровому счету. В меню личного кабинета доступны следующие функции:

пополнение игрового счета и вывод средств;

выбор и активация бонусов;

статистика использованных поощрений от букмекера;

финансовая отчетность с возможностью фильтра по дате;

изменение персональных данных пользователя;

прохождение верификации;

помощь менеджера;

настройки аккаунта.

Профиль игрока Париматч дает возможность полноценно использовать функционал букмекерской конторы и раздела с играми казино.

Париматч является лидером среди организаторов азартных развлечений. Чтобы присоединиться к сообществу беттеров проекта важно пройти регистрацию, внимательно ознакомиться с условиями проекта и предоставить максимально правдивую информацию о себе. Каждый пользователь бренда Pari Match получает уникальную возможность насладиться высококлассным контентом и улучшить свое финансовое положение получая при этом удовольствие от любимых игр. Персональные данные полученные от пользователей проектом подвергаются шифрованию и хранятся на защищенных серверах. Благодаря чему Пари Матч входит в топ самых безопасных и конфиденциальных игровых проектов.

Проблемы со входом в Париматч

Рассмотрим популярные ситуации, которые могут возникнуть на этапе авторизации в личный кабинет Parimatch. Одна из самых распространенных проблем- это блокировка ресурса. Причин для блокировки может быть много, но чаще всего это связано с территориальными ограничениями. В некоторых странах и регионах азартные развлечения запрещены на законодательном уровне. В таком случае рекомендуется воспользоваться дополнительными инструментами для беспрепятственного доступа к учетной записи, такими как VPN и Proxy. Они работают по принципу смены id игрока, благодаря чему позволяют получить доступ к игровой площадке.

Вторая сложность, которая может возникнуть, это потеря доступа к аккаунту. В таком случае стоит убедиться, что все данные для входа указаны корректно. Если войти так и не удалось, то варианта два: сброс пароля и помощь специалиста Париматч.

Чтобы сбросить пароль необходимо воспользоваться специальной формой нажав кнопку ""Забыл пароль"", после чего нужно указать электронную почту или номер телефона, и следовать дальнейшей инструкции организатора.

Чтобы обратиться за помощью к менеджеру нужно нажать соответствующую кнопку и описать свою проблему. Специалисты Parimatch работают круглосуточно и владеют всей необходимой информацией для решения любого рода сложностей.

Казино Parimatch

П",neutral,"Article focuses on Parimatch platform details, not migration conditions.",qwen2.5:7b,neutral,"Article focuses on Parimatch platform details, not migration conditions.",article,1
20220102,46,MINIST,DEMONSTRATOR,https://www.journaldemontreal.com/2022/01/02/manifestations-anti-covid-un-pasteur-et-son-frere-arretes-par-calgary,unclear,,qwen2.5:7b,,,,"Un pasteur connu pour ses positions anti-mesures sanitaires et son frère ont été arrêtés et accusés, samedi, après avoir manifesté sur le terrain du ministre de la Santé de l’Alberta.

• À lire aussi: L’exaspération se fait ressentir aux centres de dépistage

Le pasteur Artur Pawlowski et son frère Dawid, qui ont déjà fait face à la justice pour avoir défié les règles sanitaires par le passé, ont rejoint une cinquantaine de manifestants devant la demeure du ministre Jason Copping.

La police de Calgary a confirmé qu'elle a arrêté deux manifestants parce qu'ils violaient une ordonnance de la cour, sans dévoiler leurs noms. Cependant, une vidéo publiée sur la page Facebook du pasteur controversé montre l’arrestation de ce dernier et de son frère peu de temps après la manifestation, alors qu’ils se trouvent en voiture.

«C’est ce qui se produit lorsque vous vivez au China-da, s’est insurgé Artur en se filmant. Vous allez vous faire arrêter par la Gestapo.»

La vidéo, d’une durée d’un peu plus de sept minutes, recèle un vaste éventail de références au nazisme, le pasteur allant jusqu’à rebaptiser le premier ministre Jason Kenney du nom de «Adolf Kenney».

Plus tard, au cours de l’arrestation des deux frères, on entend une troisième personne dans le véhicule, qui filme toute la scène, traiter les policiers de Calgary de «nazis» et se moquer d’eux.

L’avocate des deux frères, Sarah Miller, a confirmé au Calgary Herald que les Pawlowski ont été accusés de bris d’ordonnance.

Le premier ministre s’est désolé de la tournure de cette soirée du jour de l’An. «Tous les Albertains ont le droit de manifester pacifiquement. Ce droit ne permet pas d’empiéter sur les terrains de maisons privées et de harceler les familles des gens du service public», s’est-il insurgé sur Twitter.

«Malheureusement, ce n’est pas la première fois que cette portion des conspirationnistes antivaccins tente d’intimider des élus du gouvernement de cette façon. Je suis certain que la majorité des Albertains rejettent cette forme d’extrémisme», a-t-il ajouté.

À VOIR AUSSI",neutral,No clear migration driving conditions discussed.,qwen2.5:7b,neutral,No clear migration driving conditions discussed.,article,1
20220102,30,GOVERNMENT,GUERRILLA,https://www.hoydiariodelmagdalena.com.co/archivos/613800,neutral,files/613800,qwen2.5:7b,,,,,,,qwen2.5:7b,neutral,archivos/613800,url_1,1
20220102,20,AUTHORITIES,RUSSIAN FEDERATION,https://lugradar.net/2022/01/337336,push,lugradar net 337336,qwen2.5:7b,,,,,,,qwen2.5:7b,push,lugradar net 337336,url_1,1
20220102,20,AUTHORITIES,RUSSIAN FEDERATION,https://lugradar.net/2022/01/337319,push,lugradar net 337319,qwen2.5:7b,,,,,,,qwen2.5:7b,push,lugradar net 337319,url_1,1
20220102,40,PRESIDENT,RUSSIA,https://tsn.ua/ru/politika/bayden-i-zelenskiy-proveli-telefonnye-peregovory-chto-izvestno-1945450.html,neutral,tsn do politika,qwen2.5:7b,,,,,,,qwen2.5:7b,neutral,tsn ua politika,url_1,1
20220102,41,PRESIDENT,RUSSIA,https://tsn.ua/ru/politika/bayden-i-zelenskiy-proveli-telefonnye-peregovory-chto-izvestno-1945450.html,neutral,tsn do politika,qwen2.5:7b,,,,,,,qwen2.5:7b,neutral,tsn ua politika,url_1,1
20220102,41,PRESIDENT,RUSSIA,https://tsn.ua/ru/politika/bayden-i-zelenskiy-proveli-telefonnye-peregovory-chto-izvestno-1945450.html,neutral,tsn do politika,qwen2.5:7b,,,,,,,qwen2.5:7b,neutral,tsn do politika,url_1,1
20220102,10,MINIST OF HEALTH,,https://www.mdzol.com/sociedad/2022/1/2/coronavirus-en-argentina-mas-de-20000-casos-23-fallecidos-212523.html,neutral,"coronavirus in Argentina more than 20,000 cases 23 deaths",qwen2.5:7b,,,,,,,qwen2.5:7b,neutral,coronavirus en argentina mas de 20000 casos 23 fallecidos,url_1,1
20220102,10,DOCTOR,,https://pronedra.ru/v21-pervye-pervye-simptomy-pnevmonii-pomogut-svoevremenno-nachat-lechenie-i-soxranit-zhizn-439639.html,unclear,pronedra ru v21 primeros simptomas pneumonia will help to start treatment in a timely manner and save life,qwen2.5:7b,,,,"Первые первые симптомы пневмонии помогут своевременно начать лечение и сохранить жизнь

В последнее время мы часто слышим о пневмонии. Это острое или хроническое воспаление инфекционного характера, которое локализуется в ткани легких и провоцирует дыхательные нарушения. Это очень сложное заболевание, которое может приводить к опасным последствиям. Чтобы справиться с недугом, очень важно вовремя обратиться к врачу.

Первые признаки и симптомы пневмонии, на что обратить внимание

Распознать пневмонию не так уж и легко, как может показаться. Данная болезнь опасна тем, что может развиваться без проявления каких-либо симптомов в самом начале. Люди часто путают признаки пневмонии с обычной простудой или ОРВИ. Стоит отметить, что при появлении каких-либо симптомов, которые хоть как-то указывают на воспаление легких, сразу же нужно обращаться к медикам.

Симптомы пневмонии появляются после того, как человек выздоровел. Проще говоря, неделю человек находился на больничном с насморком и повышенной температурой, а затем выписался и жил себе как ни в чем не бывало, но после у него вновь поднялась температура и появился целый букет следующих симптомов:

чрезмерная утомляемость;

упадок сил;

сильные приступы кашля;

одышка особенно должна встревожить тех, у кого ее никогда ранее не было;

дискомфорт в грудной клетке, возможно, даже болевые ощущения.

Если вы не знаете, как отличить бактериальное воспаление легких от вирусного, то здесь стоит выделить несколько факторов: если возбудителем болезни является бактерия, то симптомы будут менее выражены, температура не будет подниматься, она будет на отметке до 37,5 градуса. Когда у человека вирусная пневмония, то все перечисленные выше признаки появятся в полную силу, и температура будет достигать уже 40 градусов.

Для справки: Термин «пневмония» объединяет большую группу болезней. Выделяют первичную (самостоятельное заболевание) и вторичную пневмонию (развивается на фоне другой болезни, часто — гриппа), а также радиационную (может возникать после лучевой терапии, применяемой для лечения злокачественных опухолей) и посттравматическую (возникает в результате травм грудной клетки). Также пневмония может быть внебольничной (внегоспитальной), если она возникла вне лечебного учреждения или в первые 48 часов после поступления больного в стационар. Внутрибольничной пневмонией считается заболевание, которое развилось через 48-72 часа после госпитализации, если оно не находилось в фазе инкубационного периода до момента поступления пациента в лечебное учреждение.

Как происходит лечение воспаления легких

Воспаление легких — это одна из самых тяжелых болезней, которая поражает дыхательные пути. Пневмония попадает в список 10 самых распространенных причин смертности во всем мире. Нужно относиться к этой болезни со всей серьезность и вовремя распознавать ее, а затем приступать к лечению, которое назначает врач.

«Не каждая пневмония требует госпитализации, но стоит помнить, что при самом лёгком варианте течения заболевания вероятность летального исхода практически равна нулю, а при самом тяжёлом может превышать 50%. Это значит, что врач должен оценить тяжесть состояния пациента и необходимость госпитализации. Больному с лёгкой пневмонией госпитализация может принести больше вреда, чем пользы, так как нахождение в стационаре увеличивает риск так называемой госпитальной инфекции и осложнений от внутривенной терапии. Считается, что пациенты с лёгким вариантом пневмонии должны оставаться дома, а пациенты с тяжёлой и крайне тяжёлой пневмонией должны проходить лечение в стационаре. Пациенты с пневмонией средней степени тяжести могут быть госпитализированы на усмотрение врача», — говорит к. м. н., пульмонолог в клиниках «Чайка» и «Рассвет» Василий Штабницкий.

Профилактика пневмонии

Самое лучшее лечение заболевания — это его предупреждение. Предупредить любой недуг можно только с помощью правильной и своевременной профилактики.

Прививки;

Тщательно мойте руки;

Нужно бросить курить.

Первое, о чем следует сказать, это прививки. Дело в том, что пневмония появляется на фоне других заболеваний. Нужно сделать прививку от гриппа. Интересно, что с 2014 года в национальном календаре прививок была включена прививка от пневмококка. Эту прививку рекомендуют делать детям от 5 лет и взрослым после 65, известно, что в этом возрасте организм больше всего уязвим к такому роду болезням. Прививка не спасет вас от всевозможных видов воспаления легких, но она способна защитить от самых распространенных.

Мытье рук — это совет не только для тех, кто хочет защитить себя от воспаления легких. Об этом следует помнить всем. Миллионы микробов попадают к нам через рукопожатия, дверные ручки и через клавиатуру. Если вы дотронулись до глаз или носа, они попадают внутрь и вызывают различные заболевания. Мыть руки — это очень важное правило, их нужно мыть не только перед едой, но и в течение всего дня.

Курение увеличивает риск заболеть воспалением легких, более того, это может привести вас к смерти. Во время курения в легких происходят процессы, из-за которых ваш организм ослабевает. Увеличивается число клеток, который производят мокроту.",neutral,Article discusses symptoms and treatment of pneumonia without mentioning migration,qwen2.5:7b,neutral,Article discusses symptoms and treatment of pneumonia without mentioning migration,article,1
20220102,13,HOSPITAL,,https://pronedra.ru/v21-pervye-pervye-simptomy-pnevmonii-pomogut-svoevremenno-nachat-lechenie-i-soxranit-zhizn-439639.html,unclear,pronedra ru v21 primeros simptomas pneumonia will help to start treatment in a timely manner and save life,qwen2.5:7b,,,,"Первые первые симптомы пневмонии помогут своевременно начать лечение и сохранить жизнь

В последнее время мы часто слышим о пневмонии. Это острое или хроническое воспаление инфекционного характера, которое локализуется в ткани легких и провоцирует дыхательные нарушения. Это очень сложное заболевание, которое может приводить к опасным последствиям. Чтобы справиться с недугом, очень важно вовремя обратиться к врачу.

Первые признаки и симптомы пневмонии, на что обратить внимание

Распознать пневмонию не так уж и легко, как может показаться. Данная болезнь опасна тем, что может развиваться без проявления каких-либо симптомов в самом начале. Люди часто путают признаки пневмонии с обычной простудой или ОРВИ. Стоит отметить, что при появлении каких-либо симптомов, которые хоть как-то указывают на воспаление легких, сразу же нужно обращаться к медикам.

Симптомы пневмонии появляются после того, как человек выздоровел. Проще говоря, неделю человек находился на больничном с насморком и повышенной температурой, а затем выписался и жил себе как ни в чем не бывало, но после у него вновь поднялась температура и появился целый букет следующих симптомов:

чрезмерная утомляемость;

упадок сил;

сильные приступы кашля;

одышка особенно должна встревожить тех, у кого ее никогда ранее не было;

дискомфорт в грудной клетке, возможно, даже болевые ощущения.

Если вы не знаете, как отличить бактериальное воспаление легких от вирусного, то здесь стоит выделить несколько факторов: если возбудителем болезни является бактерия, то симптомы будут менее выражены, температура не будет подниматься, она будет на отметке до 37,5 градуса. Когда у человека вирусная пневмония, то все перечисленные выше признаки появятся в полную силу, и температура будет достигать уже 40 градусов.

Для справки: Термин «пневмония» объединяет большую группу болезней. Выделяют первичную (самостоятельное заболевание) и вторичную пневмонию (развивается на фоне другой болезни, часто — гриппа), а также радиационную (может возникать после лучевой терапии, применяемой для лечения злокачественных опухолей) и посттравматическую (возникает в результате травм грудной клетки). Также пневмония может быть внебольничной (внегоспитальной), если она возникла вне лечебного учреждения или в первые 48 часов после поступления больного в стационар. Внутрибольничной пневмонией считается заболевание, которое развилось через 48-72 часа после госпитализации, если оно не находилось в фазе инкубационного периода до момента поступления пациента в лечебное учреждение.

Как происходит лечение воспаления легких

Воспаление легких — это одна из самых тяжелых болезней, которая поражает дыхательные пути. Пневмония попадает в список 10 самых распространенных причин смертности во всем мире. Нужно относиться к этой болезни со всей серьезность и вовремя распознавать ее, а затем приступать к лечению, которое назначает врач.

«Не каждая пневмония требует госпитализации, но стоит помнить, что при самом лёгком варианте течения заболевания вероятность летального исхода практически равна нулю, а при самом тяжёлом может превышать 50%. Это значит, что врач должен оценить тяжесть состояния пациента и необходимость госпитализации. Больному с лёгкой пневмонией госпитализация может принести больше вреда, чем пользы, так как нахождение в стационаре увеличивает риск так называемой госпитальной инфекции и осложнений от внутривенной терапии. Считается, что пациенты с лёгким вариантом пневмонии должны оставаться дома, а пациенты с тяжёлой и крайне тяжёлой пневмонией должны проходить лечение в стационаре. Пациенты с пневмонией средней степени тяжести могут быть госпитализированы на усмотрение врача», — говорит к. м. н., пульмонолог в клиниках «Чайка» и «Рассвет» Василий Штабницкий.

Профилактика пневмонии

Самое лучшее лечение заболевания — это его предупреждение. Предупредить любой недуг можно только с помощью правильной и своевременной профилактики.

Прививки;

Тщательно мойте руки;

Нужно бросить курить.

Первое, о чем следует сказать, это прививки. Дело в том, что пневмония появляется на фоне других заболеваний. Нужно сделать прививку от гриппа. Интересно, что с 2014 года в национальном календаре прививок была включена прививка от пневмококка. Эту прививку рекомендуют делать детям от 5 лет и взрослым после 65, известно, что в этом возрасте организм больше всего уязвим к такому роду болезням. Прививка не спасет вас от всевозможных видов воспаления легких, но она способна защитить от самых распространенных.

Мытье рук — это совет не только для тех, кто хочет защитить себя от воспаления легких. Об этом следует помнить всем. Миллионы микробов попадают к нам через рукопожатия, дверные ручки и через клавиатуру. Если вы дотронулись до глаз или носа, они попадают внутрь и вызывают различные заболевания. Мыть руки — это очень важное правило, их нужно мыть не только перед едой, но и в течение всего дня.

Курение увеличивает риск заболеть воспалением легких, более того, это может привести вас к смерти. Во время курения в легких происходят процессы, из-за которых ваш организм ослабевает. Увеличивается число клеток, который производят мокроту.",neutral,Article focuses on symptoms and treatment of pneumonia.,qwen2.5:7b,neutral,Article focuses on symptoms and treatment of pneumonia.,article,1
20220102,193,DOCTOR,POLICE OFFICER,https://pronedra.ru/v21-pervye-pervye-simptomy-pnevmonii-pomogut-svoevremenno-nachat-lechenie-i-soxranit-zhizn-439639.html,unclear,pronedra ru v21 primeros simptomas pneumonia will help to start treatment in a timely manner and save life,qwen2.5:7b,,,,"Первые первые симптомы пневмонии помогут своевременно начать лечение и сохранить жизнь

В последнее время мы часто слышим о пневмонии. Это острое или хроническое воспаление инфекционного характера, которое локализуется в ткани легких и провоцирует дыхательные нарушения. Это очень сложное заболевание, которое может приводить к опасным последствиям. Чтобы справиться с недугом, очень важно вовремя обратиться к врачу.

Первые признаки и симптомы пневмонии, на что обратить внимание

Распознать пневмонию не так уж и легко, как может показаться. Данная болезнь опасна тем, что может развиваться без проявления каких-либо симптомов в самом начале. Люди часто путают признаки пневмонии с обычной простудой или ОРВИ. Стоит отметить, что при появлении каких-либо симптомов, которые хоть как-то указывают на воспаление легких, сразу же нужно обращаться к медикам.

Симптомы пневмонии появляются после того, как человек выздоровел. Проще говоря, неделю человек находился на больничном с насморком и повышенной температурой, а затем выписался и жил себе как ни в чем не бывало, но после у него вновь поднялась температура и появился целый букет следующих симптомов:

чрезмерная утомляемость;

упадок сил;

сильные приступы кашля;

одышка особенно должна встревожить тех, у кого ее никогда ранее не было;

дискомфорт в грудной клетке, возможно, даже болевые ощущения.

Если вы не знаете, как отличить бактериальное воспаление легких от вирусного, то здесь стоит выделить несколько факторов: если возбудителем болезни является бактерия, то симптомы будут менее выражены, температура не будет подниматься, она будет на отметке до 37,5 градуса. Когда у человека вирусная пневмония, то все перечисленные выше признаки появятся в полную силу, и температура будет достигать уже 40 градусов.

Для справки: Термин «пневмония» объединяет большую группу болезней. Выделяют первичную (самостоятельное заболевание) и вторичную пневмонию (развивается на фоне другой болезни, часто — гриппа), а также радиационную (может возникать после лучевой терапии, применяемой для лечения злокачественных опухолей) и посттравматическую (возникает в результате травм грудной клетки). Также пневмония может быть внебольничной (внегоспитальной), если она возникла вне лечебного учреждения или в первые 48 часов после поступления больного в стационар. Внутрибольничной пневмонией считается заболевание, которое развилось через 48-72 часа после госпитализации, если оно не находилось в фазе инкубационного периода до момента поступления пациента в лечебное учреждение.

Как происходит лечение воспаления легких

Воспаление легких — это одна из самых тяжелых болезней, которая поражает дыхательные пути. Пневмония попадает в список 10 самых распространенных причин смертности во всем мире. Нужно относиться к этой болезни со всей серьезность и вовремя распознавать ее, а затем приступать к лечению, которое назначает врач.

«Не каждая пневмония требует госпитализации, но стоит помнить, что при самом лёгком варианте течения заболевания вероятность летального исхода практически равна нулю, а при самом тяжёлом может превышать 50%. Это значит, что врач должен оценить тяжесть состояния пациента и необходимость госпитализации. Больному с лёгкой пневмонией госпитализация может принести больше вреда, чем пользы, так как нахождение в стационаре увеличивает риск так называемой госпитальной инфекции и осложнений от внутривенной терапии. Считается, что пациенты с лёгким вариантом пневмонии должны оставаться дома, а пациенты с тяжёлой и крайне тяжёлой пневмонией должны проходить лечение в стационаре. Пациенты с пневмонией средней степени тяжести могут быть госпитализированы на усмотрение врача», — говорит к. м. н., пульмонолог в клиниках «Чайка» и «Рассвет» Василий Штабницкий.

Профилактика пневмонии

Самое лучшее лечение заболевания — это его предупреждение. Предупредить любой недуг можно только с помощью правильной и своевременной профилактики.

Прививки;

Тщательно мойте руки;

Нужно бросить курить.

Первое, о чем следует сказать, это прививки. Дело в том, что пневмония появляется на фоне других заболеваний. Нужно сделать прививку от гриппа. Интересно, что с 2014 года в национальном календаре прививок была включена прививка от пневмококка. Эту прививку рекомендуют делать детям от 5 лет и взрослым после 65, известно, что в этом возрасте организм больше всего уязвим к такому роду болезням. Прививка не спасет вас от всевозможных видов воспаления легких, но она способна защитить от самых распространенных.

Мытье рук — это совет не только для тех, кто хочет защитить себя от воспаления легких. Об этом следует помнить всем. Миллионы микробов попадают к нам через рукопожатия, дверные ручки и через клавиатуру. Если вы дотронулись до глаз или носа, они попадают внутрь и вызывают различные заболевания. Мыть руки — это очень важное правило, их нужно мыть не только перед едой, но и в течение всего дня.

Курение увеличивает риск заболеть воспалением легких, более того, это может привести вас к смерти. Во время курения в легких происходят процессы, из-за которых ваш организм ослабевает. Увеличивается число клеток, который производят мокроту.",neutral,Article discusses symptoms and treatment of pneumonia without mentioning migration,qwen2.5:7b,neutral,Article discusses symptoms and treatment of pneumonia without mentioning migration,article,1
20220102,193,DOCTOR,POLICE OFFICER,https://www.mngz.ru/russia-world-sensation/2463989-v-gorode-rezh-sotrudnikami-sledstvennogo-komiteta-vozbuzhdeno-ugolovnoe-delo-po-faktu-ubiystva-iz-revnosti-medic.html,push,employees-of-the-investigative-committee-initiated-a-criminal-case-into-the-murder,qwen2.5:7b,,,,,,,qwen2.5:7b,push,sotrudnikami-sledstvennogo-komiteta-vozbuzhdeno-ugolovnoe-delo-po-faktu-ubiystva,url_1,1
20220102,193,DOCTOR,POLICE OFFICER,https://www.mngz.ru/russia-world-sensation/2463989-v-gorode-rezh-sotrudnikami-sledstvennogo-komiteta-vozbuzhdeno-ugolovnoe-delo-po-faktu-ubiystva-iz-revnosti-medic.html,push,employees-of-the-investigative-committee-initiated-a-criminal-case-into-the-murder,qwen2.5:7b,,,,,,,qwen2.5:7b,push,sotrudnikami-sledstvennogo-komiteta-vozbuzhdeno-ugolovnoe-delo-po-faktu-ubiystva,url_1,1
20220102,172,HAITI,,https://www.diariolibre.com/actualidad/sucesos/2022/01/02/acusan-ganaderos-de-provocar-incendios-en-sierra-de-bahoruco/1563459,neutral,fires-in-sierra-de-bahoruco,qwen2.5:7b,,,,,,,qwen2.5:7b,neutral,incendios-en-sierra-de-bahoruco,url_1,1
20220102,90,THE EUROPEAN UNION,,https://lugradar.net/2022/01/337336,unclear,URL too short,qwen2.5:7b,,,,"Содержание:

Пари Матч представляет собой гиганта в сфере организации азартных развлечений. Проект имеет колоссальный опыт в гемблинге. БК Париматч взял свое начало еще в далеком 1994 году и очень быстро завоевал расположение не только ценителей спорта, но и любителей азартных игр. Сегодня бренд является одной из самых популярных площадок на рынке Украины и за рубежом. Партнерами букмекера являются разработчики игрального софта с мировым именем, благодаря чему пользователи Parimatch получают только качественные и безопасные услуги. Parimatch имеет лицензию от правительства Кюрасао (no. 157), что позволяет предоставлять услуги онлайн-казино и ставок на спорт на международном уровне.

⚠️ Некоторые ссылки на сайте являются партнёрскими. Это значит, что мы можем получать комиссию, если вы зарегистрируетесь или сделаете депозит по одной из них. Это не влияет на содержание и оценки, но помогает развивать проект.

Преимущества Parimatch

Преимущество Описание 🔒 Надежность и безопасность Современные технологии шифрования обеспечивают защиту данных и честность игр. 🎲 Широкий выбор азартных игр и ставок Большой ассортимент спортивных событий, казино, покера и других развлечений. 💳 Простая и удобная система ввода и вывода средств Быстрые транзакции через популярные платежные системы. 🎁 Щедрые бонусы и интересные турниры Программы лояльности, кэшбэки и розыгрыши для активных пользователей. 📱 Мгновенный доступ с любого устройства Удобные мобильные приложения и адаптивный веб-сайт. 🛎️ Квалифицированная поддержка 24/7 Оперативные ответы через чат, email и телефон. ✅ Сертифицированные игры от мировых брендов Все слоты и лайв-игры проходят независимое тестирование (например, eCOGRA) на честность и соответствие заявленному RTP. 🧾 Лицензия Curaçao Gaming Authority under the National Ordinance on Games of Chance (LOK), P.B. 2024, no. 157

⚠️ Азартные игры могут вызывать зависимость. Перед тем как начать — оцените свои риски. Рекомендуем ознакомиться с разделом ""Ответственная игра"".

Parimatch — это платформа, которая сочетает высококлассный сервис с комфортом для каждого пользователя. Присоединяйтесь к миру развлечений и испытайте удачу с лучшими играми и ставками на спорт!

Регистрация в БК Париматч

Создание учетной записи занимает немного больше времени нежели авторизация, но эта процедура является одноразовой. Для создания профиля на сайте Pari Match может быть использован как номер мобильного телефона, так и адрес электронной почты. Не смотря на возможность выбора рекомендуется указать в личной анкете пользователя всю информацию, так как ее объем позволит пройти верификацию личности гораздо быстрее. Перед созданием профиля на сайте, рекомендуется внимательно ознакомиться с правилами проекта во избежание неприятных сюрпризов.

Чтобы создать аккаунт придерживайтесь простых шагов:

Зайдите на сайт беттинг-компании с использованием любого удобного устройства. Далее найдите кнопку ""Регистрация"", которая расположена в верхнем углу. После ее нажатия откроется форма, которую нужно заполнить, для создания персонального аккаунта. Укажите в первом поле свой e-mail. В следующей ячейке пропишите пароль, чтобы сделать его надежным, нужно следовать рекомендациям организатора.

После заполнения формы нажмите кнопку ""Зарегистрироваться"", это действие запускает отправку данных на сервер, где информация будет закреплена за конкретным игроком.

Чтобы иметь возможность играть на деньги, необходимо подтвердить свою личность с помощью документа. Для прохождения верификации потребуется зайти в личный кабинет и перейти в раздел ""Подтвердить учетную запись"". Далее нужно выбрать подходящий тип документа и загрузить его фотографии.

Вход в Париматч

Создание учетной записи необходимо не только для организатора, но и для самого пользователя. Благодаря персональному аккаунту, помимо прочего, игрок получает важную возможность вести учет своих действий и контролировать свои траты на развлечения. Организатору такой подход позволяет вести учет пользователей и отчитываться перед регулятором о своей деятельности. Учетная запись в казино также позволяет геймеру защитить свои интересы, так как в случае каких-либо споров между игроком и организатором, регулятор помогает в разрешении подобных ситуаций с учетом интересов обеих сторон.

Вход в Пари Матч доступен с различных устройств и имеет простой алгоритм действий:

Мобильная версия Parimatch

Если вы хотите войти в личный кабинет Париматч без использования специального приложения, то необходимо придерживаться следующей инструкции:

Откройте браузер на мобильном телефоне. С помощью него зайдите на сайт Париматч. В правом верхнем углу найдите кнопку ""Войти"". После ее нажатия откроется новое окно с формой для входа. Выберите один из доступных способов для авторизации: номер телефона, номер счета и электронная почта. В соответствии с выбранной вкладкой укажите данные в первом поле. Далее впишите пароль от учетной записи. Перед завершением авторизации необходимо проверить правильность введенных данных. Завершить процедуру входа можно клавишей ""Войти"".

💡 Совет от пользователей: если не приходит SMS-код — проверьте правильность номера и повторите попытку через 2 минуты. Если проблема сохраняется, обратитесь в поддержку через онлайн-чат.

Приложение Париматч

Процедура авторизации с помощью мобильного приложения идентична мобильной версии сайта, но прежде чем войти в свой аккаунт, необходимо скачать программу на устройство. Приложение доступно на гаджетах с любой операционной системой. Чтобы его скачать, необходимо зайти на официальный сайт Parimatch и на главной странице найти кнопку ""Скачать приложение"", далее откроется новая страница, на которой нужно выбрать тип своей операционной системы, после чего начнется загрузка. В случае, если загрузка не началась, рекомендуется проверить настройки и при необходимости дать разрешение на загрузку и установку приложений через браузер. Когда настройки будут изменены, необходимо повторить попытку. После того как приложение загрузилось на устройство, нужно установить его и перейти к авторизации.

Запустите приложение и укажите логин и пароль от своего аккаунта, подтвердите ввод с помощью кнопки ""Войти"".

Вход на сайт Париматч через компьютер

Концепт авторизации с помощью компьютера практически не отличается своим алгоритмом. Для этого нужно зайти на сайт Parimatch используя браузер своего компьютера, а далее указать данные от своего аккаунта.

Личный кабинет Париматч

После создания персонального аккаунта в БК Пари-Матч игрок получает доступ к расширенному функционалу и виртуальному игровому счету. В меню личного кабинета доступны следующие функции:

пополнение игрового счета и вывод средств;

выбор и активация бонусов;

статистика использованных поощрений от букмекера;

финансовая отчетность с возможностью фильтра по дате;

изменение персональных данных пользователя;

прохождение верификации;

помощь менеджера;

настройки аккаунта.

Профиль игрока Париматч дает возможность полноценно использовать функционал букмекерской конторы и раздела с играми казино.

Париматч является лидером среди организаторов азартных развлечений. Чтобы присоединиться к сообществу беттеров проекта важно пройти регистрацию, внимательно ознакомиться с условиями проекта и предоставить максимально правдивую информацию о себе. Каждый пользователь бренда Pari Match получает уникальную возможность насладиться высококлассным контентом и улучшить свое финансовое положение получая при этом удовольствие от любимых игр. Персональные данные полученные от пользователей проектом подвергаются шифрованию и хранятся на защищенных серверах. Благодаря чему Пари Матч входит в топ самых безопасных и конфиденциальных игровых проектов.

Проблемы со входом в Париматч

Рассмотрим популярные ситуации, которые могут возникнуть на этапе авторизации в личный кабинет Parimatch. Одна из самых распространенных проблем- это блокировка ресурса. Причин для блокировки может быть много, но чаще всего это связано с территориальными ограничениями. В некоторых странах и регионах азартные развлечения запрещены на законодательном уровне. В таком случае рекомендуется воспользоваться дополнительными инструментами для беспрепятственного доступа к учетной записи, такими как VPN и Proxy. Они работают по принципу смены id игрока, благодаря чему позволяют получить доступ к игровой площадке.

Вторая сложность, которая может возникнуть, это потеря доступа к аккаунту. В таком случае стоит убедиться, что все данные для входа указаны корректно. Если войти так и не удалось, то варианта два: сброс пароля и помощь специалиста Париматч.

Чтобы сбросить пароль необходимо воспользоваться специальной формой нажав кнопку ""Забыл пароль"", после чего нужно указать электронную почту или номер телефона, и следовать дальнейшей инструкции организатора.

Чтобы обратиться за помощью к менеджеру нужно нажать соответствующую кнопку и описать свою проблему. Специалисты Parimatch работают круглосуточно и владеют всей необходимой информацией для решения любого рода сложностей.

Казино Parimatch

П",neutral,"Article focuses on Parimatch betting platform features, registration, and login procedures without mentioning migration.",qwen2.5:7b,neutral,"Article focuses on Parimatch betting platform features, registration, and login procedures without mentioning migration.",article,1
20220102,43,UNITED NATIONS,,http://www.hispantv.com/noticias/palestina/535010/preso-israel-huelga-hambre,push,prisoner-israel-hunger-strike,qwen2.5:7b,,,,,,,qwen2.5:7b,push,preso-israel-huelga-hambre,url_1,1
20220102,20,ISRAELI,WORKER,https://g1.globo.com/mundo/noticia/2022/01/02/israel-comeca-a-aplicar-quarta-dose-da-vacina-contra-a-covid.ghtml,neutral,israel-starts-administering-fourth-dose-of-vaccine-against-covid,qwen2.5:7b,,,,,,,qwen2.5:7b,neutral,israel-starts-administering-fourth-dose-of-vaccine-against-covid,url_1,1
20220102,51,ISRAEL,PALESTINE,http://www.hispantv.com/noticias/palestina/535010/preso-israel-huelga-hambre,push,prisoner-israel-hunger-strike,qwen2.5:7b,,,,,,,qwen2.5:7b,push,preso-israel-huelga-hambre,url_1,1
20220102,53,ISRAEL,PALESTINE,http://www.hispantv.com/noticias/palestina/535010/preso-israel-huelga-hambre,push,prisoner-israel-hunger-strike,qwen2.5:7b,,,,,,,qwen2.5:7b,push,preso-israel-huelga-hambre,url_1,1
20220102,142,ISRAEL,PALESTINE,http://www.hispantv.com/noticias/palestina/535010/preso-israel-huelga-hambre,push,prisoner-israel-hunger-strike,qwen2.5:7b,,,,,,,qwen2.5:7b,push,prisoner-israel-hunger-strike,url_1,1
20220102,42,JORDAN,,https://alghad.com/%D9%85%D8%B9%D8%B1%D8%B6-%D8%A3%D8%B1%D8%AF%D9%86%D9%8A-%D9%84%D9%84%D8%AA%D8%AC%D8%A7%D8%B1%D8%A9-%D9%88%D8%A7%D9%84%D8%AE%D8%AF%D9%85%D8%A7%D8%AA-%D9%8A%D9%86%D8%B7%D9%84%D9%82-%D9%81%D9%8A-%D8%B3/,neutral,URL too short,qwen2.5:7b,,,,,,,qwen2.5:7b,neutral,URL too short,url_1,1
20220102,234,FEDERAL COURT,,https://www.elmanana.com/cae-ex-rector-de-la-uabjo-por-fraude/5475695,neutral,no clear migration-related tokens,qwen2.5:7b,,,,,,,qwen2.5:7b,neutral,no clear migration-related tokens,url_1,1
20220102,84,JUDGE,,https://www.vesti-online.com/stopiran-otkaz-za-nevakcinisanog-cuvara-reda/,neutral,no clear migration-related tokens,qwen2.5:7b,,,,,,,qwen2.5:7b,neutral,no clear migration-related tokens,url_1,1
20220102,173,PUBLIC PROSECUTOR,,https://www.hoydiariodelmagdalena.com.co/archivos/613776,neutral,no clear migration-related tokens,qwen2.5:7b,,,,,,,qwen2.5:7b,neutral,no clear migration-related tokens,url_1,1
20220102,10,LAWYER,MELBOURNE,https://www.vesti-online.com/samo-pisani-testament-je-vazeci/,neutral,no clear migration-related tokens,qwen2.5:7b,,,,,,,qwen2.5:7b,neutral,no clear migration-related tokens,url_1,1
20220102,114,PUBLIC PROSECUTOR,OAXACA,https://oaxaca.eluniversal.com.mx/municipios/denuncian-ante-el-ieepco-edil-de-ocotlan-oaxaca-por-violencia-politica-de-genero,neutral,no clear migration-related tokens,qwen2.5:7b,,,,,,,qwen2.5:7b,neutral,no clear migration-related tokens,url_1,1
20220102,112,LAWYER,UNITED STATES,https://www.diariolibre.com/usa/revista/2022/01/02/juez-impide-que-bloqueo-de-demanda-contra-el-principe-andres/1563621,neutral,no clear migration-related tokens,qwen2.5:7b,,,,,,,qwen2.5:7b,neutral,no clear migration-related tokens,url_1,1
20220102,30,EMPLOYEE,,https://es.investing.com/news/stock-market-news/goldman-sachs-pide-a-sus-empleados-estadounidenses-que-trabajen-desde-casa-hasta-el-18-de-enero-2199115,neutral,no clear migration-related tokens,qwen2.5:7b,,,,,,,qwen2.5:7b,neutral,no clear migration-related tokens,url_1,1
20220102,10,CONGRESS,,https://www.telemundo.com/noticias/noticias-telemundo/clima/no-esto-no-es-una-broma-llovieron-peces-en-texas-poco-antes-de-fin-de-rcna10639,neutral,no clear migration-related tokens,qwen2.5:7b,,,,,,,qwen2.5:7b,neutral,no clear migration-related tokens,url_1,1
20220102,10,STATE DUMA,,https://www.ridus.ru/news/370096,neutral,no clear migration-related tokens,qwen2.5:7b,,,,,,,qwen2.5:7b,neutral,no clear migration-related tokens,url_1,1
20220102,83,SENATE,,https://sipse.com/mexico/las-breves-del-senado-inclusion-y-derechos-de-las-personas-sordas-415533.html,neutral,no clear migration-related tokens,qwen2.5:7b,,,,,,,qwen2.5:7b,neutral,no clear migration-related tokens,url_1,1
20220102,13,MEXICO,,https://sipse.com/mexico/isste-se-prepara-para-la-cuarta-ola-de-la-pandemia-por-covid-19-en-mexico-415544.html,neutral,<no migration-related tokens>,qwen2.5:7b,,,,,,,qwen2.5:7b,neutral,<no migration-related tokens>,url_1,1
20220102,190,COMMANDER,,https://www.antaranews.com/berita/2620221/dilan-series-gelar-audisi-terbuka-untuk-cari-pemain,neutral,<no migration-related tokens>,qwen2.5:7b,,,,,,,qwen2.5:7b,neutral,<no migration-related tokens>,url_1,1
20220102,17,COMMANDER,ISLAMIC,http://www.hispantv.com/noticias/siria/535008/iran-siria-relaciones-cooperacion,neutral,iran-siria-relaciones-cooperacion,qwen2.5:7b,,,,,,,qwen2.5:7b,neutral,iran-siria-relaciones-cooperacion,url_1,1
20220102,17,COMMANDER,ISLAMIC,http://www.hispantv.com/noticias/siria/535008/iran-siria-relaciones-cooperacion,neutral,iran-syria-relations-cooperation,qwen2.5:7b,,,,,,,qwen2.5:7b,neutral,iran-syria-relations-cooperation,url_1,1
20220102,195,FIGHTER PLANE,SAUDI,http://www.hispantv.com/noticias/yemen/535011/ataque-saudi-mezquita-muertos,push,attack-saudi-mosque-dead,qwen2.5:7b,,,,,,,qwen2.5:7b,push,attack-saudi-mosque-dead,url_1,1
20220102,195,FIGHTER PLANE,SAUDI,http://www.hispantv.com/noticias/yemen/535011/ataque-saudi-mezquita-muertos,push,ataque-saudi-mezquita-muertos,qwen2.5:7b,,,,,,,qwen2.5:7b,push,ataque-saudi-mezquita-muertos,url_1,1
20220102,195,FIGHTER PLANE,SAUDI,http://www.hispantv.com/noticias/yemen/535011/ataque-saudi-mezquita-muertos,push,attack-saudi-mosque-dead,qwen2.5:7b,,,,,,,qwen2.5:7b,push,ataque-saudi-mezquita-muertos,url_1,1
20220102,70,MILITARY POLICE,,https://g1.globo.com/sp/santos-regiao/noticia/2022/01/02/prefeito-de-peruibe-critica-atuacao-da-policia-militar-contra-pancadoes-no-reveillon-caos-na-seguranca.ghtml,neutral,<no migration-related tokens>,qwen2.5:7b,,,,,,,qwen2.5:7b,neutral,<no migration-related tokens>,url_1,1
20220102,20,NAVAL,AMBASSADOR,https://sipse.com/mexico/las-breves-del-senado-inclusion-y-derechos-de-las-personas-sordas-415533.html,neutral,<no migration-related tokens>,qwen2.5:7b,,,,,,,qwen2.5:7b,neutral,<no migration-related tokens>,url_1,1
20220102,20,GOLDMAN SACHS,AMERICAN,https://es.investing.com/news/stock-market-news/goldman-sachs-pide-a-sus-empleados-estadounidenses-que-trabajen-desde-casa-hasta-el-18-de-enero-2199115,neutral,<no migration-related tokens>,qwen2.5:7b,,,,,,,qwen2.5:7b,neutral,<no migration-related tokens>,url_1,1
20220102,20,VERIZON,REUTERS,https://es.investing.com/news/stock-market-news/presidentes-ejecutivos-de-att-y-verizon-rechazan-peticion-de-eeuu-de-retrasar-despliegue-del-5g-2199124,neutral,"""they reject-us-petition""",qwen2.5:7b,,,,,,,qwen2.5:7b,neutral,"""rechazan-peticion-de-eeuu""",url_1,1
20220102,120,VERIZON,REUTERS,https://es.investing.com/news/stock-market-news/presidentes-ejecutivos-de-att-y-verizon-rechazan-peticion-de-eeuu-de-retrasar-despliegue-del-5g-2199124,neutral,"""they reject-us-petition""",qwen2.5:7b,,,,,,,qwen2.5:7b,neutral,"""rechazan-peticion-de-eeuu""",url_1,1
20220102,113,PROTESTER,,http://lratvakan.com/news/76958.html,unclear,"""76958.html""",qwen2.5:7b,,,,"Участники акции протеста в центре Киева пошли на штурм кордонов, которые выставлены вокруг квартала правительственных зданий.

На улице Грушевского в Киеве не утихают столкновения протестующих и правоохранителей. На улице стоят несколько разбитых автобусов милиции, один автобус подожгли. Силовики регулярно бросают в толпу дымовые шашки, используют слезоточивый газ.

Ожидается приезд водометов. Об этом сообщают местные СМИ. Использование водометов на морозе угрожает смертями протестующим. При таком температуре может наступить переохлаждение от воды за несколько минут.

Помимо этого, протестующие захватили пять пустых милицейских автобусов. Лидер партии «УДАР» Виталий Кличко призвал протестующих отказаться от силовых действий в отношении правоохранителей, заявив, что это наверняка вызовет ответную реакцию со стороны «Беркута». Политик пообещал договориться о том, чтобы людям открыли проход к зданию Верховной Рады.

Столкновения активистов с милицией начались после так называемого народного вече на Майдане Незалежности, в котором приняли участие несколько сотен тысяч человек. Собравшиеся протестовали против политики действующих властей страны.",push,"war, violence, protest, conflict",qwen2.5:7b,push,"war, violence, protest, conflict",article,1
20220102,113,PROTESTER,,https://lugradar.net/2022/01/337334,unclear,"""337334""",qwen2.5:7b,,,,"Содержание:

Пари Матч представляет собой гиганта в сфере организации азартных развлечений. Проект имеет колоссальный опыт в гемблинге. БК Париматч взял свое начало еще в далеком 1994 году и очень быстро завоевал расположение не только ценителей спорта, но и любителей азартных игр. Сегодня бренд является одной из самых популярных площадок на рынке Украины и за рубежом. Партнерами букмекера являются разработчики игрального софта с мировым именем, благодаря чему пользователи Parimatch получают только качественные и безопасные услуги. Parimatch имеет лицензию от правительства Кюрасао (no. 157), что позволяет предоставлять услуги онлайн-казино и ставок на спорт на международном уровне.

⚠️ Некоторые ссылки на сайте являются партнёрскими. Это значит, что мы можем получать комиссию, если вы зарегистрируетесь или сделаете депозит по одной из них. Это не влияет на содержание и оценки, но помогает развивать проект.

Преимущества Parimatch

Преимущество Описание 🔒 Надежность и безопасность Современные технологии шифрования обеспечивают защиту данных и честность игр. 🎲 Широкий выбор азартных игр и ставок Большой ассортимент спортивных событий, казино, покера и других развлечений. 💳 Простая и удобная система ввода и вывода средств Быстрые транзакции через популярные платежные системы. 🎁 Щедрые бонусы и интересные турниры Программы лояльности, кэшбэки и розыгрыши для активных пользователей. 📱 Мгновенный доступ с любого устройства Удобные мобильные приложения и адаптивный веб-сайт. 🛎️ Квалифицированная поддержка 24/7 Оперативные ответы через чат, email и телефон. ✅ Сертифицированные игры от мировых брендов Все слоты и лайв-игры проходят независимое тестирование (например, eCOGRA) на честность и соответствие заявленному RTP. 🧾 Лицензия Curaçao Gaming Authority under the National Ordinance on Games of Chance (LOK), P.B. 2024, no. 157

⚠️ Азартные игры могут вызывать зависимость. Перед тем как начать — оцените свои риски. Рекомендуем ознакомиться с разделом ""Ответственная игра"".

Parimatch — это платформа, которая сочетает высококлассный сервис с комфортом для каждого пользователя. Присоединяйтесь к миру развлечений и испытайте удачу с лучшими играми и ставками на спорт!

Регистрация в БК Париматч

Создание учетной записи занимает немного больше времени нежели авторизация, но эта процедура является одноразовой. Для создания профиля на сайте Pari Match может быть использован как номер мобильного телефона, так и адрес электронной почты. Не смотря на возможность выбора рекомендуется указать в личной анкете пользователя всю информацию, так как ее объем позволит пройти верификацию личности гораздо быстрее. Перед созданием профиля на сайте, рекомендуется внимательно ознакомиться с правилами проекта во избежание неприятных сюрпризов.

Чтобы создать аккаунт придерживайтесь простых шагов:

Зайдите на сайт беттинг-компании с использованием любого удобного устройства. Далее найдите кнопку ""Регистрация"", которая расположена в верхнем углу. После ее нажатия откроется форма, которую нужно заполнить, для создания персонального аккаунта. Укажите в первом поле свой e-mail. В следующей ячейке пропишите пароль, чтобы сделать его надежным, нужно следовать рекомендациям организатора.

После заполнения формы нажмите кнопку ""Зарегистрироваться"", это действие запускает отправку данных на сервер, где информация будет закреплена за конкретным игроком.

Чтобы иметь возможность играть на деньги, необходимо подтвердить свою личность с помощью документа. Для прохождения верификации потребуется зайти в личный кабинет и перейти в раздел ""Подтвердить учетную запись"". Далее нужно выбрать подходящий тип документа и загрузить его фотографии.

Вход в Париматч

Создание учетной записи необходимо не только для организатора, но и для самого пользователя. Благодаря персональному аккаунту, помимо прочего, игрок получает важную возможность вести учет своих действий и контролировать свои траты на развлечения. Организатору такой подход позволяет вести учет пользователей и отчитываться перед регулятором о своей деятельности. Учетная запись в казино также позволяет геймеру защитить свои интересы, так как в случае каких-либо споров между игроком и организатором, регулятор помогает в разрешении подобных ситуаций с учетом интересов обеих сторон.

Вход в Пари Матч доступен с различных устройств и имеет простой алгоритм действий:

Мобильная версия Parimatch

Если вы хотите войти в личный кабинет Париматч без использования специального приложения, то необходимо придерживаться следующей инструкции:

Откройте браузер на мобильном телефоне. С помощью него зайдите на сайт Париматч. В правом верхнем углу найдите кнопку ""Войти"". После ее нажатия откроется новое окно с формой для входа. Выберите один из доступных способов для авторизации: номер телефона, номер счета и электронная почта. В соответствии с выбранной вкладкой укажите данные в первом поле. Далее впишите пароль от учетной записи. Перед завершением авторизации необходимо проверить правильность введенных данных. Завершить процедуру входа можно клавишей ""Войти"".

💡 Совет от пользователей: если не приходит SMS-код — проверьте правильность номера и повторите попытку через 2 минуты. Если проблема сохраняется, обратитесь в поддержку через онлайн-чат.

Приложение Париматч

Процедура авторизации с помощью мобильного приложения идентична мобильной версии сайта, но прежде чем войти в свой аккаунт, необходимо скачать программу на устройство. Приложение доступно на гаджетах с любой операционной системой. Чтобы его скачать, необходимо зайти на официальный сайт Parimatch и на главной странице найти кнопку ""Скачать приложение"", далее откроется новая страница, на которой нужно выбрать тип своей операционной системы, после чего начнется загрузка. В случае, если загрузка не началась, рекомендуется проверить настройки и при необходимости дать разрешение на загрузку и установку приложений через браузер. Когда настройки будут изменены, необходимо повторить попытку. После того как приложение загрузилось на устройство, нужно установить его и перейти к авторизации.

Запустите приложение и укажите логин и пароль от своего аккаунта, подтвердите ввод с помощью кнопки ""Войти"".

Вход на сайт Париматч через компьютер

Концепт авторизации с помощью компьютера практически не отличается своим алгоритмом. Для этого нужно зайти на сайт Parimatch используя браузер своего компьютера, а далее указать данные от своего аккаунта.

Личный кабинет Париматч

После создания персонального аккаунта в БК Пари-Матч игрок получает доступ к расширенному функционалу и виртуальному игровому счету. В меню личного кабинета доступны следующие функции:

пополнение игрового счета и вывод средств;

выбор и активация бонусов;

статистика использованных поощрений от букмекера;

финансовая отчетность с возможностью фильтра по дате;

изменение персональных данных пользователя;

прохождение верификации;

помощь менеджера;

настройки аккаунта.

Профиль игрока Париматч дает возможность полноценно использовать функционал букмекерской конторы и раздела с играми казино.

Париматч является лидером среди организаторов азартных развлечений. Чтобы присоединиться к сообществу беттеров проекта важно пройти регистрацию, внимательно ознакомиться с условиями проекта и предоставить максимально правдивую информацию о себе. Каждый пользователь бренда Pari Match получает уникальную возможность насладиться высококлассным контентом и улучшить свое финансовое положение получая при этом удовольствие от любимых игр. Персональные данные полученные от пользователей проектом подвергаются шифрованию и хранятся на защищенных серверах. Благодаря чему Пари Матч входит в топ самых безопасных и конфиденциальных игровых проектов.

Проблемы со входом в Париматч

Рассмотрим популярные ситуации, которые могут возникнуть на этапе авторизации в личный кабинет Parimatch. Одна из самых распространенных проблем- это блокировка ресурса. Причин для блокировки может быть много, но чаще всего это связано с территориальными ограничениями. В некоторых странах и регионах азартные развлечения запрещены на законодательном уровне. В таком случае рекомендуется воспользоваться дополнительными инструментами для беспрепятственного доступа к учетной записи, такими как VPN и Proxy. Они работают по принципу смены id игрока, благодаря чему позволяют получить доступ к игровой площадке.

Вторая сложность, которая может возникнуть, это потеря доступа к аккаунту. В таком случае стоит убедиться, что все данные для входа указаны корректно. Если войти так и не удалось, то варианта два: сброс пароля и помощь специалиста Париматч.

Чтобы сбросить пароль необходимо воспользоваться специальной формой нажав кнопку ""Забыл пароль"", после чего нужно указать электронную почту или номер телефона, и следовать дальнейшей инструкции организатора.

Чтобы обратиться за помощью к менеджеру нужно нажать соответствующую кнопку и описать свою проблему. Специалисты Parimatch работают круглосуточно и владеют всей необходимой информацией для решения любого рода сложностей.

Казино Parimatch

П",neutral,"Article focuses on Parimatch gambling platform features and registration, not migration conditions.",qwen2.5:7b,neutral,"Article focuses on Parimatch gambling platform features and registration, not migration conditions.",article,1
20220102,112,DETAINEE,BELARUSIAN,http://www.kvir.ru/author/andre-galinin/,neutral,"""Andre-Galin""",qwen2.5:7b,,,,,,,qwen2.5:7b,neutral,"""andre-galinin""",url_1,1
20220102,190,DETAINEE,BELARUSIAN,http://www.kvir.ru/author/andre-galinin/,neutral,"""Andre-Galin""",qwen2.5:7b,,,,,,,qwen2.5:7b,neutral,"""andre-galinin""",url_1,1
20220102,141,DEMONSTRATOR,CALGARY,https://www.journaldemontreal.com/2022/01/02/manifestations-anti-covid-un-pasteur-et-son-frere-arretes-par-calgary,neutral,"""anti-covid""",qwen2.5:7b,,,,,,,qwen2.5:7b,neutral,"""anti-covid""",url_1,1
20220102,145,PROTESTER,SECURITY FORCE,https://www.expressen.se/nyheter/efter-protesterna--sudans-premiarminister-avgar/,pull,"""premiarminister-avgar"" (suggests political stability)",qwen2.5:7b,,,,,,,qwen2.5:7b,pull,"""premiarminister-avgar"" (suggests political stability)",url_1,1
20220102,190,ACTIVIST,POLICE,http://lratvakan.com/news/76958.html,unclear,"""76958.html""",qwen2.5:7b,,,,"Участники акции протеста в центре Киева пошли на штурм кордонов, которые выставлены вокруг квартала правительственных зданий.

На улице Грушевского в Киеве не утихают столкновения протестующих и правоохранителей. На улице стоят несколько разбитых автобусов милиции, один автобус подожгли. Силовики регулярно бросают в толпу дымовые шашки, используют слезоточивый газ.

Ожидается приезд водометов. Об этом сообщают местные СМИ. Использование водометов на морозе угрожает смертями протестующим. При таком температуре может наступить переохлаждение от воды за несколько минут.

Помимо этого, протестующие захватили пять пустых милицейских автобусов. Лидер партии «УДАР» Виталий Кличко призвал протестующих отказаться от силовых действий в отношении правоохранителей, заявив, что это наверняка вызовет ответную реакцию со стороны «Беркута». Политик пообещал договориться о том, чтобы людям открыли проход к зданию Верховной Рады.

Столкновения активистов с милицией начались после так называемого народного вече на Майдане Незалежности, в котором приняли участие несколько сотен тысяч человек. Собравшиеся протестовали против политики действующих властей страны.",push,"protests, violence, risks to protesters",qwen2.5:7b,push,"protests, violence, risks to protesters",article,1
20220102,42,DEMONSTRATOR,GOVERNMENT,https://lugradar.net/2022/01/337334,unclear,"""337334""",qwen2.5:7b,,,,"Содержание:

Пари Матч представляет собой гиганта в сфере организации азартных развлечений. Проект имеет колоссальный опыт в гемблинге. БК Париматч взял свое начало еще в далеком 1994 году и очень быстро завоевал расположение не только ценителей спорта, но и любителей азартных игр. Сегодня бренд является одной из самых популярных площадок на рынке Украины и за рубежом. Партнерами букмекера являются разработчики игрального софта с мировым именем, благодаря чему пользователи Parimatch получают только качественные и безопасные услуги. Parimatch имеет лицензию от правительства Кюрасао (no. 157), что позволяет предоставлять услуги онлайн-казино и ставок на спорт на международном уровне.

⚠️ Некоторые ссылки на сайте являются партнёрскими. Это значит, что мы можем получать комиссию, если вы зарегистрируетесь или сделаете депозит по одной из них. Это не влияет на содержание и оценки, но помогает развивать проект.

Преимущества Parimatch

Преимущество Описание 🔒 Надежность и безопасность Современные технологии шифрования обеспечивают защиту данных и честность игр. 🎲 Широкий выбор азартных игр и ставок Большой ассортимент спортивных событий, казино, покера и других развлечений. 💳 Простая и удобная система ввода и вывода средств Быстрые транзакции через популярные платежные системы. 🎁 Щедрые бонусы и интересные турниры Программы лояльности, кэшбэки и розыгрыши для активных пользователей. 📱 Мгновенный доступ с любого устройства Удобные мобильные приложения и адаптивный веб-сайт. 🛎️ Квалифицированная поддержка 24/7 Оперативные ответы через чат, email и телефон. ✅ Сертифицированные игры от мировых брендов Все слоты и лайв-игры проходят независимое тестирование (например, eCOGRA) на честность и соответствие заявленному RTP. 🧾 Лицензия Curaçao Gaming Authority under the National Ordinance on Games of Chance (LOK), P.B. 2024, no. 157

⚠️ Азартные игры могут вызывать зависимость. Перед тем как начать — оцените свои риски. Рекомендуем ознакомиться с разделом ""Ответственная игра"".

Parimatch — это платформа, которая сочетает высококлассный сервис с комфортом для каждого пользователя. Присоединяйтесь к миру развлечений и испытайте удачу с лучшими играми и ставками на спорт!

Регистрация в БК Париматч

Создание учетной записи занимает немного больше времени нежели авторизация, но эта процедура является одноразовой. Для создания профиля на сайте Pari Match может быть использован как номер мобильного телефона, так и адрес электронной почты. Не смотря на возможность выбора рекомендуется указать в личной анкете пользователя всю информацию, так как ее объем позволит пройти верификацию личности гораздо быстрее. Перед созданием профиля на сайте, рекомендуется внимательно ознакомиться с правилами проекта во избежание неприятных сюрпризов.

Чтобы создать аккаунт придерживайтесь простых шагов:

Зайдите на сайт беттинг-компании с использованием любого удобного устройства. Далее найдите кнопку ""Регистрация"", которая расположена в верхнем углу. После ее нажатия откроется форма, которую нужно заполнить, для создания персонального аккаунта. Укажите в первом поле свой e-mail. В следующей ячейке пропишите пароль, чтобы сделать его надежным, нужно следовать рекомендациям организатора.

После заполнения формы нажмите кнопку ""Зарегистрироваться"", это действие запускает отправку данных на сервер, где информация будет закреплена за конкретным игроком.

Чтобы иметь возможность играть на деньги, необходимо подтвердить свою личность с помощью документа. Для прохождения верификации потребуется зайти в личный кабинет и перейти в раздел ""Подтвердить учетную запись"". Далее нужно выбрать подходящий тип документа и загрузить его фотографии.

Вход в Париматч

Создание учетной записи необходимо не только для организатора, но и для самого пользователя. Благодаря персональному аккаунту, помимо прочего, игрок получает важную возможность вести учет своих действий и контролировать свои траты на развлечения. Организатору такой подход позволяет вести учет пользователей и отчитываться перед регулятором о своей деятельности. Учетная запись в казино также позволяет геймеру защитить свои интересы, так как в случае каких-либо споров между игроком и организатором, регулятор помогает в разрешении подобных ситуаций с учетом интересов обеих сторон.

Вход в Пари Матч доступен с различных устройств и имеет простой алгоритм действий:

Мобильная версия Parimatch

Если вы хотите войти в личный кабинет Париматч без использования специального приложения, то необходимо придерживаться следующей инструкции:

Откройте браузер на мобильном телефоне. С помощью него зайдите на сайт Париматч. В правом верхнем углу найдите кнопку ""Войти"". После ее нажатия откроется новое окно с формой для входа. Выберите один из доступных способов для авторизации: номер телефона, номер счета и электронная почта. В соответствии с выбранной вкладкой укажите данные в первом поле. Далее впишите пароль от учетной записи. Перед завершением авторизации необходимо проверить правильность введенных данных. Завершить процедуру входа можно клавишей ""Войти"".

💡 Совет от пользователей: если не приходит SMS-код — проверьте правильность номера и повторите попытку через 2 минуты. Если проблема сохраняется, обратитесь в поддержку через онлайн-чат.

Приложение Париматч

Процедура авторизации с помощью мобильного приложения идентична мобильной версии сайта, но прежде чем войти в свой аккаунт, необходимо скачать программу на устройство. Приложение доступно на гаджетах с любой операционной системой. Чтобы его скачать, необходимо зайти на официальный сайт Parimatch и на главной странице найти кнопку ""Скачать приложение"", далее откроется новая страница, на которой нужно выбрать тип своей операционной системы, после чего начнется загрузка. В случае, если загрузка не началась, рекомендуется проверить настройки и при необходимости дать разрешение на загрузку и установку приложений через браузер. Когда настройки будут изменены, необходимо повторить попытку. После того как приложение загрузилось на устройство, нужно установить его и перейти к авторизации.

Запустите приложение и укажите логин и пароль от своего аккаунта, подтвердите ввод с помощью кнопки ""Войти"".

Вход на сайт Париматч через компьютер

Концепт авторизации с помощью компьютера практически не отличается своим алгоритмом. Для этого нужно зайти на сайт Parimatch используя браузер своего компьютера, а далее указать данные от своего аккаунта.

Личный кабинет Париматч

После создания персонального аккаунта в БК Пари-Матч игрок получает доступ к расширенному функционалу и виртуальному игровому счету. В меню личного кабинета доступны следующие функции:

пополнение игрового счета и вывод средств;

выбор и активация бонусов;

статистика использованных поощрений от букмекера;

финансовая отчетность с возможностью фильтра по дате;

изменение персональных данных пользователя;

прохождение верификации;

помощь менеджера;

настройки аккаунта.

Профиль игрока Париматч дает возможность полноценно использовать функционал букмекерской конторы и раздела с играми казино.

Париматч является лидером среди организаторов азартных развлечений. Чтобы присоединиться к сообществу беттеров проекта важно пройти регистрацию, внимательно ознакомиться с условиями проекта и предоставить максимально правдивую информацию о себе. Каждый пользователь бренда Pari Match получает уникальную возможность насладиться высококлассным контентом и улучшить свое финансовое положение получая при этом удовольствие от любимых игр. Персональные данные полученные от пользователей проектом подвергаются шифрованию и хранятся на защищенных серверах. Благодаря чему Пари Матч входит в топ самых безопасных и конфиденциальных игровых проектов.

Проблемы со входом в Париматч

Рассмотрим популярные ситуации, которые могут возникнуть на этапе авторизации в личный кабинет Parimatch. Одна из самых распространенных проблем- это блокировка ресурса. Причин для блокировки может быть много, но чаще всего это связано с территориальными ограничениями. В некоторых странах и регионах азартные развлечения запрещены на законодательном уровне. В таком случае рекомендуется воспользоваться дополнительными инструментами для беспрепятственного доступа к учетной записи, такими как VPN и Proxy. Они работают по принципу смены id игрока, благодаря чему позволяют получить доступ к игровой площадке.

Вторая сложность, которая может возникнуть, это потеря доступа к аккаунту. В таком случае стоит убедиться, что все данные для входа указаны корректно. Если войти так и не удалось, то варианта два: сброс пароля и помощь специалиста Париматч.

Чтобы сбросить пароль необходимо воспользоваться специальной формой нажав кнопку ""Забыл пароль"", после чего нужно указать электронную почту или номер телефона, и следовать дальнейшей инструкции организатора.

Чтобы обратиться за помощью к менеджеру нужно нажать соответствующую кнопку и описать свою проблему. Специалисты Parimatch работают круглосуточно и владеют всей необходимой информацией для решения любого рода сложностей.

Казино Parimatch

П",neutral,"Article focuses on Parimatch betting platform details, not migration conditions.",qwen2.5:7b,neutral,"Article focuses on Parimatch betting platform details, not migration conditions.",article,1
20220102,46,DEMONSTRATOR,MINIST,https://www.journaldemontreal.com/2022/01/02/manifestations-anti-covid-un-pasteur-et-son-frere-arretes-par-calgary,neutral,<no clear migration-related tokens>,qwen2.5:7b,,,,,,,qwen2.5:7b,neutral,<no clear migration-related tokens>,url_1,1
20220102,145,DEMONSTRATOR,GOVERNMENT,http://lratvakan.com/news/76958.html,neutral,<no clear migration-related tokens>,qwen2.5:7b,,,,,,,qwen2.5:7b,neutral,<no clear migration-related tokens>,url_1,1
20220102,145,DEMONSTRATOR,GOVERNMENT,https://lugradar.net/2022/01/337334,neutral,<no clear migration-related tokens>,qwen2.5:7b,,,,,,,qwen2.5:7b,neutral,<no clear migration-related tokens>,url_1,1
20220102,130,PRISONER,TEL AVIV,http://www.hispantv.com/noticias/palestina/535010/preso-israel-huelga-hambre,push,preso-israel-huelga-hambre (implying some form of crisis or issue in Palestine),qwen2.5:7b,,,,,,,qwen2.5:7b,push,preso-israel-huelga-hambre (implying some form of crisis or issue in Palestine),url_1,1
20220102,20,ACTIVIST,NATIONAL ASSEMBLY,http://lratvakan.com/news/76958.html,neutral,<no clear migration-related tokens>,qwen2.5:7b,,,,,,,qwen2.5:7b,neutral,<no clear migration-related tokens>,url_1,1
20220102,20,ACTIVIST,NATIONAL ASSEMBLY,https://lugradar.net/2022/01/337334,neutral,<no clear migration-related tokens>,qwen2.5:7b,,,,,,,qwen2.5:7b,neutral,<no clear migration-related tokens>,url_1,1
20220102,42,MACHU PICCHU,,https://www.segnidalcielo.it/peru-un-turista-fotografa-un-ufo-sullantica-citta-di-machu-picchu/,neutral,<no clear migration-related tokens>,qwen2.5:7b,,,,,,,qwen2.5:7b,neutral,<no clear migration-related tokens>,url_1,1
20220102,20,POLAND,UKRAINIAN,https://www.volynnews.com/news/all/chomu-v-polshchi-vse-chastishe-napadaiut-na-zarobitchan-z-ukrayiny/,push,napadaiut-na-zarobitchan-z-ukrayiny (suggesting some form of safety issue for workers from Ukraine),qwen2.5:7b,,,,,,,qwen2.5:7b,push,napadaiut-na-zarobitchan-z-ukrayiny (suggesting some form of safety issue for workers from Ukraine),url_1,1
20220102,20,POLAND,UKRAINIAN,https://www.volynnews.com/news/all/chomu-v-polshchi-vse-chastishe-napadaiut-na-zarobitchan-z-ukrayiny/,push,"napadaiut-na-zarobitchan-z-ukrayiny (similar to above, implying danger for Ukrainian workers in Poland)",qwen2.5:7b,,,,,,,qwen2.5:7b,push,"napadaiut-na-zarobitchan-z-ukrayiny (similar to above, implying danger for Ukrainian workers in Poland)",url_1,1
20220102,90,POLISH,UKRAINIAN,https://www.volynnews.com/news/all/chomu-v-polshchi-vse-chastishe-napadaiut-na-zarobitchan-z-ukrayiny/,push,"napadaiut-na-zarobitchan-z-ukrayiny (same as above, suggesting safety concerns for Ukrainian workers in Poland)",qwen2.5:7b,,,,,,,qwen2.5:7b,push,"napadaiut-na-zarobitchan-z-ukrayiny (same as above, suggesting safety concerns for Ukrainian workers in Poland)",url_1,1
20220102,90,POLISH,UKRAINIAN,https://www.volynnews.com/news/all/chomu-v-polshchi-vse-chastishe-napadaiut-na-zarobitchan-z-ukrayiny/,push,zarobitchan z-ukrayiny,qwen2.5:7b,,,,,,,qwen2.5:7b,push,zarobitchan z-ukrayiny,url_1,1
20220102,20,POLAND,UKRAINIAN,https://www.volynnews.com/news/all/chomu-v-polshchi-vse-chastishe-napadaiut-na-zarobitchan-z-ukrayiny/,push,zarobitchan z-ukrayiny,qwen2.5:7b,,,,,,,qwen2.5:7b,push,zarobitchan z-ukrayiny,url_1,1
20220102,90,POLISH,UKRAINIAN,https://www.volynnews.com/news/all/chomu-v-polshchi-vse-chastishe-napadaiut-na-zarobitchan-z-ukrayiny/,push,zarobitchan z-ukrayiny,qwen2.5:7b,,,,,,,qwen2.5:7b,push,zarobitchan z-ukrayiny,url_1,1
20220102,90,POLAND,UKRAINE,https://www.volynnews.com/news/all/chomu-v-polshchi-vse-chastishe-napadaiut-na-zarobitchan-z-ukrayiny/,push,zarobitchan z-ukrayiny,qwen2.5:7b,,,,,,,qwen2.5:7b,push,zarobitchan z-ukrayiny,url_1,1
20220102,43,LISBON,GERMAN,https://naslovi.net/2022-01-03/blic/zarobljeni-u-luci-nemacki-kruzer-usidren-do-daljeg-u-lisabonu-zbog-izbijanja-epidemije-korona-virusa/29657724,pull,"captured in the port, the German cruiser anchored until further notice in Lisbon due to the outbreak of the corona virus epidemic",qwen2.5:7b,,,,,,,qwen2.5:7b,pull,"captured in the port, the German cruiser anchored until further notice in Lisbon due to the outbreak of the corona virus epidemic",url_1,1
20220102,43,LISBON,GERMAN,https://naslovi.net/2022-01-03/blic/zarobljeni-u-luci-nemacki-kruzer-usidren-do-daljeg-u-lisabonu-zbog-izbijanja-epidemije-korona-virusa/29657724,pull,"captured in the port, the German cruiser anchored until further notice in Lisbon due to the outbreak of the corona virus epidemic",qwen2.5:7b,,,,,,,qwen2.5:7b,pull,zarobljeni u luci nemacki kruzer usidren do daljeg u lisabonu zbog izbijanja epidemije korona virusa,url_1,1
20220102,20,PALESTINIAN,,http://www.hispantv.com/noticias/palestina/535010/preso-israel-huelga-hambre,push,Israeli prisoner hunger strike,qwen2.5:7b,,,,,,,qwen2.5:7b,push,preso israel huelga hambre,url_1,1
20220102,1831,SUICIDE BOMBER,KABUL,https://www.journaldemontreal.com/2022/01/02/en-afghanistan-les-femmes-victimes-de-violences-abandonnees-a-leur-sort-1,push,"women victims of violence, abandonment born to their fate",qwen2.5:7b,,,,,,,qwen2.5:7b,push,les femmes victimes de violences abandonmentnees a leur sort,url_1,1
20220102,42,SAINT,,https://g1.globo.com/sp/santos-regiao/porto-mar/noticia/2022/01/02/anvisa-reforca-urgencia-em-acabar-com-temporada-de-cruzeiros-e-fala-em-risco-a-saude-publica.ghtml,neutral,,qwen2.5:7b,,,,,,,qwen2.5:7b,neutral,,url_1,1
20220102,14,ROMANIA,,https://ziare.com/sorin-grindeanu/grindeanu-acuzatii-drula-autostrada-brasov-ploiesti-licitatie-studiu-fezabilitate-1718214,neutral,,qwen2.5:7b,,,,,,,qwen2.5:7b,neutral,,url_1,1
20220102,130,RUSSIAN,EGYPTIAN,https://aif.ru/society/genkonsulstvo_rf_v_hurgade_predupredilo_o_zaderzhkah_reysov_iz-za_nepogody,neutral,bad weather (shatner),qwen2.5:7b,,,,,,,qwen2.5:7b,neutral,nepogody (weather),url_1,1
20220102,46,RUSSIA,TURKEY,https://www.geopolitica.ru/news/putin-i-erdogan-obsudili-garantii-bezopasnosti-mezhdu-rf-i-nato,neutral,discussed (discussd),qwen2.5:7b,,,,,,,qwen2.5:7b,neutral,discussed (discussd),url_1,1
20220102,112,RUSSIA,UKRAINE,https://www.cas.sk/cl/1003185/2626559/biden-telefonoval-s-ukrajinskym-prezidentom-usa-budu-na-rusku-invaziu-reagovat,mixed,"by the president (president), invasion (invasion)",qwen2.5:7b,,,,,,,qwen2.5:7b,mixed,"prezidentom (president), invaziu (invasion)",url_1,1
20220102,120,RUSSIA,UKRAINE,https://www.cas.sk/cl/1003185/2626559/biden-telefonoval-s-ukrajinskym-prezidentom-usa-budu-na-rusku-invaziu-reagovat,mixed,"by the president (president), invasion (invasion)",qwen2.5:7b,,,,,,,qwen2.5:7b,mixed,"by the president (president), invasion (invasion)",url_1,1
20220102,120,RUSSIA,UKRAINE,https://www.cas.sk/cl/1003185/2626559/biden-telefonoval-s-ukrajinskym-prezidentom-usa-budu-na-rusku-invaziu-reagovat,mixed,"by the president (president), invasion (invasion)",qwen2.5:7b,,,,,,,qwen2.5:7b,mixed,"prezidentom (president), invaziu (invasion)",url_1,1
20220102,46,VLADIMIR,JOE BIDEN,https://gazeta.ua/articles/politics/_rozmova-zelenskogo-ta-bajdena-pro-scho-govorili-lideri/1065472,neutral,rozmova (call),qwen2.5:7b,,,,,,,qwen2.5:7b,neutral,rozmova (call),url_1,1
20220102,40,RUSSIA,PRESIDENT,https://tsn.ua/ru/politika/bayden-i-zelenskiy-proveli-telefonnye-peregovory-chto-izvestno-1945450.html,neutral,telephone (background),qwen2.5:7b,,,,,,,qwen2.5:7b,neutral,telefonnye (phone),url_1,1
20220102,195,SAUDI,,http://www.hispantv.com/noticias/yemen/535011/ataque-saudi-mezquita-muertos,push,"attack (attack), dead (deaths)",qwen2.5:7b,,,,,,,qwen2.5:7b,push,"ataque (attack), muertos (deaths)",url_1,1
20220102,195,SAUDI,SAUDI ARABIA,http://www.hispantv.com/noticias/yemen/535011/ataque-saudi-mezquita-muertos,push,"attack (attack), dead (deaths)",qwen2.5:7b,,,,,,,qwen2.5:7b,push,"ataque (attack), muertos (deaths)",url_1,1
20220102,180,SENEGAL,,https://www.elmundo.es/comunidad-valenciana/castellon/2022/01/02/61d1ffb121efa045798b4589.html,neutral,not found in URL,qwen2.5:7b,,,,,,,qwen2.5:7b,neutral,not found in URL,url_1,1
20220102,172,SYRIAN,,https://correio.rac.com.br/agencias/agencia-estado/2022/01/1153709-israel-aprova-plano-para-dobrar-numero-de-colonos-nas-colinas-do-golan.html,neutral,plan to double the number of colonists,qwen2.5:7b,,,,,,,qwen2.5:7b,neutral,plan to double the number of colonists,url_1,1
20220102,193,ADANA,POLICE,https://www.ensonhaber.com/3-sayfa/adanada-silahli-kavgaya-mudahale-eden-polis-vuruldu,neutral,The police officer who intervened was shot,qwen2.5:7b,,,,,,,qwen2.5:7b,neutral,The police officer who intervened was shot,url_1,1
20220102,41,TURKEY,RUSSIA,https://www.geopolitica.ru/news/putin-i-erdogan-obsudili-garantii-bezopasnosti-mezhdu-rf-i-nato,neutral,security guarantees between the Russian Federation and NATO,qwen2.5:7b,,,,,,,qwen2.5:7b,neutral,security guarantees between the Russian Federation and NATO,url_1,1
20220102,46,TURKEY,RUSSIA,https://www.geopolitica.ru/news/putin-i-erdogan-obsudili-garantii-bezopasnosti-mezhdu-rf-i-nato,neutral,security guarantees between the Russian Federation and NATO,qwen2.5:7b,,,,,,,qwen2.5:7b,neutral,garantii bezopasnosti mezhet RF i NATO,url_1,1
20220102,46,TURKEY,RUSSIA,https://www.geopolitica.ru/news/putin-i-erdogan-obsudili-garantii-bezopasnosti-mezhdu-rf-i-nato,neutral,security guarantees between the Russian Federation and NATO,qwen2.5:7b,,,,,,,qwen2.5:7b,neutral,security guarantees between the Russian Federation and NATO,url_1,1
20220102,50,UKRAINE,,https://www.lematin.ch/story/joe-biden-assure-au-president-ukrainien-de-son-soutien-face-a-la-russie-753628635749,pull,support for Russia,qwen2.5:7b,,,,,,,qwen2.5:7b,pull,soutien face a la Russie,url_1,1
20220102,51,UKRAINE,,https://www.volynnews.com/news/all/chomu-v-polshchi-vse-chastishe-napadaiut-na-zarobitchan-z-ukrayiny/,push,napadaiut na zarobitchan z Ukraine,qwen2.5:7b,,,,,,,qwen2.5:7b,push,napadaiut na zarobitchan z Ukraine,url_1,1
20220102,51,UKRAINE,,https://www.volynnews.com/news/all/chomu-v-polshchi-vse-chastishe-napadaiut-na-zarobitchan-z-ukrayiny/,push,napadaiut na zarobitchan z Ukraine,qwen2.5:7b,,,,,,,qwen2.5:7b,push,napadaiut na zarobitchan z Ukraine,url_1,1
20220102,173,UKRAINIAN,,https://kosice.korzar.sme.sk/c/22812499/rusi-12-rokov-patrali-po-ukrajincovi-obvinenom-z-vrazdy-uz-je-v-kosickej-vaznici.html,neutral,patrali po ukrajincovi obvinenom z vrazdy,qwen2.5:7b,,,,,,,qwen2.5:7b,neutral,patrali po ukrajincovi obvinenom z vrazdy,url_1,1
20220102,173,UKRAINE,CHINA,https://kosice.korzar.sme.sk/c/22812499/rusi-12-rokov-patrali-po-ukrajincovi-obvinenom-z-vrazdy-uz-je-v-kosickej-vaznici.html,neutral,they were looking for a Ukrainian accused of murder,qwen2.5:7b,,,,,,,qwen2.5:7b,neutral,patrali po ukrajincovi obvinenom z vrazdy,url_1,1
20220102,190,UKRAINE,CHINA,https://kosice.korzar.sme.sk/c/22812499/rusi-12-rokov-patrali-po-ukrajincovi-obvinenom-z-vrazdy-uz-je-v-kosickej-vaznici.html,push,Russians-have-been-hunting-for-a-Ukrainian-accused-of-murder-for-12-years,qwen2.5:7b,,,,,,,qwen2.5:7b,push,Russians-have-been-hunting-for-a-Ukrainian-accused-of-murder-for-12-years,url_1,1
20220102,51,UKRAINE,RUSSIA,https://www.lematin.ch/story/joe-biden-assure-au-president-ukrainien-de-son-soutien-face-a-la-russie-753628635749,neutral,joe-biden-assures-the-ukrainian-president-of-his-support-against-russia,qwen2.5:7b,,,,,,,qwen2.5:7b,neutral,joe-biden-assure-au-president-ukrainien-de-son-soutien-face-a-la-russie,url_1,1
20220102,32,UKRAINE,RUSSIA,https://www.lematin.ch/story/joe-biden-assure-au-president-ukrainien-de-son-soutien-face-a-la-russie-753628635749,neutral,joe-biden-assures-the-ukrainian-president-of-his-support-against-russia,qwen2.5:7b,,,,,,,qwen2.5:7b,neutral,joe-biden-assure-au-president-ukrainien-de-son-soutien-face-a-la-russie,url_1,1
20220102,51,UKRAINE,RUSSIA,https://www.lematin.ch/story/joe-biden-assure-au-president-ukrainien-de-son-soutien-face-a-la-russie-753628635749,neutral,joe-biden-assures-the-ukrainian-president-of-his-support-against-russia,qwen2.5:7b,,,,,,,qwen2.5:7b,neutral,joe-biden-assure-au-president-ukrainien-de-son-soutien-face-a-la-russie,url_1,1
20220102,51,UKRAINE,RUSSIA,https://www.lematin.ch/story/joe-biden-assure-au-president-ukrainien-de-son-soutien-face-a-la-russie-753628635749,neutral,joe-biden-assures-the-ukrainian-president-of-his-support-against-russia,qwen2.5:7b,,,,,,,qwen2.5:7b,neutral,joe-biden-assures-the-ukrainian-president-of-his-support-against-russia,url_1,1
20220102,32,UKRAINE,UKRAINE,https://www.lematin.ch/story/joe-biden-assure-au-president-ukrainien-de-son-soutien-face-a-la-russie-753628635749,neutral,joe-biden-assures-the-ukrainian-president-of-his-support-against-russia,qwen2.5:7b,,,,,,,qwen2.5:7b,neutral,joe-biden-assure-au-president-ukrainien-de-son-soutien-face-a-la-russie,url_1,1
20220102,50,UKRAINE,UKRAINE,https://www.lematin.ch/story/joe-biden-assure-au-president-ukrainien-de-son-soutien-face-a-la-russie-753628635749,neutral,joe-biden-assures-the-ukrainian-president-of-his-support-against-russia,qwen2.5:7b,,,,,,,qwen2.5:7b,neutral,joe-biden-assure-au-president-ukrainien-de-son-soutien-face-a-la-russie,url_1,1
20220102,50,UKRAINE,UKRAINE,https://www.lematin.ch/story/joe-biden-assure-au-president-ukrainien-de-son-soutien-face-a-la-russie-753628635749,neutral,joe-biden-assures-the-ukrainian-president-of-his-support-against-russia,qwen2.5:7b,,,,,,,qwen2.5:7b,neutral,joe-biden-assure-au-president-ukrainien-de-son-soutien-face-a-la-russie,url_1,1
20220102,51,UKRAINE,UKRAINE,https://www.lematin.ch/story/joe-biden-assure-au-president-ukrainien-de-son-soutien-face-a-la-russie-753628635749,neutral,joe-biden-assures-the-ukrainian-president-of-his-support-against-russia,qwen2.5:7b,,,,,,,qwen2.5:7b,neutral,joe-biden-assure-au-president-ukrainien-de-son-soutien-face-a-la-russie,url_1,1
20220102,41,UKRAINE,UNITED STATES,https://gazeta.ua/articles/politics/_rozmova-zelenskogo-ta-bajdena-pro-scho-govorili-lideri/1065472,push,_rozmova-zelenskogo-ta-baiden-pro-scho-spoken-leaders,qwen2.5:7b,,,,,,,qwen2.5:7b,push,_rozmova-zelenskogo-ta-bajdena-pro-scho-govorili-lideri,url_1,1
20220102,41,UKRAINE,UNITED STATES,https://gazeta.ua/articles/politics/_rozmova-zelenskogo-ta-bajdena-pro-scho-govorili-lideri/1065472,neutral,no migration-related tokens,qwen2.5:7b,,,,,,,qwen2.5:7b,neutral,no migration-related tokens,url_1,1
20220102,46,UKRAINE,UNITED STATES,https://gazeta.ua/articles/politics/_rozmova-zelenskogo-ta-bajdena-pro-scho-govorili-lideri/1065472,neutral,no migration-related tokens,qwen2.5:7b,,,,,,,qwen2.5:7b,neutral,no migration-related tokens,url_1,1
20220102,46,UKRAINE,UNITED STATES,https://gazeta.ua/articles/politics/_rozmova-zelenskogo-ta-bajdena-pro-scho-govorili-lideri/1065472,neutral,no migration-related tokens,qwen2.5:7b,,,,,,,qwen2.5:7b,neutral,no migration-related tokens,url_1,1
20220102,100,UKRAINIAN,A US,https://naslovi.net/2022-01-03/blic/da-sacuvamo-mir-u-evropi-zelenski-razgovarao-sa-bajdenom-o-akcijama-u-ukrajini-reformi-i-borbama-protiv-oligarha/29657762,neutral,no migration-related tokens,qwen2.5:7b,,,,,,,qwen2.5:7b,neutral,no migration-related tokens,url_1,1
20220102,46,UKRAINE,JOE BIDEN,https://gazeta.ua/articles/politics/_rozmova-zelenskogo-ta-bajdena-pro-scho-govorili-lideri/1065472,neutral,no migration-related tokens,qwen2.5:7b,,,,,,,qwen2.5:7b,neutral,no migration-related tokens,url_1,1
20220102,50,UKRAINIAN,RUSSIA,https://www.lematin.ch/story/joe-biden-assure-au-president-ukrainien-de-son-soutien-face-a-la-russie-753628635749,neutral,no migration-related tokens,qwen2.5:7b,,,,,,,qwen2.5:7b,neutral,no migration-related tokens,url_1,1
20220102,51,UKRAINIAN,RUSSIA,https://www.lematin.ch/story/joe-biden-assure-au-president-ukrainien-de-son-soutien-face-a-la-russie-753628635749,neutral,no migration-related tokens,qwen2.5:7b,,,,,,,qwen2.5:7b,neutral,no migration-related tokens,url_1,1
20220102,51,UKRAINIAN,RUSSIA,https://www.lematin.ch/story/joe-biden-assure-au-president-ukrainien-de-son-soutien-face-a-la-russie-753628635749,neutral,no migration-related tokens,qwen2.5:7b,,,,,,,qwen2.5:7b,neutral,no migration-related tokens,url_1,1
20220102,32,UKRAINIAN,UKRAINIAN,https://www.lematin.ch/story/joe-biden-assure-au-president-ukrainien-de-son-soutien-face-a-la-russie-753628635749,neutral,no migration-related tokens,qwen2.5:7b,,,,,,,qwen2.5:7b,neutral,no migration-related tokens,url_1,1
20220102,100,UKRAINIAN,A US,https://naslovi.net/2022-01-03/blic/da-sacuvamo-mir-u-evropi-zelenski-razgovarao-sa-bajdenom-o-akcijama-u-ukrajini-reformi-i-borbama-protiv-oligarha/29657762,neutral,no migration-related tokens,qwen2.5:7b,,,,,,,qwen2.5:7b,neutral,no migration-related tokens,url_1,1
20220102,12,UNITED STATES,,https://www.telemundo.com/noticias/noticias-telemundo/desastres-naturales/hallan-con-vida-a-uno-de-los-tres-desaparecidos-en-los-incendios-de-co-rcna10641,neutral,missing in co fires,qwen2.5:7b,,,,,,,qwen2.5:7b,neutral,missing in co fires,url_1,1
20220102,30,THE US,,http://www.kvir.ru/articles/glavnoe-kachestvo-boyca.html,unclear,boyca.html,qwen2.5:7b,,,,,unclear,,qwen2.5:7b,unclear,,article,1
20220102,36,UNITED STATES,,https://news.online.ua/u-zelenskogo-utochnili-vremya-segodnyashnego-razgovora-s-baydenom_n840515/,neutral,Zelensky-specified-the-time-of-today’s-conversation-with-Biden_n840515,qwen2.5:7b,,,,,,,qwen2.5:7b,neutral,Zelensky-specified-the-time-of-today’s-conversation-with-Biden_n840515,url_1,1
20220102,30,AMERICAN,UKRAINIAN,https://www.lematin.ch/story/joe-biden-assure-au-president-ukrainien-de-son-soutien-face-a-la-russie-753628635749,pull,support-for-russia,qwen2.5:7b,,,,,,,qwen2.5:7b,pull,support-for-russia,url_1,1
20220102,41,UNITED STATES,UKRAINE,https://gazeta.ua/articles/politics/_rozmova-zelenskogo-ta-bajdena-pro-scho-govorili-lideri/1065472,neutral,rozmova-zelenskogo-ta-baiden-pro-scho-spoken-leaders/1065472,qwen2.5:7b,,,,,,,qwen2.5:7b,neutral,rozmova-zelenskogo-ta-baiden-pro-scho-spoken-leaders/1065472,url_1,1
20220102,46,UNITED STATES,UKRAINE,https://gazeta.ua/articles/politics/_rozmova-zelenskogo-ta-bajdena-pro-scho-govorili-lideri/1065472,neutral,rozmova-zelenskogo-ta-baiden-pro-scho-spoken-leaders/1065472,qwen2.5:7b,,,,,,,qwen2.5:7b,neutral,rozmova-zelenskogo-ta-baiden-pro-scho-spoken-leaders/1065472,url_1,1
20220102,46,UNITED STATES,UKRAINE,https://gazeta.ua/articles/politics/_rozmova-zelenskogo-ta-bajdena-pro-scho-govorili-lideri/1065472,neutral,rozmova-zelenskogo-ta-baiden-pro-scho-spoken-leaders/1065472,qwen2.5:7b,,,,,,,qwen2.5:7b,neutral,rozmova-zelenskogo-ta-baiden-pro-scho-spoken-leaders/1065472,url_1,1
20220102,36,UNITED STATES,THE WHITE HOUSE,https://pronedra.ru/v21-pervye-pervye-simptomy-pnevmonii-pomogut-svoevremenno-nachat-lechenie-i-soxranit-zhizn-439639.html,neutral,the first-first-symptoms-of-pneumonia-will-help-to-start-treatment-in-time-and-save-life-439639.html,qwen2.5:7b,,,,,,,qwen2.5:7b,neutral,the first-first-symptoms-of-pneumonia-will-help-to-start-treatment-in-time-and-save-life-439639.html,url_1,1
20220102,36,THE WHITE HOUSE,,https://pronedra.ru/v21-pervye-pervye-simptomy-pnevmonii-pomogut-svoevremenno-nachat-lechenie-i-soxranit-zhizn-439639.html,neutral,the first-first-symptoms-of-pneumonia-will-help-to-start-treatment-in-time-and-save-life-439639.html,qwen2.5:7b,,,,,,,qwen2.5:7b,neutral,the first-first-symptoms-of-pneumonia-will-help-to-start-treatment-in-time-and-save-life-439639.html,url_1,1
20220102,36,THE WHITE HOUSE,,https://news.online.ua/u-zelenskogo-utochnili-vremya-segodnyashnego-razgovora-s-baydenom_n840515/,neutral,Zelensky-specified-the-time-of-today’s-conversation-with-Biden_n840515,qwen2.5:7b,,,,,,,qwen2.5:7b,neutral,Zelensky-specified-the-time-of-today’s-conversation-with-Biden_n840515,url_1,1
20220102,41,THE WHITE HOUSE,,https://pronedra.ru/v21-pervye-pervye-simptomy-pnevmonii-pomogut-svoevremenno-nachat-lechenie-i-soxranit-zhizn-439639.html,neutral,,qwen2.5:7b,,,,,,,qwen2.5:7b,neutral,,url_1,1
20220102,90,NASA,,http://www.hispantv.com/noticias/ciencia-tecnologia/535007/nasa-asteroide-psyche,neutral,,qwen2.5:7b,,,,,,,qwen2.5:7b,neutral,,url_1,1
20220102,46,JOE BIDEN,VLADIMIR,https://gazeta.ua/articles/politics/_rozmova-zelenskogo-ta-bajdena-pro-scho-govorili-lideri/1065472,neutral,,qwen2.5:7b,,,,,,,qwen2.5:7b,neutral,,url_1,1
20220102,30,AMERICAN,UKRAINIAN,https://www.lematin.ch/story/joe-biden-assure-au-president-ukrainien-de-son-soutien-face-a-la-russie-753628635749,pull,support,qwen2.5:7b,,,,,,,qwen2.5:7b,pull,support,url_1,1
20220102,46,JOE BIDEN,UKRAINE,https://gazeta.ua/articles/politics/_rozmova-zelenskogo-ta-bajdena-pro-scho-govorili-lideri/1065472,neutral,,qwen2.5:7b,,,,,,,qwen2.5:7b,neutral,,url_1,1
20220102,36,THE WHITE HOUSE,UNITED STATES,https://news.online.ua/u-zelenskogo-utochnili-vremya-segodnyashnego-razgovora-s-baydenom_n840515/,neutral,,qwen2.5:7b,,,,,,,qwen2.5:7b,neutral,,url_1,1
20220102,13,VENEZUELAN,VENEZUELA,http://www.hispantv.com/noticias/venezuela/535014/eeuu-confrontacion-dialogos-intervenezolanos,push,confrontation,qwen2.5:7b,,,,,,,qwen2.5:7b,push,confrontation,url_1,1
20220102,111,VENEZUELAN,VENEZUELA,http://www.hispantv.com/noticias/venezuela/535014/eeuu-confrontacion-dialogos-intervenezolanos,push,confrontation,qwen2.5:7b,,,,,,,qwen2.5:7b,push,confrontation,url_1,1
20220102,111,VENEZUELAN,,http://www.hispantv.com/noticias/venezuela/535014/eeuu-confrontacion-dialogos-intervenezolanos,push,confrontation,qwen2.5:7b,,,,,,,qwen2.5:7b,push,confrontation,url_1,1
20220102,13,VENEZUELAN,VENEZUELAN,http://www.hispantv.com/noticias/venezuela/535014/eeuu-confrontacion-dialogos-intervenezolanos,push,confrontation,qwen2.5:7b,,,,,,,qwen2.5:7b,push,confrontation,url_1,1
20220102,51,CATALAN,,https://sport1.oslobodjenje.ba/s1/fudbal/ino-fudbal/primera/barcelona-slavila-minimalnu-pobjedu-protiv-mallorce-721769,neutral,no clear migration-related tokens,qwen2.5:7b,,,,,,,qwen2.5:7b,neutral,no clear migration-related tokens,url_1,1
