sqldate,eventcode,actor1name,actor2name,sourceurl,pressure_url_1,reason_url_1,model_url_1,temp_url_1,temp_url_2,temp_article,pressure_url_2,reason_url_2,model_url_2,article_text,pressure_article,reason_article,model_article,pressure_final,reason_final,final_source,mode_used
20210101,130,GERMANY,,https://www.e110.de/terrorakte-vielleicht-verhindert/,push,acts of terrorism perhaps-prevented,qwen2.5:7b,0.8,0.8,,,,qwen2.5:72b,,,,,push,acts of terrorism perhaps-prevented,url_1,2
20220101,43,,CHILE,http://www.funkuhr.de/fernsehprogramm/sendungsdetails/169446982/pumas-in-der-wildnis-patagoniens.html,neutral,,qwen2.5:7b,0.8,0.8,,neutral,No migration-related tokens,qwen2.5:72b,,,,,unclear,No migration-related tokens,unresolved,2
20220101,112,,CRIMINAL,https://www.brasil247.com/brasil/bolsonaro-e-eleito-corrupto-do-ano-por-consorcio-internacional,push,corrupt-of-the-year,qwen2.5:7b,0.8,0.8,,,,qwen2.5:72b,,,,,push,corrupt-of-the-year,url_1,2
20220101,46,,AUTHORITIES,https://ria.ru/20220102/status-1766397981.html,neutral,,qwen2.5:7b,0.8,0.8,,unclear,URL too short or ambiguous,qwen2.5:72b,,,,,unclear,URL too short or ambiguous,unresolved,2
20220101,110,,PRIME MINISTER,https://www.aftenposten.no/verden/i/OrevnE/foerste-nyttaarsdag-ble-det-registrert-over-160000-koronatilfeller-i-en,neutral,,qwen2.5:7b,0.8,0.8,,push,coronatilfeller (cases) may indicate health crisis pushing people away,qwen2.5:72b,,,,,push,coronatilfeller (cases) may indicate health crisis pushing people away,url_2,2
20220101,190,,PRESIDENT,https://alquds.com/2022/01/01/%D8%A5%D8%B5%D8%A7%D8%A8%D8%A7%D8%AA-%D8%AE%D9%84%D8%A7%D9%84-%D9%85%D9%88%D8%A7%D8%AC%D9%87%D8%A7%D8%AA-%D9%81%D9%8A-%D8%A8%D8%B1%D9%82%D8%A9/,unclear,,qwen2.5:7b,0.8,0.8,,neutral,No migration-related tokens,qwen2.5:72b,,,,,unclear,No migration-related tokens,unresolved,2
20220101,42,,ITALIAN,https://www.interris.it/copertina/perno-opbg-omicron-bambini/,neutral,,qwen2.5:7b,0.8,0.8,,neutral,No migration-related tokens,qwen2.5:72b,,,,,unclear,No migration-related tokens,unresolved,2
20220101,51,,WORKER,https://www.franceguyane.fr/actualite/social/mobilisation-sociale-a-pointe-a-pitre-elie-domota-a-ete-arrete-493999.php,push,social mobilization,qwen2.5:7b,0.8,0.8,,,,qwen2.5:72b,,,,,push,social mobilization,url_1,2
20220101,51,,WORKER,https://www.franceguyane.fr/actualite/social/mobilisation-sociale-a-pointe-a-pitre-elie-domota-a-ete-arrete-493999.php,push,social mobilization,qwen2.5:7b,0.8,0.8,,,,qwen2.5:72b,,,,,push,social mobilization,url_1,2
20220101,1823,,MILITARY,https://www.franceguyane.fr/actualite/france/feminicides-deux-hommes-en-garde-a-vue-le-jour-du-nouvel-an-494064.php,neutral,,qwen2.5:7b,0.8,0.8,,neutral,No clear migration-related tokens,qwen2.5:72b,,,,,unclear,No clear migration-related tokens,unresolved,2
20220101,43,,POLE,https://as.com/futbol/2022/01/01/primera/1641057005_745473.html,neutral,no clear migration-related tokens,qwen2.5:7b,0.8,0.8,,neutral,No clear migration-related tokens,qwen2.5:72b,,,,,unclear,no clear migration-related tokens,unresolved,2
20220101,51,,SAUDI ARABIA,https://www.okaz.com.sa/news/na/2092790,neutral,no clear migration-related tokens,qwen2.5:7b,0.8,0.8,,neutral,No clear migration-related tokens,qwen2.5:72b,,,,,unclear,no clear migration-related tokens,unresolved,2
20220101,51,,SAUDI ARABIA,https://www.okaz.com.sa/news/na/2092790,neutral,no clear migration-related tokens,qwen2.5:7b,0.8,0.8,,neutral,No clear migration-related tokens,qwen2.5:72b,,,,,unclear,no clear migration-related tokens,unresolved,2
20220101,20,,INTELLIGENCE,https://www.diariolaprovinciasj.com/elpais/2022/1/1/cuales-son-los-sectores-que-tendran-mayor-demanda-laboral-en-2022-165873.html,pull,sectors-that-will-have-greater-labor-demand jobs,qwen2.5:7b,0.8,0.8,,,,qwen2.5:72b,,,,,pull,sectores-que-tendran-mayor-demanda-laboral jobs,url_1,2
20220101,42,,VENEZUELAN,https://noticias.uol.com.br/ultimas-noticias/efe/2022/01/01/chanceler-venezuelano-pede-que-bolsonaro-aprove-transferencia-de-migrantes.htm,push,asks-that-bolsonaro-aprove-transfer-of-migrants sport related,qwen2.5:7b,0.8,0.8,,,,qwen2.5:72b,,,,,push,asks-that-bolsonaro-aprove-transfer-of-migrants sport related,url_1,2
20220101,20,,BASQUE,https://omirante.pt/cavaleiro-andante/2022-01-01-Em-Abrantes-nada-como-dantes-a2fb5365,neutral,no clear migration-related tokens,qwen2.5:7b,0.8,0.8,,neutral,No clear migration-related tokens,qwen2.5:72b,,,,,unclear,no clear migration-related tokens,unresolved,2
20220101,50,,CATALAN,https://sport1.oslobodjenje.ba/s1/fudbal/ino-fudbal/primera/postigao-dogovor-sa-kataloncima-barcelona-sljedeceg-ljeta-dobija-veliko-pojacanje-721568,neutral,no clear migration-related tokens,qwen2.5:7b,0.8,0.8,,neutral,No clear migration-related tokens,qwen2.5:72b,,,,,unclear,no clear migration-related tokens,unresolved,2
20220101,51,,INDIGENOUS,https://g1.globo.com/mundo/noticia/2022/01/01/a-epidemia-de-desaparecimentos-de-indigenas-que-intriga-os-eua.ghtml,push,disappearances-of-indigenous-that-intrigue-the-us safety related,qwen2.5:7b,0.8,0.8,,,,qwen2.5:72b,,,,,push,disappearances-of-indigenous-that-intrigue-the-us safety related,url_1,2
20220101,51,,INDIGENOUS,https://g1.globo.com/mundo/noticia/2022/01/01/a-epidemia-de-desaparecimentos-de-indigenas-que-intriga-os-eua.ghtml,push,disappearances-of-indigenous-that-intrigue-the-us safety related,qwen2.5:7b,0.8,0.8,,,,qwen2.5:72b,,,,,push,desaparecimentos-de-indigenas-que-intriga-os-eua safety related,url_1,2
20220101,161,MADEIRA,,https://www.akhbarona.com/last/340605.html,neutral,no clear migration-related tokens,qwen2.5:7b,0.8,0.8,,unclear,"URL too short, generic, ID-like, or ambiguous",qwen2.5:72b,,,,,unclear,no clear migration-related tokens,unresolved,2
20220101,112,BRAZIL,CRIMINAL,https://www.brasil247.com/brasil/bolsonaro-e-eleito-corrupto-do-ano-por-consorcio-internacional,neutral,no clear migration-related tokens,qwen2.5:7b,0.8,0.8,,push,"corrupto, corruption can lead to push factors",qwen2.5:72b,,,,,push,"corrupto, corruption can lead to push factors",url_2,2
20220101,112,BRAZIL,CRIMINAL,https://www.brasil247.com/brasil/bolsonaro-e-eleito-corrupto-do-ano-por-consorcio-internacional,neutral,no clear migration-related tokens,qwen2.5:7b,0.8,0.8,,push,"corrupto, corruption can lead to push factors",qwen2.5:72b,,,,,push,"corrupto, corruption can lead to push factors",url_2,2
20220101,100,BUSINESS,,https://pronedra.ru/znaki-vostochnogo-kalendarya-po-godu-rozhdeniya-kotorym-povezet-v-2022-godu-628853.html,neutral,no clear migration-related tokens,qwen2.5:7b,0.8,0.8,,neutral,No clear migration-related tokens,qwen2.5:72b,,,,,unclear,no clear migration-related tokens,unresolved,2
20220101,90,COMPANY,ADMINISTRATION,https://www.republika.co.id/berita/r520kx430/jepang-bantu-perusahaan-bill-gates-bangun-reaktor-nuklir,neutral,no clear migration-related tokens,qwen2.5:7b,0.8,0.8,,pull,japan-helps-company-bill-gates-build-nuclear-reactor,qwen2.5:72b,,,,,pull,japan-helps-company-bill-gates-build-nuclear-reactor,url_2,2
20220101,112,COMPANIES,REPRESENTATIVES,https://www.alarab.com/Article/1018144,unclear,URL too short or generic,qwen2.5:7b,0.8,0.8,,unclear,"URL too short, generic, ID-like, or ambiguous",qwen2.5:72b,,,,,unclear,URL too short or generic,unresolved,2
20220101,60,SWITZERLAND,,https://evz.ro/sinuciderea-asistata-este-acum-legala-austria-este-tara-care-a-decis-sa-curme-suferintele-bolnavilor.html,neutral,no clear migration-related tokens,qwen2.5:7b,0.8,0.8,,neutral,No clear migration-related tokens,qwen2.5:72b,,,,,unclear,no clear migration-related tokens,unresolved,2
20220101,81,SWITZERLAND,,https://evz.ro/sinuciderea-asistata-este-acum-legala-austria-este-tara-care-a-decis-sa-curme-suferintele-bolnavilor.html,neutral,no clear migration-related tokens,qwen2.5:7b,0.8,0.8,,neutral,No clear migration-related tokens,qwen2.5:72b,,,,,unclear,no clear migration-related tokens,unresolved,2
20220101,42,CHILE,,http://www.funkuhr.de/fernsehprogramm/sendungsdetails/169446982/pumas-in-der-wildnis-patagoniens.html,neutral,no clear migration-related tokens,qwen2.5:7b,0.8,0.8,,unclear,"URL too short, generic, ID-like, or ambiguous",qwen2.5:72b,,,,,unclear,no clear migration-related tokens,unresolved,2
20220101,54,CHINA,EMBASSY,https://gordonua.com/news/worldnews/kitay-otkryl-posolstvo-v-nikaragua-posle-vozobnovleniya-diplomaticheskih-otnosheniy-1589047.html,neutral,no clear migration-related tokens,qwen2.5:7b,0.8,0.8,,neutral,No clear migration-related tokens,qwen2.5:72b,,,,,unclear,no clear migration-related tokens,unresolved,2
20220101,20,COLOMBIA,COLOMBIA,https://www.colombia.com/actualidad/nacionales/12415-contagios-por-la-covid-19-registra-colombia-en-el-primer-dia-del-ano-2022-333346,neutral,no clear migration-related tokens,qwen2.5:7b,0.8,0.8,,neutral,No clear migration-related tokens,qwen2.5:72b,,,,,unclear,no clear migration-related tokens,unresolved,2
20220101,180,PRISON,,https://pronedra.ru/zaprety-i-primety-rozhdestvenskogo-sochelnik-chto-gotovyat-v-prazdnik-628846.html,neutral,prohibitions-and-signs-of-Christmas-Christmas-Eve,qwen2.5:7b,0.8,0.8,,neutral,No clear migration-related tokens,qwen2.5:72b,,,,,unclear,prohibitions-and-signs-of-Christmas-Christmas-Eve,unresolved,2
20220101,30,PRISON,ACADEMICS,https://www.notigape.com/trabajara-gobierno-municipal-por-bienestar-y-progreso-en-2022/243835,pull,municipal-government-will-work-for-welfare-and-progress,qwen2.5:7b,0.8,0.8,,,,qwen2.5:72b,,,,,pull,municipal-government-will-work-for-welfare-and-progress,url_1,2
20220101,173,POLICE,FRANCE,https://www.franceguyane.fr/actualite/social/mobilisation-sociale-a-pointe-a-pitre-elie-domota-a-ete-arrete-493999.php,push,social-mobilization-in-pointe-a-pitre,qwen2.5:7b,0.8,0.8,,,,qwen2.5:72b,,,,,push,social-mobilization-in-pointe-a-pitre,url_1,2
20220101,186,PERPETRATOR,BAMAKO,http://malijet.com/les_faits_divers_au_mali/265488-commissariat-de-police-du-11eme-arrondissement-fin-de-course-pou.html,neutral,miscellaneous_facts_in_mali,qwen2.5:7b,0.8,0.8,,neutral,No clear migration-related tokens,qwen2.5:72b,,,,,unclear,miscellaneous_facts_in_mali,unresolved,2
20220101,10,COMMUNITY,,https://www.lopinionista.it/fico-ringrazia-mattarella-120130.html,neutral,fico-thanks-mattarella-120130.html,qwen2.5:7b,0.8,0.8,,neutral,No clear migration-related tokens,qwen2.5:72b,,,,,unclear,fico-thanks-mattarella-120130.html,unresolved,2
20220101,111,RESIDENTS,,https://g1.globo.com/sp/piracicaba-regiao/noticia/2022/01/01/biblioteca-municipal-de-limeira-oferece-oficinas-gincana-show-e-sarau-durante-as-ferias-escolares.ghtml,neutral,municipal-library-of-limeira-offeres-oficinas-gincana-show-e-soiree-during-the-school-holidays.ghtml,qwen2.5:7b,0.8,0.8,,neutral,No clear migration-related tokens,qwen2.5:72b,,,,,unclear,municipal-library-of-limeira-offeres-oficinas-gincana-show-e-soiree-during-the-school-holidays.ghtml,unresolved,2
20220101,1723,POPULATION,,https://gordonua.com/news/worldnews/vo-francii-v-novogodnyuyu-noch-sozhgli-874-mashiny-mvd-1589046.html,neutral,burned-874-cars-MVD,qwen2.5:7b,0.8,0.8,,push,"in-France, 874-Ministry of Internal Affairs-cars were burned on New Year’s Eve (discordant)",qwen2.5:72b,,,,,push,"in-France, 874-Ministry of Internal Affairs-cars were burned on New Year’s Eve (discordant)",url_2,2
20220101,80,ACTOR,,https://www.interris.it/rubriche/opinione/affrontare-questioni-pressanti-luce-dottrina-sociale-chiesa/,neutral,address-pressing-issues-light-social-doctrine-church/,qwen2.5:7b,0.8,0.8,,neutral,No clear migration-related tokens,qwen2.5:72b,,,,,unclear,address-pressing-issues-light-social-doctrine-church/,unresolved,2
20220101,833,EUROPE,,https://www.brasil247.com/blog/brasil-para-principiantes,neutral,brazil-for-beginners,qwen2.5:7b,0.8,0.8,,neutral,No clear migration-related tokens,qwen2.5:72b,,,,,unclear,brasil-para-principiantes,unresolved,2
20220101,90,EUROPE,,https://alquds.com/2022/01/02/%D8%A3%D9%88%D8%B1%D9%88%D8%A8%D8%A7-%D8%AA%D8%AA%D8%AC%D8%A7%D9%88%D8%B2-%D8%B9%D8%AA%D8%A8%D8%A9-100-%D9%85%D9%84%D9%8A%D9%88%D9%86-%D8%A5%D8%B5%D8%A7%D8%A8%D8%A9-%D8%A8%D9%83%D9%88%D9%81%D9%8A/,neutral,2022_01_02-Europe-T%TT has crossed the threshold of 100-million-infections-with-Covid/,qwen2.5:7b,0.8,0.8,,push,Europe-crosses-the-threshold-of-100-million-infections (high infection rate),qwen2.5:72b,,,,,push,Europe-crosses-the-threshold-of-100-million-infections (high infection rate),url_2,2
20220101,112,EUROPEAN,BELARUS,https://www.skivefolkeblad.dk/artikel/8426302b-78a7-3353-beaa-8731a102cde4/,neutral,URL too short,qwen2.5:7b,0.8,0.8,,unclear,"URL is generic, ID-like",qwen2.5:72b,,,,,unclear,URL too short,unresolved,2
20220101,112,EUROPEAN,RUSSIA,https://www.skivefolkeblad.dk/artikel/8426302b-78a7-3353-beaa-8731a102cde4/,neutral,URL too short,qwen2.5:7b,0.8,0.8,,unclear,"URL is generic, ID-like",qwen2.5:72b,,,,,unclear,URL too short,unresolved,2
20220101,112,EUROPEAN,RUSSIA,https://www.skivefolkeblad.dk/artikel/8426302b-78a7-3353-beaa-8731a102cde4/,neutral,URL too short,qwen2.5:7b,0.8,0.8,,unclear,"URL is generic, ID-like",qwen2.5:72b,,,,,unclear,URL too short,unresolved,2
20220101,50,FRANCE,,https://as.com/futbol/2022/01/01/primera/1641057005_745473.html,neutral,URL too short; non-English tokens only,qwen2.5:7b,0.8,0.8,,neutral,No migration-related tokens in URL,qwen2.5:72b,,,,,unclear,URL too short; non-English tokens only,unresolved,2
20220101,141,PARIS,POLICE,https://noticias.uol.com.br/ultimas-noticias/deutschewelle/2022/01/01/franca-ve-queda-em-numero-de-carros-incendiados-no-ano-novo.htm,neutral,URL too short; non-English tokens only,qwen2.5:7b,0.8,0.8,,neutral,No migration-related tokens in URL,qwen2.5:72b,,,,,unclear,URL too short; non-English tokens only,unresolved,2
20220101,192,FRENCH,SYRIA,https://naslovi.net/2022-01-02/rtv/vremeplov-otvorena-prva-citaonica-u-knezevini-srbiji/29652721,neutral,URL too short; non-English tokens only,qwen2.5:7b,0.8,0.8,,neutral,No migration-related tokens found,qwen2.5:72b,,,,,unclear,URL too short; non-English tokens only,unresolved,2
20220101,192,FRANCE,SYRIA,https://naslovi.net/2022-01-02/rtv/vremeplov-otvorena-prva-citaonica-u-knezevini-srbiji/29652721,neutral,URL too short; non-English tokens only,qwen2.5:7b,0.8,0.8,,neutral,No migration-related tokens found,qwen2.5:72b,,,,,unclear,URL too short; non-English tokens only,unresolved,2
20220101,190,LILLE,YEMENI,https://www.okaz.com.sa/news/na/2092790,neutral,URL too short; non-English tokens only,qwen2.5:7b,0.8,0.8,,neutral,No migration-related tokens found,qwen2.5:72b,,,,,unclear,URL too short; non-English tokens only,unresolved,2
20220101,141,GUADELOUPE,,https://www.franceguyane.fr/actualite/social/mobilisation-sociale-a-pointe-a-pitre-elie-domota-a-ete-arrete-493999.php,neutral,URL too short; non-English tokens only,qwen2.5:7b,0.8,0.8,,push,arrete (arrest) signals potential social unrest or crackdown,qwen2.5:72b,,,,,push,arrete (arrest) signals potential social unrest or crackdown,url_2,2
20220101,172,CONAKRY,,http://malijet.com/actualite_economique_du_mali/265491-lutte-contre-la-fraude-et-la-contrebande-les-douanes-saisissent-.html,neutral,URL too short; non-English tokens only,qwen2.5:7b,0.8,0.8,,pull,saisissent (seize) suggests law enforcement action against illegal activities,qwen2.5:72b,,,,,pull,saisissent (seize) suggests law enforcement action against illegal activities,url_2,2
20220101,70,GAMBIA,NORWEGIAN,https://www.analisidifesa.it/2022/01/il-2021-ha-rilanciato-limmigrazione-illegale-su-vasta-scala-in-italia/,pull,ilimmigration,qwen2.5:7b,0.8,0.8,,,,qwen2.5:72b,,,,,pull,ilimmigration,url_1,2
20220101,70,GAMBIA,NORWAY,https://www.analisidifesa.it/2022/01/il-2021-ha-rilanciato-limmigrazione-illegale-su-vasta-scala-in-italia/,pull,ilimmigration,qwen2.5:7b,0.8,0.8,,,,qwen2.5:72b,,,,,pull,ilimmigration,url_1,2
20220101,70,GAMBIA,NORWEGIAN,https://www.analisidifesa.it/2022/01/il-2021-ha-rilanciato-limmigrazione-illegale-su-vasta-scala-in-italia/,pull,ilimmigration,qwen2.5:7b,0.8,0.8,,,,qwen2.5:72b,,,,,pull,ilimmigration,url_1,2
20220101,190,PRESIDENT,,https://alquds.com/2022/01/01/%D8%A5%D8%B5%D8%A7%D8%A8%D8%A7%D8%AA-%D8%AE%D9%84%D8%A7%D9%84-%D9%85%D9%88%D8%A7%D8%AC%D9%87%D8%A7%D8%AA-%D9%81%D9%8A-%D8%A8%D8%B1%D9%82%D8%A9/,push,Injuries-during-confrontations,qwen2.5:7b,0.8,0.8,,,,qwen2.5:72b,,,,,push,Injuries-during-confrontations,url_1,2
20220101,192,PRESIDENT,,https://alquds.com/2022/01/01/%D8%A5%D8%B5%D8%A7%D8%A8%D8%A7%D8%AA-%D8%AE%D9%84%D8%A7%D9%84-%D9%85%D9%88%D8%A7%D8%AC%D9%87%D8%A7%D8%AA-%D9%81%D9%8A-%D8%A8%D8%B1%D9%82%D8%A9/,push,Injuries-during-confrontations,qwen2.5:7b,0.8,0.8,,,,qwen2.5:72b,,,,,push,Injuries-during-confrontations,url_1,2
20220101,20,MINISTRY,EMIRATI,https://www.akhbarona.com/world/340606.html,neutral,,qwen2.5:7b,0.8,0.8,,neutral,No clear migration-related tokens,qwen2.5:72b,,,,,unclear,No clear migration-related tokens,unresolved,2
20220101,51,MINISTRY,EMIRATI,https://www.akhbarona.com/world/340606.html,neutral,,qwen2.5:7b,0.8,0.8,,neutral,No clear migration-related tokens,qwen2.5:72b,,,,,unclear,No clear migration-related tokens,unresolved,2
20220101,71,GOVERNMENT,EUROPEAN,https://www.interris.it/rubriche/opinione/affrontare-questioni-pressanti-luce-dottrina-sociale-chiesa/,neutral,,qwen2.5:7b,0.8,0.8,,neutral,No clear migration-related tokens,qwen2.5:72b,,,,,unclear,No clear migration-related tokens,unresolved,2
20220101,111,AUTHORITIES,EMPLOYEE,https://ria.ru/20220102/status-1766397981.html,unclear,,qwen2.5:7b,0.8,0.8,,neutral,No clear migration-related tokens,qwen2.5:72b,,,,,unclear,No clear migration-related tokens,unresolved,2
20220101,841,DIPLOMAT,PRISONER,https://www.republika.co.id/berita/r520da430/indiapakistan-tukar-daftar-tahanan,push,change-register-prisoner,qwen2.5:7b,0.8,0.8,,,,qwen2.5:72b,,,,,push,change-register-prisoner,url_1,2
20220101,841,DIPLOMAT,PRISONER,https://www.republika.co.id/berita/r520da430/indiapakistan-tukar-daftar-tahanan,neutral,home,qwen2.5:7b,0.8,0.8,,neutral,No clear migration-related tokens,qwen2.5:72b,,,,,unclear,home,unresolved,2
20220101,1014,EMBASSY,UKRAINIAN,https://pronedra.ru/znaki-vostochnogo-kalendarya-po-godu-rozhdeniya-kotorym-povezet-v-2022-godu-628853.html,unclear,signs-of-the-eastern-calendar-by-year-of-birth-who-will-be-lucky-in-2022-628853.html,qwen2.5:7b,0.8,0.8,,neutral,URL tokens do not indicate migration pressure,qwen2.5:72b,,,,,unclear,signs-of-the-eastern-calendar-by-year-of-birth-who-will-be-lucky-in-2022-628853.html,unresolved,2
20220101,1014,EMBASSY,UKRAINIAN,https://pronedra.ru/znaki-vostochnogo-kalendarya-po-godu-rozhdeniya-kotorym-povezet-v-2022-godu-628853.html,unclear,signs-of-the-eastern-calendar-by-year-of-birth-who-will-be-lucky-in-2022-628853.html,qwen2.5:7b,0.8,0.8,,neutral,URL tokens do not indicate migration pressure,qwen2.5:72b,,,,,unclear,signs-of-the-eastern-calendar-by-year-of-birth-who-will-be-lucky-in-2022-628853.html,unresolved,2
20220101,36,MINIST OF EDUCATION,,https://www.diariolaprovinciasj.com/educacion/2022/1/1/el-ministerio-de-educacion-atendera-en-nuevo-horario-165874.html,neutral,education,qwen2.5:7b,0.8,0.8,,neutral,URL tokens do not indicate migration pressure,qwen2.5:72b,,,,,unclear,education,unresolved,2
20220101,13,MEDICAL ASSOCIATION,,https://www.aftenposten.no/verden/i/OrevnE/foerste-nyttaarsdag-ble-det-registrert-over-160000-koronatilfeller-i-en,neutral,new year's day corona case-in-one,qwen2.5:7b,0.8,0.8,,push,coronatilfeller (cases) implies health crisis,qwen2.5:72b,,,,,push,coronatilfeller (cases) implies health crisis,url_2,2
20220101,120,DOCTOR,,https://kino.24tv.ua/ru/novogodnie-multfilmy-dlja-vsej-semi-dushevnaja-podborka-dlja_n1831930,unclear,New Year's-cartoons-for-the-whole-family-heartwarming-selection-for_n1831930,qwen2.5:7b,0.8,0.8,,neutral,URL tokens do not indicate migration pressure,qwen2.5:72b,,,,,unclear,New Year's-cartoons-for-the-whole-family-heartwarming-selection-for_n1831930,unresolved,2
20220101,120,DOCTOR,,https://kino.24tv.ua/ru/novogodnie-multfilmy-dlja-vsej-semi-dushevnaja-podborka-dlja_n1831930,unclear,New Year's-cartoons-for-the-whole-family-heartwarming-selection-for_n1831930,qwen2.5:7b,0.8,0.8,,neutral,No migration-related tokens found,qwen2.5:72b,,,,,unclear,New Year's-cartoons-for-the-whole-family-heartwarming-selection-for_n1831930,unresolved,2
20220101,10,CROATIAN,,https://madeinfoot.ouest-france.fr/infos/article-asm-l-as-monaco-officialise-le-depart-de-niko-kovac-officiel-364395.html,neutral,depart-de-niko-kovac-officiel,qwen2.5:7b,0.8,0.8,,neutral,No migration-related tokens found,qwen2.5:72b,,,,,unclear,depart-de-niko-kovac-officiel,unresolved,2
20220101,10,CROATIAN,,https://madeinfoot.ouest-france.fr/infos/article-asm-l-as-monaco-officialise-le-depart-de-niko-kovac-officiel-364395.html,neutral,depart-de-niko-kovac-officiel,qwen2.5:7b,0.8,0.8,,neutral,No migration-related tokens found,qwen2.5:72b,,,,,unclear,depart-de-niko-kovac-officiel,unresolved,2
20220101,42,CROATIAN,,https://madeinfoot.ouest-france.fr/infos/article-asm-l-as-monaco-officialise-le-depart-de-niko-kovac-officiel-364395.html,neutral,depart-de-niko-kovac-officiel,qwen2.5:7b,0.8,0.8,,neutral,No migration-related tokens found,qwen2.5:72b,,,,,unclear,depart-de-niko-kovac-officiel,unresolved,2
20220101,42,CROATIAN,,https://madeinfoot.ouest-france.fr/infos/article-asm-l-as-monaco-officialise-le-depart-de-niko-kovac-officiel-364395.html,push,the departure,qwen2.5:7b,0.8,0.8,,,,qwen2.5:72b,,,,,push,the departure,url_1,2
20220101,43,JAKARTA,FLORIDA,https://www.republika.co.id/berita/r520u2384/ini-ketentuan-tes-antigen-di-stasiun,neutral,,qwen2.5:7b,0.8,0.8,,neutral,No migration-related tokens found,qwen2.5:72b,,,,,unclear,No migration-related tokens found,unresolved,2
20220101,10,ISRAEL,,https://www.lematin.ch/story/apres-des-tirs-de-roquettes-frappes-israeliennes-sur-gaza-569823935907,push,israeli-strikes-on-gaza,qwen2.5:7b,0.8,0.8,,,,qwen2.5:72b,,,,,push,israeli-strikes-on-gaza,url_1,2
20220101,61,ISRAEL,,https://www.alquds.co.uk/%D8%A7%D9%84%D8%AC%D9%8A%D8%B4-%D8%A7%D9%84%D8%A5%D8%B3%D8%B1%D8%A7%D8%A6%D9%8A%D9%84%D9%8A-%D9%8A%D9%82%D8%B5%D9%81-%D8%A3%D9%87%D8%AF%D8%A7%D9%81%D8%A7-%D9%81%D9%8A-%D9%82%D8%B7%D8%A7%D8%B9-%D8%BA/,push,The Israeli army bombs targets,qwen2.5:7b,0.8,0.8,,,,qwen2.5:72b,,,,,push,The Israeli army bombs targets,url_1,2
20220101,190,ISRAELI,ISRAEL,https://ria.ru/20220102/status-1766397981.html,neutral,,qwen2.5:7b,0.8,0.8,,neutral,No clear migration-related tokens,qwen2.5:72b,,,,,unclear,No clear migration-related tokens,unresolved,2
20220101,871,ISRAEL,PALESTINIAN,https://www.alquds.co.uk/%D8%A7%D9%84%D8%AC%D9%8A%D8%B4-%D8%A7%D9%84%D8%A5%D8%B3%D8%B1%D8%A7%D8%A6%D9%8A%D9%84%D9%8A-%D9%8A%D9%82%D8%B5%D9%81-%D8%A3%D9%87%D8%AF%D8%A7%D9%81%D8%A7-%D9%81%D9%8A-%D9%82%D8%B7%D8%A7%D8%B9-%D8%BA/,push,The Israeli army bombs targets,qwen2.5:7b,0.8,0.8,,,,qwen2.5:72b,,,,,push,The Israeli army bombs targets,url_1,2
20220101,190,ISRAELI,GAZA,https://ria.ru/20220102/udary-1766397744.html,push,udary,qwen2.5:7b,0.8,0.8,,,,qwen2.5:72b,,,,,push,udary,url_1,2
20220101,194,ISRAEL,PALESTINIAN,https://www.lematin.ch/story/apres-des-tirs-de-roquettes-frappes-israeliennes-sur-gaza-569823935907,push,israeli-strikes-on-gaza,qwen2.5:7b,0.8,0.8,,,,qwen2.5:72b,,,,,push,israeli-strikes-on-gaza,url_1,2
20220101,194,ISRAEL,HAMAS,https://www.lematin.ch/story/apres-des-tirs-de-roquettes-frappes-israeliennes-sur-gaza-569823935907,push,israeli-strikes-on-gaza,qwen2.5:7b,0.8,0.8,,,,qwen2.5:72b,,,,,push,israeli-strikes-on-gaza,url_1,2
20220101,90,ISRAELI,,https://www.adn40.mx/internacional/israel-flurona-gripe-covid-19-pfp,neutral,,qwen2.5:7b,0.8,0.8,,neutral,No clear migration-related tokens,qwen2.5:72b,,,,,unclear,No clear migration-related tokens,unresolved,2
20220101,10,ISRAELI,ISRAEL,https://www.notigape.com/israel-detecto-primer-caso-de-flurona-gripe-y-covid-19-en-simultaneo/243839,neutral,Israel-detected-first-case-of-flurone-flu-and-covid-19-simultaneously,qwen2.5:7b,0.8,0.8,,neutral,No clear migration-related tokens,qwen2.5:72b,,,,,unclear,Israel-detected-first-case-of-flurone-flu-and-covid-19-simultaneously,unresolved,2
20220101,90,ISRAELI,ISRAEL,https://www.adn40.mx/internacional/israel-flurona-gripe-covid-19-pfp,neutral,israel-flurona-flu-covid-19-pfp,qwen2.5:7b,0.8,0.8,,neutral,No clear migration-related tokens,qwen2.5:72b,,,,,unclear,israel-flurona-flu-covid-19-pfp,unresolved,2
20220101,190,ISRAELI,,https://ria.ru/20220102/status-1766397981.html,unclear,ria.ru/20220102/status-1766397981.html,qwen2.5:7b,0.8,0.8,,neutral,No clear migration-related tokens,qwen2.5:72b,,,,,unclear,ria.ru/20220102/status-1766397981.html,unresolved,2
20220101,190,ISRAEL,ISRAEL,https://ria.ru/20220102/status-1766397981.html,unclear,ria.ru/20220102/status-1766397981.html,qwen2.5:7b,0.8,0.8,,neutral,URL tokens do not indicate migration pressure,qwen2.5:72b,,,,,unclear,ria.ru/20220102/status-1766397981.html,unresolved,2
20220101,190,ISRAEL,ISRAEL,https://ria.ru/20220102/udary-1766397744.html,unclear,ria.ru/20220102/udary-1766397744.html,qwen2.5:7b,0.8,0.8,,push,udary suggests attacks or strikes causing people to leave,qwen2.5:72b,,,,,push,udary suggests attacks or strikes causing people to leave,url_2,2
20220101,190,ISRAELI,GAZA,https://ria.ru/20220102/status-1766397981.html,unclear,ria.ru/20220102/status-1766397981.html,qwen2.5:7b,0.8,0.8,,neutral,URL tokens do not indicate migration pressure,qwen2.5:72b,,,,,unclear,ria.ru/20220102/status-1766397981.html,unresolved,2
20220101,190,ISRAELI,GAZA,https://ria.ru/20220102/udary-1766397744.html,unclear,ria.ru/20220102/udary-1766397744.html,qwen2.5:7b,0.8,0.8,,push,udary suggests attacks or strikes causing people to leave,qwen2.5:72b,,,,,push,udary suggests attacks or strikes causing people to leave,url_2,2
20220101,20,ISRAELI,ISRAELI,https://www.alarab.com/Article/1018146,neutral,alarab.com/Article/1018146,qwen2.5:7b,0.8,0.8,,unclear,URL too short; no clear migration-related tokens,qwen2.5:72b,,,,,unclear,alarab.com/Article/1018146,unresolved,2
20220101,43,ITALY,,https://www.analisidifesa.it/2022/01/il-2021-ha-rilanciato-limmigrazione-illegale-su-vasta-scala-in-italia/,pull,2021-has-relaunched-illegal-immigration-on-a-large-scale-in-italy,qwen2.5:7b,0.8,0.8,,,,qwen2.5:72b,,,,,pull,2021-has-relaunched-illegal-immigration-on-a-large-scale-in-italy,url_1,2
20220101,173,ITALY,ALBANIA,http://www.oranews.tv/vendi/ky-eshte-shqiptari-i-arratisur-nga-burgu-ne-itali-naten-e-nderrimit-te-vit-i1023852,push,this-is-the-Albanian-escaped-from-the-prison-in-Italy-on-the-night-of-the-new-year-i1023852,qwen2.5:7b,0.8,0.8,,,,qwen2.5:72b,,,,,push,this-is-the-Albanian-escaped-from-the-prison-in-Italy-on-the-night-of-the-new-year-i1023852,url_1,2
20220101,42,ITALY,ITALIAN,https://www.interris.it/copertina/perno-opbg-omicron-bambini/,neutral,,qwen2.5:7b,0.8,0.8,,neutral,No migration-related tokens,qwen2.5:72b,,,,,unclear,No migration-related tokens,unresolved,2
20220101,43,ITALIAN,,https://www.interris.it/copertina/perno-opbg-omicron-bambini/,neutral,,qwen2.5:7b,0.8,0.8,,neutral,No migration-related tokens,qwen2.5:72b,,,,,unclear,No migration-related tokens,unresolved,2
20220101,43,ITALIAN,ITALY,https://www.interris.it/copertina/perno-opbg-omicron-bambini/,neutral,,qwen2.5:7b,0.8,0.8,,neutral,No migration-related tokens,qwen2.5:72b,,,,,unclear,No migration-related tokens,unresolved,2
20220101,10,JUDGE,,https://www.analisidifesa.it/2022/01/il-2021-ha-rilanciato-limmigrazione-illegale-su-vasta-scala-in-italia/,pull,2021-has-relaunched-illegal-immigration,qwen2.5:7b,0.8,0.8,,,,qwen2.5:72b,,,,,pull,2021-has-relaunched-illegal-immigration,url_1,2
20220101,43,SOUTH KOREA,MUSLIM,https://portaljember.pikiran-rakyat.com/pariwisata/pr-163372393/7-destinasi-wisata-halal-di-korea-selatan-cocok-bagi-umat-muslim-yang-traveling-ke-negeri-ginseng,unclear,,qwen2.5:7b,0.8,0.8,,pull,"tourism, destinations (tourism, destinations) implies pull",qwen2.5:72b,,,,,pull,"tourism, destinations (tourism, destinations) implies pull",url_2,2
20220101,84,TRADE UNION,,https://www.franceguyane.fr/actualite/social/mobilisation-sociale-a-pointe-a-pitre-elie-domota-a-ete-arrete-493999.php,neutral,,qwen2.5:7b,0.8,0.8,,push,"mobilisation-sociale, arrete (social mobilization, arrested) implies push",qwen2.5:72b,,,,,push,"mobilisation-sociale, arrete (social mobilization, arrested) implies push",url_2,2
20220101,111,TRADE UNION,,https://www.franceguyane.fr/actualite/social/mobilisation-sociale-a-pointe-a-pitre-elie-domota-a-ete-arrete-493999.php,neutral,,qwen2.5:7b,0.8,0.8,,push,arrete (arrest) implies social unrest and potential push,qwen2.5:72b,,,,,push,arrete (arrest) implies social unrest and potential push,url_2,2
20220101,100,REPRESENTATIVES,VOTER,https://www.corriere.it/editoriali/22_gennaio_01/i-partiti-quirinaleche-cosa-serve-ora-paese-466c0010-6b3e-11ec-a3c8-e3c830b3b1de.shtml,neutral,,qwen2.5:7b,0.8,0.8,,neutral,No clear migration-related tokens in URL,qwen2.5:72b,,,,,unclear,No clear migration-related tokens in URL,unresolved,2
20220101,120,REPRESENTATIVES,VOTER,https://www.corriere.it/editoriali/22_gennaio_01/i-partiti-quirinaleche-cosa-serve-ora-paese-466c0010-6b3e-11ec-a3c8-e3c830b3b1de.shtml,neutral,,qwen2.5:7b,0.8,0.8,,neutral,No clear migration-related tokens in URL,qwen2.5:72b,,,,,unclear,No clear migration-related tokens in URL,unresolved,2
20220101,161,MONACO,,https://madeinfoot.ouest-france.fr/infos/article-asm-l-as-monaco-officialise-le-depart-de-niko-kovac-officiel-364395.html,neutral,,qwen2.5:7b,0.8,0.8,,neutral,No clear migration-related tokens in URL,qwen2.5:72b,,,,,unclear,No clear migration-related tokens in URL,unresolved,2
20220101,161,MONACO,,https://madeinfoot.ouest-france.fr/infos/article-asm-l-as-monaco-officialise-le-depart-de-niko-kovac-officiel-364395.html,push,departure,qwen2.5:7b,0.8,0.8,,,,qwen2.5:72b,,,,,push,departure,url_1,2
20220101,51,MILITARY,,https://www.okaz.com.sa/news/na/2092790,neutral,,qwen2.5:7b,0.8,0.8,,unclear,"URL too short, generic, ID-like, or ambiguous",qwen2.5:72b,,,,,unclear,"URL too short, generic, ID-like, or ambiguous",unresolved,2
20220101,51,MILITARY,,https://www.okaz.com.sa/news/na/2092790,neutral,,qwen2.5:7b,0.8,0.8,,neutral,No clear migration-related tokens,qwen2.5:72b,,,,,unclear,No clear migration-related tokens,unresolved,2
20220101,114,NAVY,,https://omirante.pt/sociedade/2022-01-01-Vila-Franca-de-Xira-vai-ter-de-realizar-mais-obras-para-ganhar-novo-tribunal-a4687496,neutral,,qwen2.5:7b,0.8,0.8,,pull,"jobs, hiring, growth, investment (more obras) implies development",qwen2.5:72b,,,,,pull,"jobs, hiring, growth, investment (more obras) implies development",url_2,2
20220101,190,MALI,,http://malijet.com/actualite-politique-au-mali/editorial-journaux-mali/265485-edito-le-pragmatisme-russe-aux-antipodes-des-th%C3%A9ories-fran%C3%A7aises.html,neutral,,qwen2.5:7b,0.8,0.8,,push,"crisis, crackdown, collapse (Russian pragmatism, French theories) implies tension",qwen2.5:72b,,,,,push,"crisis, crackdown, collapse (Russian pragmatism, French theories) implies tension",url_2,2
20220101,42,MUSLIM,SOUTH KOREA,https://portaljember.pikiran-rakyat.com/pariwisata/pr-163372393/7-destinasi-wisata-halal-di-korea-selatan-cocok-bagi-umat-muslim-yang-traveling-ke-negeri-ginseng,pull,traveling,qwen2.5:7b,0.8,0.8,,,,qwen2.5:72b,,,,,pull,traveling,url_1,2
20220101,841,PRISONER,DIPLOMAT,https://www.republika.co.id/berita/r520da430/indiapakistan-tukar-daftar-tahanan,neutral,,qwen2.5:7b,0.8,0.8,,neutral,No clear migration-related tokens,qwen2.5:72b,,,,,unclear,No clear migration-related tokens,unresolved,2
20220101,42,POLE,,https://as.com/futbol/2022/01/01/primera/1641057005_745473.html,push,rocket fire,qwen2.5:7b,0.8,0.8,,,,qwen2.5:72b,,,,,push,rocket fire,url_1,2
20220101,161,PORTUGAL,MADEIRA,https://www.akhbarona.com/last/340605.html,neutral,,qwen2.5:7b,0.8,0.8,,neutral,No clear migration-related tokens,qwen2.5:72b,,,,,unclear,No clear migration-related tokens,unresolved,2
20220101,10,PALESTINIAN,,https://www.lematin.ch/story/apres-des-tirs-de-roquettes-frappes-israeliennes-sur-gaza-569823935907,push,Israeli strikes,qwen2.5:7b,0.8,0.8,,,,qwen2.5:72b,,,,,push,Israeli strikes,url_1,2
20220101,10,PALESTINIAN,,https://www.lematin.ch/story/apres-des-tirs-de-roquettes-frappes-israeliennes-sur-gaza-569823935907,push,"rocket fire, Israeli strikes on Gaza",qwen2.5:7b,0.8,0.8,,,,qwen2.5:72b,,,,,push,"rocket fire, Israeli strikes on Gaza",url_1,2
20220101,61,PALESTINIAN,,https://www.alquds.co.uk/%D8%A7%D9%84%D8%AC%D9%8A%D8%B4-%D8%A7%D9%84%D8%A5%D8%B3%D8%B1%D8%A7%D8%A6%D9%8A%D9%84%D9%8A-%D9%8A%D9%82%D8%B5%D9%81-%D8%A3%D9%87%D8%AF%D8%A7%D9%81%D8%A7-%D9%81%D9%8A-%D9%82%D8%B7%D8%A7%D8%B9-%D8%BA/,push,"rocket fire, Israeli strikes on Gaza",qwen2.5:7b,0.8,0.8,,,,qwen2.5:72b,,,,,push,"rocket fire, Israeli strikes on Gaza",url_1,2
20220101,10,PALESTINIAN,ISRAEL,https://www.lematin.ch/story/apres-des-tirs-de-roquettes-frappes-israeliennes-sur-gaza-569823935907,push,"rocket fire, Israeli strikes on Gaza",qwen2.5:7b,0.8,0.8,,,,qwen2.5:72b,,,,,push,"rocket fire, Israeli strikes on Gaza",url_1,2
20220101,10,PALESTINIAN,ISRAEL,https://www.lematin.ch/story/apres-des-tirs-de-roquettes-frappes-israeliennes-sur-gaza-569823935907,push,"rocket fire, Israeli strikes on Gaza",qwen2.5:7b,0.8,0.8,,,,qwen2.5:72b,,,,,push,"rocket fire, Israeli strikes on Gaza",url_1,2
20220101,61,PALESTINIAN,ISRAEL,https://www.alquds.co.uk/%D8%A7%D9%84%D8%AC%D9%8A%D8%B4-%D8%A7%D9%84%D8%A5%D8%B3%D8%B1%D8%A7%D8%A6%D9%8A%D9%84%D9%8A-%D9%8A%D9%82%D8%B5%D9%81-%D8%A3%D9%87%D8%AF%D8%A7%D9%81%D8%A7-%D9%81%D9%8A-%D9%82%D8%B7%D8%A7%D8%B9-%D8%BA/,push,"rocket fire, Israeli strikes on Gaza",qwen2.5:7b,0.8,0.8,,,,qwen2.5:72b,,,,,push,"rocket fire, Israeli strikes on Gaza",url_1,2
20220101,195,HAMAS,,https://alquds.com/2022/01/02/%D8%A7%D9%84%D8%A7%D8%AD%D8%AA%D9%84%D8%A7%D9%84-%D9%8A%D9%82%D8%B5%D9%81-%D9%85%D9%88%D9%82%D8%B9%D9%8B%D8%A7-%D9%84%D9%84%D9%85%D9%82%D8%A7%D9%88%D9%85%D8%A9-%D8%A8%D8%BA%D8%B2%D8%A9/,neutral,"AHTT AKS, May Cause Migrants, but not clear push or pull",qwen2.5:7b,0.8,0.8,,neutral,No migration-related tokens found,qwen2.5:72b,,,,,unclear,"AHTT AKS, May Cause Migrants, but not clear push or pull",unresolved,2
20220101,195,HAMAS,,https://alquds.com/2022/01/02/%D8%A7%D9%84%D8%A7%D8%AD%D8%AA%D9%84%D8%A7%D9%84-%D9%8A%D9%82%D8%B5%D9%81-%D9%85%D9%88%D9%82%D8%B9%D9%8B%D8%A7-%D9%84%D9%84%D9%85%D9%82%D8%A7%D9%88%D9%85%D8%A9-%D8%A8%D8%BA%D8%B2%D8%A9/,neutral,"AHTT AKS, May Cause Migrants, but not clear push or pull",qwen2.5:7b,0.8,0.8,,neutral,No migration-related tokens found,qwen2.5:72b,,,,,unclear,"AHTT AKS, May Cause Migrants, but not clear push or pull",unresolved,2
20220101,1712,POLITICIAN,,https://www.analisidifesa.it/2022/01/il-2021-ha-rilanciato-limmigrazione-illegale-su-vasta-scala-in-italia/,pull,large-scale illegal immigration in Italy,qwen2.5:7b,0.8,0.8,,,,qwen2.5:72b,,,,,pull,large-scale illegal immigration in Italy,url_1,2
20220101,833,ARCHBISHOP,,https://noticias.uol.com.br/ultimas-noticias/efe/2022/01/01/sul-africanos-se-despedem-de-desmond-tutu.htm,push,"South Africans say goodbye to Desmond Tutu, implying refugees leaving",qwen2.5:7b,0.8,0.8,,,,qwen2.5:72b,,,,,push,"South Africans say goodbye to Desmond Tutu, implying refugees leaving",url_1,2
20220101,84,ROMANIA,,https://evz.ro/catalin-harnagea-fostul-sef-al-serviciului-extern-de-informatii-incepe-sa-scrie-in-evenimentul-zilei.html,neutral,no clear migration-related tokens,qwen2.5:7b,0.8,0.8,,neutral,No migration-related tokens found,qwen2.5:72b,,,,,unclear,no clear migration-related tokens,unresolved,2
20220101,10,RUSSIA,,https://www.volynnews.com/news/all/5-naykrutishykh-skarbiv-volynskoho-krayeznavchoho-muzeiu-foto/,neutral,no clear migration-related tokens,qwen2.5:7b,0.8,0.8,,neutral,No migration-related tokens found,qwen2.5:72b,,,,,unclear,no clear migration-related tokens,unresolved,2
20220101,10,RUSSIA,,https://kino.24tv.ua/ru/novogodnie-multfilmy-dlja-vsej-semi-dushevnaja-podborka-dlja_n1831930,neutral,no clear migration-related tokens,qwen2.5:7b,0.8,0.8,,neutral,No migration-related tokens found,qwen2.5:72b,,,,,unclear,no clear migration-related tokens,unresolved,2
20220101,111,RUSSIAN,,https://www.teleport2001.ru/news/2022-01-02/140398-zasukha-grozit-lyudyam-i-zhivotnym-iz-za-stroitelstva-plotiny-na-dalnem-vostoke.html,push,drought (druzhnt) threatens people and animals (threatens people and animals),qwen2.5:7b,0.8,0.8,,,,qwen2.5:72b,,,,,push,drought (druzhnt) threatens people and animals (threatens people and animals),url_1,2
20220101,110,RUSSIAN,FRENCH,http://malijet.com/actualite-politique-au-mali/editorial-journaux-mali/265485-edito-le-pragmatisme-russe-aux-antipodes-des-th%C3%A9ories-fran%C3%A7aises.html,neutral,no clear migration-related tokens,qwen2.5:7b,0.8,0.8,,neutral,No clear migration-related tokens,qwen2.5:72b,,,,,unclear,no clear migration-related tokens,unresolved,2
20220101,182,JEDDAH,FRANCE,https://www.la-croix.com/Dakar-2022-Al-Attiyah-auto-Sanders-moto-remportent-prologue-concurrent-blesse-explosion-2022-01-01-1301192706,neutral,no clear migration-related tokens,qwen2.5:7b,0.8,0.8,,neutral,No clear migration-related tokens,qwen2.5:72b,,,,,unclear,no clear migration-related tokens,unresolved,2
20220101,182,JEDDAH,FRANCE,https://www.la-croix.com/Dakar-2022-Al-Attiyah-auto-Sanders-moto-remportent-prologue-concurrent-blesse-explosion-2022-01-01-1301192706,neutral,no clear migration-related tokens,qwen2.5:7b,0.8,0.8,,neutral,No clear migration-related tokens,qwen2.5:72b,,,,,unclear,no clear migration-related tokens,unresolved,2
20220101,182,JEDDAH,FRENCH,https://www.la-croix.com/Dakar-2022-Al-Attiyah-auto-Sanders-moto-remportent-prologue-concurrent-blesse-explosion-2022-01-01-1301192706,neutral,no clear migration-related tokens,qwen2.5:7b,0.8,0.8,,neutral,No clear migration-related tokens,qwen2.5:72b,,,,,unclear,no clear migration-related tokens,unresolved,2
20220101,182,JEDDAH,FRANCE,https://www.la-croix.com/Dakar-2022-Al-Attiyah-auto-Sanders-moto-remportent-prologue-concurrent-blesse-explosion-2022-01-01-1301192706,neutral,no clear migration-related tokens,qwen2.5:7b,0.8,0.8,,neutral,No clear migration-related tokens,qwen2.5:72b,,,,,unclear,no clear migration-related tokens,unresolved,2
20220101,120,SAUDI,SAUDI ARABIA,https://www.la-croix.com/Dakar-2022-Al-Attiyah-auto-Sanders-moto-remportent-prologue-concurrent-blesse-explosion-2022-01-01-1301192706,neutral,no clear migration-related tokens,qwen2.5:7b,0.8,0.8,,neutral,No clear migration-related tokens,qwen2.5:72b,,,,,unclear,no clear migration-related tokens,unresolved,2
20220101,60,SENEGAL,,https://www.la-croix.com/Dakar-2022-Al-Attiyah-auto-Sanders-moto-remportent-prologue-concurrent-blesse-explosion-2022-01-01-1301192706,neutral,no clear migration-related tokens,qwen2.5:7b,0.8,0.8,,neutral,No clear migration-related tokens,qwen2.5:72b,,,,,unclear,no clear migration-related tokens,unresolved,2
20220101,60,DAKAR,,https://www.la-croix.com/Dakar-2022-Al-Attiyah-auto-Sanders-moto-remportent-prologue-concurrent-blesse-explosion-2022-01-01-1301192706,neutral,"prologue, competitor, injured, explosion",qwen2.5:7b,0.8,0.8,,neutral,No clear migration-related tokens,qwen2.5:72b,,,,,unclear,"prologue, competitor, injured, explosion",unresolved,2
20220101,180,SETTLER,ISRAEL,https://www.alarab.com/Article/1018146,unclear,Article/1018146,qwen2.5:7b,0.8,0.8,,unclear,"URL too short, generic, ID-like, or ambiguous",qwen2.5:72b,,,,,unclear,Article/1018146,unresolved,2
20220101,180,SETTLER,PALESTINIAN,https://www.alarab.com/Article/1018146,unclear,Article/1018146,qwen2.5:7b,0.8,0.8,,unclear,"URL too short, generic, ID-like, or ambiguous",qwen2.5:72b,,,,,unclear,Article/1018146,unresolved,2
20220101,193,SETTLER,GUNMEN,https://alquds.com/2022/01/02/%D8%A7%D9%84%D9%85%D9%82%D8%A7%D9%88%D9%85%D8%A9-%D8%A7%D9%84%D8%B4%D8%B9%D8%A8%D9%8A%D8%A9-%D8%AA%D8%B3%D8%AA%D8%B9%D8%B1-%D9%81%D9%8A-%D8%B4%D9%85%D8%A7%D9%84-%D8%A7%D9%84%D8%B6%D9%81%D8%A9/,neutral,The popular resistance is raging in the northern West Bank.,qwen2.5:7b,0.8,0.8,,push,displacement;exact token: bank,qwen2.5:72b,,,,,push,displacement;exact token: bank,url_2,2
20220101,36,SYRIAN,SYRIAN,https://www.alarab.com/Article/1018149,unclear,Article/1018149,qwen2.5:7b,0.8,0.8,,unclear,"URL too short, generic, ID-like",qwen2.5:72b,,,,,unclear,Article/1018149,unresolved,2
20220101,36,SYRIAN,SYRIAN,https://www.alarab.com/Article/1018149,unclear,Article/1018149,qwen2.5:7b,0.8,0.8,,unclear,"URL too short, generic, ID-like",qwen2.5:72b,,,,,unclear,Article/1018149,unresolved,2
20220101,36,SYRIAN,SYRIAN,https://www.alarab.com/Article/1018149,unclear,Article/1018149,qwen2.5:7b,0.8,0.8,,unclear,"URL too short, generic, ID-like",qwen2.5:72b,,,,,unclear,Article/1018149,unresolved,2
20220101,36,SYRIAN,SYRIAN,https://www.alarab.com/Article/1018149,unclear,Article/1018149,qwen2.5:7b,0.8,0.8,,unclear,"URL too short, generic, ID-like",qwen2.5:72b,,,,,unclear,Article/1018149,unresolved,2
20220101,23,UKRAINIAN,,https://kino.24tv.ua/ru/novogodnie-multfilmy-dlja-vsej-semi-dushevnaja-podborka-dlja_n1831930,neutral,"cartoons, for, all, family, soulful, selection, for/",qwen2.5:7b,0.8,0.8,,neutral,No clear migration-related tokens,qwen2.5:72b,,,,,unclear,"cartoons, for, all, family, soulful, selection, for/",unresolved,2
20220101,90,WYOMING,,https://g1.globo.com/mundo/noticia/2022/01/01/a-epidemia-de-desaparecimentos-de-indigenas-que-intriga-os-eua.ghtml,neutral,"epidemic, disappearances, indigenous people, intrigue, usa",qwen2.5:7b,0.8,0.8,,push,desaparecimientos (disappearances) may indicate push factors,qwen2.5:72b,,,,,push,desaparecimientos (disappearances) may indicate push factors,url_2,2
20220101,42,FLORIDA,JAKARTA,https://www.republika.co.id/berita/r520u2384/ini-ketentuan-tes-antigen-di-stasiun,neutral,tes antigen,qwen2.5:7b,0.8,0.8,,pull,ketentuan-tes-antigen (testing rules) suggests health safety measures,qwen2.5:72b,,,,,pull,ketentuan-tes-antigen (testing rules) suggests health safety measures,url_2,2
20220101,190,YEMENI,LILLE,https://www.okaz.com.sa/news/na/2092790,neutral,antigen test provisions,qwen2.5:7b,0.8,0.8,,unclear,"URL too short, generic, or ambiguous",qwen2.5:72b,,,,,unclear,antigen test provisions,unresolved,2
20220101,10,YEMENI,PERSIAN,https://www.okaz.com.sa/news/na/2092790,neutral,antigen test provisions,qwen2.5:7b,0.8,0.8,,unclear,"URL too short, generic, or ambiguous",qwen2.5:72b,,,,,unclear,antigen test provisions,unresolved,2
20220101,50,CATALAN,,https://sport1.oslobodjenje.ba/s1/fudbal/ino-fudbal/primera/postigao-dogovor-sa-kataloncima-barcelona-sljedeceg-ljeta-dobija-veliko-pojacanje-721568,neutral,tes antigen,qwen2.5:7b,0.8,0.8,,neutral,No clear migration-related tokens,qwen2.5:72b,,,,,unclear,tes antigen,unresolved,2
20220101,141,SLAVIC,TARA,https://www.kramatorsk.info/view/272909,unclear,kramatorsk info,qwen2.5:7b,0.8,0.8,,unclear,"URL too short, generic, ID-like, or ambiguous",qwen2.5:72b,,,,,unclear,kramatorsk info,unresolved,2
20220101,141,SLAVIC,UKRAINE,https://www.kramatorsk.info/view/272909,unclear,kramatorsk info,qwen2.5:7b,0.8,0.8,,unclear,"URL too short, generic, ID-like, or ambiguous",qwen2.5:72b,,,,,unclear,kramatorsk info,unresolved,2
20210102,51,POLAND,,https://logistyka.rp.pl/drogowy/art19249821-na-ten-rok-w-planach-oddanie-do-uzytku-345-km-drog-krajowych,neutral,road art,qwen2.5:7b,0.8,0.8,,pull,345 km of national roads (infrastructure development attracts people),qwen2.5:72b,,,,,pull,345 km of national roads (infrastructure development attracts people),url_2,2
20210102,51,POLISH,,https://logistyka.rp.pl/drogowy/art19249821-na-ten-rok-w-planach-oddanie-do-uzytku-345-km-drog-krajowych,neutral,road art,qwen2.5:7b,0.8,0.8,,pull,345 km of national roads (infrastructure development attracts people),qwen2.5:72b,,,,,pull,345 km of national roads (infrastructure development attracts people),url_2,2
20210102,51,POLISH,,https://logistyka.rp.pl/drogowy/art19249821-na-ten-rok-w-planach-oddanie-do-uzytku-345-km-drog-krajowych,neutral,road art,qwen2.5:7b,0.8,0.8,,neutral,No clear migration-related tokens,qwen2.5:72b,,,,,unclear,road art,unresolved,2
20220102,36,,BUENOS AIRES,https://urgente24.com/actualidad/tragedia-palermo-asesino-al-volante-alcohol-y-muerte-n531977,neutral,driving killer alcohol and death,qwen2.5:7b,0.8,0.8,,neutral,No clear migration-related tokens,qwen2.5:72b,,,,,unclear,driving killer alcohol and death,unresolved,2
20220102,100,,BUSINESS,https://www.eluniversal.com.mx/cartera/concanaco-pide-comercios-mantener-medidas-sanitarias-y-evitar-cierres-por-ola-de-covid,neutral,no clear migration-related tokens,qwen2.5:7b,0.8,0.8,,push,cierres (closures) due to COVID-19,qwen2.5:72b,,,,,push,cierres (closures) due to COVID-19,url_2,2
20220102,190,,TYCOON,https://revistamonet.globo.com/Celebridades/noticia/2022/01/look-de-jeff-bezos-um-dos-homens-mais-ricos-do-mundo-no-reveillon-rende-piadas-nas-redes-meio-vin-diesel-meio-agostinho-carrara.html,neutral,no clear migration-related tokens,qwen2.5:7b,0.8,0.8,,neutral,No clear migration-related tokens,qwen2.5:72b,,,,,unclear,no clear migration-related tokens,unresolved,2
20220102,112,,CALGARY,https://www.journaldemontreal.com/2022/01/02/manifestations-anti-covid-un-pasteur-et-son-frere-arretes-par-calgary,neutral,no clear migration-related tokens,qwen2.5:7b,0.8,0.8,,neutral,No clear migration-related tokens,qwen2.5:72b,,,,,unclear,no clear migration-related tokens,unresolved,2
20220102,841,,POLICE,https://www.hoydiariodelmagdalena.com.co/archivos/613756,neutral,no clear migration-related tokens,qwen2.5:7b,0.8,0.8,,neutral,URL too short; no migration-related tokens,qwen2.5:72b,,,,,unclear,no clear migration-related tokens,unresolved,2
20220102,36,,SCHOOL,https://olhardireto.com.br/noticias/exibir.asp?id=496488&noticia=porto-relembra-dificuldades-com-45-dos-estudantes-sem-internet-e-projeta-2022-como-melhor-ano-letivo-da-historia,push,difficulties-with-students-without-internet,qwen2.5:7b,0.8,0.8,,,,qwen2.5:72b,,,,,push,difficulties-with-students-without-internet,url_1,2
20220102,42,,SCHOOL,https://olhardireto.com.br/noticias/exibir.asp?id=496488&noticia=porto-relembra-dificuldades-com-45-dos-estudantes-sem-internet-e-projeta-2022-como-melhor-ano-letivo-da-historia,push,difficulties-with-students-without-internet,qwen2.5:7b,0.8,0.8,,,,qwen2.5:72b,,,,,push,difficulties-with-students-without-internet,url_1,2
20220102,42,,FRANCE,https://www.mdzol.com/deportes/2022/1/2/cuando-vuelve-lionel-messi-su-posible-debut-con-el-psg-en-2022-212536.html,neutral,no clear migration-related tokens,qwen2.5:7b,0.8,0.8,,neutral,URL too short; no migration-related tokens,qwen2.5:72b,,,,,unclear,no clear migration-related tokens,unresolved,2
20220102,42,,FRANCE,https://www.mdzol.com/deportes/2022/1/2/cuando-vuelve-lionel-messi-su-posible-debut-con-el-psg-en-2022-212536.html,neutral,no clear migration-related tokens,qwen2.5:7b,0.8,0.8,,neutral,URL too short; no migration-related tokens,qwen2.5:72b,,,,,unclear,no clear migration-related tokens,unresolved,2
20220102,141,,THE UK,https://www.clarin.com/opinion/malvinas-pasado-presente-conflicto_0_4JQu1pJwH.html,neutral,no clear migration-related tokens,qwen2.5:7b,0.8,0.8,,push,conflicto suggests war or conflict situation,qwen2.5:72b,,,,,push,conflicto suggests war or conflict situation,url_2,2
20220102,42,,UNITED KINGDOM,https://www.elbotola.com/article/2022-01-02-22-03-111.html,unclear,"URL too short, generic, ID-like, or ambiguous",qwen2.5:7b,0.8,0.8,,neutral,URL too short; no migration-related tokens,qwen2.5:72b,,,,,unclear,"URL too short, generic, ID-like, or ambiguous",unresolved,2
20220102,42,,UNITED KINGDOM,https://www.elbotola.com/article/2022-01-02-22-03-111.html,unclear,https://www.elbotola.com/article/2022-01-02-22-03-111.html,qwen2.5:7b,0.8,0.8,,neutral,No clear migration-related tokens,qwen2.5:72b,,,,,unclear,https://www.elbotola.com/article/2022-01-02-22-03-111.html,unresolved,2
20220102,40,,KINGDOM,https://alghad.com/%D9%88%D8%B2%D9%8A%D8%B1-%D8%A7%D9%84%D8%AE%D8%A7%D8%B1%D8%AC%D9%8A%D8%A9-%D8%A7%D9%84%D8%B3%D8%B9%D9%88%D8%AF%D9%8A-%D9%81%D9%8A-%D8%B9%D9%85%D8%A7%D9%86/,push,Minister of Foreign Affairs,qwen2.5:7b,0.8,0.8,,,,qwen2.5:72b,,,,,push,Minister of Foreign Affairs,url_1,2
20220102,46,,MINIST,https://alghad.com/%D9%88%D8%B2%D9%8A%D8%B1-%D8%A7%D9%84%D8%AE%D8%A7%D8%B1%D8%AC%D9%8A%D8%A9-%D8%A7%D9%84%D8%B3%D8%B9%D9%88%D8%AF%D9%8A-%D9%81%D9%8A-%D8%B9%D9%85%D8%A7%D9%86/,push,Minister of Foreign Affairs,qwen2.5:7b,0.8,0.8,,,,qwen2.5:72b,,,,,push,Minister of Foreign Affairs,url_1,2
20220102,46,,KINGDOM,https://alghad.com/%D9%88%D8%B2%D9%8A%D8%B1-%D8%A7%D9%84%D8%AE%D8%A7%D8%B1%D8%AC%D9%8A%D8%A9-%D8%A7%D9%84%D8%B3%D8%B9%D9%88%D8%AF%D9%8A-%D9%81%D9%8A-%D8%B9%D9%85%D8%A7%D9%86/,push,Minister of Foreign Affairs,qwen2.5:7b,0.8,0.8,,,,qwen2.5:72b,,,,,push,Minister of Foreign Affairs,url_1,2
20220102,57,,GOVERNMENT,https://www.cas.sk/clanok/2626553/predseda-civilnej-vlady-v-sudane-oznamil-svoju-rezignaciu-snazil-som-sa-zo-vsetkych-sil/,neutral,Lamsa-Takdah-Yallani,qwen2.5:7b,0.8,0.8,,push,rezignaciu (resignation) implies political instability,qwen2.5:72b,,,,,push,rezignaciu (resignation) implies political instability,url_2,2
20220102,84,,PRESIDENT,https://www.lematin.ch/story/lhomme-fort-du-parti-ennahdha-hospitalise-dans-un-etat-critique-474086927675,neutral,Lmub-alsaq-bi-ta'al,qwen2.5:7b,0.8,0.8,,neutral,No clear migration-related tokens,qwen2.5:72b,,,,,unclear,Lmub-alsaq-bi-ta'al,unresolved,2
20220102,141,,AUTHORITIES,http://lratvakan.com/news/76958.html,unclear,http://lratvakan.com/news/76958.html,qwen2.5:7b,0.8,0.8,,neutral,No clear migration-related tokens,qwen2.5:72b,,,,,unclear,http://lratvakan.com/news/76958.html,unresolved,2
20220102,141,,AUTHORITIES,https://lugradar.net/2022/01/337334,unclear,https://lugradar.net/2022/01/337334,qwen2.5:7b,0.8,0.8,,neutral,No clear migration-related tokens,qwen2.5:72b,,,,,unclear,https://lugradar.net/2022/01/337334,unresolved,2
20220102,42,,UNITED NATIONS,http://www.hispantv.com/noticias/palestina/535010/preso-israel-huelga-hambre,pull,Mnb-Sabrat-Al-Zir,qwen2.5:7b,0.8,0.8,,,,qwen2.5:72b,,,,,pull,Mnb-Sabrat-Al-Zir,url_1,2
20220102,14,,ISRAELI,https://itongadol.com/coronavirus/coronavirus-en-israel-se-espera-que-tres-millones-de-israelies-se-infecten-con-el-virus,neutral,https://itongadol.com/coronavirus/coronavirus-en-israel-se-espera-que-tres-millones-de-israelies-se-infecten-con-el-virus,qwen2.5:7b,0.8,0.8,,neutral,coronavirus-in-israel-three-million-israelis-are-expected,qwen2.5:72b,,,,,unclear,https://itongadol.com/coronavirus/coronavirus-en-israel-se-espera-que-tres-millones-de-israelies-se-infecten-con-el-virus,unresolved,2
20220102,51,,ISRAEL,http://www.hispantv.com/noticias/palestina/535010/preso-israel-huelga-hambre,neutral,not migration-related tokens,qwen2.5:7b,0.8,0.8,,push,Palestinian prisoner hunger strike,qwen2.5:72b,,,,,push,Palestinian prisoner hunger strike,url_2,2
20220102,53,,ISRAEL,http://www.hispantv.com/noticias/palestina/535010/preso-israel-huelga-hambre,neutral,not migration-related tokens,qwen2.5:7b,0.8,0.8,,push,Palestinian prisoner hunger strike,qwen2.5:72b,,,,,push,Palestinian prisoner hunger strike,url_2,2
20220102,43,,JORDAN,https://alghad.com/%D9%85%D8%B9%D8%B1%D8%B6-%D8%A3%D8%B1%D8%AF%D9%86%D9%8A-%D9%84%D9%84%D8%AA%D8%AC%D8%A7%D8%B1%D8%A9-%D9%88%D8%A7%D9%84%D8%AE%D8%AF%D9%85%D8%A7%D8%AA-%D9%8A%D9%86%D8%B7%D9%84%D9%82-%D9%81%D9%8A-%D8%B3/,push,preso israel huelga hambre (prison hunger strike) suggests conditions causing people to leave the country due to political issues,qwen2.5:7b,0.8,0.8,,,,qwen2.5:72b,,,,,push,preso israel huelga hambre (prison hunger strike) suggests conditions causing people to leave the country due to political issues,url_1,2
20220102,130,,LAWYER,https://www.vesti-online.com/stopiran-otkaz-za-nevakcinisanog-cuvara-reda/,neutral,not migration-related tokens,qwen2.5:7b,0.8,0.8,,neutral,suspended-dismissal-for-unvaccinated-security-guard,qwen2.5:72b,,,,,unclear,not migration-related tokens,unresolved,2
20220102,42,,ANTANANARIVO,http://www.taringa.net/+salud_bienestar/la-proxima-gran-pandemia-la-resistencia-a-antibioticos-ya-esta-aqui_4zonot/,neutral,not migration-related tokens,qwen2.5:7b,0.8,0.8,,push,the-next-great-pandemic-antibiotic-resistance-is-already-here,qwen2.5:72b,,,,,push,the-next-great-pandemic-antibiotic-resistance-is-already-here,url_2,2
20220102,71,,OAXACA,https://oaxaca.eluniversal.com.mx/estatal/aumenta-congreso-de-oaxaca-presupuesto-de-comision-forestal-en-14-mdp,neutral,not migration-related tokens,qwen2.5:7b,0.8,0.8,,neutral,No migration-related tokens found,qwen2.5:72b,,,,,unclear,not migration-related tokens,unresolved,2
20220102,43,,MACHU PICCHU,https://www.segnidalcielo.it/peru-un-turista-fotografa-un-ufo-sullantica-citta-di-machu-picchu/,neutral,not migration-related tokens,qwen2.5:7b,0.8,0.8,,neutral,No migration-related tokens found,qwen2.5:72b,,,,,unclear,not migration-related tokens,unresolved,2
20220102,53,,PALESTINE,http://www.hispantv.com/noticias/palestina/535010/preso-israel-huelga-hambre,neutral,not migration-related tokens,qwen2.5:7b,0.8,0.8,,push,"prisoner hunger strike (imprisonment, hunger strike, unrest)",qwen2.5:72b,,,,,push,"prisoner hunger strike (imprisonment, hunger strike, unrest)",url_2,2
20220102,51,,PALESTINE,http://www.hispantv.com/noticias/palestina/535010/preso-israel-huelga-hambre,neutral,not migration-related tokens,qwen2.5:7b,0.8,0.8,,push,"prisoner hunger strike (imprisonment, hunger strike, unrest)",qwen2.5:72b,,,,,push,"prisoner hunger strike (imprisonment, hunger strike, unrest)",url_2,2
20220102,53,,PALESTINE,http://www.hispantv.com/noticias/palestina/535010/preso-israel-huelga-hambre,neutral,not migration-related tokens,qwen2.5:7b,0.8,0.8,,push,"prisoner hunger strike (imprisonment, hunger strike, unrest)",qwen2.5:72b,,,,,push,"prisoner hunger strike (imprisonment, hunger strike, unrest)",url_2,2
20220102,43,,SAINT,https://g1.globo.com/sp/santos-regiao/porto-mar/noticia/2022/01/02/anvisa-reforca-urgencia-em-acabar-com-temporada-de-cruzeiros-e-fala-em-risco-a-saude-publica.ghtml,neutral,no migration-related tokens,qwen2.5:7b,0.8,0.8,,neutral,No clear migration-related tokens,qwen2.5:72b,,,,,unclear,no migration-related tokens,unresolved,2
20220102,51,,SETTLER,https://www.eluniversal.com.mx/ciencia-y-salud/tras-aparente-extincion-el-pez-picote-tequila-fue-reintegrado-su-habitat,neutral,no migration-related tokens,qwen2.5:7b,0.8,0.8,,neutral,No clear migration-related tokens,qwen2.5:72b,,,,,unclear,no migration-related tokens,unresolved,2
20220102,20,,TURKEY,https://eleftherostypos.gr/ellinotourkika/880814-empristikos-o-akar-ebale-xio-samo-kai-oinousses-sto-stoma-tis-tourkias/,neutral,no migration-related tokens,qwen2.5:7b,0.8,0.8,,push,"xio, tension, conflict indicators (xio, turkish threat)",qwen2.5:72b,,,,,push,"xio, tension, conflict indicators (xio, turkish threat)",url_2,2
20220102,36,,THE WHITE HOUSE,https://pronedra.ru/v21-pervye-pervye-simptomy-pnevmonii-pomogut-svoevremenno-nachat-lechenie-i-soxranit-zhizn-439639.html,neutral,no migration-related tokens,qwen2.5:7b,0.8,0.8,,neutral,No clear migration-related tokens,qwen2.5:72b,,,,,unclear,no migration-related tokens,unresolved,2
20220102,41,,THE WHITE HOUSE,https://pronedra.ru/v21-pervye-pervye-simptomy-pnevmonii-pomogut-svoevremenno-nachat-lechenie-i-soxranit-zhizn-439639.html,neutral,no migration-related tokens,qwen2.5:7b,0.8,0.8,,neutral,No clear migration-related tokens,qwen2.5:72b,,,,,unclear,no migration-related tokens,unresolved,2
20220102,112,FARMER,MINIST OF ENVIRONMENT,https://www.diariolibre.com/actualidad/sucesos/2022/01/02/acusan-ganaderos-de-provocar-incendios-en-sierra-de-bahoruco/1563459,neutral,no migration-related tokens,qwen2.5:7b,0.8,0.8,,neutral,No clear migration-related tokens,qwen2.5:72b,,,,,unclear,no migration-related tokens,unresolved,2
20220102,356,ARGENTINIAN,,https://www.clarin.com/opinion/malvinas-primeros-200-anos-_0_7SMJC2Ult.html,neutral,no migration-related tokens,qwen2.5:7b,0.8,0.8,,neutral,No clear migration-related tokens,qwen2.5:72b,,,,,unclear,no migration-related tokens,unresolved,2
20220102,36,BUENOS AIRES,,https://urgente24.com/actualidad/tragedia-palermo-asesino-al-volante-alcohol-y-muerte-n531977,neutral,no migration-related tokens,qwen2.5:7b,0.8,0.8,,neutral,No clear migration-related tokens,qwen2.5:72b,,,,,unclear,no migration-related tokens,unresolved,2
20220102,80,ARGENTINA,,https://www.clarin.com/opinion/malvinas-pasado-presente-conflicto_0_4JQu1pJwH.html,neutral,no migration-related tokens,qwen2.5:7b,0.8,0.8,,neutral,No clear migration-related tokens,qwen2.5:72b,,,,,unclear,no migration-related tokens,unresolved,2
20220102,160,ARGENTINA,FALKLANDS,https://www.clarin.com/opinion/malvinas-pasado-presente-conflicto_0_4JQu1pJwH.html,neutral,no migration-related tokens,qwen2.5:7b,0.8,0.8,,neutral,No clear migration-related tokens,qwen2.5:72b,,,,,unclear,no migration-related tokens,unresolved,2
20220102,190,BELGIAN,BELGIUM,https://geeko.lesoir.be/2022/01/02/une-entreprise-belge-lutte-contre-contre-le-gaspillage-pharmaceutique/,neutral,no clear migration-related tokens,qwen2.5:7b,0.8,0.8,,neutral,No migration-related tokens,qwen2.5:72b,,,,,unclear,no clear migration-related tokens,unresolved,2
20220102,190,BELGIAN,,https://geeko.lesoir.be/2022/01/02/une-entreprise-belge-lutte-contre-contre-le-gaspillage-pharmaceutique/,neutral,no clear migration-related tokens,qwen2.5:7b,0.8,0.8,,neutral,No migration-related tokens,qwen2.5:72b,,,,,unclear,no clear migration-related tokens,unresolved,2
20220102,112,BELARUSIAN,BELARUS,http://www.kvir.ru/author/andre-galinin/,unclear,"URL too short, generic, ID-like",qwen2.5:7b,0.8,0.8,,unclear,"URL too short, generic, ID-like, or ambiguous",qwen2.5:72b,,,,,unclear,"URL too short, generic, ID-like",unresolved,2
20220102,190,BELARUSIAN,BELARUS,http://www.kvir.ru/author/andre-galinin/,unclear,"URL too short, generic, ID-like",qwen2.5:7b,0.8,0.8,,unclear,"URL too short, generic, ID-like, or ambiguous",qwen2.5:72b,,,,,unclear,"URL too short, generic, ID-like",unresolved,2
20220102,51,BRAZIL,ARGENTINE,https://www.clarin.com/opinion/malvinas-pasado-presente-conflicto_0_4JQu1pJwH.html,push,conflicto (conflict) implies potential displacement or emigration due to conflict pressure,qwen2.5:7b,0.8,0.8,,,,qwen2.5:72b,,,,,push,conflicto (conflict) implies potential displacement or emigration due to conflict pressure,url_1,2
20220102,10,BRAZIL,BRAZIL,https://www.clarin.com/opinion/malvinas-pasado-presente-conflicto_0_4JQu1pJwH.html,push,conflicto (conflict) implies potential displacement or emigration due to conflict pressure,qwen2.5:7b,0.8,0.8,,,,qwen2.5:72b,,,,,push,conflicto (conflict) implies potential displacement or emigration due to conflict pressure,url_1,2
20220102,10,BRAZIL,BRAZIL,https://www.clarin.com/opinion/malvinas-pasado-presente-conflicto_0_4JQu1pJwH.html,push,conflicto (conflict) implies potential displacement or emigration due to conflict pressure,qwen2.5:7b,0.8,0.8,,,,qwen2.5:72b,,,,,push,conflicto (conflict) implies potential displacement or emigration due to conflict pressure,url_1,2
20220102,12,TYCOON,,https://revistamonet.globo.com/Celebridades/noticia/2022/01/look-de-jeff-bezos-um-dos-homens-mais-ricos-do-mundo-no-reveillon-rende-piadas-nas-redes-meio-vin-diesel-meio-agostinho-carrara.html,neutral,no clear migration-related tokens,qwen2.5:7b,0.8,0.8,,neutral,No migration-related tokens,qwen2.5:72b,,,,,unclear,no clear migration-related tokens,unresolved,2
20220102,90,COMPANY,,https://e24.no/ledige-stillinger/s/Kzeo24/har-du-inkasso-erfaring-men-kan-tenke-deg-strre-ansvar,pull,do you have collection experience (jobs related) suggests pull factors for employment,qwen2.5:7b,0.8,0.8,,,,qwen2.5:72b,,,,,pull,do you have collection experience (jobs related) suggests pull factors for employment,url_1,2
20220102,145,BUSINESS,,https://www.limburger.nl/cnt/dmf20220102_97854382,unclear,"URL too short, generic, ID-like",qwen2.5:7b,0.8,0.8,,unclear,URL too short; no clear migration-related tokens,qwen2.5:72b,,,,,unclear,"URL too short, generic, ID-like",unresolved,2
20220102,160,AIRLINE,,https://es.investing.com/news/stock-market-news/disrupciones-relacionadas-con-omicron-provocan-mas-de-4000-cancelaciones-de-vuelos-en-inicio-de-2022-2199117,neutral,stock market news,qwen2.5:7b,0.8,0.8,,neutral,No clear migration-related tokens,qwen2.5:72b,,,,,unclear,stock market news,unresolved,2
20220102,190,TYCOON,,https://revistamonet.globo.com/Celebridades/noticia/2022/01/look-de-jeff-bezos-um-dos-homens-mais-ricos-do-mundo-no-reveillon-rende-piadas-nas-redes-meio-vin-diesel-meio-agostinho-carrara.html,neutral,celebrity fashion,qwen2.5:7b,0.8,0.8,,neutral,No clear migration-related tokens,qwen2.5:72b,,,,,unclear,celebrity fashion,unresolved,2
20220102,20,AIRLINE,EMPLOYEE,https://es.investing.com/news/stock-market-news/disrupciones-relacionadas-con-omicron-provocan-mas-de-4000-cancelaciones-de-vuelos-en-inicio-de-2022-2199117,neutral,stock market news,qwen2.5:7b,0.8,0.8,,neutral,No clear migration-related tokens,qwen2.5:72b,,,,,unclear,stock market news,unresolved,2
20220102,30,BUSINESS,,https://www.eluniversal.com.mx/nacion/tras-vacaciones-de-invierno-sep-se-declara-lista-para-retorno-actividades-escolares-presenciales,neutral,school activities,qwen2.5:7b,0.8,0.8,,neutral,No clear migration-related tokens,qwen2.5:72b,,,,,unclear,school activities,unresolved,2
20220102,173,CALGARY,CALGARY,https://www.journaldemontreal.com/2022/01/02/manifestations-anti-covid-un-pasteur-et-son-frere-arretes-par-calgary,unclear,manifestations anti-covid arrest,qwen2.5:7b,0.8,0.8,,neutral,No clear migration-related tokens,qwen2.5:72b,,,,,unclear,manifestations anti-covid arrest,unresolved,2
20220102,175,CALGARY,DEMONSTRATOR,https://www.journaldemontreal.com/2022/01/02/manifestations-anti-covid-un-pasteur-et-son-frere-arretes-par-calgary,unclear,manifestations anti-covid arrest,qwen2.5:7b,0.8,0.8,,neutral,No clear migration-related tokens,qwen2.5:72b,,,,,unclear,manifestations anti-covid arrest,unresolved,2
20220102,51,ORTHODOX CHRISTIAN,SAINT,https://www.mngz.ru/russia-world-sensation/2464160-v-vargashinskom-rayone-sotrudniki-policii-proveli-20-profilakticheskih-besed-so-shkolnikami.html,neutral,police operation,qwen2.5:7b,0.8,0.8,,push,"police, preventive, conversations, schoolchildren (kraskdovn he otn)",qwen2.5:72b,,,,,push,"police, preventive, conversations, schoolchildren (kraskdovn he otn)",url_2,2
20220102,51,ORTHODOX CHRISTIAN,SAINT,https://pronedra.ru/pozdravleniya-ko-dnyu-svyatoj-anastasii-4-yanvarya-tradiczii-prazdnika-630226.html,neutral,greeting post,qwen2.5:7b,0.8,0.8,,neutral,No clear migration-related tokens,qwen2.5:72b,,,,,unclear,greeting post,unresolved,2
20220102,90,POLICE,,https://www.noviny.sk/krimi/652963-mrtvy-muz-v-aute-telo-hladaneho-slovenskeho-policajta-nasli-v-polsku,neutral,murder case,qwen2.5:7b,0.8,0.8,,neutral,No clear migration-related tokens,qwen2.5:72b,,,,,unclear,murder case,unresolved,2
20220102,192,POLICE OFFICER,,https://www.hoydiariodelmagdalena.com.co/archivos/613776,unclear,,qwen2.5:7b,0.8,0.8,,unclear,"URL too short, generic, ID-like",qwen2.5:72b,,,,,unclear,"URL too short, generic, ID-like",unresolved,2
20220102,193,POLICE OFFICER,,https://www.ensonhaber.com/3-sayfa/adanada-silahli-kavgaya-mudahale-eden-polis-vuruldu,push,intervention in armed conflict,qwen2.5:7b,0.8,0.8,,,,qwen2.5:72b,,,,,push,intervention in armed conflict,url_1,2
20220102,190,POLICE,ACTIVIST,http://lratvakan.com/news/76958.html,unclear,,qwen2.5:7b,0.8,0.8,,unclear,"URL too short, generic, ID-like",qwen2.5:72b,,,,,unclear,"URL too short, generic, ID-like",unresolved,2
20220102,10,PERPETRATOR,CREATIVITY,https://www.hespress.com/%D8%AA%D8%AC%D8%A7%D9%88%D8%B2-%D9%88%D8%B1%D8%B7%D8%A9-%D8%B9%D8%B5%D8%B1-%D8%A7%D9%84%D8%B9%D8%AA%D9%85%D8%A9-925188.html,neutral,Transcendence-dilemma-of-the-dark-age,qwen2.5:7b,0.8,0.8,,neutral,No clear migration-related tokens,qwen2.5:72b,,,,,unclear,Transcendence-dilemma-of-the-dark-age,unresolved,2
20220102,172,VILLAGE,,https://www.volynnews.com/news/all/cherez-novorichni-feyerverky-v-chernivtsiakh-zahynuly-desiatky-ptakhiv/,neutral,cherez novorichni feyerverky v chernivtsiakh zahynuly desyatky ptakhiv,qwen2.5:7b,0.8,0.8,,neutral,No clear migration-related tokens,qwen2.5:72b,,,,,unclear,cherez novorichni feyerverky v chernivtsiakh zahynuly desyatky ptakhiv,unresolved,2
20220102,10,COMMUNITY,POLICE,https://www.hoydiariodelmagdalena.com.co/archivos/613752,unclear,,qwen2.5:7b,0.8,0.8,,unclear,"URL too short, generic, ID-like",qwen2.5:72b,,,,,unclear,"URL too short, generic, ID-like",unresolved,2
20220102,42,GERMAN,LISBON,https://naslovi.net/2022-01-03/blic/zarobljeni-u-luci-nemacki-kruzer-usidren-do-daljeg-u-lisabonu-zbog-izbijanja-epidemije-korona-virusa/29657724,neutral,"captured in the port, the German cruiser anchored until further notice in Lisbon due to the outbreak of the corona virus epidemic",qwen2.5:7b,0.8,0.8,,neutral,No migration-related tokens found,qwen2.5:72b,,,,,unclear,"captured in the port, the German cruiser anchored until further notice in Lisbon due to the outbreak of the corona virus epidemic",unresolved,2
20220102,42,GERMAN,LISBON,https://naslovi.net/2022-01-03/blic/zarobljeni-u-luci-nemacki-kruzer-usidren-do-daljeg-u-lisabonu-zbog-izbijanja-epidemije-korona-virusa/29657724,neutral,"captured in the port, the German cruiser anchored until further notice in Lisbon due to the outbreak of the corona virus epidemic",qwen2.5:7b,0.8,0.8,,neutral,No migration-related tokens found,qwen2.5:72b,,,,,unclear,"captured in the port, the German cruiser anchored until further notice in Lisbon due to the outbreak of the corona virus epidemic",unresolved,2
20220102,10,UNIVERSITY,,https://www.elmanana.com/cae-ex-rector-de-la-uabjo-por-fraude/5475695,neutral,former rector of the uabjo falls for fraud,qwen2.5:7b,0.8,0.8,,push,fraude (indicates legal issues or corruption),qwen2.5:72b,,,,,push,fraude (indicates legal issues or corruption),url_2,2
20220102,36,STUDENT,,https://olhardireto.com.br/noticias/exibir.asp?id=496488&noticia=porto-relembra-dificuldades-com-45-dos-estudantes-sem-internet-e-projeta-2022-como-melhor-ano-letivo-da-historia,pull,difficulties with 45 of the students without internet and projects 2022 as the best school year in history,qwen2.5:7b,0.8,0.8,,,,qwen2.5:72b,,,,,pull,difficulties with 45 of the students without internet and projects 2022 as the best school year in history,url_1,2
20220102,36,SCHOOL,,https://olhardireto.com.br/noticias/exibir.asp?id=496488&noticia=porto-relembra-dificuldades-com-45-dos-estudantes-sem-internet-e-projeta-2022-como-melhor-ano-letivo-da-historia,pull,difficulties with 45 of the students without internet and projects 2022 as the best school year in history,qwen2.5:7b,0.8,0.8,,,,qwen2.5:72b,,,,,pull,difficulties with 45 of the students without internet and projects 2022 as the best school year in history,url_1,2
20220102,43,SCHOOL,,https://olhardireto.com.br/noticias/exibir.asp?id=496488&noticia=porto-relembra-dificuldades-com-45-dos-estudantes-sem-internet-e-projeta-2022-como-melhor-ano-letivo-da-historia,neutral,no clear migration-related tokens,qwen2.5:7b,0.8,0.8,,pull,best-school-year-in-history (indicates educational improvement),qwen2.5:72b,,,,,pull,best-school-year-in-history (indicates educational improvement),url_2,2
20220102,1721,SCHOOL,,https://itongadol.com/coronavirus/coronavirus-en-israel-se-espera-que-tres-millones-de-israelies-se-infecten-con-el-virus,unclear,"too short, generic URL",qwen2.5:7b,0.8,0.8,,neutral,No migration-related tokens found,qwen2.5:72b,,,,,unclear,"too short, generic URL",unresolved,2
20220102,42,STUDENT,OAXACA,https://oaxaca.eluniversal.com.mx/sociedad/regresan-clases-mas-de-874-mil-estudiantes-de-oaxaca-este-3-de-enero,neutral,no clear migration-related tokens,qwen2.5:7b,0.8,0.8,,neutral,No clear migration-related tokens,qwen2.5:72b,,,,,unclear,no clear migration-related tokens,unresolved,2
20220102,71,ACTOR,,https://bagikanberita.pikiran-rakyat.com/bisnis/pr-683379835/rezeki-senin-ceria-khusus-wanita-berjiwa-entrepreneur-dapat-pinjaman-tanpa-agunan-rp25-juta-di-pnm-mekaar-plus,neutral,no clear migration-related tokens,qwen2.5:7b,0.8,0.8,,pull,pinjaman (loan) encourages economic activity and entrepreneurship,qwen2.5:72b,,,,,pull,pinjaman (loan) encourages economic activity and entrepreneurship,url_2,2
20220102,1821,ACTOR,BANDUNG,https://www.pikiran-rakyat.com/nasional/pr-013379874/genting-susi-pudjiastuti-desak-ruu-pks-disahkan-perlu-berapa-banyak-lagi-korban,neutral,no clear migration-related tokens,qwen2.5:7b,0.8,0.8,,neutral,No clear migration-related tokens,qwen2.5:72b,,,,,unclear,no clear migration-related tokens,unresolved,2
20220102,10,MADRID,,https://es.euronews.com/2022/01/02/espana-dice-no-a-la-propuesta-de-bruselas-de-incluir-la-energia-nuclear-y-el-gas-en-su-pla,unclear,"too short, generic URL",qwen2.5:7b,0.8,0.8,,neutral,No clear migration-related tokens,qwen2.5:72b,,,,,unclear,"too short, generic URL",unresolved,2
20220102,111,EUROPEAN,,https://1prime.ru/business/20220103/835674504.html,unclear,"too short, generic URL",qwen2.5:7b,0.8,0.8,,neutral,No clear migration-related tokens,qwen2.5:72b,,,,,unclear,"too short, generic URL",unresolved,2
20220102,20,FINNISH,RUSSIA,https://www.geopolitica.ru/news/vlasti-finlyandii-zagovorili-o-vstuplenii-v-nato,push,Finnish authorities are talking about joining NATO Implies Potential Push Factors for Migration Due To Politician Hanges and Security Concerns,qwen2.5:7b,0.8,0.8,,,,qwen2.5:72b,,,,,push,Finnish authorities are talking about joining NATO Implies Potential Push Factors for Migration Due To Politician Hanges and Security Concerns,url_1,2
20220102,42,UNITED KINGDOM,UNITED KINGDOM,https://www.elbotola.com/article/2022-01-02-22-03-111.html,unclear,"too short, generic URL",qwen2.5:7b,0.8,0.8,,unclear,"URL too short, generic, ID-like",qwen2.5:72b,,,,,unclear,"too short, generic URL",unresolved,2
20220102,42,UNITED KINGDOM,UNITED KINGDOM,https://www.elbotola.com/article/2022-01-02-22-03-111.html,unclear,,qwen2.5:7b,0.8,0.8,,unclear,"URL too short, generic, ID-like",qwen2.5:72b,,,,,unclear,"URL too short, generic, ID-like",unresolved,2
20220102,43,UNITED KINGDOM,,https://www.elbotola.com/article/2022-01-02-22-03-111.html,neutral,URL token: no clear migration-related tokens,qwen2.5:7b,0.8,0.8,,unclear,"URL too short, generic, ID-like",qwen2.5:72b,,,,,unclear,URL token: no clear migration-related tokens,unresolved,2
20220102,43,UNITED KINGDOM,,https://www.elbotola.com/article/2022-01-02-22-03-111.html,neutral,URL token: no clear migration-related tokens,qwen2.5:7b,0.8,0.8,,unclear,"URL too short, generic, ID-like",qwen2.5:72b,,,,,unclear,URL token: no clear migration-related tokens,unresolved,2
20220102,43,UNITED KINGDOM,UNITED KINGDOM,https://www.elbotola.com/article/2022-01-02-22-03-111.html,neutral,URL token: no clear migration-related tokens,qwen2.5:7b,0.8,0.8,,unclear,"URL too short, generic, ID-like",qwen2.5:72b,,,,,unclear,URL token: no clear migration-related tokens,unresolved,2
20220102,43,UNITED KINGDOM,UNITED KINGDOM,https://www.elbotola.com/article/2022-01-02-22-03-111.html,neutral,URL token: no clear migration-related tokens,qwen2.5:7b,0.8,0.8,,unclear,"URL too short, generic, ID-like",qwen2.5:72b,,,,,unclear,URL token: no clear migration-related tokens,unresolved,2
20220102,10,AUTHORITIES,,https://www.telemundo.com/noticias/noticias-telemundo/clima/no-esto-no-es-una-broma-llovieron-peces-en-texas-poco-antes-de-fin-de-rcna10639,neutral,URL token: no clear migration-related tokens,qwen2.5:7b,0.8,0.8,,neutral,No clear migration-related tokens; 'llovieron-peces' (raining fish) is unusual but not migration-specific.,qwen2.5:72b,,,,,unclear,URL token: no clear migration-related tokens,unresolved,2
20220102,12,SECRETARIAT,,https://olhardireto.com.br/noticias/exibir.asp?id=496488&noticia=porto-relembra-dificuldades-com-45-dos-estudantes-sem-internet-e-projeta-2022-como-melhor-ano-letivo-da-historia,neutral,URL token: no clear migration-related tokens,qwen2.5:7b,0.8,0.8,,push,"'difficulties', 'sem-internet', 'projecting better school year' (challenges, without internet, projecting better school year)",qwen2.5:72b,,,,,push,"'difficulties', 'sem-internet', 'projecting better school year' (challenges, without internet, projecting better school year)",url_2,2
20220102,14,MINISTRY,,https://tsn.ua/ru/svit/izrail-odobril-chetvertuyu-covid-privivku-dlya-medrabotnikov-i-lyudey-ot-60-let-1945456.html,neutral,URL token: no clear migration-related tokens,qwen2.5:7b,0.8,0.8,,pull,'odobril-chetvertuyu-covid-privivku' (approved fourth COVID vaccine) implies health improvement.,qwen2.5:72b,,,,,pull,approved-fourth-COVID-vaccination (approved furth COVID vaccine) implies health improvement.,url_2,2
20220102,40,KINGDOM,,https://alghad.com/%D9%88%D8%B2%D9%8A%D8%B1-%D8%A7%D9%84%D8%AE%D8%A7%D8%B1%D8%AC%D9%8A%D8%A9-%D8%A7%D9%84%D8%B3%D8%B9%D9%88%D8%AF%D9%8A-%D9%81%D9%8A-%D8%B9%D9%85%D8%A7%D9%86/,push,token: omar - implies possible displacement or crisis in the region,qwen2.5:7b,0.8,0.8,,,,qwen2.5:72b,,,,,push,token: omar - implies possible displacement or crisis in the region,url_1,2
20220102,40,KINGDOM,,https://alghad.com/%D9%88%D8%B2%D9%8A%D8%B1-%D8%A7%D9%84%D8%AE%D8%A7%D8%B1%D8%AC%D9%8A%D8%A9-%D8%A7%D9%84%D8%B3%D8%B9%D9%88%D8%AF%D9%8A-%D9%81%D9%8A-%D8%B9%D9%85%D8%A7%D9%86/,push,token: omar - implies possible displacement or crisis in the region,qwen2.5:7b,0.8,0.8,,,,qwen2.5:72b,,,,,push,token: omar - implies possible displacement or crisis in the region,url_1,2
20220102,46,MINIST,,https://alghad.com/%D9%88%D8%B2%D9%8A%D8%B1-%D8%A7%D9%84%D8%AE%D8%A7%D8%B1%D8%AC%D9%8A%D8%A9-%D8%A7%D9%84%D8%B3%D8%B9%D9%88%D8%AF%D9%8A-%D9%81%D9%8A-%D8%B9%D9%85%D8%A7%D9%86/,push,token: omar - implies possible displacement or crisis in the region,qwen2.5:7b,0.8,0.8,,,,qwen2.5:72b,,,,,push,token: omar - implies possible displacement or crisis in the region,url_1,2
20220102,46,KINGDOM,,https://alghad.com/%D9%88%D8%B2%D9%8A%D8%B1-%D8%A7%D9%84%D8%AE%D8%A7%D8%B1%D8%AC%D9%8A%D8%A9-%D8%A7%D9%84%D8%B3%D8%B9%D9%88%D8%AF%D9%8A-%D9%81%D9%8A-%D8%B9%D9%85%D8%A7%D9%86/,push,safety concerns,qwen2.5:7b,0.8,0.8,,,,qwen2.5:72b,,,,,push,safety concerns,url_1,2
20220102,57,GOVERNMENT,,https://www.cas.sk/clanok/2626553/predseda-civilnej-vlady-v-sudane-oznamil-svoju-rezignaciu-snazil-som-sa-zo-vsetkych-sil/,push,resignation due to crisis,qwen2.5:7b,0.8,0.8,,,,qwen2.5:72b,,,,,push,resignation due to crisis,url_1,2
20220102,73,AUTHORITIES,,https://www.mbl.is/frettir/erlent/2022/01/02/heilbrigdisstarfsmenn_fa_fjorda_skammtinn/,neutral,no clear migration-related tokens,qwen2.5:7b,0.8,0.8,,pull,"'heilbrigdistarfsmenn', 'fa_fjorda_skammtinn' (health staff, fourth dose) suggests health system strength",qwen2.5:72b,,,,,pull,"'heilbrigdistarfsmenn', 'fa_fjorda_skammtinn' (health staff, fourth dose) suggests health system strength",url_2,2
20220102,90,GOVERNMENT,,https://newpost.gr/kosmos/61d20c59922542136ad20343/italia-koronoios-i-kyvernisi-exetazei-to-endehomeno-ypohreotikoy-emvoliasmoy-gia-oloys-toys-ano-ton-18-eton,pull,job opportunities in Italy,qwen2.5:7b,0.8,0.8,,,,qwen2.5:72b,,,,,pull,job opportunities in Italy,url_1,2
20220102,160,GOVERNMENT,INDUSTRY,https://www.rp.pl/praca/art19248621-wielka-brytania-przedluza-program-wizowy-dla-pracownikow-z-ue,push,visa program for workers,qwen2.5:7b,0.8,0.8,,,,qwen2.5:72b,,,,,push,visa program for workers,url_1,2
20220102,90,AUTHORITIES,CRIMINAL,https://sledcom.ru/news/item/1645072/,unclear,too short or ambiguous URL,qwen2.5:7b,0.8,0.8,,neutral,"URL too generic, no migration-related tokens",qwen2.5:72b,,,,,unclear,too short or ambiguous URL,unresolved,2
20220102,14,DIRECTOR GENERAL,ISRAELI,https://itongadol.com/coronavirus/coronavirus-en-israel-se-espera-que-tres-millones-de-israelies-se-infecten-con-el-virus,neutral,no clear migration-related tokens,qwen2.5:7b,0.8,0.8,,pull,"coronavirus-en-israel, implies health concern affecting arrivals",qwen2.5:72b,,,,,pull,"coronavirus-en-israel, implies health concern affecting arrivals",url_2,2
20220102,43,GOVERNMENT,DEMONSTRATOR,http://lratvakan.com/news/76958.html,unclear,too short or ambiguous URL,qwen2.5:7b,0.8,0.8,,neutral,"URL too generic, no migration-related tokens",qwen2.5:72b,,,,,unclear,too short or ambiguous URL,unresolved,2
20220102,43,GOVERNMENT,DEMONSTRATOR,https://lugradar.net/2022/01/337334,unclear,too short or ambiguous URL,qwen2.5:7b,0.8,0.8,,neutral,"URL too generic, no migration-related tokens",qwen2.5:72b,,,,,unclear,too short or ambiguous URL,unresolved,2
20220102,46,MINIST,DEMONSTRATOR,https://www.journaldemontreal.com/2022/01/02/manifestations-anti-covid-un-pasteur-et-son-frere-arretes-par-calgary,push,anti-COVID protests,qwen2.5:7b,0.8,0.8,,,,qwen2.5:72b,,,,,push,anti-COVID protests,url_1,2
20220102,30,GOVERNMENT,GUERRILLA,https://www.hoydiariodelmagdalena.com.co/archivos/613800,neutral,,qwen2.5:7b,0.8,0.8,,neutral,"URL too generic, no migration-related tokens",qwen2.5:72b,,,,,unclear,"URL too generic, no migration-related tokens",unresolved,2
20220102,20,AUTHORITIES,RUSSIAN FEDERATION,https://lugradar.net/2022/01/337336,push,magdalena,qwen2.5:7b,0.8,0.8,,,,qwen2.5:72b,,,,,push,magdalena,url_1,2
20220102,20,AUTHORITIES,RUSSIAN FEDERATION,https://lugradar.net/2022/01/337319,push,magdalena,qwen2.5:7b,0.8,0.8,,,,qwen2.5:72b,,,,,push,magdalena,url_1,2
20220102,40,PRESIDENT,RUSSIA,https://tsn.ua/ru/politika/bayden-i-zelenskiy-proveli-telefonnye-peregovory-chto-izvestno-1945450.html,neutral,,qwen2.5:7b,0.8,0.8,,neutral,No clear migration-related tokens,qwen2.5:72b,,,,,unclear,No clear migration-related tokens,unresolved,2
20220102,41,PRESIDENT,RUSSIA,https://tsn.ua/ru/politika/bayden-i-zelenskiy-proveli-telefonnye-peregovory-chto-izvestno-1945450.html,neutral,,qwen2.5:7b,0.8,0.8,,neutral,No clear migration-related tokens,qwen2.5:72b,,,,,unclear,No clear migration-related tokens,unresolved,2
20220102,41,PRESIDENT,RUSSIA,https://tsn.ua/ru/politika/bayden-i-zelenskiy-proveli-telefonnye-peregovory-chto-izvestno-1945450.html,neutral,,qwen2.5:7b,0.8,0.8,,neutral,No clear migration-related tokens,qwen2.5:72b,,,,,unclear,No clear migration-related tokens,unresolved,2
20220102,10,MINIST OF HEALTH,,https://www.mdzol.com/sociedad/2022/1/2/coronavirus-en-argentina-mas-de-20000-casos-23-fallecidos-212523.html,neutral,,qwen2.5:7b,0.8,0.8,,push,"coronavirus, deceased (cases, deaths)",qwen2.5:72b,,,,,push,"coronavirus, deceased (cases, deaths)",url_2,2
20220102,10,DOCTOR,,https://pronedra.ru/v21-pervye-pervye-simptomy-pnevmonii-pomogut-svoevremenno-nachat-lechenie-i-soxranit-zhizn-439639.html,neutral,,qwen2.5:7b,0.8,0.8,,neutral,No clear migration-related tokens,qwen2.5:72b,,,,,unclear,No clear migration-related tokens,unresolved,2
20220102,13,HOSPITAL,,https://pronedra.ru/v21-pervye-pervye-simptomy-pnevmonii-pomogut-svoevremenno-nachat-lechenie-i-soxranit-zhizn-439639.html,neutral,,qwen2.5:7b,0.8,0.8,,neutral,No clear migration-related tokens,qwen2.5:72b,,,,,unclear,No clear migration-related tokens,unresolved,2
20220102,193,DOCTOR,POLICE OFFICER,https://pronedra.ru/v21-pervye-pervye-simptomy-pnevmonii-pomogut-svoevremenno-nachat-lechenie-i-soxranit-zhizn-439639.html,neutral,,qwen2.5:7b,0.8,0.8,,neutral,No clear migration-related tokens,qwen2.5:72b,,,,,unclear,No clear migration-related tokens,unresolved,2
20220102,193,DOCTOR,POLICE OFFICER,https://www.mngz.ru/russia-world-sensation/2463989-v-gorode-rezh-sotrudnikami-sledstvennogo-komiteta-vozbuzhdeno-ugolovnoe-delo-po-faktu-ubiystva-iz-revnosti-medic.html,push,"repression, crime",qwen2.5:7b,0.8,0.8,,,,qwen2.5:72b,,,,,push,"repression, crime",url_1,2
20220102,193,DOCTOR,POLICE OFFICER,https://www.mngz.ru/russia-world-sensation/2463989-v-gorode-rezh-sotrudnikami-sledstvennogo-komiteta-vozbuzhdeno-ugolovnoe-delo-po-faktu-ubiystva-iz-revnosti-medic.html,push,"repression, crime",qwen2.5:7b,0.8,0.8,,,,qwen2.5:72b,,,,,push,"repression, crime",url_1,2
20220102,172,HAITI,,https://www.diariolibre.com/actualidad/sucesos/2022/01/02/acusan-ganaderos-de-provocar-incendios-en-sierra-de-bahoruco/1563459,neutral,"incidents, ranchers",qwen2.5:7b,0.8,0.8,,push,incendios (fires) may cause displacement,qwen2.5:72b,,,,,push,incendios (fires) may cause displacement,url_2,2
20220102,90,THE EUROPEAN UNION,,https://lugradar.net/2022/01/337336,unclear,ambiguous URL,qwen2.5:7b,0.8,0.8,,unclear,"URL too short, generic, ID-like",qwen2.5:72b,,,,,unclear,ambiguous URL,unresolved,2
20220102,43,UNITED NATIONS,,http://www.hispantv.com/noticias/palestina/535010/preso-israel-huelga-hambre,push,"prison, hunger strike",qwen2.5:7b,0.8,0.8,,,,qwen2.5:72b,,,,,push,"prison, hunger strike",url_1,2
20220102,20,ISRAELI,WORKER,https://g1.globo.com/mundo/noticia/2022/01/02/israel-comeca-a-aplicar-quarta-dose-da-vacina-contra-a-covid.ghtml,neutral,vaccination campaign,qwen2.5:7b,0.8,0.8,,neutral,No clear migration-related tokens,qwen2.5:72b,,,,,unclear,vaccination campaign,unresolved,2
20220102,51,ISRAEL,PALESTINE,http://www.hispantv.com/noticias/palestina/535010/preso-israel-huelga-hambre,push,"prison, hunger strike",qwen2.5:7b,0.8,0.8,,,,qwen2.5:72b,,,,,push,"prison, hunger strike",url_1,2
20220102,53,ISRAEL,PALESTINE,http://www.hispantv.com/noticias/palestina/535010/preso-israel-huelga-hambre,push,"prison, hunger strike",qwen2.5:7b,0.8,0.8,,,,qwen2.5:72b,,,,,push,"prison, hunger strike",url_1,2
20220102,142,ISRAEL,PALESTINE,http://www.hispantv.com/noticias/palestina/535010/preso-israel-huelga-hambre,push,"prison, hunger strike",qwen2.5:7b,0.8,0.8,,,,qwen2.5:72b,,,,,push,"prison, hunger strike",url_1,2
20220102,42,JORDAN,,https://alghad.com/%D9%85%D8%B9%D8%B1%D8%B6-%D8%A3%D8%B1%D8%AF%D9%86%D9%8A-%D9%84%D9%84%D8%AA%D8%AC%D8%A7%D8%B1%D8%A9-%D9%88%D8%A7%D9%84%D8%AE%D8%AF%D9%85%D8%A7%D8%AA-%D9%8A%D9%86%D8%B7%D9%84%D9%82-%D9%81%D9%8A-%D8%B3/,neutral,"travel, health issues",qwen2.5:7b,0.8,0.8,,push,"displacement, crisis (منزلق في س)",qwen2.5:72b,,,,,push,"displacement, crisis (slider in x)",url_2,2
20220102,234,FEDERAL COURT,,https://www.elmanana.com/cae-ex-rector-de-la-uabjo-por-fraude/5475695,neutral,former-rector-of-uabjo-falls-for-fraud,qwen2.5:7b,0.8,0.8,,neutral,No clear migration-related tokens,qwen2.5:72b,,,,,unclear,former-rector-of-uabjo-falls-for-fraud,unresolved,2
20220102,84,JUDGE,,https://www.vesti-online.com/stopiran-otkaz-za-nevakcinisanog-cuvara-reda/,neutral,suspended-dismissal-for-unvaccinated-security-guard,qwen2.5:7b,0.8,0.8,,neutral,No clear migration-related tokens,qwen2.5:72b,,,,,unclear,suspended-dismissal-for-unvaccinated-security-guard,unresolved,2
20220102,173,PUBLIC PROSECUTOR,,https://www.hoydiariodelmagdalena.com.co/archivos/613776,neutral,files/613776,qwen2.5:7b,0.8,0.8,,unclear,"URL too short, generic, ID-like",qwen2.5:72b,,,,,unclear,files/613776,unresolved,2
20220102,10,LAWYER,MELBOURNE,https://www.vesti-online.com/samo-pisani-testament-je-vazeci/,neutral,only-the-written-testament-is-valid,qwen2.5:7b,0.8,0.8,,neutral,No clear migration-related tokens,qwen2.5:72b,,,,,unclear,only-the-written-testament-is-valid,unresolved,2
20220102,114,PUBLIC PROSECUTOR,OAXACA,https://oaxaca.eluniversal.com.mx/municipios/denuncian-ante-el-ieepco-edil-de-ocotlan-oaxaca-por-violencia-politica-de-genero,neutral,they denounce-before-the-edil-ieepco-of-ocotlan-oaxaca-for-gender-political-violence,qwen2.5:7b,0.8,0.8,,neutral,No clear migration-related tokens,qwen2.5:72b,,,,,unclear,they denounce-before-the-edil-ieepco-of-ocotlan-oaxaca-for-gender-political-violence,unresolved,2
20220102,112,LAWYER,UNITED STATES,https://www.diariolibre.com/usa/revista/2022/01/02/juez-impide-que-bloqueo-de-demanda-contra-el-principe-andres/1563621,neutral,judge-prevents-blocking-of-lawsuit-against-prince-andres,qwen2.5:7b,0.8,0.8,,neutral,No clear migration-related tokens,qwen2.5:72b,,,,,unclear,judge-prevents-blocking-of-lawsuit-against-prince-andres,unresolved,2
20220102,30,EMPLOYEE,,https://es.investing.com/news/stock-market-news/goldman-sachs-pide-a-sus-empleados-estadounidenses-que-trabajen-desde-casa-hasta-el-18-de-enero-2199115,neutral,goldman-sachs-asks-its-us-employees-to-work-from-home-until-january-18-2199115,qwen2.5:7b,0.8,0.8,,pull,"American-employees, work, home (remote work opportunity)",qwen2.5:72b,,,,,pull,"American-employees, work, home (remote work opportunity)",url_2,2
20220102,10,CONGRESS,,https://www.telemundo.com/noticias/noticias-telemundo/clima/no-esto-no-es-una-broma-llovieron-peces-en-texas-poco-antes-de-fin-de-rcna10639,neutral,no-this-is-not-a-joke-it rained-fish-in-texas-shortly-before-the-end-of-rcna10639,qwen2.5:7b,0.8,0.8,,neutral,No clear migration-related tokens,qwen2.5:72b,,,,,unclear,no-this-is-not-a-joke-it rained-fish-in-texas-shortly-before-the-end-of-rcna10639,unresolved,2
20220102,10,STATE DUMA,,https://www.ridus.ru/news/370096,neutral,370096,qwen2.5:7b,0.8,0.8,,unclear,"URL too short, generic, ID-like, or ambiguous",qwen2.5:72b,,,,,unclear,370096,unresolved,2
20220102,83,SENATE,,https://sipse.com/mexico/las-breves-del-senado-inclusion-y-derechos-de-las-personas-sordas-415533.html,neutral,the-briefs-of-the-senate-inclusion-and-rights-of-deaf-persons-415533.html,qwen2.5:7b,0.8,0.8,,neutral,"inclusion, rights, deaf (no migration-related tokens)",qwen2.5:72b,,,,,unclear,the-briefs-of-the-senate-inclusion-and-rights-of-deaf-persons-415533.html,unresolved,2
20220102,13,MEXICO,,https://sipse.com/mexico/isste-se-prepara-para-la-cuarta-ola-de-la-pandemia-por-covid-19-en-mexico-415544.html,neutral,"pandemia, no direct migration pressure",qwen2.5:7b,0.8,0.8,,push,"pandemic, fourth wave (crisis condition)",qwen2.5:72b,,,,,push,"pandemic, fourth wave (crisis condition)",url_2,2
20220102,190,COMMANDER,,https://www.antaranews.com/berita/2620221/dilan-series-gelar-audisi-terbuka-untuk-cari-pemain,neutral,"audisi, no clear migration context",qwen2.5:7b,0.8,0.8,,neutral,"open auditions, looking for players (no migration-related tokens)",qwen2.5:72b,,,,,unclear,"audisi, no clear migration context",unresolved,2
20220102,17,COMMANDER,ISLAMIC,http://www.hispantv.com/noticias/siria/535008/iran-siria-relaciones-cooperacion,push,"covid-19, pandemic may cause displacement",qwen2.5:7b,0.8,0.8,,,,qwen2.5:72b,,,,,push,"covid-19, pandemic may cause displacement",url_1,2
20220102,17,COMMANDER,ISLAMIC,http://www.hispantv.com/noticias/siria/535008/iran-siria-relaciones-cooperacion,push,"covid-19, pandemic may cause displacement",qwen2.5:7b,0.8,0.8,,,,qwen2.5:72b,,,,,push,"covid-19, pandemic may cause displacement",url_1,2
20220102,195,FIGHTER PLANE,SAUDI,http://www.hispantv.com/noticias/yemen/535011/ataque-saudi-mezquita-muertos,push,"ataque, conflict or violence may push people out",qwen2.5:7b,0.8,0.8,,,,qwen2.5:72b,,,,,push,"ataque, conflict or violence may push people out",url_1,2
20220102,195,FIGHTER PLANE,SAUDI,http://www.hispantv.com/noticias/yemen/535011/ataque-saudi-mezquita-muertos,push,"ataque, conflict or violence may push people out",qwen2.5:7b,0.8,0.8,,,,qwen2.5:72b,,,,,push,"ataque, conflict or violence may push people out",url_1,2
20220102,195,FIGHTER PLANE,SAUDI,http://www.hispantv.com/noticias/yemen/535011/ataque-saudi-mezquita-muertos,push,"ataque, conflict or violence may push people out",qwen2.5:7b,0.8,0.8,,,,qwen2.5:72b,,,,,push,"ataque, conflict or violence may push people out",url_1,2
20220102,70,MILITARY POLICE,,https://g1.globo.com/sp/santos-regiao/noticia/2022/01/02/prefeito-de-peruibe-critica-atuacao-da-policia-militar-contra-pancadoes-no-reveillon-caos-na-seguranca.ghtml,neutral,"military police, in clear migration context",qwen2.5:7b,0.8,0.8,,push,"criticism, military police, beatings, chaos, security (crisis condition)",qwen2.5:72b,,,,,push,"criticism, military police, beatings, chaos, security (crisis condition)",url_2,2
20220102,20,NAVAL,AMBASSADOR,https://sipse.com/mexico/las-breves-del-senado-inclusion-y-derechos-de-las-personas-sordas-415533.html,neutral,"pancadoes, no clear migration context",qwen2.5:7b,0.8,0.8,,neutral,"inclusion, rights, deaf (no migration-related tokens)",qwen2.5:72b,,,,,unclear,"pancadoes, no clear migration context",unresolved,2
20220102,20,GOLDMAN SACHS,AMERICAN,https://es.investing.com/news/stock-market-news/goldman-sachs-pide-a-sus-empleados-estadounidenses-que-trabajen-desde-casa-hasta-el-18-de-enero-2199115,neutral,"trabajen desde casa, work from home, not related to migration pressure",qwen2.5:7b,0.8,0.8,,neutral,No clear migration-related tokens,qwen2.5:72b,,,,,unclear,"trabajen desde casa, work from home, not related to migration pressure",unresolved,2
20220102,20,VERIZON,REUTERS,https://es.investing.com/news/stock-market-news/presidentes-ejecutivos-de-att-y-verizon-rechazan-peticion-de-eeuu-de-retrasar-despliegue-del-5g-2199124,neutral,no clear migration-related tokens,qwen2.5:7b,0.8,0.8,,neutral,No clear migration-related tokens,qwen2.5:72b,,,,,unclear,no clear migration-related tokens,unresolved,2
20220102,120,VERIZON,REUTERS,https://es.investing.com/news/stock-market-news/presidentes-ejecutivos-de-att-y-verizon-rechazan-peticion-de-eeuu-de-retrasar-despliegue-del-5g-2199124,neutral,no clear migration-related tokens,qwen2.5:7b,0.8,0.8,,neutral,No clear migration-related tokens,qwen2.5:72b,,,,,unclear,no clear migration-related tokens,unresolved,2
20220102,113,PROTESTER,,http://lratvakan.com/news/76958.html,unclear,URL too short or generic,qwen2.5:7b,0.8,0.8,,unclear,"URL too short, generic, ID-like, or ambiguous",qwen2.5:72b,,,,,unclear,URL too short or generic,unresolved,2
20220102,113,PROTESTER,,https://lugradar.net/2022/01/337334,unclear,URL too short or generic,qwen2.5:7b,0.8,0.8,,unclear,"URL too short, generic, ID-like, or ambiguous",qwen2.5:72b,,,,,unclear,URL too short or generic,unresolved,2
20220102,112,DETAINEE,BELARUSIAN,http://www.kvir.ru/author/andre-galinin/,neutral,no clear migration-related tokens,qwen2.5:7b,0.8,0.8,,unclear,"URL too short, generic, ID-like, or ambiguous",qwen2.5:72b,,,,,unclear,no clear migration-related tokens,unresolved,2
20220102,190,DETAINEE,BELARUSIAN,http://www.kvir.ru/author/andre-galinin/,neutral,no clear migration-related tokens,qwen2.5:7b,0.8,0.8,,unclear,"URL too short, generic, ID-like, or ambiguous",qwen2.5:72b,,,,,unclear,no clear migration-related tokens,unresolved,2
20220102,141,DEMONSTRATOR,CALGARY,https://www.journaldemontreal.com/2022/01/02/manifestations-anti-covid-un-pasteur-et-son-frere-arretes-par-calgary,unclear,URL too short or generic,qwen2.5:7b,0.8,0.8,,neutral,No clear migration-related tokens,qwen2.5:72b,,,,,unclear,URL too short or generic,unresolved,2
20220102,145,PROTESTER,SECURITY FORCE,https://www.expressen.se/nyheter/efter-protesterna--sudans-premiarminister-avgar/,unclear,URL too short or generic,qwen2.5:7b,0.8,0.8,,push,protesterna signals conditions that may cause people to leave,qwen2.5:72b,,,,,push,protesterna signals conditions that may cause people to leave,url_2,2
20220102,190,ACTIVIST,POLICE,http://lratvakan.com/news/76958.html,neutral,no clear migration-related tokens,qwen2.5:7b,0.8,0.8,,unclear,"URL too short, generic, ID-like, or ambiguous",qwen2.5:72b,,,,,unclear,no clear migration-related tokens,unresolved,2
20220102,42,DEMONSTRATOR,GOVERNMENT,https://lugradar.net/2022/01/337334,neutral,no clear migration-related tokens,qwen2.5:7b,0.8,0.8,,unclear,URL too short; no clear migration-related tokens,qwen2.5:72b,,,,,unclear,no clear migration-related tokens,unresolved,2
20220102,46,DEMONSTRATOR,MINIST,https://www.journaldemontreal.com/2022/01/02/manifestations-anti-covid-un-pasteur-et-son-frere-arretes-par-calgary,push,anti-covid manifestations,qwen2.5:7b,0.8,0.8,,,,qwen2.5:72b,,,,,push,anti-covid manifestations,url_1,2
20220102,145,DEMONSTRATOR,GOVERNMENT,http://lratvakan.com/news/76958.html,unclear,,qwen2.5:7b,0.8,0.8,,unclear,URL too short; no clear migration-related tokens,qwen2.5:72b,,,,,unclear,URL too short; no clear migration-related tokens,unresolved,2
20220102,145,DEMONSTRATOR,GOVERNMENT,https://lugradar.net/2022/01/337334,neutral,,qwen2.5:7b,0.8,0.8,,unclear,URL too short; no clear migration-related tokens,qwen2.5:72b,,,,,unclear,URL too short; no clear migration-related tokens,unresolved,2
20220102,130,PRISONER,TEL AVIV,http://www.hispantv.com/noticias/palestina/535010/preso-israel-huelga-hambre,push,Israeli prisoner hunger strike,qwen2.5:7b,0.8,0.8,,,,qwen2.5:72b,,,,,push,Israeli prisoner hunger strike,url_1,2
20220102,20,ACTIVIST,NATIONAL ASSEMBLY,http://lratvakan.com/news/76958.html,unclear,,qwen2.5:7b,0.8,0.8,,unclear,URL too short; no clear migration-related tokens,qwen2.5:72b,,,,,unclear,URL too short; no clear migration-related tokens,unresolved,2
20220102,20,ACTIVIST,NATIONAL ASSEMBLY,https://lugradar.net/2022/01/337334,neutral,,qwen2.5:7b,0.8,0.8,,unclear,URL too short; no clear migration-related tokens,qwen2.5:72b,,,,,unclear,URL too short; no clear migration-related tokens,unresolved,2
20220102,42,MACHU PICCHU,,https://www.segnidalcielo.it/peru-un-turista-fotografa-un-ufo-sullantica-citta-di-machu-picchu/,neutral,,qwen2.5:7b,0.8,0.8,,neutral,No migration-related tokens found,qwen2.5:72b,,,,,unclear,No migration-related tokens found,unresolved,2
20220102,20,POLAND,UKRAINIAN,https://www.volynnews.com/news/all/chomu-v-polshchi-vse-chastishe-napadaiut-na-zarobitchan-z-ukrayiny/,push,napadaiut na zarobitchan z-ukrayiny,qwen2.5:7b,0.8,0.8,,,,qwen2.5:72b,,,,,push,napadaiut na zarobitchan z-ukrayiny,url_1,2
20220102,20,POLAND,UKRAINIAN,https://www.volynnews.com/news/all/chomu-v-polshchi-vse-chastishe-napadaiut-na-zarobitchan-z-ukrayiny/,push,napadaiut na zarobitchan z-ukrayiny,qwen2.5:7b,0.8,0.8,,,,qwen2.5:72b,,,,,push,napadaiut na zarobitchan z-ukrayiny,url_1,2
20220102,90,POLISH,UKRAINIAN,https://www.volynnews.com/news/all/chomu-v-polshchi-vse-chastishe-napadaiut-na-zarobitchan-z-ukrayiny/,push,napadaiut na zarobitchan z-ukrayiny,qwen2.5:7b,0.8,0.8,,,,qwen2.5:72b,,,,,push,napadaiut na zarobitchan z-ukrayiny,url_1,2
20220102,90,POLISH,UKRAINIAN,https://www.volynnews.com/news/all/chomu-v-polshchi-vse-chastishe-napadaiut-na-zarobitchan-z-ukrayiny/,push,zarobitchan-z-ukrayiny,qwen2.5:7b,0.8,0.8,,,,qwen2.5:72b,,,,,push,zarobitchan-z-ukrayiny,url_1,2
20220102,20,POLAND,UKRAINIAN,https://www.volynnews.com/news/all/chomu-v-polshchi-vse-chastishe-napadaiut-na-zarobitchan-z-ukrayiny/,push,zarobitchan-z-ukrayiny,qwen2.5:7b,0.8,0.8,,,,qwen2.5:72b,,,,,push,zarobitchan-z-ukrayiny,url_1,2
20220102,90,POLISH,UKRAINIAN,https://www.volynnews.com/news/all/chomu-v-polshchi-vse-chastishe-napadaiut-na-zarobitchan-z-ukrayiny/,push,zarobitchan-z-ukrayiny,qwen2.5:7b,0.8,0.8,,,,qwen2.5:72b,,,,,push,zarobitchan-z-ukrayiny,url_1,2
20220102,90,POLAND,UKRAINE,https://www.volynnews.com/news/all/chomu-v-polshchi-vse-chastishe-napadaiut-na-zarobitchan-z-ukrayiny/,push,zarobitchan-z-ukrayiny,qwen2.5:7b,0.8,0.8,,,,qwen2.5:72b,,,,,push,zarobitchan-z-ukrayiny,url_1,2
20220102,43,LISBON,GERMAN,https://naslovi.net/2022-01-03/blic/zarobljeni-u-luci-nemacki-kruzer-usidren-do-daljeg-u-lisabonu-zbog-izbijanja-epidemije-korona-virusa/29657724,neutral,ne contains clear migration-related tokens,qwen2.5:7b,0.8,0.8,,push,corona virus epidemic (health crisis causing movement),qwen2.5:72b,,,,,push,corona virus epidemic (health crisis causing movement),url_2,2
20220102,43,LISBON,GERMAN,https://naslovi.net/2022-01-03/blic/zarobljeni-u-luci-nemacki-kruzer-usidren-do-daljeg-u-lisabonu-zbog-izbijanja-epidemije-korona-virusa/29657724,neutral,ne contains clear migration-related tokens,qwen2.5:7b,0.8,0.8,,push,corona virus epidemic (health crisis causing movement),qwen2.5:72b,,,,,push,epidemije korona virusa (health crisis causing movement),url_2,2
20220102,20,PALESTINIAN,,http://www.hispantv.com/noticias/palestina/535010/preso-israel-huelga-hambre,push,prisoner-israel-hunger-strike,qwen2.5:7b,0.8,0.8,,,,qwen2.5:72b,,,,,push,prisoner-israel-hunger-strike,url_1,2
20220102,1831,SUICIDE BOMBER,KABUL,https://www.journaldemontreal.com/2022/01/02/en-afghanistan-les-femmes-victimes-de-violences-abandonnees-a-leur-sort-1,pull,women-victims-of-violence-abandoned-to-their-fate,qwen2.5:7b,0.8,0.8,,,,qwen2.5:72b,,,,,pull,femmes-victimes-de-violences-abandonnees-a-leur-sort,url_1,2
20220102,42,SAINT,,https://g1.globo.com/sp/santos-regiao/porto-mar/noticia/2022/01/02/anvisa-reforca-urgencia-em-acabar-com-temporada-de-cruzeiros-e-fala-em-risco-a-saude-publica.ghtml,neutral,no clear migration-related tokens,qwen2.5:7b,0.8,0.8,,push,risco a saude publica (public health risk pushing people away),qwen2.5:72b,,,,,push,risco a saude publica (public health risk pushing people away),url_2,2
20220102,14,ROMANIA,,https://ziare.com/sorin-grindeanu/grindeanu-acuzatii-drula-autostrada-brasov-ploiesti-licitatie-studiu-fezabilitate-1718214,neutral,no clear migration-related tokens,qwen2.5:7b,0.8,0.8,,neutral,No migration-related tokens found,qwen2.5:72b,,,,,unclear,no clear migration-related tokens,unresolved,2
20220102,130,RUSSIAN,EGYPTIAN,https://aif.ru/society/genkonsulstvo_rf_v_hurgade_predupredilo_o_zaderzhkah_reysov_iz-za_nepogody,neutral,bad weather (shatner),qwen2.5:7b,0.8,0.8,,neutral,no clear migration-related tokens,qwen2.5:72b,,,,,unclear,bad weather (shatner),unresolved,2
20220102,46,RUSSIA,TURKEY,https://www.geopolitica.ru/news/putin-i-erdogan-obsudili-garantii-bezopasnosti-mezhdu-rf-i-nato,neutral,discussed security guarantees (discussd safety garantes),qwen2.5:7b,0.8,0.8,,neutral,no clear migration-related tokens,qwen2.5:72b,,,,,unclear,discussed security guarantees (discussd safety garantes),unresolved,2
20220102,112,RUSSIA,UKRAINE,https://www.cas.sk/cl/1003185/2626559/biden-telefonoval-s-ukrajinskym-prezidentom-usa-budu-na-rusku-invaziu-reagovat,push,react to invasion,qwen2.5:7b,0.8,0.8,,,,qwen2.5:72b,,,,,push,invaziu reagovat (react to invasion),url_1,2
20220102,120,RUSSIA,UKRAINE,https://www.cas.sk/cl/1003185/2626559/biden-telefonoval-s-ukrajinskym-prezidentom-usa-budu-na-rusku-invaziu-reagovat,push,react to invasion,qwen2.5:7b,0.8,0.8,,,,qwen2.5:72b,,,,,push,react to invasion,url_1,2
20220102,120,RUSSIA,UKRAINE,https://www.cas.sk/cl/1003185/2626559/biden-telefonoval-s-ukrajinskym-prezidentom-usa-budu-na-rusku-invaziu-reagovat,push,react to invasion,qwen2.5:7b,0.8,0.8,,,,qwen2.5:72b,,,,,push,invaziu reagovat (react to invasion),url_1,2
20220102,46,VLADIMIR,JOE BIDEN,https://gazeta.ua/articles/politics/_rozmova-zelenskogo-ta-bajdena-pro-scho-govorili-lideri/1065472,neutral,rozmova zelenskogo ta baydena (conversation between Zelensky and Biden),qwen2.5:7b,0.8,0.8,,neutral,no clear migration-related tokens,qwen2.5:72b,,,,,unclear,rozmova zelenskogo ta baydena (conversation between Zelensky and Biden),unresolved,2
20220102,40,RUSSIA,PRESIDENT,https://tsn.ua/ru/politika/bayden-i-zelenskiy-proveli-telefonnye-peregovory-chto-izvestno-1945450.html,neutral,negotiations what is known (kalls vnat knovn),qwen2.5:7b,0.8,0.8,,neutral,no clear migration-related tokens,qwen2.5:72b,,,,,unclear,negotiations what is known (kalls vnat knovn),unresolved,2
20220102,195,SAUDI,,http://www.hispantv.com/noticias/yemen/535011/ataque-saudi-mezquita-muertos,push,"Saudi attack on mosque, deaths",qwen2.5:7b,0.8,0.8,,,,qwen2.5:72b,,,,,push,"Saudi attack on mosque, deaths",url_1,2
20220102,195,SAUDI,SAUDI ARABIA,http://www.hispantv.com/noticias/yemen/535011/ataque-saudi-mezquita-muertos,push,"Saudi attack on mosque, deaths",qwen2.5:7b,0.8,0.8,,,,qwen2.5:72b,,,,,push,"Saudi attack on mosque, deaths",url_1,2
20220102,180,SENEGAL,,https://www.elmundo.es/comunidad-valenciana/castellon/2022/01/02/61d1ffb121efa045798b4589.html,neutral,no clear migration-related tokens,qwen2.5:7b,0.8,0.8,,unclear,"URL too short, generic, ID-like, or ambiguous",qwen2.5:72b,,,,,unclear,no clear migration-related tokens,unresolved,2
20220102,172,SYRIAN,,https://correio.rac.com.br/agencias/agencia-estado/2022/01/1153709-israel-aprova-plano-para-dobrar-numero-de-colonos-nas-colinas-do-golan.html,push,settlers-in-the-golan-hills,qwen2.5:7b,0.8,0.8,,,,qwen2.5:72b,,,,,push,settlers-in-the-golan-hills,url_1,2
20220102,193,ADANA,POLICE,https://www.ensonhaber.com/3-sayfa/adanada-silahli-kavgaya-mudahale-eden-polis-vuruldu,neutral,The police officer who intervened in the armed fight in Adana was shot,qwen2.5:7b,0.8,0.8,,neutral,No clear migration-related tokens,qwen2.5:72b,,,,,unclear,The police officer who intervened in the armed fight in Adana was shot,unresolved,2
20220102,41,TURKEY,RUSSIA,https://www.geopolitica.ru/news/putin-i-erdogan-obsudili-garantii-bezopasnosti-mezhdu-rf-i-nato,neutral,putin i erdogan obsudili garantii bezopasnosti mezhetrf-i-nato,qwen2.5:7b,0.8,0.8,,neutral,No clear migration-related tokens,qwen2.5:72b,,,,,unclear,Putin and Erdogan discussed security guarantees between the ERF and NATO,unresolved,2
20220102,46,TURKEY,RUSSIA,https://www.geopolitica.ru/news/putin-i-erdogan-obsudili-garantii-bezopasnosti-mezhdu-rf-i-nato,neutral,Putin and Erdogan discussed security guarantees between the ERF and NATO,qwen2.5:7b,0.8,0.8,,neutral,No clear migration-related tokens,qwen2.5:72b,,,,,unclear,Putin and Erdogan discussed security guarantees between the ERF and NATO,unresolved,2
20220102,46,TURKEY,RUSSIA,https://www.geopolitica.ru/news/putin-i-erdogan-obsudili-garantii-bezopasnosti-mezhdu-rf-i-nato,neutral,Putin and Erdogan discussed security guarantees between the ERF and NATO,qwen2.5:7b,0.8,0.8,,neutral,No clear migration-related tokens,qwen2.5:72b,,,,,unclear,Putin and Erdogan discussed security guarantees between the ERF and NATO,unresolved,2
20220102,50,UKRAINE,,https://www.lematin.ch/story/joe-biden-assure-au-president-ukrainien-de-son-soutien-face-a-la-russie-753628635749,neutral,Joe Biden assures the Ukrainian President of his support against Russia,qwen2.5:7b,0.8,0.8,,pull,support implies aid,qwen2.5:72b,,,,,pull,soutien (support) implies aid,url_2,2
20220102,51,UKRAINE,,https://www.volynnews.com/news/all/chomu-v-polshchi-vse-chastishe-napadaiut-na-zarobitchan-z-ukrayiny/,push,zarobitchan-z-ukrayiny,qwen2.5:7b,0.8,0.8,,,,qwen2.5:72b,,,,,push,zarobitchan-z-ukrayiny,url_1,2
20220102,51,UKRAINE,,https://www.volynnews.com/news/all/chomu-v-polshchi-vse-chastishe-napadaiut-na-zarobitchan-z-ukrayiny/,push,zarobitchan-z-ukrayiny,qwen2.5:7b,0.8,0.8,,,,qwen2.5:72b,,,,,push,zarobitchan-z-ukrayiny,url_1,2
20220102,173,UKRAINIAN,,https://kosice.korzar.sme.sk/c/22812499/rusi-12-rokov-patrali-po-ukrajincovi-obvinenom-z-vrazdy-uz-je-v-kosickej-vaznici.html,neutral,"Russians have been looking for a Ukrainian accused of murder for 12 years, he is already in the Kosice purlin",qwen2.5:7b,0.8,0.8,,neutral,No clear migration-related tokens,qwen2.5:72b,,,,,unclear,"Russians have been looking for a Ukrainian accused of murder for 12 years, he is already in the Kosice purlin",unresolved,2
20220102,173,UKRAINE,CHINA,https://kosice.korzar.sme.sk/c/22812499/rusi-12-rokov-patrali-po-ukrajincovi-obvinenom-z-vrazdy-uz-je-v-kosickej-vaznici.html,neutral,The Russians have been looking for a Ukrainian accused of murder for 12 years. There is already a deadlock in Kosice,qwen2.5:7b,0.8,0.8,,neutral,No clear migration-related tokens,qwen2.5:72b,,,,,unclear,The Russians have been looking for a Ukrainian accused of murder for 12 years. There is already a deadlock in Kosice,unresolved,2
20220102,190,UKRAINE,CHINA,https://kosice.korzar.sme.sk/c/22812499/rusi-12-rokov-patrali-po-ukrajincovi-obvinenom-z-vrazdy-uz-je-v-kosickej-vaznici.html,push,they were looking for a Ukrainian accused of murder,qwen2.5:7b,0.8,0.8,,,,qwen2.5:72b,,,,,push,they were looking for a Ukrainian accused of murder,url_1,2
20220102,51,UKRAINE,RUSSIA,https://www.lematin.ch/story/joe-biden-assure-au-president-ukrainien-de-son-soutien-face-a-la-russie-753628635749,neutral,lematin.ch/story/joe-biden-assure-au-president-ukrainien-de-son-soutien-face-a-la-russie,qwen2.5:7b,0.8,0.8,,push,facing-russia (war pressure on Ukraine),qwen2.5:72b,,,,,push,face-a-la-russie (war pressure on Ukraine),url_2,2
20220102,32,UKRAINE,RUSSIA,https://www.lematin.ch/story/joe-biden-assure-au-president-ukrainien-de-son-soutien-face-a-la-russie-753628635749,neutral,lematin.ch/story/joe-biden-assure-au-president-ukrainien-de-son-soutien-face-a-la-russie,qwen2.5:7b,0.8,0.8,,push,face-a-la-russie (war pressure on Ukraine),qwen2.5:72b,,,,,push,facing-russia (war pressure on Ukraine),url_2,2
20220102,51,UKRAINE,RUSSIA,https://www.lematin.ch/story/joe-biden-assure-au-president-ukrainien-de-son-soutien-face-a-la-russie-753628635749,neutral,lematin.ch/story/joe-biden-assure-au-president-ukrainien-de-son-soutien-face-a-la-russie,qwen2.5:7b,0.8,0.8,,push,face-a-la-russie (war pressure on Ukraine),qwen2.5:72b,,,,,push,facing-russia (war pressure on Ukraine),url_2,2
20220102,51,UKRAINE,RUSSIA,https://www.lematin.ch/story/joe-biden-assure-au-president-ukrainien-de-son-soutien-face-a-la-russie-753628635749,neutral,lematin.ch/story/joe-biden-assure-au-president-ukrainien-de-son-soutien-face-a-la-russie,qwen2.5:7b,0.8,0.8,,pull,soutien (support) implies aid to Ukraine,qwen2.5:72b,,,,,pull,soutien (support) implies aid to Ukraine,url_2,2
20220102,32,UKRAINE,UKRAINE,https://www.lematin.ch/story/joe-biden-assure-au-president-ukrainien-de-son-soutien-face-a-la-russie-753628635749,neutral,lematin.ch/story/joe-biden-assure-au-president-ukrainien-de-son-soutien-face-a-la-russie,qwen2.5:7b,0.8,0.8,,pull,soutien (support) implies aid to Ukraine,qwen2.5:72b,,,,,pull,soutien (support) implies aid to Ukraine,url_2,2
20220102,50,UKRAINE,UKRAINE,https://www.lematin.ch/story/joe-biden-assure-au-president-ukrainien-de-son-soutien-face-a-la-russie-753628635749,neutral,lematin.ch/story/joe-biden-assure-au-president-ukrainien-de-son-soutien-face-a-la-russie,qwen2.5:7b,0.8,0.8,,pull,soutien (support) implies aid to Ukraine,qwen2.5:72b,,,,,pull,soutien (support) implies aid to Ukraine,url_2,2
20220102,50,UKRAINE,UKRAINE,https://www.lematin.ch/story/joe-biden-assure-au-president-ukrainien-de-son-soutien-face-a-la-russie-753628635749,neutral,lematin.ch/story/joe-biden-assure-au-president-ukrainien-de-son-soutien-face-a-la-russie,qwen2.5:7b,0.8,0.8,,pull,soutien (support) implies aid to Ukraine,qwen2.5:72b,,,,,pull,soutien (support) implies aid to Ukraine,url_2,2
20220102,51,UKRAINE,UKRAINE,https://www.lematin.ch/story/joe-biden-assure-au-president-ukrainien-de-son-soutien-face-a-la-russie-753628635749,neutral,lematin.ch/story/joe-biden-assure-au-president-ukrainien-de-son-soutien-face-a-la-russie,qwen2.5:7b,0.8,0.8,,pull,soutien (support) implies aid to Ukraine,qwen2.5:72b,,,,,pull,soutien (support) implies aid to Ukraine,url_2,2
20220102,41,UKRAINE,UNITED STATES,https://gazeta.ua/articles/politics/_rozmova-zelenskogo-ta-bajdena-pro-scho-govorili-lideri/1065472,push,rozmova-zelenskogo-ta-baidena-pro-scho-spoken-leaders,qwen2.5:7b,0.8,0.8,,,,qwen2.5:72b,,,,,push,rozmova-zelenskogo-ta-baidena-pro-scho-spoken-leaders,url_1,2
20220102,41,UKRAINE,UNITED STATES,https://gazeta.ua/articles/politics/_rozmova-zelenskogo-ta-bajdena-pro-scho-govorili-lideri/1065472,neutral,no clear migration-related tokens,qwen2.5:7b,0.8,0.8,,neutral,No clear migration-related tokens,qwen2.5:72b,,,,,unclear,no clear migration-related tokens,unresolved,2
20220102,46,UKRAINE,UNITED STATES,https://gazeta.ua/articles/politics/_rozmova-zelenskogo-ta-bajdena-pro-scho-govorili-lideri/1065472,neutral,no clear migration-related tokens,qwen2.5:7b,0.8,0.8,,neutral,No clear migration-related tokens,qwen2.5:72b,,,,,unclear,no clear migration-related tokens,unresolved,2
20220102,46,UKRAINE,UNITED STATES,https://gazeta.ua/articles/politics/_rozmova-zelenskogo-ta-bajdena-pro-scho-govorili-lideri/1065472,neutral,no clear migration-related tokens,qwen2.5:7b,0.8,0.8,,neutral,No clear migration-related tokens,qwen2.5:72b,,,,,unclear,no clear migration-related tokens,unresolved,2
20220102,100,UKRAINIAN,A US,https://naslovi.net/2022-01-03/blic/da-sacuvamo-mir-u-evropi-zelenski-razgovarao-sa-bajdenom-o-akcijama-u-ukrajini-reformi-i-borbama-protiv-oligarha/29657762,neutral,no clear migration-related tokens,qwen2.5:7b,0.8,0.8,,mixed,"reforms, fights against oligarchs (push);keep the peace (pull)",qwen2.5:72b,,,,,mixed,"reforms, fights against oligarchs (push);keep the peace (pull)",url_2,2
20220102,46,UKRAINE,JOE BIDEN,https://gazeta.ua/articles/politics/_rozmova-zelenskogo-ta-bajdena-pro-scho-govorili-lideri/1065472,neutral,no clear migration-related tokens,qwen2.5:7b,0.8,0.8,,neutral,No clear migration-related tokens,qwen2.5:72b,,,,,unclear,no clear migration-related tokens,unresolved,2
20220102,50,UKRAINIAN,RUSSIA,https://www.lematin.ch/story/joe-biden-assure-au-president-ukrainien-de-son-soutien-face-a-la-russie-753628635749,neutral,no clear migration-related tokens,qwen2.5:7b,0.8,0.8,,neutral,No clear migration-related tokens,qwen2.5:72b,,,,,unclear,no clear migration-related tokens,unresolved,2
20220102,51,UKRAINIAN,RUSSIA,https://www.lematin.ch/story/joe-biden-assure-au-president-ukrainien-de-son-soutien-face-a-la-russie-753628635749,neutral,no clear migration-related tokens,qwen2.5:7b,0.8,0.8,,neutral,No clear migration-related tokens,qwen2.5:72b,,,,,unclear,no clear migration-related tokens,unresolved,2
20220102,51,UKRAINIAN,RUSSIA,https://www.lematin.ch/story/joe-biden-assure-au-president-ukrainien-de-son-soutien-face-a-la-russie-753628635749,neutral,no clear migration-related tokens,qwen2.5:7b,0.8,0.8,,neutral,No clear migration-related tokens,qwen2.5:72b,,,,,unclear,no clear migration-related tokens,unresolved,2
20220102,32,UKRAINIAN,UKRAINIAN,https://www.lematin.ch/story/joe-biden-assure-au-president-ukrainien-de-son-soutien-face-a-la-russie-753628635749,neutral,no clear migration-related tokens,qwen2.5:7b,0.8,0.8,,neutral,No clear migration-related tokens,qwen2.5:72b,,,,,unclear,no clear migration-related tokens,unresolved,2
20220102,100,UKRAINIAN,A US,https://naslovi.net/2022-01-03/blic/da-sacuvamo-mir-u-evropi-zelenski-razgovarao-sa-bajdenom-o-akcijama-u-ukrajini-reformi-i-borbama-protiv-oligarha/29657762,neutral,no clear migration-related tokens,qwen2.5:7b,0.8,0.8,,push,war-related token 'akcijama' implies conflict in Ukraine,qwen2.5:72b,,,,,push,war-related token 'akcijama' implies conflict in Ukraine,url_2,2
20220102,12,UNITED STATES,,https://www.telemundo.com/noticias/noticias-telemundo/desastres-naturales/hallan-con-vida-a-uno-de-los-tres-desaparecidos-en-los-incendios-de-co-rcna10641,neutral,missing-in-the-co-fires,qwen2.5:7b,0.8,0.8,,push,incendios; desaparecidos,qwen2.5:72b,,,,,push,fires;missing,url_2,2
20220102,30,THE US,,http://www.kvir.ru/articles/glavnoe-kachestvo-boyca.html,unclear,the main thing is the quality of the fighter.html,qwen2.5:7b,0.8,0.8,,neutral,No clear migration-related tokens,qwen2.5:72b,,,,,unclear,glavnoe-kachestvo-boyca.html,unresolved,2
20220102,36,UNITED STATES,,https://news.online.ua/u-zelenskogo-utochnili-vremya-segodnyashnego-razgovora-s-baydenom_n840515/,neutral,Zelensky-specified-the-time-of-today’s-conversation-with-Biden_n840515/,qwen2.5:7b,0.8,0.8,,neutral,No clear migration-related tokens,qwen2.5:72b,,,,,unclear,Zelensky-specified-the-time-of-today’s-conversation-with-Biden_n840515/,unresolved,2
20220102,30,AMERICAN,UKRAINIAN,https://www.lematin.ch/story/joe-biden-assure-au-president-ukrainien-de-son-soutien-face-a-la-russie-753628635749,pull,support-for-russia,qwen2.5:7b,0.8,0.8,,,,qwen2.5:72b,,,,,pull,support-for-russia,url_1,2
20220102,41,UNITED STATES,UKRAINE,https://gazeta.ua/articles/politics/_rozmova-zelenskogo-ta-bajdena-pro-scho-govorili-lideri/1065472,neutral,rozmova-zelenskogo-ta-baiden-pro-scho-spoken-leaders/1065472,qwen2.5:7b,0.8,0.8,,neutral,No clear migration-related tokens,qwen2.5:72b,,,,,unclear,rozmova-zelenskogo-ta-baiden-pro-scho-spoken-leaders/1065472,unresolved,2
20220102,46,UNITED STATES,UKRAINE,https://gazeta.ua/articles/politics/_rozmova-zelenskogo-ta-bajdena-pro-scho-govorili-lideri/1065472,neutral,rozmova-zelenskogo-ta-baiden-pro-scho-spoken-leaders/1065472,qwen2.5:7b,0.8,0.8,,neutral,No clear migration-related tokens,qwen2.5:72b,,,,,unclear,rozmova-zelenskogo-ta-baiden-pro-scho-spoken-leaders/1065472,unresolved,2
20220102,46,UNITED STATES,UKRAINE,https://gazeta.ua/articles/politics/_rozmova-zelenskogo-ta-bajdena-pro-scho-govorili-lideri/1065472,neutral,rozmova-zelenskogo-ta-baiden-pro-scho-spoken-leaders/1065472,qwen2.5:7b,0.8,0.8,,neutral,No clear migration-related tokens,qwen2.5:72b,,,,,unclear,rozmova-zelenskogo-ta-baiden-pro-scho-spoken-leaders/1065472,unresolved,2
20220102,36,UNITED STATES,THE WHITE HOUSE,https://pronedra.ru/v21-pervye-pervye-simptomy-pnevmonii-pomogut-svoevremenno-nachat-lechenie-i-soxranit-zhizn-439639.html,unclear,v21-the first-first-symptoms-of-pneumonia-will-help-to-start-timely-treatment-and-save-life-439639.html,qwen2.5:7b,0.8,0.8,,neutral,No clear migration-related tokens,qwen2.5:72b,,,,,unclear,v21-the first-first-symptoms-of-pneumonia-will-help-to-start-timely-treatment-and-save-life-439639.html,unresolved,2
20220102,36,THE WHITE HOUSE,,https://pronedra.ru/v21-pervye-pervye-simptomy-pnevmonii-pomogut-svoevremenno-nachat-lechenie-i-soxranit-zhizn-439639.html,unclear,v21-the first-first-symptoms-of-pneumonia-will-help-to-start-timely-treatment-and-save-life-439639.html,qwen2.5:7b,0.8,0.8,,neutral,No clear migration-related tokens,qwen2.5:72b,,,,,unclear,v21-the first-first-symptoms-of-pneumonia-will-help-to-start-timely-treatment-and-save-life-439639.html,unresolved,2
20220102,36,THE WHITE HOUSE,,https://news.online.ua/u-zelenskogo-utochnili-vremya-segodnyashnego-razgovora-s-baydenom_n840515/,neutral,Zelensky-specified-the-time-of-today’s-conversation-with-Biden_n840515/,qwen2.5:7b,0.8,0.8,,neutral,No clear migration-related tokens,qwen2.5:72b,,,,,unclear,Zelensky-specified-the-time-of-today’s-conversation-with-Biden_n840515/,unresolved,2
20220102,41,THE WHITE HOUSE,,https://pronedra.ru/v21-pervye-pervye-simptomy-pnevmonii-pomogut-svoevremenno-nachat-lechenie-i-soxranit-zhizn-439639.html,neutral,no migration-related tokens,qwen2.5:7b,0.8,0.8,,neutral,No clear migration-related tokens,qwen2.5:72b,,,,,unclear,no migration-related tokens,unresolved,2
20220102,90,NASA,,http://www.hispantv.com/noticias/ciencia-tecnologia/535007/nasa-asteroide-psyche,neutral,no migration-related tokens,qwen2.5:7b,0.8,0.8,,neutral,No migration-related tokens found,qwen2.5:72b,,,,,unclear,no migration-related tokens,unresolved,2
20220102,46,JOE BIDEN,VLADIMIR,https://gazeta.ua/articles/politics/_rozmova-zelenskogo-ta-bajdena-pro-scho-govorili-lideri/1065472,neutral,no migration-related tokens,qwen2.5:7b,0.8,0.8,,neutral,No migration-related tokens found,qwen2.5:72b,,,,,unclear,no migration-related tokens,unresolved,2
20220102,30,AMERICAN,UKRAINIAN,https://www.lematin.ch/story/joe-biden-assure-au-president-ukrainien-de-son-soutien-face-a-la-russie-753628635749,push,_rozmova_zelenskogo_ta_bajdena_pro_scho_govorili_leaderi,qwen2.5:7b,0.8,0.8,,,,qwen2.5:72b,,,,,push,_rozmova_zelenskogo_ta_bajdena_pro_scho_govorili_leaderi,url_1,2
20220102,46,JOE BIDEN,UKRAINE,https://gazeta.ua/articles/politics/_rozmova-zelenskogo-ta-bajdena-pro-scho-govorili-lideri/1065472,neutral,no migration-related tokens,qwen2.5:7b,0.8,0.8,,neutral,No migration-related tokens found,qwen2.5:72b,,,,,unclear,no migration-related tokens,unresolved,2
20220102,36,THE WHITE HOUSE,UNITED STATES,https://news.online.ua/u-zelenskogo-utochnili-vremya-segodnyashnego-razgovora-s-baydenom_n840515/,neutral,no migration-related tokens,qwen2.5:7b,0.8,0.8,,neutral,No migration-related tokens found,qwen2.5:72b,,,,,unclear,no migration-related tokens,unresolved,2
20220102,13,VENEZUELAN,VENEZUELA,http://www.hispantv.com/noticias/venezuela/535014/eeuu-confrontacion-dialogos-intervenezolanos,push,usa-confrontation-inter-venezuelan dialogues,qwen2.5:7b,0.8,0.8,,,,qwen2.5:72b,,,,,push,usa-confrontation-inter-venezuelan dialogues,url_1,2
20220102,111,VENEZUELAN,VENEZUELA,http://www.hispantv.com/noticias/venezuela/535014/eeuu-confrontacion-dialogos-intervenezolanos,push,usa-confrontation-inter-venezuelan dialogues,qwen2.5:7b,0.8,0.8,,,,qwen2.5:72b,,,,,push,usa-confrontation-inter-venezuelan dialogues,url_1,2
20220102,111,VENEZUELAN,,http://www.hispantv.com/noticias/venezuela/535014/eeuu-confrontacion-dialogos-intervenezolanos,push,usa-confrontation-inter-venezuelan dialogues,qwen2.5:7b,0.8,0.8,,,,qwen2.5:72b,,,,,push,usa-confrontation-inter-venezuelan dialogues,url_1,2
20220102,13,VENEZUELAN,VENEZUELAN,http://www.hispantv.com/noticias/venezuela/535014/eeuu-confrontacion-dialogos-intervenezolanos,push,usa-confrontation-inter-venezuelan dialogues,qwen2.5:7b,0.8,0.8,,,,qwen2.5:72b,,,,,push,usa-confrontation-inter-venezuelan dialogues,url_1,2
20220102,51,CATALAN,,https://sport1.oslobodjenje.ba/s1/fudbal/ino-fudbal/primera/barcelona-slavila-minimalnu-pobjedu-protiv-mallorce-721769,neutral,no migration-related tokens,qwen2.5:7b,0.8,0.8,,neutral,No migration-related tokens found,qwen2.5:72b,,,,,unclear,no migration-related tokens,unresolved,2
