sqldate,eventcode,actor1name,actor2name,sourceurl,pressure_url_1,reason_url_1,model_url_1,temp_url_1,temp_url_2,temp_article,pressure_url_2,reason_url_2,model_url_2,article_text,pressure_article,reason_article,model_article,pressure_final,reason_final,final_source,mode_used
20210101,130,GERMANY,,https://www.e110.de/terrorakte-vielleicht-verhindert/,push,acts of terrorism,qwen2.5:7b,0.3,0.3,0.3,,,qwen2.5:72b,,,,qwen2.5:7b,push,acts of terrorism,url_1,3
20220101,43,,CHILE,http://www.funkuhr.de/fernsehprogramm/sendungsdetails/169446982/pumas-in-der-wildnis-patagoniens.html,neutral,wilderness of patagonia,qwen2.5:7b,0.3,0.3,0.3,,,qwen2.5:72b,,,,qwen2.5:7b,neutral,wilderness of patagonia,url_1,3
20220101,112,,CRIMINAL,https://www.brasil247.com/brasil/bolsonaro-e-eleito-corrupto-do-ano-por-consorcio-internacional,push,corrupt-of-the-year,qwen2.5:7b,0.3,0.3,0.3,,,qwen2.5:72b,,,,qwen2.5:7b,push,corrupt-of-the-year,url_1,3
20220101,46,,AUTHORITIES,https://ria.ru/20220102/status-1766397981.html,neutral,status,qwen2.5:7b,0.3,0.3,0.3,,,qwen2.5:72b,,,,qwen2.5:7b,neutral,status,url_1,3
20220101,110,,PRIME MINISTER,https://www.aftenposten.no/verden/i/OrevnE/foerste-nyttaarsdag-ble-det-registrert-over-160000-koronatilfeller-i-en,neutral,New Year's Day-registered,qwen2.5:7b,0.3,0.3,0.3,,,qwen2.5:72b,,,,qwen2.5:7b,neutral,New Year's Day-registered,url_1,3
20220101,190,,PRESIDENT,https://alquds.com/2022/01/01/%D8%A5%D8%B5%D8%A7%D8%A8%D8%A7%D8%AA-%D8%AE%D9%84%D8%A7%D9%84-%D9%85%D9%88%D8%A7%D8%AC%D9%87%D8%A7%D8%AA-%D9%81%D9%8A-%D8%A8%D8%B1%D9%82%D8%A9/,push,corona cases-in-one,qwen2.5:7b,0.3,0.3,0.3,,,qwen2.5:72b,,,,qwen2.5:7b,push,corona cases-in-one,url_1,3
20220101,42,,ITALIAN,https://www.interris.it/copertina/perno-opbg-omicron-bambini/,neutral,pin-opbg-omicron-children,qwen2.5:7b,0.3,0.3,0.3,,,qwen2.5:72b,,,,qwen2.5:7b,neutral,pin-opbg-omicron-children,url_1,3
20220101,51,,WORKER,https://www.franceguyane.fr/actualite/social/mobilisation-sociale-a-pointe-a-pitre-elie-domota-a-ete-arrete-493999.php,push,social-mobilization-in-pointe-a-pitre-arrete,qwen2.5:7b,0.3,0.3,0.3,,,qwen2.5:72b,,,,qwen2.5:7b,push,social-mobilization-in-pointe-a-pitre-arrete,url_1,3
20220101,51,,WORKER,https://www.franceguyane.fr/actualite/social/mobilisation-sociale-a-pointe-a-pitre-elie-domota-a-ete-arrete-493999.php,push,social-mobilization-in-pointe-a-pitre-arrete,qwen2.5:7b,0.3,0.3,0.3,,,qwen2.5:72b,,,,qwen2.5:7b,push,social-mobilization-in-pointe-a-pitre-arrete,url_1,3
20220101,1823,,MILITARY,https://www.franceguyane.fr/actualite/france/feminicides-deux-hommes-en-garde-a-vue-le-jour-du-nouvel-an-494064.php,neutral,feminicides-two-men-in-custody-on-new-years-day,qwen2.5:7b,0.3,0.3,0.3,,,qwen2.5:72b,,,,qwen2.5:7b,neutral,feminicides-two-men-in-custody-on-new-years-day,url_1,3
20220101,43,,POLE,https://as.com/futbol/2022/01/01/primera/1641057005_745473.html,neutral,No clear migration-related tokens,qwen2.5:7b,0.3,0.3,0.3,,,qwen2.5:72b,,,,qwen2.5:7b,neutral,No clear migration-related tokens,url_1,3
20220101,51,,SAUDI ARABIA,https://www.okaz.com.sa/news/na/2092790,neutral,No clear migration-related tokens,qwen2.5:7b,0.3,0.3,0.3,,,qwen2.5:72b,,,,qwen2.5:7b,neutral,No clear migration-related tokens,url_1,3
20220101,51,,SAUDI ARABIA,https://www.okaz.com.sa/news/na/2092790,neutral,No clear migration-related tokens,qwen2.5:7b,0.3,0.3,0.3,,,qwen2.5:72b,,,,qwen2.5:7b,neutral,No clear migration-related tokens,url_1,3
20220101,20,,INTELLIGENCE,https://www.diariolaprovinciasj.com/elpais/2022/1/1/cuales-son-los-sectores-que-tendran-mayor-demanda-laboral-en-2022-165873.html,pull,sectors that will have greater labor demand,qwen2.5:7b,0.3,0.3,0.3,,,qwen2.5:72b,,,,qwen2.5:7b,pull,sectors that will have greater labor demand,url_1,3
20220101,42,,VENEZUELAN,https://noticias.uol.com.br/ultimas-noticias/efe/2022/01/01/chanceler-venezuelano-pede-que-bolsonaro-aprove-transferencia-de-migrantes.htm,push,Venezuelan chanceler asks for transfer of migrants,qwen2.5:7b,0.3,0.3,0.3,,,qwen2.5:72b,,,,qwen2.5:7b,push,Venezuelan chanceler asks for transfer of migrants,url_1,3
20220101,20,,BASQUE,https://omirante.pt/cavaleiro-andante/2022-01-01-Em-Abrantes-nada-como-dantes-a2fb5365,neutral,No clear migration-related tokens,qwen2.5:7b,0.3,0.3,0.3,,,qwen2.5:72b,,,,qwen2.5:7b,neutral,No clear migration-related tokens,url_1,3
20220101,50,,CATALAN,https://sport1.oslobodjenje.ba/s1/fudbal/ino-fudbal/primera/postigao-dogovor-sa-kataloncima-barcelona-sljedeceg-ljeta-dobija-veliko-pojacanje-721568,neutral,No clear migration-related tokens,qwen2.5:7b,0.3,0.3,0.3,,,qwen2.5:72b,,,,qwen2.5:7b,neutral,No clear migration-related tokens,url_1,3
20220101,51,,INDIGENOUS,https://g1.globo.com/mundo/noticia/2022/01/01/a-epidemia-de-desaparecimentos-de-indigenas-que-intriga-os-eua.ghtml,push,epidemic of disappearances of indigenous people that intrigues the USA,qwen2.5:7b,0.3,0.3,0.3,,,qwen2.5:72b,,,,qwen2.5:7b,push,epidemic of disappearances of indigenous people that intrigues the USA,url_1,3
20220101,51,,INDIGENOUS,https://g1.globo.com/mundo/noticia/2022/01/01/a-epidemia-de-desaparecimentos-de-indigenas-que-intriga-os-eua.ghtml,push,epidemic of disappearances of indigenous people that intrigues the USA,qwen2.5:7b,0.3,0.3,0.3,,,qwen2.5:72b,,,,qwen2.5:7b,push,epidemic of disappearances of indigenous people that intrigues the USA,url_1,3
20220101,161,MADEIRA,,https://www.akhbarona.com/last/340605.html,neutral,No clear migration-related tokens,qwen2.5:7b,0.3,0.3,0.3,,,qwen2.5:72b,,,,qwen2.5:7b,neutral,No clear migration-related tokens,url_1,3
20220101,112,BRAZIL,CRIMINAL,https://www.brasil247.com/brasil/bolsonaro-e-eleito-corrupto-do-ano-por-consorcio-internacional,neutral,no clear migration-related tokens,qwen2.5:7b,0.3,0.3,0.3,,,qwen2.5:72b,,,,qwen2.5:7b,neutral,no clear migration-related tokens,url_1,3
20220101,112,BRAZIL,CRIMINAL,https://www.brasil247.com/brasil/bolsonaro-e-eleito-corrupto-do-ano-por-consorcio-internacional,neutral,no clear migration-related tokens,qwen2.5:7b,0.3,0.3,0.3,,,qwen2.5:72b,,,,qwen2.5:7b,neutral,no clear migration-related tokens,url_1,3
20220101,100,BUSINESS,,https://pronedra.ru/znaki-vostochnogo-kalendarya-po-godu-rozhdeniya-kotorym-povezet-v-2022-godu-628853.html,neutral,no clear migration-related tokens,qwen2.5:7b,0.3,0.3,0.3,,,qwen2.5:72b,,,,qwen2.5:7b,neutral,no clear migration-related tokens,url_1,3
20220101,90,COMPANY,ADMINISTRATION,https://www.republika.co.id/berita/r520kx430/jepang-bantu-perusahaan-bill-gates-bangun-reaktor-nuklir,neutral,no clear migration-related tokens,qwen2.5:7b,0.3,0.3,0.3,,,qwen2.5:72b,,,,qwen2.5:7b,neutral,no clear migration-related tokens,url_1,3
20220101,112,COMPANIES,REPRESENTATIVES,https://www.alarab.com/Article/1018144,unclear,"URL too short, generic",qwen2.5:7b,0.3,0.3,0.3,unclear,"URL too short, generic, ID-like",qwen2.5:72b,"أعلن الادعاء العام في ولاية نيويورك الأمريكية أن ""هيئة المحلفين خلصت إلى أن شركة ""تيفا"" الإسرائيلية للأدوية وشركاءها، مسؤولون عن موت ودمار ألحقوه بالشعب الأمريكي"".

وجاء ذلك بعد محاكمة تاريخية في قضية ""المواد الأفيونية"" (مسكنات الألم الأفيونية) التي استمرت ستة أشهر، وشملت أكثر من عشر شركات ثبتت براءة الكثير منها، لتبقى شركة ""تيفا"" والشركات التابعة لها في قفص الاتهام.

وقامت الدعوى التي حركتها ولاية نيويورك ومقاطعتا ناسو، وسوفولك، على أساس أن الشركات المذكورة ضللت الناس بشأن الخطر الحقيقي للمواد الأفيونية التي روجت لها.

وألقى ممثلو الادعاء باللوم على شركة ""تيفا"" والشركات التابعة لها في خلق ""آفة المواد الأفيونية""، واتهم المدعون شركات الأدوية بتغذية الوباء الذي أودى بحياة الآلاف وأصاب ملايين آخرين.

وجاء في الدعوى القضائية أن ""المصنعين والموزعين دفعوا بشكل جنوني نحو الترويج لمسكنات الألم الأفيونية إلى مجتمعات نيويورك مع عدم التحذير من المخاطر والإدمان الناشئ عن تعاطيها"".بينما قال مسؤولو الولاية والمقاطعة، إضافة إلى عائلات الضحايا إنهم ""يريدون تحميل شركات الأدوية المسؤولية عن الوفيات والبؤس الناجم عن وباء المواد الأفيونية"".

وقد رفضت ""تيفا"" بشدة نتيجة اليوم وأعلنت أنها تستعد لاستئناف سريع للطعن بالقرار.ومن المقرر أن تُعقد محاكمة أخرى لتحديد المبلغ الذي سيُطلب من ""تيفا"" وآخرين، والذي سيتم إضافته إلى مبلغ مقرر مسبقا يصل إلى مليار ونصف المليار دولار أمريكي.",push,"warfare, violence implied in drug abuse crisis",qwen2.5:7b,push,"warfare, violence implied in drug abuse crisis",article,3
20220101,60,SWITZERLAND,,https://evz.ro/sinuciderea-asistata-este-acum-legala-austria-este-tara-care-a-decis-sa-curme-suferintele-bolnavilor.html,push,corrupto may imply political instability pushing people away,qwen2.5:7b,0.3,0.3,0.3,,,qwen2.5:72b,,,,qwen2.5:7b,push,corrupto may imply political instability pushing people away,url_1,3
20220101,81,SWITZERLAND,,https://evz.ro/sinuciderea-asistata-este-acum-legala-austria-este-tara-care-a-decis-sa-curme-suferintele-bolnavilor.html,push,corrupto may imply political instability pushing people away,qwen2.5:7b,0.3,0.3,0.3,,,qwen2.5:72b,,,,qwen2.5:7b,push,corrupto may imply political instability pushing people away,url_1,3
20220101,42,CHILE,,http://www.funkuhr.de/fernsehprogramm/sendungsdetails/169446982/pumas-in-der-wildnis-patagoniens.html,neutral,no clear migration-related tokens,qwen2.5:7b,0.3,0.3,0.3,,,qwen2.5:72b,,,,qwen2.5:7b,neutral,no clear migration-related tokens,url_1,3
20220101,54,CHINA,EMBASSY,https://gordonua.com/news/worldnews/kitay-otkryl-posolstvo-v-nikaragua-posle-vozobnovleniya-diplomaticheskih-otnosheniy-1589047.html,neutral,no clear migration-related tokens,qwen2.5:7b,0.3,0.3,0.3,,,qwen2.5:72b,,,,qwen2.5:7b,neutral,no clear migration-related tokens,url_1,3
20220101,20,COLOMBIA,COLOMBIA,https://www.colombia.com/actualidad/nacionales/12415-contagios-por-la-covid-19-registra-colombia-en-el-primer-dia-del-ano-2022-333346,neutral,no clear migration-related tokens,qwen2.5:7b,0.3,0.3,0.3,,,qwen2.5:72b,,,,qwen2.5:7b,neutral,no clear migration-related tokens,url_1,3
20220101,180,PRISON,,https://pronedra.ru/zaprety-i-primety-rozhdestvenskogo-sochelnik-chto-gotovyat-v-prazdnik-628846.html,neutral,no clear migration-related tokens,qwen2.5:7b,0.3,0.3,0.3,,,qwen2.5:72b,,,,qwen2.5:7b,neutral,no clear migration-related tokens,url_1,3
20220101,30,PRISON,ACADEMICS,https://www.notigape.com/trabajara-gobierno-municipal-por-bienestar-y-progreso-en-2022/243835,pull,municipal-government-will-work-for-welfare-and-progress-in-2022,qwen2.5:7b,0.3,0.3,0.3,,,qwen2.5:72b,,,,qwen2.5:7b,pull,municipal-government-will-work-for-welfare-and-progress-in-2022,url_1,3
20220101,173,POLICE,FRANCE,https://www.franceguyane.fr/actualite/social/mobilisation-sociale-a-pointe-a-pitre-elie-domota-a-ete-arrete-493999.php,push,social-mobilization-in-pointe-a-pitre-elie-domota-was-arrested,qwen2.5:7b,0.3,0.3,0.3,,,qwen2.5:72b,,,,qwen2.5:7b,push,social-mobilization-in-pointe-a-pitre-elie-domota-was-arrested,url_1,3
20220101,186,PERPETRATOR,BAMAKO,http://malijet.com/les_faits_divers_au_mali/265488-commissariat-de-police-du-11eme-arrondissement-fin-de-course-pou.html,neutral,no clear migration-related tokens,qwen2.5:7b,0.3,0.3,0.3,,,qwen2.5:72b,,,,qwen2.5:7b,neutral,no clear migration-related tokens,url_1,3
20220101,10,COMMUNITY,,https://www.lopinionista.it/fico-ringrazia-mattarella-120130.html,neutral,no clear migration-related tokens,qwen2.5:7b,0.3,0.3,0.3,,,qwen2.5:72b,,,,qwen2.5:7b,neutral,no clear migration-related tokens,url_1,3
20220101,111,RESIDENTS,,https://g1.globo.com/sp/piracicaba-regiao/noticia/2022/01/01/biblioteca-municipal-de-limeira-oferece-oficinas-gincana-show-e-sarau-durante-as-ferias-escolares.ghtml,neutral,no clear migration-related tokens,qwen2.5:7b,0.3,0.3,0.3,,,qwen2.5:72b,,,,qwen2.5:7b,neutral,no clear migration-related tokens,url_1,3
20220101,1723,POPULATION,,https://gordonua.com/news/worldnews/vo-francii-v-novogodnyuyu-noch-sozhgli-874-mashiny-mvd-1589046.html,neutral,no clear migration-related tokens,qwen2.5:7b,0.3,0.3,0.3,,,qwen2.5:72b,,,,qwen2.5:7b,neutral,no clear migration-related tokens,url_1,3
20220101,80,ACTOR,,https://www.interris.it/rubriche/opinione/affrontare-questioni-pressanti-luce-dottrina-sociale-chiesa/,neutral,no clear migration-related tokens,qwen2.5:7b,0.3,0.3,0.3,,,qwen2.5:72b,,,,qwen2.5:7b,neutral,no clear migration-related tokens,url_1,3
20220101,833,EUROPE,,https://www.brasil247.com/blog/brasil-para-principiantes,neutral,no clear migration-related tokens,qwen2.5:7b,0.3,0.3,0.3,,,qwen2.5:72b,,,,qwen2.5:7b,neutral,no clear migration-related tokens,url_1,3
20220101,90,EUROPE,,https://alquds.com/2022/01/02/%D8%A3%D9%88%D8%B1%D9%88%D8%A8%D8%A7-%D8%AA%D8%AA%D8%AC%D8%A7%D9%88%D8%B2-%D8%B9%D8%AA%D8%A8%D8%A9-100-%D9%85%D9%84%D9%8A%D9%88%D9%86-%D8%A5%D8%B5%D8%A7%D8%A8%D8%A9-%D8%A8%D9%83%D9%88%D9%81%D9%8A/,neutral,no clear migration-related tokens,qwen2.5:7b,0.3,0.3,0.3,,,qwen2.5:72b,,,,qwen2.5:7b,neutral,no clear migration-related tokens,url_1,3
20220101,112,EUROPEAN,BELARUS,https://www.skivefolkeblad.dk/artikel/8426302b-78a7-3353-beaa-8731a102cde4/,neutral,URL token does not contain clear migration-related terms.,qwen2.5:7b,0.3,0.3,0.3,,,qwen2.5:72b,,,,qwen2.5:7b,neutral,URL token does not contain clear migration-related terms.,url_1,3
20220101,112,EUROPEAN,RUSSIA,https://www.skivefolkeblad.dk/artikel/8426302b-78a7-3353-beaa-8731a102cde4/,neutral,URL token does not contain clear migration-related terms.,qwen2.5:7b,0.3,0.3,0.3,,,qwen2.5:72b,,,,qwen2.5:7b,neutral,URL token does not contain clear migration-related terms.,url_1,3
20220101,112,EUROPEAN,RUSSIA,https://www.skivefolkeblad.dk/artikel/8426302b-78a7-3353-beaa-8731a102cde4/,neutral,URL token does not contain clear migration-related terms.,qwen2.5:7b,0.3,0.3,0.3,,,qwen2.5:72b,,,,qwen2.5:7b,neutral,URL token does not contain clear migration-related terms.,url_1,3
20220101,50,FRANCE,,https://as.com/futbol/2022/01/01/primera/1641057005_745473.html,neutral,URL token does not contain clear migration-related terms.,qwen2.5:7b,0.3,0.3,0.3,,,qwen2.5:72b,,,,qwen2.5:7b,neutral,URL token does not contain clear migration-related terms.,url_1,3
20220101,141,PARIS,POLICE,https://noticias.uol.com.br/ultimas-noticias/deutschewelle/2022/01/01/franca-ve-queda-em-numero-de-carros-incendiados-no-ano-novo.htm,neutral,URL token does not contain clear migration-related terms.,qwen2.5:7b,0.3,0.3,0.3,,,qwen2.5:72b,,,,qwen2.5:7b,neutral,URL token does not contain clear migration-related terms.,url_1,3
20220101,192,FRENCH,SYRIA,https://naslovi.net/2022-01-02/rtv/vremeplov-otvorena-prva-citaonica-u-knezevini-srbiji/29652721,neutral,URL token does not contain clear migration-related terms.,qwen2.5:7b,0.3,0.3,0.3,,,qwen2.5:72b,,,,qwen2.5:7b,neutral,URL token does not contain clear migration-related terms.,url_1,3
20220101,192,FRANCE,SYRIA,https://naslovi.net/2022-01-02/rtv/vremeplov-otvorena-prva-citaonica-u-knezevini-srbiji/29652721,neutral,URL token does not contain clear migration-related terms.,qwen2.5:7b,0.3,0.3,0.3,,,qwen2.5:72b,,,,qwen2.5:7b,neutral,URL token does not contain clear migration-related terms.,url_1,3
20220101,190,LILLE,YEMENI,https://www.okaz.com.sa/news/na/2092790,neutral,URL token does not contain clear migration-related terms.,qwen2.5:7b,0.3,0.3,0.3,,,qwen2.5:72b,,,,qwen2.5:7b,neutral,URL token does not contain clear migration-related terms.,url_1,3
20220101,141,GUADELOUPE,,https://www.franceguyane.fr/actualite/social/mobilisation-sociale-a-pointe-a-pitre-elie-domota-a-ete-arrete-493999.php,neutral,URL token does not contain clear migration-related terms.,qwen2.5:7b,0.3,0.3,0.3,,,qwen2.5:72b,,,,qwen2.5:7b,neutral,URL token does not contain clear migration-related terms.,url_1,3
20220101,172,CONAKRY,,http://malijet.com/actualite_economique_du_mali/265491-lutte-contre-la-fraude-et-la-contrebande-les-douanes-saisissent-.html,neutral,URL token does not contain clear migration-related terms.,qwen2.5:7b,0.3,0.3,0.3,,,qwen2.5:72b,,,,qwen2.5:7b,neutral,URL token does not contain clear migration-related terms.,url_1,3
20220101,70,GAMBIA,NORWEGIAN,https://www.analisidifesa.it/2022/01/il-2021-ha-rilanciato-limmigrazione-illegale-su-vasta-scala-in-italia/,pull,illegal immigration,qwen2.5:7b,0.3,0.3,0.3,,,qwen2.5:72b,,,,qwen2.5:7b,pull,illegal immigration,url_1,3
20220101,70,GAMBIA,NORWAY,https://www.analisidifesa.it/2022/01/il-2021-ha-rilanciato-limmigrazione-illegale-su-vasta-scala-in-italia/,pull,illegal immigration,qwen2.5:7b,0.3,0.3,0.3,,,qwen2.5:72b,,,,qwen2.5:7b,pull,illegal immigration,url_1,3
20220101,70,GAMBIA,NORWEGIAN,https://www.analisidifesa.it/2022/01/il-2021-ha-rilanciato-limmigrazione-illegale-su-vasta-scala-in-italia/,pull,illegal immigration,qwen2.5:7b,0.3,0.3,0.3,,,qwen2.5:72b,,,,qwen2.5:7b,pull,illegal immigration,url_1,3
20220101,190,PRESIDENT,,https://alquds.com/2022/01/01/%D8%A5%D8%B5%D8%A7%D8%A8%D8%A7%D8%AA-%D8%AE%D9%84%D8%A7%D9%84-%D9%85%D9%88%D8%A7%D8%AC%D9%87%D8%A7%D8%AA-%D9%81%D9%8A-%D8%A8%D8%B1%D9%82%D8%A9/,push,Injuries-during-confrontations,qwen2.5:7b,0.3,0.3,0.3,,,qwen2.5:72b,,,,qwen2.5:7b,push,Injuries-during-confrontations,url_1,3
20220101,192,PRESIDENT,,https://alquds.com/2022/01/01/%D8%A5%D8%B5%D8%A7%D8%A8%D8%A7%D8%AA-%D8%AE%D9%84%D8%A7%D9%84-%D9%85%D9%88%D8%A7%D8%AC%D9%87%D8%A7%D8%AA-%D9%81%D9%8A-%D8%A8%D8%B1%D9%82%D8%A9/,push,Injuries-during-confrontations,qwen2.5:7b,0.3,0.3,0.3,,,qwen2.5:72b,,,,qwen2.5:7b,push,Injuries-during-confrontations,url_1,3
20220101,20,MINISTRY,EMIRATI,https://www.akhbarona.com/world/340606.html,neutral,,qwen2.5:7b,0.3,0.3,0.3,,,qwen2.5:72b,,,,qwen2.5:7b,neutral,,url_1,3
20220101,51,MINISTRY,EMIRATI,https://www.akhbarona.com/world/340606.html,neutral,,qwen2.5:7b,0.3,0.3,0.3,,,qwen2.5:72b,,,,qwen2.5:7b,neutral,,url_1,3
20220101,71,GOVERNMENT,EUROPEAN,https://www.interris.it/rubriche/opinione/affrontare-questioni-pressanti-luce-dottrina-sociale-chiesa/,neutral,,qwen2.5:7b,0.3,0.3,0.3,,,qwen2.5:72b,,,,qwen2.5:7b,neutral,,url_1,3
20220101,111,AUTHORITIES,EMPLOYEE,https://ria.ru/20220102/status-1766397981.html,unclear,,qwen2.5:7b,0.3,0.3,0.3,neutral,No clear migration-related tokens,qwen2.5:72b,,,,qwen2.5:7b,neutral,No clear migration-related tokens,url_2,3
20220101,841,DIPLOMAT,PRISONER,https://www.republika.co.id/berita/r520da430/indiapakistan-tukar-daftar-tahanan,neutral,,qwen2.5:7b,0.3,0.3,0.3,,,qwen2.5:72b,,,,qwen2.5:7b,neutral,,url_1,3
20220101,841,DIPLOMAT,PRISONER,https://www.republika.co.id/berita/r520da430/indiapakistan-tukar-daftar-tahanan,neutral,home,qwen2.5:7b,0.3,0.3,0.3,,,qwen2.5:72b,,,,qwen2.5:7b,neutral,home,url_1,3
20220101,1014,EMBASSY,UKRAINIAN,https://pronedra.ru/znaki-vostochnogo-kalendarya-po-godu-rozhdeniya-kotorym-povezet-v-2022-godu-628853.html,unclear,signs-of-the-eastern-calendar-by-year-of-birth-who-will-be-lucky-in-2022-628853.html,qwen2.5:7b,0.3,0.3,0.3,neutral,No clear migration-related tokens,qwen2.5:72b,,,,qwen2.5:7b,neutral,No clear migration-related tokens,url_2,3
20220101,1014,EMBASSY,UKRAINIAN,https://pronedra.ru/znaki-vostochnogo-kalendarya-po-godu-rozhdeniya-kotorym-povezet-v-2022-godu-628853.html,unclear,signs-of-the-eastern-calendar-by-year-of-birth-who-will-be-lucky-in-2022-628853.html,qwen2.5:7b,0.3,0.3,0.3,neutral,No clear migration-related tokens,qwen2.5:72b,,,,qwen2.5:7b,neutral,No clear migration-related tokens,url_2,3
20220101,36,MINIST OF EDUCATION,,https://www.diariolaprovinciasj.com/educacion/2022/1/1/el-ministerio-de-educacion-atendera-en-nuevo-horario-165874.html,neutral,education/2022/1/1/the-ministerio-de-educacion-atendera-en-nuevo-schedule-165874.html,qwen2.5:7b,0.3,0.3,0.3,,,qwen2.5:72b,,,,qwen2.5:7b,neutral,education/2022/1/1/the-ministerio-de-educacion-atendera-en-nuevo-schedule-165874.html,url_1,3
20220101,13,MEDICAL ASSOCIATION,,https://www.aftenposten.no/verden/i/OrevnE/foerste-nyttaarsdag-ble-det-registrert-over-160000-koronatilfeller-i-en,neutral,"first-year-day-over-160,000-cancer-cases-were-registered-in-a",qwen2.5:7b,0.3,0.3,0.3,,,qwen2.5:72b,,,,qwen2.5:7b,neutral,"first-year-day-over-160,000-cancer-cases-were-registered-in-a",url_1,3
20220101,120,DOCTOR,,https://kino.24tv.ua/ru/novogodnie-multfilmy-dlja-vsej-semi-dushevnaja-podborka-dlja_n1831930,unclear,New Year's-cartoons-for-the-whole-family-heartwarming-selection-for_n1831930,qwen2.5:7b,0.3,0.3,0.3,neutral,No clear migration-related tokens,qwen2.5:72b,,,,qwen2.5:7b,neutral,No clear migration-related tokens,url_2,3
20220101,120,DOCTOR,,https://kino.24tv.ua/ru/novogodnie-multfilmy-dlja-vsej-semi-dushevnaja-podborka-dlja_n1831930,unclear,New Year's-cartoons-for-the-whole-family-heartwarming-selection-for_n1831930,qwen2.5:7b,0.3,0.3,0.3,neutral,No migration-related tokens,qwen2.5:72b,,,,qwen2.5:7b,neutral,No migration-related tokens,url_2,3
20220101,10,CROATIAN,,https://madeinfoot.ouest-france.fr/infos/article-asm-l-as-monaco-officialise-le-depart-de-niko-kovac-officiel-364395.html,neutral,article-asm-l-as-monaco-officializes-the-departure-of-niko-kovac-official-364395.html,qwen2.5:7b,0.3,0.3,0.3,,,qwen2.5:72b,,,,qwen2.5:7b,neutral,article-asm-l-as-monaco-officializes-the-departure-of-niko-kovac-official-364395.html,url_1,3
20220101,10,CROATIAN,,https://madeinfoot.ouest-france.fr/infos/article-asm-l-as-monaco-officialise-le-depart-de-niko-kovac-officiel-364395.html,neutral,article-asm-l-as-monaco-officializes-the-departure-of-niko-kovac-official-364395.html,qwen2.5:7b,0.3,0.3,0.3,,,qwen2.5:72b,,,,qwen2.5:7b,neutral,article-asm-l-as-monaco-officializes-the-departure-of-niko-kovac-official-364395.html,url_1,3
20220101,42,CROATIAN,,https://madeinfoot.ouest-france.fr/infos/article-asm-l-as-monaco-officialise-le-depart-de-niko-kovac-officiel-364395.html,neutral,article-asm-l-as-monaco-officializes-the-departure-of-niko-kovac-official-364395.html,qwen2.5:7b,0.3,0.3,0.3,,,qwen2.5:72b,,,,qwen2.5:7b,neutral,article-asm-l-as-monaco-officializes-the-departure-of-niko-kovac-official-364395.html,url_1,3
20220101,42,CROATIAN,,https://madeinfoot.ouest-france.fr/infos/article-asm-l-as-monaco-officialise-le-depart-de-niko-kovac-officiel-364395.html,push,the departure,qwen2.5:7b,0.3,0.3,0.3,,,qwen2.5:72b,,,,qwen2.5:7b,push,the departure,url_1,3
20220101,43,JAKARTA,FLORIDA,https://www.republika.co.id/berita/r520u2384/ini-ketentuan-tes-antigen-di-stasiun,neutral,,qwen2.5:7b,0.3,0.3,0.3,,,qwen2.5:72b,,,,qwen2.5:7b,neutral,,url_1,3
20220101,10,ISRAEL,,https://www.lematin.ch/story/apres-des-tirs-de-roquettes-frappes-israeliennes-sur-gaza-569823935907,push,rocket-fire-israeli-strikes-on-gaza,qwen2.5:7b,0.3,0.3,0.3,,,qwen2.5:72b,,,,qwen2.5:7b,push,rocket-fire-israeli-strikes-on-gaza,url_1,3
20220101,61,ISRAEL,,https://www.alquds.co.uk/%D8%A7%D9%84%D8%AC%D9%8A%D8%B4-%D8%A7%D9%84%D8%A5%D8%B3%D8%B1%D8%A7%D8%A6%D9%8A%D9%84%D9%8A-%D9%8A%D9%82%D8%B5%D9%81-%D8%A3%D9%87%D8%AF%D8%A7%D9%81%D8%A7-%D9%81%D9%8A-%D9%82%D8%B7%D8%A7%D8%B9-%D8%BA/,push,Israeli-military,qwen2.5:7b,0.3,0.3,0.3,,,qwen2.5:72b,,,,qwen2.5:7b,push,Israeli-military,url_1,3
20220101,190,ISRAELI,ISRAEL,https://ria.ru/20220102/status-1766397981.html,neutral,,qwen2.5:7b,0.3,0.3,0.3,,,qwen2.5:72b,,,,qwen2.5:7b,neutral,,url_1,3
20220101,871,ISRAEL,PALESTINIAN,https://www.alquds.co.uk/%D8%A7%D9%84%D8%AC%D9%8A%D8%B4-%D8%A7%D9%84%D8%A5%D8%B3%D8%B1%D8%A7%D8%A6%D9%8A%D9%84%D9%8A-%D9%8A%D9%82%D8%B5%D9%81-%D8%A3%D9%87%D8%AF%D8%A7%D9%81%D8%A7-%D9%81%D9%8A-%D9%82%D8%B7%D8%A7%D8%B9-%D8%BA/,push,Israeli-military,qwen2.5:7b,0.3,0.3,0.3,,,qwen2.5:72b,,,,qwen2.5:7b,push,Israeli-military,url_1,3
20220101,190,ISRAELI,GAZA,https://ria.ru/20220102/udary-1766397744.html,push,udary,qwen2.5:7b,0.3,0.3,0.3,,,qwen2.5:72b,,,,qwen2.5:7b,push,udary,url_1,3
20220101,194,ISRAEL,PALESTINIAN,https://www.lematin.ch/story/apres-des-tirs-de-roquettes-frappes-israeliennes-sur-gaza-569823935907,push,rocket-fire-israeli-strikes-on-gaza,qwen2.5:7b,0.3,0.3,0.3,,,qwen2.5:72b,,,,qwen2.5:7b,push,rocket-fire-israeli-strikes-on-gaza,url_1,3
20220101,194,ISRAEL,HAMAS,https://www.lematin.ch/story/apres-des-tirs-de-roquettes-frappes-israeliennes-sur-gaza-569823935907,push,rocket-fire-israeli-strikes-on-gaza,qwen2.5:7b,0.3,0.3,0.3,,,qwen2.5:72b,,,,qwen2.5:7b,push,rocket-fire-israeli-strikes-on-gaza,url_1,3
20220101,90,ISRAELI,,https://www.adn40.mx/internacional/israel-flurona-gripe-covid-19-pfp,neutral,,qwen2.5:7b,0.3,0.3,0.3,,,qwen2.5:72b,,,,qwen2.5:7b,neutral,,url_1,3
20220101,10,ISRAELI,ISRAEL,https://www.notigape.com/israel-detecto-primer-caso-de-flurona-gripe-y-covid-19-en-simultaneo/243839,neutral,no clear migration-related tokens,qwen2.5:7b,0.3,0.3,0.3,,,qwen2.5:72b,,,,qwen2.5:7b,neutral,no clear migration-related tokens,url_1,3
20220101,90,ISRAELI,ISRAEL,https://www.adn40.mx/internacional/israel-flurona-gripe-covid-19-pfp,neutral,no clear migration-related tokens,qwen2.5:7b,0.3,0.3,0.3,,,qwen2.5:72b,,,,qwen2.5:7b,neutral,no clear migration-related tokens,url_1,3
20220101,190,ISRAELI,,https://ria.ru/20220102/status-1766397981.html,neutral,status-1766397981.html (too generic),qwen2.5:7b,0.3,0.3,0.3,,,qwen2.5:72b,,,,qwen2.5:7b,neutral,status-1766397981.html (too generic),url_1,3
20220101,190,ISRAEL,ISRAEL,https://ria.ru/20220102/status-1766397981.html,neutral,status-1766397981.html (too generic),qwen2.5:7b,0.3,0.3,0.3,,,qwen2.5:72b,,,,qwen2.5:7b,neutral,status-1766397981.html (too generic),url_1,3
20220101,190,ISRAEL,ISRAEL,https://ria.ru/20220102/udary-1766397744.html,neutral,udary-1766397744.html (too generic),qwen2.5:7b,0.3,0.3,0.3,,,qwen2.5:72b,,,,qwen2.5:7b,neutral,udary-1766397744.html (too generic),url_1,3
20220101,190,ISRAELI,GAZA,https://ria.ru/20220102/status-1766397981.html,neutral,status-1766397981.html (too generic),qwen2.5:7b,0.3,0.3,0.3,,,qwen2.5:72b,,,,qwen2.5:7b,neutral,status-1766397981.html (too generic),url_1,3
20220101,190,ISRAELI,GAZA,https://ria.ru/20220102/udary-1766397744.html,neutral,udary-1766397744.html (too generic),qwen2.5:7b,0.3,0.3,0.3,,,qwen2.5:72b,,,,qwen2.5:7b,neutral,udary-1766397744.html (too generic),url_1,3
20220101,20,ISRAELI,ISRAELI,https://www.alarab.com/Article/1018146,neutral,no clear migration-related tokens,qwen2.5:7b,0.3,0.3,0.3,,,qwen2.5:72b,,,,qwen2.5:7b,neutral,no clear migration-related tokens,url_1,3
20220101,43,ITALY,,https://www.analisidifesa.it/2022/01/il-2021-ha-rilanciato-limmigrazione-illegale-su-vasta-scala-in-italia/,pull,immigration illegale (illegal immigration),qwen2.5:7b,0.3,0.3,0.3,,,qwen2.5:72b,,,,qwen2.5:7b,pull,immigration illegale (illegal immigration),url_1,3
20220101,173,ITALY,ALBANIA,http://www.oranews.tv/vendi/ky-eshte-shqiptari-i-arratisur-nga-burgu-ne-itali-naten-e-nderrimit-te-vit-i1023852,push,is-albanian-escaped-from-prison-in-italy (refugee from prison in italy),qwen2.5:7b,0.3,0.3,0.3,,,qwen2.5:72b,,,,qwen2.5:7b,push,is-albanian-escaped-from-prison-in-italy (refugee from prison in italy),url_1,3
20220101,42,ITALY,ITALIAN,https://www.interris.it/copertina/perno-opbg-omicron-bambini/,neutral,pin-opbg-omicron-children,qwen2.5:7b,0.3,0.3,0.3,,,qwen2.5:72b,,,,qwen2.5:7b,neutral,pin-opbg-omicron-children,url_1,3
20220101,43,ITALIAN,,https://www.interris.it/copertina/perno-opbg-omicron-bambini/,neutral,pin-opbg-omicron-children,qwen2.5:7b,0.3,0.3,0.3,,,qwen2.5:72b,,,,qwen2.5:7b,neutral,pin-opbg-omicron-children,url_1,3
20220101,43,ITALIAN,ITALY,https://www.interris.it/copertina/perno-opbg-omicron-bambini/,neutral,pin-opbg-omicron-children,qwen2.5:7b,0.3,0.3,0.3,,,qwen2.5:72b,,,,qwen2.5:7b,neutral,pin-opbg-omicron-children,url_1,3
20220101,10,JUDGE,,https://www.analisidifesa.it/2022/01/il-2021-ha-rilanciato-limmigrazione-illegale-su-vasta-scala-in-italia/,pull,2021-has-relaunched-illegal-immigration-on-a-large-scale-in-italy,qwen2.5:7b,0.3,0.3,0.3,,,qwen2.5:72b,,,,qwen2.5:7b,pull,2021-has-relaunched-illegal-immigration-on-a-large-scale-in-italy,url_1,3
20220101,43,SOUTH KOREA,MUSLIM,https://portaljember.pikiran-rakyat.com/pariwisata/pr-163372393/7-destinasi-wisata-halal-di-korea-selatan-cocok-bagi-umat-muslim-yang-traveling-ke-negeri-ginseng,neutral,7-halal-tourism-destinations-in-South-Korea-suitable-for-Muslims-who-travel-to-the-land-of-ginseng,qwen2.5:7b,0.3,0.3,0.3,,,qwen2.5:72b,,,,qwen2.5:7b,neutral,7-halal-tourism-destinations-in-South-Korea-suitable-for-Muslims-who-travel-to-the-land-of-ginseng,url_1,3
20220101,84,TRADE UNION,,https://www.franceguyane.fr/actualite/social/mobilisation-sociale-a-pointe-a-pitre-elie-domota-a-ete-arrete-493999.php,push,social-mobilization-in-pointe-a-pitre-elie-domota-was-arrested,qwen2.5:7b,0.3,0.3,0.3,,,qwen2.5:72b,,,,qwen2.5:7b,push,social-mobilization-in-pointe-a-pitre-elie-domota-was-arrested,url_1,3
20220101,111,TRADE UNION,,https://www.franceguyane.fr/actualite/social/mobilisation-sociale-a-pointe-a-pitre-elie-domota-a-ete-arrete-493999.php,push,social-mobilization-in-pointe-a-pitre-elie-domota-was-arrested,qwen2.5:7b,0.3,0.3,0.3,,,qwen2.5:72b,,,,qwen2.5:7b,push,social-mobilization-in-pointe-a-pitre-elie-domota-was-arrested,url_1,3
20220101,100,REPRESENTATIVES,VOTER,https://www.corriere.it/editoriali/22_gennaio_01/i-partiti-quirinaleche-cosa-serve-ora-paese-466c0010-6b3e-11ec-a3c8-e3c830b3b1de.shtml,neutral,the-quirinale-parties-what-is-needed-now-country,qwen2.5:7b,0.3,0.3,0.3,,,qwen2.5:72b,,,,qwen2.5:7b,neutral,the-quirinale-parties-what-is-needed-now-country,url_1,3
20220101,120,REPRESENTATIVES,VOTER,https://www.corriere.it/editoriali/22_gennaio_01/i-partiti-quirinaleche-cosa-serve-ora-paese-466c0010-6b3e-11ec-a3c8-e3c830b3b1de.shtml,neutral,the-quirinale-parties-what-is-needed-now-country,qwen2.5:7b,0.3,0.3,0.3,,,qwen2.5:72b,,,,qwen2.5:7b,neutral,the-quirinale-parties-what-is-needed-now-country,url_1,3
20220101,161,MONACO,,https://madeinfoot.ouest-france.fr/infos/article-asm-l-as-monaco-officialise-le-depart-de-niko-kovac-officiel-364395.html,neutral,asm-l-as-monaco-officializes-the-departure-of-niko-kovac-official,qwen2.5:7b,0.3,0.3,0.3,,,qwen2.5:72b,,,,qwen2.5:7b,neutral,asm-l-as-monaco-officializes-the-departure-of-niko-kovac-official,url_1,3
20220101,161,MONACO,,https://madeinfoot.ouest-france.fr/infos/article-asm-l-as-monaco-officialise-le-depart-de-niko-kovac-officiel-364395.html,push,departure,qwen2.5:7b,0.3,0.3,0.3,,,qwen2.5:72b,,,,qwen2.5:7b,push,departure,url_1,3
20220101,51,MILITARY,,https://www.okaz.com.sa/news/na/2092790,neutral,,qwen2.5:7b,0.3,0.3,0.3,,,qwen2.5:72b,,,,qwen2.5:7b,neutral,,url_1,3
20220101,51,MILITARY,,https://www.okaz.com.sa/news/na/2092790,neutral,,qwen2.5:7b,0.3,0.3,0.3,,,qwen2.5:72b,,,,qwen2.5:7b,neutral,,url_1,3
20220101,114,NAVY,,https://omirante.pt/sociedade/2022-01-01-Vila-Franca-de-Xira-vai-ter-de-realizar-mais-obras-para-ganhar-novo-tribunal-a4687496,neutral,,qwen2.5:7b,0.3,0.3,0.3,,,qwen2.5:72b,,,,qwen2.5:7b,neutral,,url_1,3
20220101,190,MALI,,http://malijet.com/actualite-politique-au-mali/editorial-journaux-mali/265485-edito-le-pragmatisme-russe-aux-antipodes-des-th%C3%A9ories-fran%C3%A7aises.html,neutral,,qwen2.5:7b,0.3,0.3,0.3,,,qwen2.5:72b,,,,qwen2.5:7b,neutral,,url_1,3
20220101,42,MUSLIM,SOUTH KOREA,https://portaljember.pikiran-rakyat.com/pariwisata/pr-163372393/7-destinasi-wisata-halal-di-korea-selatan-cocok-bagi-umat-muslim-yang-traveling-ke-negeri-ginseng,pull,traveling,qwen2.5:7b,0.3,0.3,0.3,,,qwen2.5:72b,,,,qwen2.5:7b,pull,traveling,url_1,3
20220101,841,PRISONER,DIPLOMAT,https://www.republika.co.id/berita/r520da430/indiapakistan-tukar-daftar-tahanan,neutral,,qwen2.5:7b,0.3,0.3,0.3,,,qwen2.5:72b,,,,qwen2.5:7b,neutral,,url_1,3
20220101,42,POLE,,https://as.com/futbol/2022/01/01/primera/1641057005_745473.html,neutral,,qwen2.5:7b,0.3,0.3,0.3,,,qwen2.5:72b,,,,qwen2.5:7b,neutral,,url_1,3
20220101,161,PORTUGAL,MADEIRA,https://www.akhbarona.com/last/340605.html,neutral,,qwen2.5:7b,0.3,0.3,0.3,,,qwen2.5:72b,,,,qwen2.5:7b,neutral,,url_1,3
20220101,10,PALESTINIAN,,https://www.lematin.ch/story/apres-des-tirs-de-roquettes-frappes-israeliennes-sur-gaza-569823935907,push,rocket fire,qwen2.5:7b,0.3,0.3,0.3,,,qwen2.5:72b,,,,qwen2.5:7b,push,rocket fire,url_1,3
20220101,10,PALESTINIAN,,https://www.lematin.ch/story/apres-des-tirs-de-roquettes-frappes-israeliennes-sur-gaza-569823935907,push,israeli-strikes-on-gaza,qwen2.5:7b,0.3,0.3,0.3,,,qwen2.5:72b,,,,qwen2.5:7b,push,israeli-strikes-on-gaza,url_1,3
20220101,61,PALESTINIAN,,https://www.alquds.co.uk/%D8%A7%D9%84%D8%AC%D9%8A%D8%B4-%D8%A7%D9%84%D8%A5%D8%B3%D8%B1%D8%A7%D8%A6%D9%8A%D9%84%D9%8A-%D9%8A%D9%82%D8%B5%D9%81-%D8%A3%D9%87%D8%AF%D8%A7%D9%81%D8%A7-%D9%81%D9%8A-%D9%82%D8%B7%D8%A7%D8%B9-%D8%BA/,pull,asylum-safety,qwen2.5:7b,0.3,0.3,0.3,,,qwen2.5:72b,,,,qwen2.5:7b,pull,asylum-safety,url_1,3
20220101,10,PALESTINIAN,ISRAEL,https://www.lematin.ch/story/apres-des-tirs-de-roquettes-frappes-israeliennes-sur-gaza-569823935907,push,israeli-strikes-on-gaza,qwen2.5:7b,0.3,0.3,0.3,,,qwen2.5:72b,,,,qwen2.5:7b,push,israeli-strikes-on-gaza,url_1,3
20220101,10,PALESTINIAN,ISRAEL,https://www.lematin.ch/story/apres-des-tirs-de-roquettes-frappes-israeliennes-sur-gaza-569823935907,push,israeli-strikes-on-gaza,qwen2.5:7b,0.3,0.3,0.3,,,qwen2.5:72b,,,,qwen2.5:7b,push,israeli-strikes-on-gaza,url_1,3
20220101,61,PALESTINIAN,ISRAEL,https://www.alquds.co.uk/%D8%A7%D9%84%D8%AC%D9%8A%D8%B4-%D8%A7%D9%84%D8%A5%D8%B3%D8%B1%D8%A7%D8%A6%D9%8A%D9%84%D9%8A-%D9%8A%D9%82%D8%B5%D9%81-%D8%A3%D9%87%D8%AF%D8%A7%D9%81%D8%A7-%D9%81%D9%8A-%D9%82%D8%B7%D8%A7%D8%B9-%D8%BA/,pull,asylum-safety,qwen2.5:7b,0.3,0.3,0.3,,,qwen2.5:72b,,,,qwen2.5:7b,pull,asylum-safety,url_1,3
20220101,195,HAMAS,,https://alquds.com/2022/01/02/%D8%A7%D9%84%D8%A7%D8%AD%D8%AA%D9%84%D8%A7%D9%84-%D9%8A%D9%82%D8%B5%D9%81-%D9%85%D9%88%D9%82%D8%B9%D9%8B%D8%A7-%D9%84%D9%84%D9%85%D9%82%D8%A7%D9%88%D9%85%D8%A9-%D8%A8%D8%BA%D8%B2%D8%A9/,neutral,no clear migration-related tokens,qwen2.5:7b,0.3,0.3,0.3,,,qwen2.5:72b,,,,qwen2.5:7b,neutral,no clear migration-related tokens,url_1,3
20220101,195,HAMAS,,https://alquds.com/2022/01/02/%D8%A7%D9%84%D8%A7%D8%AD%D8%AA%D9%84%D8%A7%D9%84-%D9%8A%D9%82%D8%B5%D9%81-%D9%85%D9%88%D9%82%D8%B9%D9%8B%D8%A7-%D9%84%D9%84%D9%85%D9%82%D8%A7%D9%88%D9%85%D8%A9-%D8%A8%D8%BA%D8%B2%D8%A9/,neutral,no clear migration-related tokens,qwen2.5:7b,0.3,0.3,0.3,,,qwen2.5:72b,,,,qwen2.5:7b,neutral,no clear migration-related tokens,url_1,3
20220101,1712,POLITICIAN,,https://www.analisidifesa.it/2022/01/il-2021-ha-rilanciato-limmigrazione-illegale-su-vasta-scala-in-italia/,pull,large-scale-illegal-immigration-in-italy,qwen2.5:7b,0.3,0.3,0.3,,,qwen2.5:72b,,,,qwen2.5:7b,pull,large-scale-illegal-immigration-in-italy,url_1,3
20220101,833,ARCHBISHOP,,https://noticias.uol.com.br/ultimas-noticias/efe/2022/01/01/sul-africanos-se-despedem-de-desmond-tutu.htm,push,say-bye-bye-to-desmond-tutu,qwen2.5:7b,0.3,0.3,0.3,,,qwen2.5:72b,,,,qwen2.5:7b,push,say-bye-bye-to-desmond-tutu,url_1,3
20220101,84,ROMANIA,,https://evz.ro/catalin-harnagea-fostul-sef-al-serviciului-extern-de-informatii-incepe-sa-scrie-in-evenimentul-zilei.html,neutral,no clear migration-related tokens,qwen2.5:7b,0.3,0.3,0.3,,,qwen2.5:72b,,,,qwen2.5:7b,neutral,no clear migration-related tokens,url_1,3
20220101,10,RUSSIA,,https://www.volynnews.com/news/all/5-naykrutishykh-skarbiv-volynskoho-krayeznavchoho-muzeiu-foto/,neutral,no clear migration-related tokens,qwen2.5:7b,0.3,0.3,0.3,,,qwen2.5:72b,,,,qwen2.5:7b,neutral,no clear migration-related tokens,url_1,3
20220101,10,RUSSIA,,https://kino.24tv.ua/ru/novogodnie-multfilmy-dlja-vsej-semi-dushevnaja-podborka-dlja_n1831930,neutral,no clear migration-related tokens,qwen2.5:7b,0.3,0.3,0.3,,,qwen2.5:72b,,,,qwen2.5:7b,neutral,no clear migration-related tokens,url_1,3
20220101,111,RUSSIAN,,https://www.teleport2001.ru/news/2022-01-02/140398-zasukha-grozit-lyudyam-i-zhivotnym-iz-za-stroitelstva-plotiny-na-dalnem-vostoke.html,push,drought (druzhnt) threatens people and animals (threatens people and animals),qwen2.5:7b,0.3,0.3,0.3,,,qwen2.5:72b,,,,qwen2.5:7b,push,drought (druzhnt) threatens people and animals (threatens people and animals),url_1,3
20220101,110,RUSSIAN,FRENCH,http://malijet.com/actualite-politique-au-mali/editorial-journaux-mali/265485-edito-le-pragmatisme-russe-aux-antipodes-des-th%C3%A9ories-fran%C3%A7aises.html,neutral,no clear migration-related tokens,qwen2.5:7b,0.3,0.3,0.3,,,qwen2.5:72b,,,,qwen2.5:7b,neutral,no clear migration-related tokens,url_1,3
20220101,182,JEDDAH,FRANCE,https://www.la-croix.com/Dakar-2022-Al-Attiyah-auto-Sanders-moto-remportent-prologue-concurrent-blesse-explosion-2022-01-01-1301192706,neutral,no clear migration-related tokens,qwen2.5:7b,0.3,0.3,0.3,,,qwen2.5:72b,,,,qwen2.5:7b,neutral,no clear migration-related tokens,url_1,3
20220101,182,JEDDAH,FRANCE,https://www.la-croix.com/Dakar-2022-Al-Attiyah-auto-Sanders-moto-remportent-prologue-concurrent-blesse-explosion-2022-01-01-1301192706,neutral,no clear migration-related tokens,qwen2.5:7b,0.3,0.3,0.3,,,qwen2.5:72b,,,,qwen2.5:7b,neutral,no clear migration-related tokens,url_1,3
20220101,182,JEDDAH,FRENCH,https://www.la-croix.com/Dakar-2022-Al-Attiyah-auto-Sanders-moto-remportent-prologue-concurrent-blesse-explosion-2022-01-01-1301192706,neutral,no clear migration-related tokens,qwen2.5:7b,0.3,0.3,0.3,,,qwen2.5:72b,,,,qwen2.5:7b,neutral,no clear migration-related tokens,url_1,3
20220101,182,JEDDAH,FRANCE,https://www.la-croix.com/Dakar-2022-Al-Attiyah-auto-Sanders-moto-remportent-prologue-concurrent-blesse-explosion-2022-01-01-1301192706,neutral,no clear migration-related tokens,qwen2.5:7b,0.3,0.3,0.3,,,qwen2.5:72b,,,,qwen2.5:7b,neutral,no clear migration-related tokens,url_1,3
20220101,120,SAUDI,SAUDI ARABIA,https://www.la-croix.com/Dakar-2022-Al-Attiyah-auto-Sanders-moto-remportent-prologue-concurrent-blesse-explosion-2022-01-01-1301192706,neutral,no clear migration-related tokens,qwen2.5:7b,0.3,0.3,0.3,,,qwen2.5:72b,,,,qwen2.5:7b,neutral,no clear migration-related tokens,url_1,3
20220101,60,SENEGAL,,https://www.la-croix.com/Dakar-2022-Al-Attiyah-auto-Sanders-moto-remportent-prologue-concurrent-blesse-explosion-2022-01-01-1301192706,neutral,no clear migration-related tokens,qwen2.5:7b,0.3,0.3,0.3,,,qwen2.5:72b,,,,qwen2.5:7b,neutral,no clear migration-related tokens,url_1,3
20220101,60,DAKAR,,https://www.la-croix.com/Dakar-2022-Al-Attiyah-auto-Sanders-moto-remportent-prologue-concurrent-blesse-explosion-2022-01-01-1301192706,neutral,prologue-competitor-hurt-explosion,qwen2.5:7b,0.3,0.3,0.3,,,qwen2.5:72b,,,,qwen2.5:7b,neutral,prologue-competitor-hurt-explosion,url_1,3
20220101,180,SETTLER,ISRAEL,https://www.alarab.com/Article/1018146,neutral,Article/1018146,qwen2.5:7b,0.3,0.3,0.3,,,qwen2.5:72b,,,,qwen2.5:7b,neutral,Article/1018146,url_1,3
20220101,180,SETTLER,PALESTINIAN,https://www.alarab.com/Article/1018146,neutral,Article/1018146,qwen2.5:7b,0.3,0.3,0.3,,,qwen2.5:72b,,,,qwen2.5:7b,neutral,Article/1018146,url_1,3
20220101,193,SETTLER,GUNMEN,https://alquds.com/2022/01/02/%D8%A7%D9%84%D9%85%D9%82%D8%A7%D9%88%D9%85%D8%A9-%D8%A7%D9%84%D8%B4%D8%B9%D8%A8%D9%8A%D8%A9-%D8%AA%D8%B3%D8%AA%D8%B9%D8%B1-%D9%81%D9%8A-%D8%B4%D9%85%D8%A7%D9%84-%D8%A7%D9%84%D8%B6%D9%81%D8%A9/,neutral,Popular-resistance-rages-in-the-north-of-the-bank/,qwen2.5:7b,0.3,0.3,0.3,,,qwen2.5:72b,,,,qwen2.5:7b,neutral,Popular-resistance-rages-in-the-north-of-the-bank/,url_1,3
20220101,36,SYRIAN,SYRIAN,https://www.alarab.com/Article/1018149,neutral,Article/1018149,qwen2.5:7b,0.3,0.3,0.3,,,qwen2.5:72b,,,,qwen2.5:7b,neutral,Article/1018149,url_1,3
20220101,36,SYRIAN,SYRIAN,https://www.alarab.com/Article/1018149,neutral,Article/1018149,qwen2.5:7b,0.3,0.3,0.3,,,qwen2.5:72b,,,,qwen2.5:7b,neutral,Article/1018149,url_1,3
20220101,36,SYRIAN,SYRIAN,https://www.alarab.com/Article/1018149,neutral,Article/1018149,qwen2.5:7b,0.3,0.3,0.3,,,qwen2.5:72b,,,,qwen2.5:7b,neutral,Article/1018149,url_1,3
20220101,36,SYRIAN,SYRIAN,https://www.alarab.com/Article/1018149,neutral,Article/1018149,qwen2.5:7b,0.3,0.3,0.3,,,qwen2.5:72b,,,,qwen2.5:7b,neutral,Article/1018149,url_1,3
20220101,23,UKRAINIAN,,https://kino.24tv.ua/ru/novogodnie-multfilmy-dlja-vsej-semi-dushevnaja-podborka-dlja_n1831930,neutral,New Year's-cartoons-for-the-whole-family-heartwarming-selection-j,qwen2.5:7b,0.3,0.3,0.3,,,qwen2.5:72b,,,,qwen2.5:7b,neutral,New Year's-cartoons-for-the-whole-family-heartwarming-selection-j,url_1,3
20220101,90,WYOMING,,https://g1.globo.com/mundo/noticia/2022/01/01/a-epidemia-de-desaparecimentos-de-indigenas-que-intriga-os-eua.ghtml,neutral,noticia/2022/01/01/the-epidemic-of-disappearances-of-indigenous-people-that-intrigue-the-us,qwen2.5:7b,0.3,0.3,0.3,,,qwen2.5:72b,,,,qwen2.5:7b,neutral,noticia/2022/01/01/the-epidemic-of-disappearances-of-indigenous-people-that-intrigue-the-us,url_1,3
20220101,42,FLORIDA,JAKARTA,https://www.republika.co.id/berita/r520u2384/ini-ketentuan-tes-antigen-di-stasiun,neutral,tes antigen,qwen2.5:7b,0.3,0.3,0.3,,,qwen2.5:72b,,,,qwen2.5:7b,neutral,tes antigen,url_1,3
20220101,190,YEMENI,LILLE,https://www.okaz.com.sa/news/na/2092790,neutral,antigen test provisions,qwen2.5:7b,0.3,0.3,0.3,,,qwen2.5:72b,,,,qwen2.5:7b,neutral,antigen test provisions,url_1,3
20220101,10,YEMENI,PERSIAN,https://www.okaz.com.sa/news/na/2092790,neutral,antigen test provisions,qwen2.5:7b,0.3,0.3,0.3,,,qwen2.5:72b,,,,qwen2.5:7b,neutral,antigen test provisions,url_1,3
20220101,50,CATALAN,,https://sport1.oslobodjenje.ba/s1/fudbal/ino-fudbal/primera/postigao-dogovor-sa-kataloncima-barcelona-sljedeceg-ljeta-dobija-veliko-pojacanje-721568,neutral,football,qwen2.5:7b,0.3,0.3,0.3,,,qwen2.5:72b,,,,qwen2.5:7b,neutral,football,url_1,3
20220101,141,SLAVIC,TARA,https://www.kramatorsk.info/view/272909,push,kramatorsk info,qwen2.5:7b,0.3,0.3,0.3,,,qwen2.5:72b,,,,qwen2.5:7b,push,kramatorsk info,url_1,3
20220101,141,SLAVIC,UKRAINE,https://www.kramatorsk.info/view/272909,push,kramatorsk info,qwen2.5:7b,0.3,0.3,0.3,,,qwen2.5:72b,,,,qwen2.5:7b,push,kramatorsk info,url_1,3
20210102,51,POLAND,,https://logistyka.rp.pl/drogowy/art19249821-na-ten-rok-w-planach-oddanie-do-uzytku-345-km-drog-krajowych,neutral,road plan,qwen2.5:7b,0.3,0.3,0.3,,,qwen2.5:72b,,,,qwen2.5:7b,neutral,road plan,url_1,3
20210102,51,POLISH,,https://logistyka.rp.pl/drogowy/art19249821-na-ten-rok-w-planach-oddanie-do-uzytku-345-km-drog-krajowych,neutral,road plan,qwen2.5:7b,0.3,0.3,0.3,,,qwen2.5:72b,,,,qwen2.5:7b,neutral,road plan,url_1,3
20210102,51,POLISH,,https://logistyka.rp.pl/drogowy/art19249821-na-ten-rok-w-planach-oddanie-do-uzytku-345-km-drog-krajowych,neutral,road plan,qwen2.5:7b,0.3,0.3,0.3,,,qwen2.5:72b,,,,qwen2.5:7b,neutral,road plan,url_1,3
20220102,36,,BUENOS AIRES,https://urgente24.com/actualidad/tragedia-palermo-asesino-al-volante-alcohol-y-muerte-n531977,neutral,alcohol flying killer,qwen2.5:7b,0.3,0.3,0.3,,,qwen2.5:72b,,,,qwen2.5:7b,neutral,alcohol flying killer,url_1,3
20220102,100,,BUSINESS,https://www.eluniversal.com.mx/cartera/concanaco-pide-comercios-mantener-medidas-sanitarias-y-evitar-cierres-por-ola-de-covid,neutral,no clear migration-related tokens,qwen2.5:7b,0.3,0.3,0.3,,,qwen2.5:72b,,,,qwen2.5:7b,neutral,no clear migration-related tokens,url_1,3
20220102,190,,TYCOON,https://revistamonet.globo.com/Celebridades/noticia/2022/01/look-de-jeff-bezos-um-dos-homens-mais-ricos-do-mundo-no-reveillon-rende-piadas-nas-redes-meio-vin-diesel-meio-agostinho-carrara.html,neutral,no clear migration-related tokens,qwen2.5:7b,0.3,0.3,0.3,,,qwen2.5:72b,,,,qwen2.5:7b,neutral,no clear migration-related tokens,url_1,3
20220102,112,,CALGARY,https://www.journaldemontreal.com/2022/01/02/manifestations-anti-covid-un-pasteur-et-son-frere-arretes-par-calgary,neutral,no clear migration-related tokens,qwen2.5:7b,0.3,0.3,0.3,,,qwen2.5:72b,,,,qwen2.5:7b,neutral,no clear migration-related tokens,url_1,3
20220102,841,,POLICE,https://www.hoydiariodelmagdalena.com.co/archivos/613756,neutral,no clear migration-related tokens,qwen2.5:7b,0.3,0.3,0.3,,,qwen2.5:72b,,,,qwen2.5:7b,neutral,no clear migration-related tokens,url_1,3
20220102,36,,SCHOOL,https://olhardireto.com.br/noticias/exibir.asp?id=496488&noticia=porto-relembra-dificuldades-com-45-dos-estudantes-sem-internet-e-projeta-2022-como-melhor-ano-letivo-da-historia,push,difficulties (difficulties) without internet (without internet),qwen2.5:7b,0.3,0.3,0.3,,,qwen2.5:72b,,,,qwen2.5:7b,push,difficulties (difficulties) without internet (without internet),url_1,3
20220102,42,,SCHOOL,https://olhardireto.com.br/noticias/exibir.asp?id=496488&noticia=porto-relembra-dificuldades-com-45-dos-estudantes-sem-internet-e-projeta-2022-como-melhor-ano-letivo-da-historia,push,difficulties (difficulties) without internet (without internet),qwen2.5:7b,0.3,0.3,0.3,,,qwen2.5:72b,,,,qwen2.5:7b,push,difficulties (difficulties) without internet (without internet),url_1,3
20220102,42,,FRANCE,https://www.mdzol.com/deportes/2022/1/2/cuando-vuelve-lionel-messi-su-posible-debut-con-el-psg-en-2022-212536.html,neutral,no clear migration-related tokens,qwen2.5:7b,0.3,0.3,0.3,,,qwen2.5:72b,,,,qwen2.5:7b,neutral,no clear migration-related tokens,url_1,3
20220102,42,,FRANCE,https://www.mdzol.com/deportes/2022/1/2/cuando-vuelve-lionel-messi-su-posible-debut-con-el-psg-en-2022-212536.html,neutral,no clear migration-related tokens,qwen2.5:7b,0.3,0.3,0.3,,,qwen2.5:72b,,,,qwen2.5:7b,neutral,no clear migration-related tokens,url_1,3
20220102,141,,THE UK,https://www.clarin.com/opinion/malvinas-pasado-presente-conflicto_0_4JQu1pJwH.html,neutral,no clear migration-related tokens,qwen2.5:7b,0.3,0.3,0.3,,,qwen2.5:72b,,,,qwen2.5:7b,neutral,no clear migration-related tokens,url_1,3
20220102,42,,UNITED KINGDOM,https://www.elbotola.com/article/2022-01-02-22-03-111.html,unclear,"URL too short, generic, ID-like, or ambiguous",qwen2.5:7b,0.3,0.3,0.3,neutral,No migration-related tokens,qwen2.5:72b,,,,qwen2.5:7b,neutral,No migration-related tokens,url_2,3
20220102,42,,UNITED KINGDOM,https://www.elbotola.com/article/2022-01-02-22-03-111.html,neutral,no clear migration-related tokens,qwen2.5:7b,0.3,0.3,0.3,,,qwen2.5:72b,,,,qwen2.5:7b,neutral,no clear migration-related tokens,url_1,3
20220102,40,,KINGDOM,https://alghad.com/%D9%88%D8%B2%D9%8A%D8%B1-%D8%A7%D9%84%D8%AE%D8%A7%D8%B1%D8%AC%D9%8A%D8%A9-%D8%A7%D9%84%D8%B3%D8%B9%D9%88%D8%AF%D9%8A-%D9%81%D9%8A-%D8%B9%D9%85%D8%A7%D9%86/,push,Saudi,qwen2.5:7b,0.3,0.3,0.3,,,qwen2.5:72b,,,,qwen2.5:7b,push,Saudi,url_1,3
20220102,46,,MINIST,https://alghad.com/%D9%88%D8%B2%D9%8A%D8%B1-%D8%A7%D9%84%D8%AE%D8%A7%D8%B1%D8%AC%D9%8A%D8%A9-%D8%A7%D9%84%D8%B3%D8%B9%D9%88%D8%AF%D9%8A-%D9%81%D9%8A-%D8%B9%D9%85%D8%A7%D9%86/,push,Saudi,qwen2.5:7b,0.3,0.3,0.3,,,qwen2.5:72b,,,,qwen2.5:7b,push,Saudi,url_1,3
20220102,46,,KINGDOM,https://alghad.com/%D9%88%D8%B2%D9%8A%D8%B1-%D8%A7%D9%84%D8%AE%D8%A7%D8%B1%D8%AC%D9%8A%D8%A9-%D8%A7%D9%84%D8%B3%D8%B9%D9%88%D8%AF%D9%8A-%D9%81%D9%8A-%D8%B9%D9%85%D8%A7%D9%86/,push,Saudi,qwen2.5:7b,0.3,0.3,0.3,,,qwen2.5:72b,,,,qwen2.5:7b,push,Saudi,url_1,3
20220102,57,,GOVERNMENT,https://www.cas.sk/clanok/2626553/predseda-civilnej-vlady-v-sudane-oznamil-svoju-rezignaciu-snazil-som-sa-zo-vsetkych-sil/,neutral,no clear migration-related tokens,qwen2.5:7b,0.3,0.3,0.3,,,qwen2.5:72b,,,,qwen2.5:7b,neutral,no clear migration-related tokens,url_1,3
20220102,84,,PRESIDENT,https://www.lematin.ch/story/lhomme-fort-du-parti-ennahdha-hospitalise-dans-un-etat-critique-474086927675,neutral,no clear migration-related tokens,qwen2.5:7b,0.3,0.3,0.3,,,qwen2.5:72b,,,,qwen2.5:7b,neutral,no clear migration-related tokens,url_1,3
20220102,141,,AUTHORITIES,http://lratvakan.com/news/76958.html,neutral,no clear migration-related tokens,qwen2.5:7b,0.3,0.3,0.3,,,qwen2.5:72b,,,,qwen2.5:7b,neutral,no clear migration-related tokens,url_1,3
20220102,141,,AUTHORITIES,https://lugradar.net/2022/01/337334,neutral,no clear migration-related tokens,qwen2.5:7b,0.3,0.3,0.3,,,qwen2.5:72b,,,,qwen2.5:7b,neutral,no clear migration-related tokens,url_1,3
20220102,42,,UNITED NATIONS,http://www.hispantv.com/noticias/palestina/535010/preso-israel-huelga-hambre,push,Saudi,qwen2.5:7b,0.3,0.3,0.3,,,qwen2.5:72b,,,,qwen2.5:7b,push,Saudi,url_1,3
20220102,14,,ISRAELI,https://itongadol.com/coronavirus/coronavirus-en-israel-se-espera-que-tres-millones-de-israelies-se-infecten-con-el-virus,neutral,no clear migration-related tokens,qwen2.5:7b,0.3,0.3,0.3,,,qwen2.5:72b,,,,qwen2.5:7b,neutral,no clear migration-related tokens,url_1,3
20220102,51,,ISRAEL,http://www.hispantv.com/noticias/palestina/535010/preso-israel-huelga-hambre,neutral,no clear migration-related tokens,qwen2.5:7b,0.3,0.3,0.3,,,qwen2.5:72b,,,,qwen2.5:7b,neutral,no clear migration-related tokens,url_1,3
20220102,53,,ISRAEL,http://www.hispantv.com/noticias/palestina/535010/preso-israel-huelga-hambre,neutral,no clear migration-related tokens,qwen2.5:7b,0.3,0.3,0.3,,,qwen2.5:72b,,,,qwen2.5:7b,neutral,no clear migration-related tokens,url_1,3
20220102,43,,JORDAN,https://alghad.com/%D9%85%D8%B9%D8%B1%D8%B6-%D8%A3%D8%B1%D8%AF%D9%86%D9%8A-%D9%84%D9%84%D8%AA%D8%AC%D8%A7%D8%B1%D8%A9-%D9%88%D8%A7%D9%84%D8%AE%D8%AF%D9%85%D8%A7%D8%AA-%D9%8A%D9%86%D8%B7%D9%84%D9%82-%D9%81%D9%8A-%D8%B3/,push,preso-israel-huelga-hambre (hunger strike in Israel) suggests potential for displacement or unrest,qwen2.5:7b,0.3,0.3,0.3,,,qwen2.5:72b,,,,qwen2.5:7b,push,preso-israel-huelga-hambre (hunger strike in Israel) suggests potential for displacement or unrest,url_1,3
20220102,130,,LAWYER,https://www.vesti-online.com/stopiran-otkaz-za-nevakcinisanog-cuvara-reda/,neutral,no clear migration-related tokens,qwen2.5:7b,0.3,0.3,0.3,,,qwen2.5:72b,,,,qwen2.5:7b,neutral,no clear migration-related tokens,url_1,3
20220102,42,,ANTANANARIVO,http://www.taringa.net/+salud_bienestar/la-proxima-gran-pandemia-la-resistencia-a-antibioticos-ya-esta-aqui_4zonot/,neutral,no clear migration-related tokens,qwen2.5:7b,0.3,0.3,0.3,,,qwen2.5:72b,,,,qwen2.5:7b,neutral,no clear migration-related tokens,url_1,3
20220102,71,,OAXACA,https://oaxaca.eluniversal.com.mx/estatal/aumenta-congreso-de-oaxaca-presupuesto-de-comision-forestal-en-14-mdp,neutral,no clear migration-related tokens,qwen2.5:7b,0.3,0.3,0.3,,,qwen2.5:72b,,,,qwen2.5:7b,neutral,no clear migration-related tokens,url_1,3
20220102,43,,MACHU PICCHU,https://www.segnidalcielo.it/peru-un-turista-fotografa-un-ufo-sullantica-citta-di-machu-picchu/,neutral,no clear migration-related tokens,qwen2.5:7b,0.3,0.3,0.3,,,qwen2.5:72b,,,,qwen2.5:7b,neutral,no clear migration-related tokens,url_1,3
20220102,53,,PALESTINE,http://www.hispantv.com/noticias/palestina/535010/preso-israel-huelga-hambre,neutral,no clear migration-related tokens,qwen2.5:7b,0.3,0.3,0.3,,,qwen2.5:72b,,,,qwen2.5:7b,neutral,no clear migration-related tokens,url_1,3
20220102,51,,PALESTINE,http://www.hispantv.com/noticias/palestina/535010/preso-israel-huelga-hambre,neutral,no clear migration-related tokens,qwen2.5:7b,0.3,0.3,0.3,,,qwen2.5:72b,,,,qwen2.5:7b,neutral,no clear migration-related tokens,url_1,3
20220102,53,,PALESTINE,http://www.hispantv.com/noticias/palestina/535010/preso-israel-huelga-hambre,neutral,no clear migration-related tokens,qwen2.5:7b,0.3,0.3,0.3,,,qwen2.5:72b,,,,qwen2.5:7b,neutral,no clear migration-related tokens,url_1,3
20220102,43,,SAINT,https://g1.globo.com/sp/santos-regiao/porto-mar/noticia/2022/01/02/anvisa-reforca-urgencia-em-acabar-com-temporada-de-cruzeiros-e-fala-em-risco-a-saude-publica.ghtml,neutral,no migration-related tokens,qwen2.5:7b,0.3,0.3,0.3,,,qwen2.5:72b,,,,qwen2.5:7b,neutral,no migration-related tokens,url_1,3
20220102,51,,SETTLER,https://www.eluniversal.com.mx/ciencia-y-salud/tras-aparente-extincion-el-pez-picote-tequila-fue-reintegrado-su-habitat,neutral,no migration-related tokens,qwen2.5:7b,0.3,0.3,0.3,,,qwen2.5:72b,,,,qwen2.5:7b,neutral,no migration-related tokens,url_1,3
20220102,20,,TURKEY,https://eleftherostypos.gr/ellinotourkika/880814-empristikos-o-akar-ebale-xio-samo-kai-oinousses-sto-stoma-tis-tourkias/,neutral,no migration-related tokens,qwen2.5:7b,0.3,0.3,0.3,,,qwen2.5:72b,,,,qwen2.5:7b,neutral,no migration-related tokens,url_1,3
20220102,36,,THE WHITE HOUSE,https://pronedra.ru/v21-pervye-pervye-simptomy-pnevmonii-pomogut-svoevremenno-nachat-lechenie-i-soxranit-zhizn-439639.html,neutral,no migration-related tokens,qwen2.5:7b,0.3,0.3,0.3,,,qwen2.5:72b,,,,qwen2.5:7b,neutral,no migration-related tokens,url_1,3
20220102,41,,THE WHITE HOUSE,https://pronedra.ru/v21-pervye-pervye-simptomy-pnevmonii-pomogut-svoevremenno-nachat-lechenie-i-soxranit-zhizn-439639.html,neutral,no migration-related tokens,qwen2.5:7b,0.3,0.3,0.3,,,qwen2.5:72b,,,,qwen2.5:7b,neutral,no migration-related tokens,url_1,3
20220102,112,FARMER,MINIST OF ENVIRONMENT,https://www.diariolibre.com/actualidad/sucesos/2022/01/02/acusan-ganaderos-de-provocar-incendios-en-sierra-de-bahoruco/1563459,neutral,no migration-related tokens,qwen2.5:7b,0.3,0.3,0.3,,,qwen2.5:72b,,,,qwen2.5:7b,neutral,no migration-related tokens,url_1,3
20220102,356,ARGENTINIAN,,https://www.clarin.com/opinion/malvinas-primeros-200-anos-_0_7SMJC2Ult.html,neutral,no migration-related tokens,qwen2.5:7b,0.3,0.3,0.3,,,qwen2.5:72b,,,,qwen2.5:7b,neutral,no migration-related tokens,url_1,3
20220102,36,BUENOS AIRES,,https://urgente24.com/actualidad/tragedia-palermo-asesino-al-volante-alcohol-y-muerte-n531977,neutral,no migration-related tokens,qwen2.5:7b,0.3,0.3,0.3,,,qwen2.5:72b,,,,qwen2.5:7b,neutral,no migration-related tokens,url_1,3
20220102,80,ARGENTINA,,https://www.clarin.com/opinion/malvinas-pasado-presente-conflicto_0_4JQu1pJwH.html,neutral,no migration-related tokens,qwen2.5:7b,0.3,0.3,0.3,,,qwen2.5:72b,,,,qwen2.5:7b,neutral,no migration-related tokens,url_1,3
20220102,160,ARGENTINA,FALKLANDS,https://www.clarin.com/opinion/malvinas-pasado-presente-conflicto_0_4JQu1pJwH.html,neutral,no migration-related tokens,qwen2.5:7b,0.3,0.3,0.3,,,qwen2.5:72b,,,,qwen2.5:7b,neutral,no migration-related tokens,url_1,3
20220102,190,BELGIAN,BELGIUM,https://geeko.lesoir.be/2022/01/02/une-entreprise-belge-lutte-contre-contre-le-gaspillage-pharmaceutique/,neutral,no migration-related tokens,qwen2.5:7b,0.3,0.3,0.3,,,qwen2.5:72b,,,,qwen2.5:7b,neutral,no migration-related tokens,url_1,3
20220102,190,BELGIAN,,https://geeko.lesoir.be/2022/01/02/une-entreprise-belge-lutte-contre-contre-le-gaspillage-pharmaceutique/,neutral,no migration-related tokens,qwen2.5:7b,0.3,0.3,0.3,,,qwen2.5:72b,,,,qwen2.5:7b,neutral,no migration-related tokens,url_1,3
20220102,112,BELARUSIAN,BELARUS,http://www.kvir.ru/author/andre-galinin/,neutral,no migration-related tokens,qwen2.5:7b,0.3,0.3,0.3,,,qwen2.5:72b,,,,qwen2.5:7b,neutral,no migration-related tokens,url_1,3
20220102,190,BELARUSIAN,BELARUS,http://www.kvir.ru/author/andre-galinin/,neutral,no migration-related tokens,qwen2.5:7b,0.3,0.3,0.3,,,qwen2.5:72b,,,,qwen2.5:7b,neutral,no migration-related tokens,url_1,3
20220102,51,BRAZIL,ARGENTINE,https://www.clarin.com/opinion/malvinas-pasado-presente-conflicto_0_4JQu1pJwH.html,push,past-present-conflict,qwen2.5:7b,0.3,0.3,0.3,,,qwen2.5:72b,,,,qwen2.5:7b,push,past-present-conflict,url_1,3
20220102,10,BRAZIL,BRAZIL,https://www.clarin.com/opinion/malvinas-pasado-presente-conflicto_0_4JQu1pJwH.html,push,past-present-conflict,qwen2.5:7b,0.3,0.3,0.3,,,qwen2.5:72b,,,,qwen2.5:7b,push,past-present-conflict,url_1,3
20220102,10,BRAZIL,BRAZIL,https://www.clarin.com/opinion/malvinas-pasado-presente-conflicto_0_4JQu1pJwH.html,push,past-present-conflict,qwen2.5:7b,0.3,0.3,0.3,,,qwen2.5:72b,,,,qwen2.5:7b,push,past-present-conflict,url_1,3
20220102,12,TYCOON,,https://revistamonet.globo.com/Celebridades/noticia/2022/01/look-de-jeff-bezos-um-dos-homens-mais-ricos-do-mundo-no-reveillon-rende-piadas-nas-redes-meio-vin-diesel-meio-agostinho-carrara.html,neutral,no migration-related tokens,qwen2.5:7b,0.3,0.3,0.3,,,qwen2.5:72b,,,,qwen2.5:7b,neutral,no migration-related tokens,url_1,3
20220102,90,COMPANY,,https://e24.no/ledige-stillinger/s/Kzeo24/har-du-inkasso-erfaring-men-kan-tenke-deg-strre-ansvar,neutral,no migration-related tokens,qwen2.5:7b,0.3,0.3,0.3,,,qwen2.5:72b,,,,qwen2.5:7b,neutral,no migration-related tokens,url_1,3
20220102,145,BUSINESS,,https://www.limburger.nl/cnt/dmf20220102_97854382,neutral,no migration-related tokens,qwen2.5:7b,0.3,0.3,0.3,,,qwen2.5:72b,,,,qwen2.5:7b,neutral,no migration-related tokens,url_1,3
20220102,160,AIRLINE,,https://es.investing.com/news/stock-market-news/disrupciones-relacionadas-con-omicron-provocan-mas-de-4000-cancelaciones-de-vuelos-en-inicio-de-2022-2199117,neutral,stock-market-news,qwen2.5:7b,0.3,0.3,0.3,,,qwen2.5:72b,,,,qwen2.5:7b,neutral,stock-market-news,url_1,3
20220102,190,TYCOON,,https://revistamonet.globo.com/Celebridades/noticia/2022/01/look-de-jeff-bezos-um-dos-homens-mais-ricos-do-mundo-no-reveillon-rende-piadas-nas-redes-meio-vin-diesel-meio-agostinho-carrara.html,neutral,"celebrities, look-of-jeff-bezos",qwen2.5:7b,0.3,0.3,0.3,,,qwen2.5:72b,,,,qwen2.5:7b,neutral,"celebrities, look-of-jeff-bezos",url_1,3
20220102,20,AIRLINE,EMPLOYEE,https://es.investing.com/news/stock-market-news/disrupciones-relacionadas-con-omicron-provocan-mas-de-4000-cancelaciones-de-vuelos-en-inicio-de-2022-2199117,neutral,stock-market-news,qwen2.5:7b,0.3,0.3,0.3,,,qwen2.5:72b,,,,qwen2.5:7b,neutral,stock-market-news,url_1,3
20220102,30,BUSINESS,,https://www.eluniversal.com.mx/nacion/tras-vacaciones-de-invierno-sep-se-declara-lista-para-retorno-actividades-escolares-presenciales,neutral,return-school-activities-in-person,qwen2.5:7b,0.3,0.3,0.3,,,qwen2.5:72b,,,,qwen2.5:7b,neutral,return-school-activities-in-person,url_1,3
20220102,173,CALGARY,CALGARY,https://www.journaldemontreal.com/2022/01/02/manifestations-anti-covid-un-pasteur-et-son-frere-arretes-par-calgary,unclear,anti-covid-protests-a-pastor-and-his-brother-arrested-by-calgary,qwen2.5:7b,0.3,0.3,0.3,neutral,No migration-related tokens,qwen2.5:72b,,,,qwen2.5:7b,neutral,No migration-related tokens,url_2,3
20220102,175,CALGARY,DEMONSTRATOR,https://www.journaldemontreal.com/2022/01/02/manifestations-anti-covid-un-pasteur-et-son-frere-arretes-par-calgary,unclear,anti-covid-protests-a-pastor-and-his-brother-arrested-by-calgary,qwen2.5:7b,0.3,0.3,0.3,neutral,No migration-related tokens,qwen2.5:72b,,,,qwen2.5:7b,neutral,No migration-related tokens,url_2,3
20220102,51,ORTHODOX CHRISTIAN,SAINT,https://www.mngz.ru/russia-world-sensation/2464160-v-vargashinskom-rayone-sotrudniki-policii-proveli-20-profilakticheskih-besed-so-shkolnikami.html,neutral,police-conducted-20-preventive-conversations-with-schoolchildren,qwen2.5:7b,0.3,0.3,0.3,,,qwen2.5:72b,,,,qwen2.5:7b,neutral,police-conducted-20-preventive-conversations-with-schoolchildren,url_1,3
20220102,51,ORTHODOX CHRISTIAN,SAINT,https://pronedra.ru/pozdravleniya-ko-dnyu-svyatoj-anastasii-4-yanvarya-tradiczii-prazdnika-630226.html,neutral,congratulations-on-the-day-of-St.-Anastasia-4th-of-January-holiday-traditions,qwen2.5:7b,0.3,0.3,0.3,,,qwen2.5:72b,,,,qwen2.5:7b,neutral,congratulations-on-the-day-of-St.-Anastasia-4th-of-January-holiday-traditions,url_1,3
20220102,90,POLICE,,https://www.noviny.sk/krimi/652963-mrtvy-muz-v-aute-telo-hladaneho-slovenskeho-policajta-nasli-v-polsku,neutral,dead-man-in-the-car-body-of-a-wanted-Slovakian-policeman-found-in-Poland,qwen2.5:7b,0.3,0.3,0.3,,,qwen2.5:72b,,,,qwen2.5:7b,neutral,dead-man-in-the-car-body-of-a-wanted-Slovakian-policeman-found-in-Poland,url_1,3
20220102,192,POLICE OFFICER,,https://www.hoydiariodelmagdalena.com.co/archivos/613776,unclear,files-613776,qwen2.5:7b,0.3,0.3,0.3,neutral,No migration-related tokens,qwen2.5:72b,,,,qwen2.5:7b,neutral,No migration-related tokens,url_2,3
20220102,193,POLICE OFFICER,,https://www.ensonhaber.com/3-sayfa/adanada-silahli-kavgaya-mudahale-eden-polis-vuruldu,push,intervention in armed conflict,qwen2.5:7b,0.3,0.3,0.3,,,qwen2.5:72b,,,,qwen2.5:7b,push,intervention in armed conflict,url_1,3
20220102,190,POLICE,ACTIVIST,http://lratvakan.com/news/76958.html,unclear,,qwen2.5:7b,0.3,0.3,0.3,neutral,No clear migration-related tokens,qwen2.5:72b,,,,qwen2.5:7b,neutral,No clear migration-related tokens,url_2,3
20220102,10,PERPETRATOR,CREATIVITY,https://www.hespress.com/%D8%AA%D8%AC%D8%A7%D9%88%D8%B2-%D9%88%D8%B1%D8%B7%D8%A9-%D8%B9%D8%B5%D8%B1-%D8%A7%D9%84%D8%B9%D8%AA%D9%85%D8%A9-925188.html,push,Transcendence-dilemma-age-of-darkness,qwen2.5:7b,0.3,0.3,0.3,,,qwen2.5:72b,,,,qwen2.5:7b,push,Transcendence-dilemma-age-of-darkness,url_1,3
20220102,172,VILLAGE,,https://www.volynnews.com/news/all/cherez-novorichni-feyerverky-v-chernivtsiakh-zahynuly-desiatky-ptakhiv/,neutral,,qwen2.5:7b,0.3,0.3,0.3,,,qwen2.5:72b,,,,qwen2.5:7b,neutral,,url_1,3
20220102,10,COMMUNITY,POLICE,https://www.hoydiariodelmagdalena.com.co/archivos/613752,unclear,,qwen2.5:7b,0.3,0.3,0.3,neutral,No clear migration-related tokens,qwen2.5:72b,,,,qwen2.5:7b,neutral,No clear migration-related tokens,url_2,3
20220102,42,GERMAN,LISBON,https://naslovi.net/2022-01-03/blic/zarobljeni-u-luci-nemacki-kruzer-usidren-do-daljeg-u-lisabonu-zbog-izbijanja-epidemije-korona-virusa/29657724,push,outbreak of the corona virus epidemic,qwen2.5:7b,0.3,0.3,0.3,,,qwen2.5:72b,,,,qwen2.5:7b,push,outbreak of the corona virus epidemic,url_1,3
20220102,42,GERMAN,LISBON,https://naslovi.net/2022-01-03/blic/zarobljeni-u-luci-nemacki-kruzer-usidren-do-daljeg-u-lisabonu-zbog-izbijanja-epidemije-korona-virusa/29657724,push,outbreak of the corona virus epidemic,qwen2.5:7b,0.3,0.3,0.3,,,qwen2.5:72b,,,,qwen2.5:7b,push,outbreak of the corona virus epidemic,url_1,3
20220102,10,UNIVERSITY,,https://www.elmanana.com/cae-ex-rector-de-la-uabjo-por-fraude/5475695,neutral,,qwen2.5:7b,0.3,0.3,0.3,,,qwen2.5:72b,,,,qwen2.5:7b,neutral,,url_1,3
20220102,36,STUDENT,,https://olhardireto.com.br/noticias/exibir.asp?id=496488&noticia=porto-relembra-dificuldades-com-45-dos-estudantes-sem-internet-e-projeta-2022-como-melhor-ano-letivo-da-historia,pull,without internet and projects 2022 as the best school year in history,qwen2.5:7b,0.3,0.3,0.3,,,qwen2.5:72b,,,,qwen2.5:7b,pull,without internet and projects 2022 as the best school year in history,url_1,3
20220102,36,SCHOOL,,https://olhardireto.com.br/noticias/exibir.asp?id=496488&noticia=porto-relembra-dificuldades-com-45-dos-estudantes-sem-internet-e-projeta-2022-como-melhor-ano-letivo-da-historia,pull,without internet and projects 2022 as the best school year in history,qwen2.5:7b,0.3,0.3,0.3,,,qwen2.5:72b,,,,qwen2.5:7b,pull,without internet and projects 2022 as the best school year in history,url_1,3
20220102,43,SCHOOL,,https://olhardireto.com.br/noticias/exibir.asp?id=496488&noticia=porto-relembra-dificuldades-com-45-dos-estudantes-sem-internet-e-projeta-2022-como-melhor-ano-letivo-da-historia,neutral,no clear migration-related tokens,qwen2.5:7b,0.3,0.3,0.3,,,qwen2.5:72b,,,,qwen2.5:7b,neutral,no clear migration-related tokens,url_1,3
20220102,1721,SCHOOL,,https://itongadol.com/coronavirus/coronavirus-en-israel-se-espera-que-tres-millones-de-israelies-se-infecten-con-el-virus,neutral,no clear migration-related tokens,qwen2.5:7b,0.3,0.3,0.3,,,qwen2.5:72b,,,,qwen2.5:7b,neutral,no clear migration-related tokens,url_1,3
20220102,42,STUDENT,OAXACA,https://oaxaca.eluniversal.com.mx/sociedad/regresan-clases-mas-de-874-mil-estudiantes-de-oaxaca-este-3-de-enero,neutral,no clear migration-related tokens,qwen2.5:7b,0.3,0.3,0.3,,,qwen2.5:72b,,,,qwen2.5:7b,neutral,no clear migration-related tokens,url_1,3
20220102,71,ACTOR,,https://bagikanberita.pikiran-rakyat.com/bisnis/pr-683379835/rezeki-senin-ceria-khusus-wanita-berjiwa-entrepreneur-dapat-pinjaman-tanpa-agunan-rp25-juta-di-pnm-mekaar-plus,neutral,no clear migration-related tokens,qwen2.5:7b,0.3,0.3,0.3,,,qwen2.5:72b,,,,qwen2.5:7b,neutral,no clear migration-related tokens,url_1,3
20220102,1821,ACTOR,BANDUNG,https://www.pikiran-rakyat.com/nasional/pr-013379874/genting-susi-pudjiastuti-desak-ruu-pks-disahkan-perlu-berapa-banyak-lagi-korban,neutral,no clear migration-related tokens,qwen2.5:7b,0.3,0.3,0.3,,,qwen2.5:72b,,,,qwen2.5:7b,neutral,no clear migration-related tokens,url_1,3
20220102,10,MADRID,,https://es.euronews.com/2022/01/02/espana-dice-no-a-la-propuesta-de-bruselas-de-incluir-la-energia-nuclear-y-el-gas-en-su-pla,neutral,no clear migration-related tokens,qwen2.5:7b,0.3,0.3,0.3,,,qwen2.5:72b,,,,qwen2.5:7b,neutral,no clear migration-related tokens,url_1,3
20220102,111,EUROPEAN,,https://1prime.ru/business/20220103/835674504.html,unclear,URL too short or generic,qwen2.5:7b,0.3,0.3,0.3,neutral,No clear migration-related tokens,qwen2.5:72b,,,,qwen2.5:7b,neutral,No clear migration-related tokens,url_2,3
20220102,20,FINNISH,RUSSIA,https://www.geopolitica.ru/news/vlasti-finlyandii-zagovorili-o-vstuplenii-v-nato,push,vlasti-finlyandii-zagovorili-o-vstuplenii-v-nato (Finland's authorities hint at joining NATO) suggests potential push factors for migration due to security concerns,qwen2.5:7b,0.3,0.3,0.3,,,qwen2.5:72b,,,,qwen2.5:7b,push,vlasti-finlyandii-zagovorili-o-vstuplenii-v-nato (Finland's authorities hint at joining NATO) suggests potential push factors for migration due to security concerns,url_1,3
20220102,42,UNITED KINGDOM,UNITED KINGDOM,https://www.elbotola.com/article/2022-01-02-22-03-111.html,unclear,URL too short or generic,qwen2.5:7b,0.3,0.3,0.3,neutral,No clear migration-related tokens,qwen2.5:72b,,,,qwen2.5:7b,neutral,No clear migration-related tokens,url_2,3
20220102,42,UNITED KINGDOM,UNITED KINGDOM,https://www.elbotola.com/article/2022-01-02-22-03-111.html,unclear,,qwen2.5:7b,0.3,0.3,0.3,neutral,No clear migration-related tokens,qwen2.5:72b,,,,qwen2.5:7b,neutral,No clear migration-related tokens,url_2,3
20220102,43,UNITED KINGDOM,,https://www.elbotola.com/article/2022-01-02-22-03-111.html,neutral,"article title only, no clear migration-related tokens",qwen2.5:7b,0.3,0.3,0.3,,,qwen2.5:72b,,,,qwen2.5:7b,neutral,"article title only, no clear migration-related tokens",url_1,3
20220102,43,UNITED KINGDOM,,https://www.elbotola.com/article/2022-01-02-22-03-111.html,neutral,"article title only, no clear migration-related tokens",qwen2.5:7b,0.3,0.3,0.3,,,qwen2.5:72b,,,,qwen2.5:7b,neutral,"article title only, no clear migration-related tokens",url_1,3
20220102,43,UNITED KINGDOM,UNITED KINGDOM,https://www.elbotola.com/article/2022-01-02-22-03-111.html,neutral,"article title only, no clear migration-related tokens",qwen2.5:7b,0.3,0.3,0.3,,,qwen2.5:72b,,,,qwen2.5:7b,neutral,"article title only, no clear migration-related tokens",url_1,3
20220102,43,UNITED KINGDOM,UNITED KINGDOM,https://www.elbotola.com/article/2022-01-02-22-03-111.html,neutral,"article title only, no clear migration-related tokens",qwen2.5:7b,0.3,0.3,0.3,,,qwen2.5:72b,,,,qwen2.5:7b,neutral,"article title only, no clear migration-related tokens",url_1,3
20220102,10,AUTHORITIES,,https://www.telemundo.com/noticias/noticias-telemundo/clima/no-esto-no-es-una-broma-llovieron-peces-en-texas-poco-antes-de-fin-de-rcna10639,neutral,"weather phenomenon, no clear migration-related tokens",qwen2.5:7b,0.3,0.3,0.3,,,qwen2.5:72b,,,,qwen2.5:7b,neutral,"weather phenomenon, no clear migration-related tokens",url_1,3
20220102,12,SECRETARIAT,,https://olhardireto.com.br/noticias/exibir.asp?id=496488&noticia=porto-relembra-dificuldades-com-45-dos-estudantes-sem-internet-e-projeta-2022-como-melhor-ano-letivo-da-historia,push,difficulties (difficulties) without internet (without internet),qwen2.5:7b,0.3,0.3,0.3,,,qwen2.5:72b,,,,qwen2.5:7b,push,difficulties (difficulties) without internet (without internet),url_1,3
20220102,14,MINISTRY,,https://tsn.ua/ru/svit/izrail-odobril-chetvertuyu-covid-privivku-dlya-medrabotnikov-i-lyudey-ot-60-let-1945456.html,neutral,"COVID-19 vaccination, no clear migration-related tokens",qwen2.5:7b,0.3,0.3,0.3,,,qwen2.5:72b,,,,qwen2.5:7b,neutral,"COVID-19 vaccination, no clear migration-related tokens",url_1,3
20220102,40,KINGDOM,,https://alghad.com/%D9%88%D8%B2%D9%8A%D8%B1-%D8%A7%D9%84%D8%AE%D8%A7%D8%B1%D8%AC%D9%8A%D8%A9-%D8%A7%D9%84%D8%B3%D8%B9%D9%88%D8%AF%D9%8A-%D9%81%D9%8A-%D8%B9%D9%85%D8%A7%D9%86/,push,difficulties (difficulties) without internet (without internet),qwen2.5:7b,0.3,0.3,0.3,,,qwen2.5:72b,,,,qwen2.5:7b,push,difficulties (difficulties) without internet (without internet),url_1,3
20220102,40,KINGDOM,,https://alghad.com/%D9%88%D8%B2%D9%8A%D8%B1-%D8%A7%D9%84%D8%AE%D8%A7%D8%B1%D8%AC%D9%8A%D8%A9-%D8%A7%D9%84%D8%B3%D8%B9%D9%88%D8%AF%D9%8A-%D9%81%D9%8A-%D8%B9%D9%85%D8%A7%D9%86/,push,difficulties (difficulties) without internet (without internet),qwen2.5:7b,0.3,0.3,0.3,,,qwen2.5:72b,,,,qwen2.5:7b,push,difficulties (difficulties) without internet (without internet),url_1,3
20220102,46,MINIST,,https://alghad.com/%D9%88%D8%B2%D9%8A%D8%B1-%D8%A7%D9%84%D8%AE%D8%A7%D8%B1%D8%AC%D9%8A%D8%A9-%D8%A7%D9%84%D8%B3%D8%B9%D9%88%D8%AF%D9%8A-%D9%81%D9%8A-%D8%B9%D9%85%D8%A7%D9%86/,push,difficulties (difficulties) without internet (without internet),qwen2.5:7b,0.3,0.3,0.3,,,qwen2.5:72b,,,,qwen2.5:7b,push,difficulties (difficulties) without internet (without internet),url_1,3
20220102,46,KINGDOM,,https://alghad.com/%D9%88%D8%B2%D9%8A%D8%B1-%D8%A7%D9%84%D8%AE%D8%A7%D8%B1%D8%AC%D9%8A%D8%A9-%D8%A7%D9%84%D8%B3%D8%B9%D9%88%D8%AF%D9%8A-%D9%81%D9%8A-%D8%B9%D9%85%D8%A7%D9%86/,neutral,no clear migration-related tokens,qwen2.5:7b,0.3,0.3,0.3,,,qwen2.5:72b,,,,qwen2.5:7b,neutral,no clear migration-related tokens,url_1,3
20220102,57,GOVERNMENT,,https://www.cas.sk/clanok/2626553/predseda-civilnej-vlady-v-sudane-oznamil-svoju-rezignaciu-snazil-som-sa-zo-vsetkych-sil/,push,I-tried-with-all-my-strengths,qwen2.5:7b,0.3,0.3,0.3,,,qwen2.5:72b,,,,qwen2.5:7b,push,I-tried-with-all-my-strengths,url_1,3
20220102,73,AUTHORITIES,,https://www.mbl.is/frettir/erlent/2022/01/02/heilbrigdisstarfsmenn_fa_fjorda_skammtinn/,neutral,no clear migration-related tokens,qwen2.5:7b,0.3,0.3,0.3,,,qwen2.5:72b,,,,qwen2.5:7b,neutral,no clear migration-related tokens,url_1,3
20220102,90,GOVERNMENT,,https://newpost.gr/kosmos/61d20c59922542136ad20343/italia-koronoios-i-kyvernisi-exetazei-to-endehomeno-ypohreotikoy-emvoliasmoy-gia-oloys-toys-ano-ton-18-eton,pull,possibility of compulsory vaccination for all-over-18-eton,qwen2.5:7b,0.3,0.3,0.3,,,qwen2.5:72b,,,,qwen2.5:7b,pull,possibility of compulsory vaccination for all-over-18-eton,url_1,3
20220102,160,GOVERNMENT,INDUSTRY,https://www.rp.pl/praca/art19248621-wielka-brytania-przedluza-program-wizowy-dla-pracownikow-z-ue,pull,visa for EU workers,qwen2.5:7b,0.3,0.3,0.3,,,qwen2.5:72b,,,,qwen2.5:7b,pull,visa for EU workers,url_1,3
20220102,90,AUTHORITIES,CRIMINAL,https://sledcom.ru/news/item/1645072/,neutral,no clear migration-related tokens,qwen2.5:7b,0.3,0.3,0.3,,,qwen2.5:72b,,,,qwen2.5:7b,neutral,no clear migration-related tokens,url_1,3
20220102,14,DIRECTOR GENERAL,ISRAELI,https://itongadol.com/coronavirus/coronavirus-en-israel-se-espera-que-tres-millones-de-israelies-se-infecten-con-el-virus,push,Coronavirus in Israel Three million Israelis are expected to be infected with the virus,qwen2.5:7b,0.3,0.3,0.3,,,qwen2.5:72b,,,,qwen2.5:7b,push,Coronavirus in Israel Three million Israelis are expected to be infected with the virus,url_1,3
20220102,43,GOVERNMENT,DEMONSTRATOR,http://lratvakan.com/news/76958.html,neutral,no clear migration-related tokens,qwen2.5:7b,0.3,0.3,0.3,,,qwen2.5:72b,,,,qwen2.5:7b,neutral,no clear migration-related tokens,url_1,3
20220102,43,GOVERNMENT,DEMONSTRATOR,https://lugradar.net/2022/01/337334,neutral,no clear migration-related tokens,qwen2.5:7b,0.3,0.3,0.3,,,qwen2.5:72b,,,,qwen2.5:7b,neutral,no clear migration-related tokens,url_1,3
20220102,46,MINIST,DEMONSTRATOR,https://www.journaldemontreal.com/2022/01/02/manifestations-anti-covid-un-pasteur-et-son-frere-arretes-par-calgary,push,anti-covid demonstrations a pastor and his brother arrested by calgary,qwen2.5:7b,0.3,0.3,0.3,,,qwen2.5:72b,,,,qwen2.5:7b,push,anti-covid demonstrations a pastor and his brother arrested by calgary,url_1,3
20220102,30,GOVERNMENT,GUERRILLA,https://www.hoydiariodelmagdalena.com.co/archivos/613800,neutral,files/613800,qwen2.5:7b,0.3,0.3,0.3,,,qwen2.5:72b,,,,qwen2.5:7b,neutral,files/613800,url_1,3
20220102,20,AUTHORITIES,RUSSIAN FEDERATION,https://lugradar.net/2022/01/337336,unclear,2022/01/337336,qwen2.5:7b,0.3,0.3,0.3,unclear,"URL too short, generic, ID-like",qwen2.5:72b,"Содержание:

Париматч — одна из самых известных букмекерских платформ, работающая с 1994 года. За это время бренд завоевал доверие миллионов пользователей в Украине и за рубежом. Сегодня Parimatch предлагает ставки на спорт, казино, покер и другие азартные развлечения. Платформа имеет лицензию Curacao Gaming Authority (no. 157), сотрудничает с ведущими разработчиками игрового софта и обеспечивает защиту данных современными технологиями шифрования.

⚠️ Некоторые ссылки на сайте являются партнерскими. Это значит, что мы можем получать комиссию, если вы зарегистрируетесь или сделаете депозит по одной из них. Это не влияет на содержание и оценки, но помогает развивать проект.

Преимущества Parimatch

Преимущество Описание Надежность и безопасность Современные технологии шифрования обеспечивают защиту данных и честность игр. Широкий выбор азартных игр и ставок Большой ассортимент спортивных событий, казино, покера и других развлечений. Удобная система ввода и вывода средств Быстрые транзакции через популярные платежные системы. Щедрые бонусы и турниры Программы лояльности, кэшбэки и розыгрыши для активных пользователей. Доступ с любого устройства Мобильное приложение Париматч и адаптивная мобильная версия сайта для смартфонов и планшетов. Поддержка 24/7 Оперативные ответы через онлайн-чат, email и телефон. Сертифицированные игры Все слоты и лайв-игры проходят независимое тестирование на честность и соответствие заявленному RTP. Лицензия Curacao Gaming Authority under the National Ordinance on Games of Chance (LOK), P.B. 2024, no. 157

⚠️ Азартные игры могут вызывать зависимость. Перед тем как начать — оцените свои риски. Рекомендуем ознакомиться с разделом «Ответственная игра».

Как войти в Пари Матч

Пари Матч вход выполняется через официальный сайт или мобильное приложение. Для авторизации понадобятся логин (номер телефона, email или номер счета) и пароль, указанные при регистрации. Вход в Париматч доступен с любого устройства — смартфона, планшета или компьютера.

Общий алгоритм входа в Пари Матч:

Откройте сайт Parimatch или запустите приложение. Нажмите кнопку «Войти» в правом верхнем углу. Выберите способ авторизации: номер телефона, номер счета или электронная почта. Введите логин и пароль от своей учетной записи. Нажмите «Войти» для завершения авторизации.

После успешного входа вы попадете в личный кабинет Париматч, откуда доступны ставки, казино, пополнение счета и вывод средств.

Вход в Пари Матч через мобильную версию

Если вы предпочитаете не устанавливать приложение, используйте мобильную версию Parimatch. Пари Матч вход через мобильный браузер работает так же, как и с компьютера — сайт автоматически адаптируется под размер экрана.

Чтобы войти в Пари Матч с телефона без приложения:

Откройте браузер на мобильном устройстве. Перейдите на сайт Parimatch. Нажмите «Войти» в верхнем правом углу. Укажите логин и пароль. Подтвердите вход.

Мобильная версия Parimatch поддерживает все функции десктопного сайта: ставки на спорт, казино, управление балансом и бонусами.

💡 Совет: если не приходит SMS-код — проверьте правильность номера и повторите попытку через 2 минуты. Если проблема сохраняется, обратитесь в поддержку через онлайн-чат.

Вход в казино Пари Матч

Пари Матч вход в казино выполняется через тот же аккаунт, что используется для ставок на спорт. Отдельная регистрация не требуется. После авторизации перейдите в раздел «Казино» в главном меню.

Казино Париматч предлагает широкий выбор развлечений:

Игровые автоматы (слоты) от NetEnt, Novomatic, BetSoft и других провайдеров.

Настольные игры — рулетка, блэкджек, баккара.

Live-казино с реальными дилерами.

Покер и видеопокер.

Все игры сертифицированы независимыми лабораториями и работают на генераторе случайных чисел, что гарантирует честность результатов. Чтобы играть на деньги, необходимо пройти регистрацию, верификацию и пополнить игровой счет.

Вход на сайт Париматч через компьютер

Для входа в Parimatch с компьютера откройте браузер и перейдите на официальный сайт. Нажмите «Войти» и введите данные от своего аккаунта. Процедура авторизации на ПК ничем не отличается от мобильной версии.

Регистрация в Пари Матч

Регистрация в букмекерской конторе Париматч занимает несколько минут. Создать аккаунт можно по номеру телефона или электронной почте. Рекомендуется сразу заполнить все поля анкеты — это ускорит прохождение верификации.

Как зарегистрироваться в Париматч:

Зайдите на сайт Parimatch с любого устройства. Нажмите кнопку «Регистрация» в верхнем правом углу. Укажите email или номер телефона. Придумайте надежный пароль, следуя рекомендациям системы. Нажмите «Зарегистрироваться».

После создания аккаунта необходимо подтвердить личность. Для этого зайдите в личный кабинет, перейдите в раздел «Подтвердить учетную запись», выберите тип документа и загрузите его фотографии. Верификация нужна для вывода средств и полноценного использования всех функций Parimatch.

Перед регистрацией рекомендуется внимательно ознакомиться с правилами платформы.

Скачать Париматч бесплатно

Скачать Париматч можно бесплатно с официального сайта. Приложение Пари Матч доступно для устройств на Android и iOS. Мобильное приложение обеспечивает быстрый доступ к ставкам и казино без необходимости открывать браузер.

Скачать Париматч на Андроид

Чтобы скачать Пари Матч на Андроид бесплатно:

Откройте официальный сайт Parimatch в браузере телефона. На главной странице найдите кнопку «Скачать приложение». Выберите версию для Android — начнется загрузка APK-файла. Если загрузка не началась, проверьте настройки устройства: разрешите установку приложений из неизвестных источников. После загрузки откройте файл и установите приложение.

После установки запустите приложение Париматч, войдите в свой аккаунт или пройдите регистрацию.

Скачать Париматч на Айфон

Скачать приложение Пари Матч на iPhone можно через App Store или с официального сайта:

Перейдите на сайт Parimatch с вашего iPhone. Нажмите «Скачать приложение» и выберите версию для iOS. Вы будете перенаправлены в App Store — нажмите «Загрузить». После установки откройте приложение и авторизуйтесь.

Мобильное приложение Париматч

Мобильное приложение Пари Матч — это полноценная версия платформы для смартфонов. Приложение Париматч предоставляет те же возможности, что и десктопный сайт:

Ставки на спорт в прематче и лайве.

Казино и игровые автоматы.

Пополнение счета и вывод средств.

Push-уведомления о результатах и акциях.

Управление бонусами и промокодами.

Приложение работает стабильно даже при слабом интернет-соединении и потребляет меньше трафика, чем мобильная версия сайта в браузере. Для входа в Пари Матч через приложение используйте тот же логин и пароль, что и на сайте.

Личный кабинет Пари Матч

После входа в Париматч игрок получает доступ к личному кабинету с расширенным функционалом:

Пополнение игрового счета и вывод средств.

Выбор и активация бонусов.

Статистика использованных поощрений от букмекера.

Финансовая отчетность с фильтрацией по дате.

Изменение персональных данных.

Прохождение верификации.

Обращение в службу поддержки.

Настройки аккаунта и безопасности.

Личный кабинет Parimatch позволяет полноценно управлять аккаунтом, контролировать финансы и использовать все функции букмекерской конторы и казино.

Проблемы со входом в Париматч

Рассмотрим распространенные ситуации, когда вход в Пари Матч может быть затруднен.

Блокировка сайта. В некоторых регионах доступ к Parimatch может быть ограничен. В этом случае попробуйте использовать VPN или Proxy для обхода блокировки. Также можно скачать приложение Париматч — оно работает независимо от ограничений браузера.

Забыт пароль. Нажмите «Забыл пароль» на странице входа, укажите email или номер телефона и следуйте инструкции для сброса пароля.

Неверные данные. Убедитесь, что логин и пароль введены корректно. Проверьте раскладку клавиатуры и регистр символов.

Технические неполадки. Попробуйте очистить кеш браузера, обновить страницу или использовать другой браузер. Если проблема сохраняется, обратитесь в службу поддержки Париматч — специалисты работают круглосуточно через онлайн-чат, email и телефон.",neutral,Article focuses on Parimatch platform details without mentioning migration.,qwen2.5:7b,neutral,Article focuses on Parimatch platform details without mentioning migration.,article,3
20220102,20,AUTHORITIES,RUSSIAN FEDERATION,https://lugradar.net/2022/01/337319,unclear,2022/01/337319,qwen2.5:7b,0.3,0.3,0.3,unclear,"URL too short, generic, ID-like",qwen2.5:72b,"Содержание:

Париматч — одна из самых известных букмекерских платформ, работающая с 1994 года. За это время бренд завоевал доверие миллионов пользователей в Украине и за рубежом. Сегодня Parimatch предлагает ставки на спорт, казино, покер и другие азартные развлечения. Платформа имеет лицензию Curacao Gaming Authority (no. 157), сотрудничает с ведущими разработчиками игрового софта и обеспечивает защиту данных современными технологиями шифрования.

⚠️ Некоторые ссылки на сайте являются партнерскими. Это значит, что мы можем получать комиссию, если вы зарегистрируетесь или сделаете депозит по одной из них. Это не влияет на содержание и оценки, но помогает развивать проект.

Преимущества Parimatch

Преимущество Описание Надежность и безопасность Современные технологии шифрования обеспечивают защиту данных и честность игр. Широкий выбор азартных игр и ставок Большой ассортимент спортивных событий, казино, покера и других развлечений. Удобная система ввода и вывода средств Быстрые транзакции через популярные платежные системы. Щедрые бонусы и турниры Программы лояльности, кэшбэки и розыгрыши для активных пользователей. Доступ с любого устройства Мобильное приложение Париматч и адаптивная мобильная версия сайта для смартфонов и планшетов. Поддержка 24/7 Оперативные ответы через онлайн-чат, email и телефон. Сертифицированные игры Все слоты и лайв-игры проходят независимое тестирование на честность и соответствие заявленному RTP. Лицензия Curacao Gaming Authority under the National Ordinance on Games of Chance (LOK), P.B. 2024, no. 157

⚠️ Азартные игры могут вызывать зависимость. Перед тем как начать — оцените свои риски. Рекомендуем ознакомиться с разделом «Ответственная игра».

Как войти в Пари Матч

Пари Матч вход выполняется через официальный сайт или мобильное приложение. Для авторизации понадобятся логин (номер телефона, email или номер счета) и пароль, указанные при регистрации. Вход в Париматч доступен с любого устройства — смартфона, планшета или компьютера.

Общий алгоритм входа в Пари Матч:

Откройте сайт Parimatch или запустите приложение. Нажмите кнопку «Войти» в правом верхнем углу. Выберите способ авторизации: номер телефона, номер счета или электронная почта. Введите логин и пароль от своей учетной записи. Нажмите «Войти» для завершения авторизации.

После успешного входа вы попадете в личный кабинет Париматч, откуда доступны ставки, казино, пополнение счета и вывод средств.

Вход в Пари Матч через мобильную версию

Если вы предпочитаете не устанавливать приложение, используйте мобильную версию Parimatch. Пари Матч вход через мобильный браузер работает так же, как и с компьютера — сайт автоматически адаптируется под размер экрана.

Чтобы войти в Пари Матч с телефона без приложения:

Откройте браузер на мобильном устройстве. Перейдите на сайт Parimatch. Нажмите «Войти» в верхнем правом углу. Укажите логин и пароль. Подтвердите вход.

Мобильная версия Parimatch поддерживает все функции десктопного сайта: ставки на спорт, казино, управление балансом и бонусами.

💡 Совет: если не приходит SMS-код — проверьте правильность номера и повторите попытку через 2 минуты. Если проблема сохраняется, обратитесь в поддержку через онлайн-чат.

Вход в казино Пари Матч

Пари Матч вход в казино выполняется через тот же аккаунт, что используется для ставок на спорт. Отдельная регистрация не требуется. После авторизации перейдите в раздел «Казино» в главном меню.

Казино Париматч предлагает широкий выбор развлечений:

Игровые автоматы (слоты) от NetEnt, Novomatic, BetSoft и других провайдеров.

Настольные игры — рулетка, блэкджек, баккара.

Live-казино с реальными дилерами.

Покер и видеопокер.

Все игры сертифицированы независимыми лабораториями и работают на генераторе случайных чисел, что гарантирует честность результатов. Чтобы играть на деньги, необходимо пройти регистрацию, верификацию и пополнить игровой счет.

Вход на сайт Париматч через компьютер

Для входа в Parimatch с компьютера откройте браузер и перейдите на официальный сайт. Нажмите «Войти» и введите данные от своего аккаунта. Процедура авторизации на ПК ничем не отличается от мобильной версии.

Регистрация в Пари Матч

Регистрация в букмекерской конторе Париматч занимает несколько минут. Создать аккаунт можно по номеру телефона или электронной почте. Рекомендуется сразу заполнить все поля анкеты — это ускорит прохождение верификации.

Как зарегистрироваться в Париматч:

Зайдите на сайт Parimatch с любого устройства. Нажмите кнопку «Регистрация» в верхнем правом углу. Укажите email или номер телефона. Придумайте надежный пароль, следуя рекомендациям системы. Нажмите «Зарегистрироваться».

После создания аккаунта необходимо подтвердить личность. Для этого зайдите в личный кабинет, перейдите в раздел «Подтвердить учетную запись», выберите тип документа и загрузите его фотографии. Верификация нужна для вывода средств и полноценного использования всех функций Parimatch.

Перед регистрацией рекомендуется внимательно ознакомиться с правилами платформы.

Скачать Париматч бесплатно

Скачать Париматч можно бесплатно с официального сайта. Приложение Пари Матч доступно для устройств на Android и iOS. Мобильное приложение обеспечивает быстрый доступ к ставкам и казино без необходимости открывать браузер.

Скачать Париматч на Андроид

Чтобы скачать Пари Матч на Андроид бесплатно:

Откройте официальный сайт Parimatch в браузере телефона. На главной странице найдите кнопку «Скачать приложение». Выберите версию для Android — начнется загрузка APK-файла. Если загрузка не началась, проверьте настройки устройства: разрешите установку приложений из неизвестных источников. После загрузки откройте файл и установите приложение.

После установки запустите приложение Париматч, войдите в свой аккаунт или пройдите регистрацию.

Скачать Париматч на Айфон

Скачать приложение Пари Матч на iPhone можно через App Store или с официального сайта:

Перейдите на сайт Parimatch с вашего iPhone. Нажмите «Скачать приложение» и выберите версию для iOS. Вы будете перенаправлены в App Store — нажмите «Загрузить». После установки откройте приложение и авторизуйтесь.

Мобильное приложение Париматч

Мобильное приложение Пари Матч — это полноценная версия платформы для смартфонов. Приложение Париматч предоставляет те же возможности, что и десктопный сайт:

Ставки на спорт в прематче и лайве.

Казино и игровые автоматы.

Пополнение счета и вывод средств.

Push-уведомления о результатах и акциях.

Управление бонусами и промокодами.

Приложение работает стабильно даже при слабом интернет-соединении и потребляет меньше трафика, чем мобильная версия сайта в браузере. Для входа в Пари Матч через приложение используйте тот же логин и пароль, что и на сайте.

Личный кабинет Пари Матч

После входа в Париматч игрок получает доступ к личному кабинету с расширенным функционалом:

Пополнение игрового счета и вывод средств.

Выбор и активация бонусов.

Статистика использованных поощрений от букмекера.

Финансовая отчетность с фильтрацией по дате.

Изменение персональных данных.

Прохождение верификации.

Обращение в службу поддержки.

Настройки аккаунта и безопасности.

Личный кабинет Parimatch позволяет полноценно управлять аккаунтом, контролировать финансы и использовать все функции букмекерской конторы и казино.

Проблемы со входом в Париматч

Рассмотрим распространенные ситуации, когда вход в Пари Матч может быть затруднен.

Блокировка сайта. В некоторых регионах доступ к Parimatch может быть ограничен. В этом случае попробуйте использовать VPN или Proxy для обхода блокировки. Также можно скачать приложение Париматч — оно работает независимо от ограничений браузера.

Забыт пароль. Нажмите «Забыл пароль» на странице входа, укажите email или номер телефона и следуйте инструкции для сброса пароля.

Неверные данные. Убедитесь, что логин и пароль введены корректно. Проверьте раскладку клавиатуры и регистр символов.

Технические неполадки. Попробуйте очистить кеш браузера, обновить страницу или использовать другой браузер. Если проблема сохраняется, обратитесь в службу поддержки Париматч — специалисты работают круглосуточно через онлайн-чат, email и телефон.",neutral,Article focuses on Parimatch platform details without discussing migration.,qwen2.5:7b,neutral,Article focuses on Parimatch platform details without discussing migration.,article,3
20220102,40,PRESIDENT,RUSSIA,https://tsn.ua/ru/politika/bayden-i-zelenskiy-proveli-telefonnye-peregovory-chto-izvestno-1945450.html,neutral,Biden-and-Zelensky-had-phone-talks-what-is-known,qwen2.5:7b,0.3,0.3,0.3,,,qwen2.5:72b,,,,qwen2.5:7b,neutral,Biden-and-Zelensky-had-phone-talks-what-is-known,url_1,3
20220102,41,PRESIDENT,RUSSIA,https://tsn.ua/ru/politika/bayden-i-zelenskiy-proveli-telefonnye-peregovory-chto-izvestno-1945450.html,neutral,Biden-and-Zelensky-had-phone-talks-what-is-known,qwen2.5:7b,0.3,0.3,0.3,,,qwen2.5:72b,,,,qwen2.5:7b,neutral,Biden-and-Zelensky-had-phone-talks-what-is-known,url_1,3
20220102,41,PRESIDENT,RUSSIA,https://tsn.ua/ru/politika/bayden-i-zelenskiy-proveli-telefonnye-peregovory-chto-izvestno-1945450.html,neutral,Biden-and-Zelensky-had-phone-talks-what-is-known,qwen2.5:7b,0.3,0.3,0.3,,,qwen2.5:72b,,,,qwen2.5:7b,neutral,Biden-and-Zelensky-had-phone-talks-what-is-known,url_1,3
20220102,10,MINIST OF HEALTH,,https://www.mdzol.com/sociedad/2022/1/2/coronavirus-en-argentina-mas-de-20000-casos-23-fallecidos-212523.html,neutral,"coronavirus-in-argentina-more-than-20,000-cases-23-deaths",qwen2.5:7b,0.3,0.3,0.3,,,qwen2.5:72b,,,,qwen2.5:7b,neutral,"coronavirus-in-argentina-more-than-20,000-cases-23-deaths",url_1,3
20220102,10,DOCTOR,,https://pronedra.ru/v21-pervye-pervye-simptomy-pnevmonii-pomogut-svoevremenno-nachat-lechenie-i-soxranit-zhizn-439639.html,neutral,c21-the-first-the-first-symptoms-of-pneumonia-will-help-to-start-timely-treatment-and-save-life,qwen2.5:7b,0.3,0.3,0.3,,,qwen2.5:72b,,,,qwen2.5:7b,neutral,c21-the-first-the-first-symptoms-of-pneumonia-will-help-to-start-timely-treatment-and-save-life,url_1,3
20220102,13,HOSPITAL,,https://pronedra.ru/v21-pervye-pervye-simptomy-pnevmonii-pomogut-svoevremenno-nachat-lechenie-i-soxranit-zhizn-439639.html,neutral,c21-the-first-the-first-symptoms-of-pneumonia-will-help-to-start-timely-treatment-and-save-life,qwen2.5:7b,0.3,0.3,0.3,,,qwen2.5:72b,,,,qwen2.5:7b,neutral,c21-the-first-the-first-symptoms-of-pneumonia-will-help-to-start-timely-treatment-and-save-life,url_1,3
20220102,193,DOCTOR,POLICE OFFICER,https://pronedra.ru/v21-pervye-pervye-simptomy-pnevmonii-pomogut-svoevremenno-nachat-lechenie-i-soxranit-zhizn-439639.html,neutral,c21-the-first-the-first-symptoms-of-pneumonia-will-help-to-start-timely-treatment-and-save-life,qwen2.5:7b,0.3,0.3,0.3,,,qwen2.5:72b,,,,qwen2.5:7b,neutral,c21-the-first-the-first-symptoms-of-pneumonia-will-help-to-start-timely-treatment-and-save-life,url_1,3
20220102,193,DOCTOR,POLICE OFFICER,https://www.mngz.ru/russia-world-sensation/2463989-v-gorode-rezh-sotrudnikami-sledstvennogo-komiteta-vozbuzhdeno-ugolovnoe-delo-po-faktu-ubiystva-iz-revnosti-medic.html,push,murders-of-jealousy-medic,qwen2.5:7b,0.3,0.3,0.3,,,qwen2.5:72b,,,,qwen2.5:7b,push,murders-of-jealousy-medic,url_1,3
20220102,193,DOCTOR,POLICE OFFICER,https://www.mngz.ru/russia-world-sensation/2463989-v-gorode-rezh-sotrudnikami-sledstvennogo-komiteta-vozbuzhdeno-ugolovnoe-delo-po-faktu-ubiystva-iz-revnosti-medic.html,push,murders-of-jealousy-medic,qwen2.5:7b,0.3,0.3,0.3,,,qwen2.5:72b,,,,qwen2.5:7b,push,murders-of-jealousy-medic,url_1,3
20220102,172,HAITI,,https://www.diariolibre.com/actualidad/sucesos/2022/01/02/acusan-ganaderos-de-provocar-incendios-en-sierra-de-bahoruco/1563459,neutral,,qwen2.5:7b,0.3,0.3,0.3,,,qwen2.5:72b,,,,qwen2.5:7b,neutral,,url_1,3
20220102,90,THE EUROPEAN UNION,,https://lugradar.net/2022/01/337336,unclear,URL too short,qwen2.5:7b,0.3,0.3,0.3,unclear,"URL too short, generic, ID-like",qwen2.5:72b,"Содержание:

Париматч — одна из самых известных букмекерских платформ, работающая с 1994 года. За это время бренд завоевал доверие миллионов пользователей в Украине и за рубежом. Сегодня Parimatch предлагает ставки на спорт, казино, покер и другие азартные развлечения. Платформа имеет лицензию Curacao Gaming Authority (no. 157), сотрудничает с ведущими разработчиками игрового софта и обеспечивает защиту данных современными технологиями шифрования.

⚠️ Некоторые ссылки на сайте являются партнерскими. Это значит, что мы можем получать комиссию, если вы зарегистрируетесь или сделаете депозит по одной из них. Это не влияет на содержание и оценки, но помогает развивать проект.

Преимущества Parimatch

Преимущество Описание Надежность и безопасность Современные технологии шифрования обеспечивают защиту данных и честность игр. Широкий выбор азартных игр и ставок Большой ассортимент спортивных событий, казино, покера и других развлечений. Удобная система ввода и вывода средств Быстрые транзакции через популярные платежные системы. Щедрые бонусы и турниры Программы лояльности, кэшбэки и розыгрыши для активных пользователей. Доступ с любого устройства Мобильное приложение Париматч и адаптивная мобильная версия сайта для смартфонов и планшетов. Поддержка 24/7 Оперативные ответы через онлайн-чат, email и телефон. Сертифицированные игры Все слоты и лайв-игры проходят независимое тестирование на честность и соответствие заявленному RTP. Лицензия Curacao Gaming Authority under the National Ordinance on Games of Chance (LOK), P.B. 2024, no. 157

⚠️ Азартные игры могут вызывать зависимость. Перед тем как начать — оцените свои риски. Рекомендуем ознакомиться с разделом «Ответственная игра».

Как войти в Пари Матч

Пари Матч вход выполняется через официальный сайт или мобильное приложение. Для авторизации понадобятся логин (номер телефона, email или номер счета) и пароль, указанные при регистрации. Вход в Париматч доступен с любого устройства — смартфона, планшета или компьютера.

Общий алгоритм входа в Пари Матч:

Откройте сайт Parimatch или запустите приложение. Нажмите кнопку «Войти» в правом верхнем углу. Выберите способ авторизации: номер телефона, номер счета или электронная почта. Введите логин и пароль от своей учетной записи. Нажмите «Войти» для завершения авторизации.

После успешного входа вы попадете в личный кабинет Париматч, откуда доступны ставки, казино, пополнение счета и вывод средств.

Вход в Пари Матч через мобильную версию

Если вы предпочитаете не устанавливать приложение, используйте мобильную версию Parimatch. Пари Матч вход через мобильный браузер работает так же, как и с компьютера — сайт автоматически адаптируется под размер экрана.

Чтобы войти в Пари Матч с телефона без приложения:

Откройте браузер на мобильном устройстве. Перейдите на сайт Parimatch. Нажмите «Войти» в верхнем правом углу. Укажите логин и пароль. Подтвердите вход.

Мобильная версия Parimatch поддерживает все функции десктопного сайта: ставки на спорт, казино, управление балансом и бонусами.

💡 Совет: если не приходит SMS-код — проверьте правильность номера и повторите попытку через 2 минуты. Если проблема сохраняется, обратитесь в поддержку через онлайн-чат.

Вход в казино Пари Матч

Пари Матч вход в казино выполняется через тот же аккаунт, что используется для ставок на спорт. Отдельная регистрация не требуется. После авторизации перейдите в раздел «Казино» в главном меню.

Казино Париматч предлагает широкий выбор развлечений:

Игровые автоматы (слоты) от NetEnt, Novomatic, BetSoft и других провайдеров.

Настольные игры — рулетка, блэкджек, баккара.

Live-казино с реальными дилерами.

Покер и видеопокер.

Все игры сертифицированы независимыми лабораториями и работают на генераторе случайных чисел, что гарантирует честность результатов. Чтобы играть на деньги, необходимо пройти регистрацию, верификацию и пополнить игровой счет.

Вход на сайт Париматч через компьютер

Для входа в Parimatch с компьютера откройте браузер и перейдите на официальный сайт. Нажмите «Войти» и введите данные от своего аккаунта. Процедура авторизации на ПК ничем не отличается от мобильной версии.

Регистрация в Пари Матч

Регистрация в букмекерской конторе Париматч занимает несколько минут. Создать аккаунт можно по номеру телефона или электронной почте. Рекомендуется сразу заполнить все поля анкеты — это ускорит прохождение верификации.

Как зарегистрироваться в Париматч:

Зайдите на сайт Parimatch с любого устройства. Нажмите кнопку «Регистрация» в верхнем правом углу. Укажите email или номер телефона. Придумайте надежный пароль, следуя рекомендациям системы. Нажмите «Зарегистрироваться».

После создания аккаунта необходимо подтвердить личность. Для этого зайдите в личный кабинет, перейдите в раздел «Подтвердить учетную запись», выберите тип документа и загрузите его фотографии. Верификация нужна для вывода средств и полноценного использования всех функций Parimatch.

Перед регистрацией рекомендуется внимательно ознакомиться с правилами платформы.

Скачать Париматч бесплатно

Скачать Париматч можно бесплатно с официального сайта. Приложение Пари Матч доступно для устройств на Android и iOS. Мобильное приложение обеспечивает быстрый доступ к ставкам и казино без необходимости открывать браузер.

Скачать Париматч на Андроид

Чтобы скачать Пари Матч на Андроид бесплатно:

Откройте официальный сайт Parimatch в браузере телефона. На главной странице найдите кнопку «Скачать приложение». Выберите версию для Android — начнется загрузка APK-файла. Если загрузка не началась, проверьте настройки устройства: разрешите установку приложений из неизвестных источников. После загрузки откройте файл и установите приложение.

После установки запустите приложение Париматч, войдите в свой аккаунт или пройдите регистрацию.

Скачать Париматч на Айфон

Скачать приложение Пари Матч на iPhone можно через App Store или с официального сайта:

Перейдите на сайт Parimatch с вашего iPhone. Нажмите «Скачать приложение» и выберите версию для iOS. Вы будете перенаправлены в App Store — нажмите «Загрузить». После установки откройте приложение и авторизуйтесь.

Мобильное приложение Париматч

Мобильное приложение Пари Матч — это полноценная версия платформы для смартфонов. Приложение Париматч предоставляет те же возможности, что и десктопный сайт:

Ставки на спорт в прематче и лайве.

Казино и игровые автоматы.

Пополнение счета и вывод средств.

Push-уведомления о результатах и акциях.

Управление бонусами и промокодами.

Приложение работает стабильно даже при слабом интернет-соединении и потребляет меньше трафика, чем мобильная версия сайта в браузере. Для входа в Пари Матч через приложение используйте тот же логин и пароль, что и на сайте.

Личный кабинет Пари Матч

После входа в Париматч игрок получает доступ к личному кабинету с расширенным функционалом:

Пополнение игрового счета и вывод средств.

Выбор и активация бонусов.

Статистика использованных поощрений от букмекера.

Финансовая отчетность с фильтрацией по дате.

Изменение персональных данных.

Прохождение верификации.

Обращение в службу поддержки.

Настройки аккаунта и безопасности.

Личный кабинет Parimatch позволяет полноценно управлять аккаунтом, контролировать финансы и использовать все функции букмекерской конторы и казино.

Проблемы со входом в Париматч

Рассмотрим распространенные ситуации, когда вход в Пари Матч может быть затруднен.

Блокировка сайта. В некоторых регионах доступ к Parimatch может быть ограничен. В этом случае попробуйте использовать VPN или Proxy для обхода блокировки. Также можно скачать приложение Париматч — оно работает независимо от ограничений браузера.

Забыт пароль. Нажмите «Забыл пароль» на странице входа, укажите email или номер телефона и следуйте инструкции для сброса пароля.

Неверные данные. Убедитесь, что логин и пароль введены корректно. Проверьте раскладку клавиатуры и регистр символов.

Технические неполадки. Попробуйте очистить кеш браузера, обновить страницу или использовать другой браузер. Если проблема сохраняется, обратитесь в службу поддержки Париматч — специалисты работают круглосуточно через онлайн-чат, email и телефон.",neutral,Article focuses on Parimatch platform features and registration process.,qwen2.5:7b,neutral,Article focuses on Parimatch platform features and registration process.,article,3
20220102,43,UNITED NATIONS,,http://www.hispantv.com/noticias/palestina/535010/preso-israel-huelga-hambre,push,prisoner-israel-hunger-strike,qwen2.5:7b,0.3,0.3,0.3,,,qwen2.5:72b,,,,qwen2.5:7b,push,prisoner-israel-hunger-strike,url_1,3
20220102,20,ISRAELI,WORKER,https://g1.globo.com/mundo/noticia/2022/01/02/israel-comeca-a-aplicar-quarta-dose-da-vacina-contra-a-covid.ghtml,neutral,,qwen2.5:7b,0.3,0.3,0.3,,,qwen2.5:72b,,,,qwen2.5:7b,neutral,,url_1,3
20220102,51,ISRAEL,PALESTINE,http://www.hispantv.com/noticias/palestina/535010/preso-israel-huelga-hambre,push,prisoner-israel-hunger-strike,qwen2.5:7b,0.3,0.3,0.3,,,qwen2.5:72b,,,,qwen2.5:7b,push,prisoner-israel-hunger-strike,url_1,3
20220102,53,ISRAEL,PALESTINE,http://www.hispantv.com/noticias/palestina/535010/preso-israel-huelga-hambre,push,prisoner-israel-hunger-strike,qwen2.5:7b,0.3,0.3,0.3,,,qwen2.5:72b,,,,qwen2.5:7b,push,prisoner-israel-hunger-strike,url_1,3
20220102,142,ISRAEL,PALESTINE,http://www.hispantv.com/noticias/palestina/535010/preso-israel-huelga-hambre,push,prisoner-israel-hunger-strike,qwen2.5:7b,0.3,0.3,0.3,,,qwen2.5:72b,,,,qwen2.5:7b,push,prisoner-israel-hunger-strike,url_1,3
20220102,42,JORDAN,,https://alghad.com/%D9%85%D8%B9%D8%B1%D8%B6-%D8%A3%D8%B1%D8%AF%D9%86%D9%8A-%D9%84%D9%84%D8%AA%D8%AC%D8%A7%D8%B1%D8%A9-%D9%88%D8%A7%D9%84%D8%AE%D8%AF%D9%85%D8%A7%D8%AA-%D9%8A%D9%86%D8%B7%D9%84%D9%82-%D9%81%D9%8A-%D8%B3/,neutral,,qwen2.5:7b,0.3,0.3,0.3,,,qwen2.5:72b,,,,qwen2.5:7b,neutral,,url_1,3
20220102,234,FEDERAL COURT,,https://www.elmanana.com/cae-ex-rector-de-la-uabjo-por-fraude/5475695,neutral,no clear migration-related tokens,qwen2.5:7b,0.3,0.3,0.3,,,qwen2.5:72b,,,,qwen2.5:7b,neutral,no clear migration-related tokens,url_1,3
20220102,84,JUDGE,,https://www.vesti-online.com/stopiran-otkaz-za-nevakcinisanog-cuvara-reda/,neutral,no clear migration-related tokens,qwen2.5:7b,0.3,0.3,0.3,,,qwen2.5:72b,,,,qwen2.5:7b,neutral,no clear migration-related tokens,url_1,3
20220102,173,PUBLIC PROSECUTOR,,https://www.hoydiariodelmagdalena.com.co/archivos/613776,neutral,no clear migration-related tokens,qwen2.5:7b,0.3,0.3,0.3,,,qwen2.5:72b,,,,qwen2.5:7b,neutral,no clear migration-related tokens,url_1,3
20220102,10,LAWYER,MELBOURNE,https://www.vesti-online.com/samo-pisani-testament-je-vazeci/,neutral,no clear migration-related tokens,qwen2.5:7b,0.3,0.3,0.3,,,qwen2.5:72b,,,,qwen2.5:7b,neutral,no clear migration-related tokens,url_1,3
20220102,114,PUBLIC PROSECUTOR,OAXACA,https://oaxaca.eluniversal.com.mx/municipios/denuncian-ante-el-ieepco-edil-de-ocotlan-oaxaca-por-violencia-politica-de-genero,neutral,no clear migration-related tokens,qwen2.5:7b,0.3,0.3,0.3,,,qwen2.5:72b,,,,qwen2.5:7b,neutral,no clear migration-related tokens,url_1,3
20220102,112,LAWYER,UNITED STATES,https://www.diariolibre.com/usa/revista/2022/01/02/juez-impide-que-bloqueo-de-demanda-contra-el-principe-andres/1563621,neutral,no clear migration-related tokens,qwen2.5:7b,0.3,0.3,0.3,,,qwen2.5:72b,,,,qwen2.5:7b,neutral,no clear migration-related tokens,url_1,3
20220102,30,EMPLOYEE,,https://es.investing.com/news/stock-market-news/goldman-sachs-pide-a-sus-empleados-estadounidenses-que-trabajen-desde-casa-hasta-el-18-de-enero-2199115,neutral,no clear migration-related tokens,qwen2.5:7b,0.3,0.3,0.3,,,qwen2.5:72b,,,,qwen2.5:7b,neutral,no clear migration-related tokens,url_1,3
20220102,10,CONGRESS,,https://www.telemundo.com/noticias/noticias-telemundo/clima/no-esto-no-es-una-broma-llovieron-peces-en-texas-poco-antes-de-fin-de-rcna10639,neutral,no clear migration-related tokens,qwen2.5:7b,0.3,0.3,0.3,,,qwen2.5:72b,,,,qwen2.5:7b,neutral,no clear migration-related tokens,url_1,3
20220102,10,STATE DUMA,,https://www.ridus.ru/news/370096,neutral,no clear migration-related tokens,qwen2.5:7b,0.3,0.3,0.3,,,qwen2.5:72b,,,,qwen2.5:7b,neutral,no clear migration-related tokens,url_1,3
20220102,83,SENATE,,https://sipse.com/mexico/las-breves-del-senado-inclusion-y-derechos-de-las-personas-sordas-415533.html,neutral,no clear migration-related tokens,qwen2.5:7b,0.3,0.3,0.3,,,qwen2.5:72b,,,,qwen2.5:7b,neutral,no clear migration-related tokens,url_1,3
20220102,13,MEXICO,,https://sipse.com/mexico/isste-se-prepara-para-la-cuarta-ola-de-la-pandemia-por-covid-19-en-mexico-415544.html,neutral,no migration-related tokens,qwen2.5:7b,0.3,0.3,0.3,,,qwen2.5:72b,,,,qwen2.5:7b,neutral,no migration-related tokens,url_1,3
20220102,190,COMMANDER,,https://www.antaranews.com/berita/2620221/dilan-series-gelar-audisi-terbuka-untuk-cari-pemain,neutral,no migration-related tokens,qwen2.5:7b,0.3,0.3,0.3,,,qwen2.5:72b,,,,qwen2.5:7b,neutral,no migration-related tokens,url_1,3
20220102,17,COMMANDER,ISLAMIC,http://www.hispantv.com/noticias/siria/535008/iran-siria-relaciones-cooperacion,push,cooperacion (implying potential conflict or instability in Syria),qwen2.5:7b,0.3,0.3,0.3,,,qwen2.5:72b,,,,qwen2.5:7b,push,cooperacion (implying potential conflict or instability in Syria),url_1,3
20220102,17,COMMANDER,ISLAMIC,http://www.hispantv.com/noticias/siria/535008/iran-siria-relaciones-cooperacion,push,cooperacion (implying potential conflict or instability in Syria),qwen2.5:7b,0.3,0.3,0.3,,,qwen2.5:72b,,,,qwen2.5:7b,push,cooperacion (implying potential conflict or instability in Syria),url_1,3
20220102,195,FIGHTER PLANE,SAUDI,http://www.hispantv.com/noticias/yemen/535011/ataque-saudi-mezquita-muertos,push,"ataque (attack), muertos (deaths) (indicating a crisis situation)",qwen2.5:7b,0.3,0.3,0.3,,,qwen2.5:72b,,,,qwen2.5:7b,push,"ataque (attack), muertos (deaths) (indicating a crisis situation)",url_1,3
20220102,195,FIGHTER PLANE,SAUDI,http://www.hispantv.com/noticias/yemen/535011/ataque-saudi-mezquita-muertos,push,"ataque (attack), muertos (deaths) (indicating a crisis situation)",qwen2.5:7b,0.3,0.3,0.3,,,qwen2.5:72b,,,,qwen2.5:7b,push,"ataque (attack), muertos (deaths) (indicating a crisis situation)",url_1,3
20220102,195,FIGHTER PLANE,SAUDI,http://www.hispantv.com/noticias/yemen/535011/ataque-saudi-mezquita-muertos,push,"ataque (attack), muertos (deaths) (indicating a crisis situation)",qwen2.5:7b,0.3,0.3,0.3,,,qwen2.5:72b,,,,qwen2.5:7b,push,"ataque (attack), muertos (deaths) (indicating a crisis situation)",url_1,3
20220102,70,MILITARY POLICE,,https://g1.globo.com/sp/santos-regiao/noticia/2022/01/02/prefeito-de-peruibe-critica-atuacao-da-policia-militar-contra-pancadoes-no-reveillon-caos-na-seguranca.ghtml,neutral,no migration-related tokens,qwen2.5:7b,0.3,0.3,0.3,,,qwen2.5:72b,,,,qwen2.5:7b,neutral,no migration-related tokens,url_1,3
20220102,20,NAVAL,AMBASSADOR,https://sipse.com/mexico/las-breves-del-senado-inclusion-y-derechos-de-las-personas-sordas-415533.html,neutral,no migration-related tokens,qwen2.5:7b,0.3,0.3,0.3,,,qwen2.5:72b,,,,qwen2.5:7b,neutral,no migration-related tokens,url_1,3
20220102,20,GOLDMAN SACHS,AMERICAN,https://es.investing.com/news/stock-market-news/goldman-sachs-pide-a-sus-empleados-estadounidenses-que-trabajen-desde-casa-hasta-el-18-de-enero-2199115,push,trabajen-desde-casa (working from home) (implying job opportunities in the US),qwen2.5:7b,0.3,0.3,0.3,,,qwen2.5:72b,,,,qwen2.5:7b,push,trabajen-desde-casa (working from home) (implying job opportunities in the US),url_1,3
20220102,20,VERIZON,REUTERS,https://es.investing.com/news/stock-market-news/presidentes-ejecutivos-de-att-y-verizon-rechazan-peticion-de-eeuu-de-retrasar-despliegue-del-5g-2199124,neutral,,qwen2.5:7b,0.3,0.3,0.3,,,qwen2.5:72b,,,,qwen2.5:7b,neutral,,url_1,3
20220102,120,VERIZON,REUTERS,https://es.investing.com/news/stock-market-news/presidentes-ejecutivos-de-att-y-verizon-rechazan-peticion-de-eeuu-de-retrasar-despliegue-del-5g-2199124,neutral,,qwen2.5:7b,0.3,0.3,0.3,,,qwen2.5:72b,,,,qwen2.5:7b,neutral,,url_1,3
20220102,113,PROTESTER,,http://lratvakan.com/news/76958.html,neutral,lratvakan.com,qwen2.5:7b,0.3,0.3,0.3,,,qwen2.5:72b,,,,qwen2.5:7b,neutral,lratvakan.com,url_1,3
20220102,113,PROTESTER,,https://lugradar.net/2022/01/337334,neutral,lugradar.net,qwen2.5:7b,0.3,0.3,0.3,,,qwen2.5:72b,,,,qwen2.5:7b,neutral,lugradar.net,url_1,3
20220102,112,DETAINEE,BELARUSIAN,http://www.kvir.ru/author/andre-galinin/,neutral,kvir.ru,qwen2.5:7b,0.3,0.3,0.3,,,qwen2.5:72b,,,,qwen2.5:7b,neutral,kvir.ru,url_1,3
20220102,190,DETAINEE,BELARUSIAN,http://www.kvir.ru/author/andre-galinin/,neutral,kvir.ru,qwen2.5:7b,0.3,0.3,0.3,,,qwen2.5:72b,,,,qwen2.5:7b,neutral,kvir.ru,url_1,3
20220102,141,DEMONSTRATOR,CALGARY,https://www.journaldemontreal.com/2022/01/02/manifestations-anti-covid-un-pasteur-et-son-frere-arretes-par-calgary,neutral,,qwen2.5:7b,0.3,0.3,0.3,,,qwen2.5:72b,,,,qwen2.5:7b,neutral,,url_1,3
20220102,145,PROTESTER,SECURITY FORCE,https://www.expressen.se/nyheter/efter-protesterna--sudans-premiarminister-avgar/,neutral,,qwen2.5:7b,0.3,0.3,0.3,,,qwen2.5:72b,,,,qwen2.5:7b,neutral,,url_1,3
20220102,190,ACTIVIST,POLICE,http://lratvakan.com/news/76958.html,neutral,lratvakan.com,qwen2.5:7b,0.3,0.3,0.3,,,qwen2.5:72b,,,,qwen2.5:7b,neutral,lratvakan.com,url_1,3
20220102,42,DEMONSTRATOR,GOVERNMENT,https://lugradar.net/2022/01/337334,neutral,lugradar.net,qwen2.5:7b,0.3,0.3,0.3,,,qwen2.5:72b,,,,qwen2.5:7b,neutral,lugradar.net,url_1,3
20220102,46,DEMONSTRATOR,MINIST,https://www.journaldemontreal.com/2022/01/02/manifestations-anti-covid-un-pasteur-et-son-frere-arretes-par-calgary,neutral,manifestations anti-covid,qwen2.5:7b,0.3,0.3,0.3,,,qwen2.5:72b,,,,qwen2.5:7b,neutral,manifestations anti-covid,url_1,3
20220102,145,DEMONSTRATOR,GOVERNMENT,http://lratvakan.com/news/76958.html,unclear,URL too short,qwen2.5:7b,0.3,0.3,0.3,unclear,"URL too short, generic, ID-like",qwen2.5:72b,"Участники акции протеста в центре Киева пошли на штурм кордонов, которые выставлены вокруг квартала правительственных зданий.

На улице Грушевского в Киеве не утихают столкновения протестующих и правоохранителей. На улице стоят несколько разбитых автобусов милиции, один автобус подожгли. Силовики регулярно бросают в толпу дымовые шашки, используют слезоточивый газ.

Ожидается приезд водометов. Об этом сообщают местные СМИ. Использование водометов на морозе угрожает смертями протестующим. При таком температуре может наступить переохлаждение от воды за несколько минут.

Помимо этого, протестующие захватили пять пустых милицейских автобусов. Лидер партии «УДАР» Виталий Кличко призвал протестующих отказаться от силовых действий в отношении правоохранителей, заявив, что это наверняка вызовет ответную реакцию со стороны «Беркута». Политик пообещал договориться о том, чтобы людям открыли проход к зданию Верховной Рады.

Столкновения активистов с милицией начались после так называемого народного вече на Майдане Незалежности, в котором приняли участие несколько сотен тысяч человек. Собравшиеся протестовали против политики действующих властей страны.",push,"protests, violence, risk to protesters' safety",qwen2.5:7b,push,"protests, violence, risk to protesters' safety",article,3
20220102,145,DEMONSTRATOR,GOVERNMENT,https://lugradar.net/2022/01/337334,neutral,lugradar.net,qwen2.5:7b,0.3,0.3,0.3,,,qwen2.5:72b,,,,qwen2.5:7b,neutral,lugradar.net,url_1,3
20220102,130,PRISONER,TEL AVIV,http://www.hispantv.com/noticias/palestina/535010/preso-israel-huelga-hambre,push,Israeli prisoner hunger strike (prison hunger strike in Israel),qwen2.5:7b,0.3,0.3,0.3,,,qwen2.5:72b,,,,qwen2.5:7b,push,Israeli prisoner hunger strike (prison hunger strike in Israel),url_1,3
20220102,20,ACTIVIST,NATIONAL ASSEMBLY,http://lratvakan.com/news/76958.html,unclear,URL too short,qwen2.5:7b,0.3,0.3,0.3,unclear,"URL too short, generic, ID-like",qwen2.5:72b,"Участники акции протеста в центре Киева пошли на штурм кордонов, которые выставлены вокруг квартала правительственных зданий.

На улице Грушевского в Киеве не утихают столкновения протестующих и правоохранителей. На улице стоят несколько разбитых автобусов милиции, один автобус подожгли. Силовики регулярно бросают в толпу дымовые шашки, используют слезоточивый газ.

Ожидается приезд водометов. Об этом сообщают местные СМИ. Использование водометов на морозе угрожает смертями протестующим. При таком температуре может наступить переохлаждение от воды за несколько минут.

Помимо этого, протестующие захватили пять пустых милицейских автобусов. Лидер партии «УДАР» Виталий Кличко призвал протестующих отказаться от силовых действий в отношении правоохранителей, заявив, что это наверняка вызовет ответную реакцию со стороны «Беркута». Политик пообещал договориться о том, чтобы людям открыли проход к зданию Верховной Рады.

Столкновения активистов с милицией начались после так называемого народного вече на Майдане Незалежности, в котором приняли участие несколько сотен тысяч человек. Собравшиеся протестовали против политики действующих властей страны.",push,"war, violence, protest",qwen2.5:7b,push,"war, violence, protest",article,3
20220102,20,ACTIVIST,NATIONAL ASSEMBLY,https://lugradar.net/2022/01/337334,neutral,lugradar.net,qwen2.5:7b,0.3,0.3,0.3,,,qwen2.5:72b,,,,qwen2.5:7b,neutral,lugradar.net,url_1,3
20220102,42,MACHU PICCHU,,https://www.segnidalcielo.it/peru-un-turista-fotografa-un-ufo-sullantica-citta-di-machu-picchu/,neutral,ufo machu picchu,qwen2.5:7b,0.3,0.3,0.3,,,qwen2.5:72b,,,,qwen2.5:7b,neutral,ufo machu picchu,url_1,3
20220102,20,POLAND,UKRAINIAN,https://www.volynnews.com/news/all/chomu-v-polshchi-vse-chastishe-napadaiut-na-zarobitchan-z-ukrayiny/,push,napadaiut na zarobitchan z-ukrayiny (attacks on workers from Ukraine),qwen2.5:7b,0.3,0.3,0.3,,,qwen2.5:72b,,,,qwen2.5:7b,push,napadaiut na zarobitchan z-ukrayiny (attacks on workers from Ukraine),url_1,3
20220102,20,POLAND,UKRAINIAN,https://www.volynnews.com/news/all/chomu-v-polshchi-vse-chastishe-napadaiut-na-zarobitchan-z-ukrayiny/,push,napadaiut na zarobitchan z-ukrayiny (attacks on workers from Ukraine),qwen2.5:7b,0.3,0.3,0.3,,,qwen2.5:72b,,,,qwen2.5:7b,push,napadaiut na zarobitchan z-ukrayiny (attacks on workers from Ukraine),url_1,3
20220102,90,POLISH,UKRAINIAN,https://www.volynnews.com/news/all/chomu-v-polshchi-vse-chastishe-napadaiut-na-zarobitchan-z-ukrayiny/,push,napadaiut na zarobitchan z-ukrayiny (attacks on workers from Ukraine),qwen2.5:7b,0.3,0.3,0.3,,,qwen2.5:72b,,,,qwen2.5:7b,push,napadaiut na zarobitchan z-ukrayiny (attacks on workers from Ukraine),url_1,3
20220102,90,POLISH,UKRAINIAN,https://www.volynnews.com/news/all/chomu-v-polshchi-vse-chastishe-napadaiut-na-zarobitchan-z-ukrayiny/,push,zarobitchan z-Ukrainy,qwen2.5:7b,0.3,0.3,0.3,,,qwen2.5:72b,,,,qwen2.5:7b,push,zarobitchan z-Ukrainy,url_1,3
20220102,20,POLAND,UKRAINIAN,https://www.volynnews.com/news/all/chomu-v-polshchi-vse-chastishe-napadaiut-na-zarobitchan-z-ukrayiny/,push,zarobitchan z-Ukrainy,qwen2.5:7b,0.3,0.3,0.3,,,qwen2.5:72b,,,,qwen2.5:7b,push,zarobitchan z-Ukrainy,url_1,3
20220102,90,POLISH,UKRAINIAN,https://www.volynnews.com/news/all/chomu-v-polshchi-vse-chastishe-napadaiut-na-zarobitchan-z-ukrayiny/,push,zarobitchan z-Ukrainy,qwen2.5:7b,0.3,0.3,0.3,,,qwen2.5:72b,,,,qwen2.5:7b,push,zarobitchan z-Ukrainy,url_1,3
20220102,90,POLAND,UKRAINE,https://www.volynnews.com/news/all/chomu-v-polshchi-vse-chastishe-napadaiut-na-zarobitchan-z-ukrayiny/,push,zarobitchan z-Ukrainy,qwen2.5:7b,0.3,0.3,0.3,,,qwen2.5:72b,,,,qwen2.5:7b,push,zarobitchan z-Ukrainy,url_1,3
20220102,43,LISBON,GERMAN,https://naslovi.net/2022-01-03/blic/zarobljeni-u-luci-nemacki-kruzer-usidren-do-daljeg-u-lisabonu-zbog-izbijanja-epidemije-korona-virusa/29657724,pull,captured in the Port of the German cruise ship anchored until further notice in Lisbon due to the outbreak of the corona virus epidemic,qwen2.5:7b,0.3,0.3,0.3,,,qwen2.5:72b,,,,qwen2.5:7b,pull,captured in the Port of the German cruise ship anchored until further notice in Lisbon due to the outbreak of the corona virus epidemic,url_1,3
20220102,43,LISBON,GERMAN,https://naslovi.net/2022-01-03/blic/zarobljeni-u-luci-nemacki-kruzer-usidren-do-daljeg-u-lisabonu-zbog-izbijanja-epidemije-korona-virusa/29657724,pull,captured in the Port of the German cruise ship anchored until further notice in Lisbon due to the outbreak of the corona virus epidemic,qwen2.5:7b,0.3,0.3,0.3,,,qwen2.5:72b,,,,qwen2.5:7b,pull,captured in the Port of the German cruise ship anchored until further notice in Lisbon due to the outbreak of the corona virus epidemic,url_1,3
20220102,20,PALESTINIAN,,http://www.hispantv.com/noticias/palestina/535010/preso-israel-huelga-hambre,push,Israel prisoner hunger strike,qwen2.5:7b,0.3,0.3,0.3,,,qwen2.5:72b,,,,qwen2.5:7b,push,Israel prisoner hunger strike,url_1,3
20220102,1831,SUICIDE BOMBER,KABUL,https://www.journaldemontreal.com/2022/01/02/en-afghanistan-les-femmes-victimes-de-violences-abandonnees-a-leur-sort-1,push,women victims of violence abandoned to their fate,qwen2.5:7b,0.3,0.3,0.3,,,qwen2.5:72b,,,,qwen2.5:7b,push,women victims of violence abandoned to their fate,url_1,3
20220102,42,SAINT,,https://g1.globo.com/sp/santos-regiao/porto-mar/noticia/2022/01/02/anvisa-reforca-urgencia-em-acabar-com-temporada-de-cruzeiros-e-fala-em-risco-a-saude-publica.ghtml,neutral,Anvisa reinforces the urgency to end the cruise season and talks about the risk to public health,qwen2.5:7b,0.3,0.3,0.3,,,qwen2.5:72b,,,,qwen2.5:7b,neutral,Anvisa reinforces the urgency to end the cruise season and talks about the risk to public health,url_1,3
20220102,14,ROMANIA,,https://ziare.com/sorin-grindeanu/grindeanu-acuzatii-drula-autostrada-brasov-ploiesti-licitatie-studiu-fezabilitate-1718214,neutral,accusations Drula highway Brasov Ploiesti tender feasibility study,qwen2.5:7b,0.3,0.3,0.3,,,qwen2.5:72b,,,,qwen2.5:7b,neutral,accusations Drula highway Brasov Ploiesti tender feasibility study,url_1,3
20220102,130,RUSSIAN,EGYPTIAN,https://aif.ru/society/genkonsulstvo_rf_v_hurgade_predupredilo_o_zaderzhkah_reysov_iz-za_nepogody,neutral,"nepogody (weather conditions, not migration related)",qwen2.5:7b,0.3,0.3,0.3,,,qwen2.5:72b,,,,qwen2.5:7b,neutral,"nepogody (weather conditions, not migration related)",url_1,3
20220102,46,RUSSIA,TURKEY,https://www.geopolitica.ru/news/putin-i-erdogan-obsudili-garantii-bezopasnosti-mezhdu-rf-i-nato,neutral,"discussed security guarantees (discussd safety garantes, note migration related)",qwen2.5:7b,0.3,0.3,0.3,,,qwen2.5:72b,,,,qwen2.5:7b,neutral,"discussed security guarantees (discussd safety garantes, note migration related)",url_1,3
20220102,112,RUSSIA,UKRAINE,https://www.cas.sk/cl/1003185/2626559/biden-telefonoval-s-ukrajinskym-prezidentom-usa-budu-na-rusku-invaziu-reagovat,push,"invaziu (war, related to Russia's invasion of Ukraine, encouraging emigration from Ukraine)",qwen2.5:7b,0.3,0.3,0.3,,,qwen2.5:72b,,,,qwen2.5:7b,push,"invaziu (war, related to Russia's invasion of Ukraine, encouraging emigration from Ukraine)",url_1,3
20220102,120,RUSSIA,UKRAINE,https://www.cas.sk/cl/1003185/2626559/biden-telefonoval-s-ukrajinskym-prezidentom-usa-budu-na-rusku-invaziu-reagovat,push,"invaziu (war, related to Russia's invasion of Ukraine, encouraging emigration from Ukraine)",qwen2.5:7b,0.3,0.3,0.3,,,qwen2.5:72b,,,,qwen2.5:7b,push,"invaziu (war, related to Russia's invasion of Ukraine, encouraging emigration from Ukraine)",url_1,3
20220102,120,RUSSIA,UKRAINE,https://www.cas.sk/cl/1003185/2626559/biden-telefonoval-s-ukrajinskym-prezidentom-usa-budu-na-rusku-invaziu-reagovat,push,"invaziu (war, related to Russia's invasion of Ukraine, encouraging emigration from Ukraine)",qwen2.5:7b,0.3,0.3,0.3,,,qwen2.5:72b,,,,qwen2.5:7b,push,"invaziu (war, related to Russia's invasion of Ukraine, encouraging emigration from Ukraine)",url_1,3
20220102,46,VLADIMIR,JOE BIDEN,https://gazeta.ua/articles/politics/_rozmova-zelenskogo-ta-bajdena-pro-scho-govorili-lideri/1065472,neutral,"rozmova zelenskogo ta baydena (call between Zelensky and Biden, not migration related)",qwen2.5:7b,0.3,0.3,0.3,,,qwen2.5:72b,,,,qwen2.5:7b,neutral,"rozmova zelenskogo ta baydena (call between Zelensky and Biden, not migration related)",url_1,3
20220102,40,RUSSIA,PRESIDENT,https://tsn.ua/ru/politika/bayden-i-zelenskiy-proveli-telefonnye-peregovory-chto-izvestno-1945450.html,neutral,"telephone conversations (background calls, music migration related)",qwen2.5:7b,0.3,0.3,0.3,,,qwen2.5:72b,,,,qwen2.5:7b,neutral,"telephone conversations (background calls, music migration related)",url_1,3
20220102,195,SAUDI,,http://www.hispantv.com/noticias/yemen/535011/ataque-saudi-mezquita-muertos,unclear,"ataque saudi mezquita muertos (attack on mosque in Saudi Arabia, unclear relation to migration pressure)",qwen2.5:7b,0.3,0.3,0.3,push,"attack, dead (war, deaths)",qwen2.5:72b,,,,qwen2.5:7b,push,"attack, dead (war, deaths)",url_2,3
20220102,195,SAUDI,SAUDI ARABIA,http://www.hispantv.com/noticias/yemen/535011/ataque-saudi-mezquita-muertos,unclear,"ataque saudi mezquita muertos (attack on mosque in Saudi Arabia, unclear relation to migration pressure)",qwen2.5:7b,0.3,0.3,0.3,push,"attack, dead (war, deaths)",qwen2.5:72b,,,,qwen2.5:7b,push,"attack, dead (war, deaths)",url_2,3
20220102,180,SENEGAL,,https://www.elmundo.es/comunidad-valenciana/castellon/2022/01/02/61d1ffb121efa045798b4589.html,neutral,not news related to migration pressure,qwen2.5:7b,0.3,0.3,0.3,,,qwen2.5:72b,,,,qwen2.5:7b,neutral,not news related to migration pressure,url_1,3
20220102,172,SYRIAN,,https://correio.rac.com.br/agencias/agencia-estado/2022/01/1153709-israel-aprova-plano-para-dobrar-numero-de-colonos-nas-colinas-do-golan.html,push,settlers-in-the-golan-hills,qwen2.5:7b,0.3,0.3,0.3,,,qwen2.5:72b,,,,qwen2.5:7b,push,settlers-in-the-golan-hills,url_1,3
20220102,193,ADANA,POLICE,https://www.ensonhaber.com/3-sayfa/adanada-silahli-kavgaya-mudahale-eden-polis-vuruldu,neutral,,qwen2.5:7b,0.3,0.3,0.3,,,qwen2.5:72b,,,,qwen2.5:7b,neutral,,url_1,3
20220102,41,TURKEY,RUSSIA,https://www.geopolitica.ru/news/putin-i-erdogan-obsudili-garantii-bezopasnosti-mezhdu-rf-i-nato,neutral,guarantees-of-safety-between-rf-and-nato,qwen2.5:7b,0.3,0.3,0.3,,,qwen2.5:72b,,,,qwen2.5:7b,neutral,guarantees-of-safety-between-rf-and-nato,url_1,3
20220102,46,TURKEY,RUSSIA,https://www.geopolitica.ru/news/putin-i-erdogan-obsudili-garantii-bezopasnosti-mezhdu-rf-i-nato,neutral,guarantees-of-safety-between-rf-and-nato,qwen2.5:7b,0.3,0.3,0.3,,,qwen2.5:72b,,,,qwen2.5:7b,neutral,guarantees-of-safety-between-rf-and-nato,url_1,3
20220102,46,TURKEY,RUSSIA,https://www.geopolitica.ru/news/putin-i-erdogan-obsudili-garantii-bezopasnosti-mezhdu-rf-i-nato,neutral,guarantees-of-safety-between-rf-and-nato,qwen2.5:7b,0.3,0.3,0.3,,,qwen2.5:72b,,,,qwen2.5:7b,neutral,guarantees-of-safety-between-rf-and-nato,url_1,3
20220102,50,UKRAINE,,https://www.lematin.ch/story/joe-biden-assure-au-president-ukrainien-de-son-soutien-face-a-la-russie-753628635749,neutral,biden-assure-ukrainian-president-support-against-russia,qwen2.5:7b,0.3,0.3,0.3,,,qwen2.5:72b,,,,qwen2.5:7b,neutral,biden-assure-ukrainian-president-support-against-russia,url_1,3
20220102,51,UKRAINE,,https://www.volynnews.com/news/all/chomu-v-polshchi-vse-chastishe-napadaiut-na-zarobitchan-z-ukrayiny/,push,napadaiut-na-zarobitchan-z-ukrayiny,qwen2.5:7b,0.3,0.3,0.3,,,qwen2.5:72b,,,,qwen2.5:7b,push,napadaiut-na-zarobitchan-z-ukrayiny,url_1,3
20220102,51,UKRAINE,,https://www.volynnews.com/news/all/chomu-v-polshchi-vse-chastishe-napadaiut-na-zarobitchan-z-ukrayiny/,push,napadaiut-na-zarobitchan-z-ukrayiny,qwen2.5:7b,0.3,0.3,0.3,,,qwen2.5:72b,,,,qwen2.5:7b,push,napadaiut-na-zarobitchan-z-ukrayiny,url_1,3
20220102,173,UKRAINIAN,,https://kosice.korzar.sme.sk/c/22812499/rusi-12-rokov-patrali-po-ukrajincovi-obvinenom-z-vrazdy-uz-je-v-kosickej-vaznici.html,neutral,they were looking for a Ukrainian accused of murder,qwen2.5:7b,0.3,0.3,0.3,,,qwen2.5:72b,,,,qwen2.5:7b,neutral,they were looking for a Ukrainian accused of murder,url_1,3
20220102,173,UKRAINE,CHINA,https://kosice.korzar.sme.sk/c/22812499/rusi-12-rokov-patrali-po-ukrajincovi-obvinenom-z-vrazdy-uz-je-v-kosickej-vaznici.html,neutral,they were looking for a Ukrainian accused of murder,qwen2.5:7b,0.3,0.3,0.3,,,qwen2.5:72b,,,,qwen2.5:7b,neutral,they were looking for a Ukrainian accused of murder,url_1,3
20220102,190,UKRAINE,CHINA,https://kosice.korzar.sme.sk/c/22812499/rusi-12-rokov-patrali-po-ukrajincovi-obvinenom-z-vrazdy-uz-je-v-kosickej-vaznici.html,push,Russians-have-been-hunting-for-a-Ukrainian-accused-of-murder-for-12-years,qwen2.5:7b,0.3,0.3,0.3,,,qwen2.5:72b,,,,qwen2.5:7b,push,Russians-have-been-hunting-for-a-Ukrainian-accused-of-murder-for-12-years,url_1,3
20220102,51,UKRAINE,RUSSIA,https://www.lematin.ch/story/joe-biden-assure-au-president-ukrainien-de-son-soutien-face-a-la-russie-753628635749,neutral,joe-biden-assures-the-ukrainian-president-of-his-support-against-russia,qwen2.5:7b,0.3,0.3,0.3,,,qwen2.5:72b,,,,qwen2.5:7b,neutral,joe-biden-assures-the-ukrainian-president-of-his-support-against-russia,url_1,3
20220102,32,UKRAINE,RUSSIA,https://www.lematin.ch/story/joe-biden-assure-au-president-ukrainien-de-son-soutien-face-a-la-russie-753628635749,neutral,joe-biden-assures-the-ukrainian-president-of-his-support-against-russia,qwen2.5:7b,0.3,0.3,0.3,,,qwen2.5:72b,,,,qwen2.5:7b,neutral,joe-biden-assures-the-ukrainian-president-of-his-support-against-russia,url_1,3
20220102,51,UKRAINE,RUSSIA,https://www.lematin.ch/story/joe-biden-assure-au-president-ukrainien-de-son-soutien-face-a-la-russie-753628635749,neutral,joe-biden-assures-the-ukrainian-president-of-his-support-against-russia,qwen2.5:7b,0.3,0.3,0.3,,,qwen2.5:72b,,,,qwen2.5:7b,neutral,joe-biden-assures-the-ukrainian-president-of-his-support-against-russia,url_1,3
20220102,51,UKRAINE,RUSSIA,https://www.lematin.ch/story/joe-biden-assure-au-president-ukrainien-de-son-soutien-face-a-la-russie-753628635749,neutral,joe-biden-assures-the-ukrainian-president-of-his-support-against-russia,qwen2.5:7b,0.3,0.3,0.3,,,qwen2.5:72b,,,,qwen2.5:7b,neutral,joe-biden-assures-the-ukrainian-president-of-his-support-against-russia,url_1,3
20220102,32,UKRAINE,UKRAINE,https://www.lematin.ch/story/joe-biden-assure-au-president-ukrainien-de-son-soutien-face-a-la-russie-753628635749,neutral,joe-biden-assures-the-ukrainian-president-of-his-support-against-russia,qwen2.5:7b,0.3,0.3,0.3,,,qwen2.5:72b,,,,qwen2.5:7b,neutral,joe-biden-assures-the-ukrainian-president-of-his-support-against-russia,url_1,3
20220102,50,UKRAINE,UKRAINE,https://www.lematin.ch/story/joe-biden-assure-au-president-ukrainien-de-son-soutien-face-a-la-russie-753628635749,neutral,joe-biden-assures-the-ukrainian-president-of-his-support-against-russia,qwen2.5:7b,0.3,0.3,0.3,,,qwen2.5:72b,,,,qwen2.5:7b,neutral,joe-biden-assures-the-ukrainian-president-of-his-support-against-russia,url_1,3
20220102,50,UKRAINE,UKRAINE,https://www.lematin.ch/story/joe-biden-assure-au-president-ukrainien-de-son-soutien-face-a-la-russie-753628635749,neutral,joe-biden-assures-the-ukrainian-president-of-his-support-against-russia,qwen2.5:7b,0.3,0.3,0.3,,,qwen2.5:72b,,,,qwen2.5:7b,neutral,joe-biden-assures-the-ukrainian-president-of-his-support-against-russia,url_1,3
20220102,51,UKRAINE,UKRAINE,https://www.lematin.ch/story/joe-biden-assure-au-president-ukrainien-de-son-soutien-face-a-la-russie-753628635749,neutral,joe-biden-assures-the-ukrainian-president-of-his-support-against-russia,qwen2.5:7b,0.3,0.3,0.3,,,qwen2.5:72b,,,,qwen2.5:7b,neutral,joe-biden-assures-the-ukrainian-president-of-his-support-against-russia,url_1,3
20220102,41,UKRAINE,UNITED STATES,https://gazeta.ua/articles/politics/_rozmova-zelenskogo-ta-bajdena-pro-scho-govorili-lideri/1065472,neutral,rozmova-zelenskogo-ta-baidena-pro-scho-spoken-leaders,qwen2.5:7b,0.3,0.3,0.3,,,qwen2.5:72b,,,,qwen2.5:7b,neutral,rozmova-zelenskogo-ta-baidena-pro-scho-spoken-leaders,url_1,3
20220102,41,UKRAINE,UNITED STATES,https://gazeta.ua/articles/politics/_rozmova-zelenskogo-ta-bajdena-pro-scho-govorili-lideri/1065472,neutral,no clear migration-related tokens,qwen2.5:7b,0.3,0.3,0.3,,,qwen2.5:72b,,,,qwen2.5:7b,neutral,no clear migration-related tokens,url_1,3
20220102,46,UKRAINE,UNITED STATES,https://gazeta.ua/articles/politics/_rozmova-zelenskogo-ta-bajdena-pro-scho-govorili-lideri/1065472,neutral,no clear migration-related tokens,qwen2.5:7b,0.3,0.3,0.3,,,qwen2.5:72b,,,,qwen2.5:7b,neutral,no clear migration-related tokens,url_1,3
20220102,46,UKRAINE,UNITED STATES,https://gazeta.ua/articles/politics/_rozmova-zelenskogo-ta-bajdena-pro-scho-govorili-lideri/1065472,neutral,no clear migration-related tokens,qwen2.5:7b,0.3,0.3,0.3,,,qwen2.5:72b,,,,qwen2.5:7b,neutral,no clear migration-related tokens,url_1,3
20220102,100,UKRAINIAN,A US,https://naslovi.net/2022-01-03/blic/da-sacuvamo-mir-u-evropi-zelenski-razgovarao-sa-bajdenom-o-akcijama-u-ukrajini-reformi-i-borbama-protiv-oligarha/29657762,neutral,no clear migration-related tokens,qwen2.5:7b,0.3,0.3,0.3,,,qwen2.5:72b,,,,qwen2.5:7b,neutral,no clear migration-related tokens,url_1,3
20220102,46,UKRAINE,JOE BIDEN,https://gazeta.ua/articles/politics/_rozmova-zelenskogo-ta-bajdena-pro-scho-govorili-lideri/1065472,neutral,no clear migration-related tokens,qwen2.5:7b,0.3,0.3,0.3,,,qwen2.5:72b,,,,qwen2.5:7b,neutral,no clear migration-related tokens,url_1,3
20220102,50,UKRAINIAN,RUSSIA,https://www.lematin.ch/story/joe-biden-assure-au-president-ukrainien-de-son-soutien-face-a-la-russie-753628635749,neutral,no clear migration-related tokens,qwen2.5:7b,0.3,0.3,0.3,,,qwen2.5:72b,,,,qwen2.5:7b,neutral,no clear migration-related tokens,url_1,3
20220102,51,UKRAINIAN,RUSSIA,https://www.lematin.ch/story/joe-biden-assure-au-president-ukrainien-de-son-soutien-face-a-la-russie-753628635749,neutral,no clear migration-related tokens,qwen2.5:7b,0.3,0.3,0.3,,,qwen2.5:72b,,,,qwen2.5:7b,neutral,no clear migration-related tokens,url_1,3
20220102,51,UKRAINIAN,RUSSIA,https://www.lematin.ch/story/joe-biden-assure-au-president-ukrainien-de-son-soutien-face-a-la-russie-753628635749,neutral,no clear migration-related tokens,qwen2.5:7b,0.3,0.3,0.3,,,qwen2.5:72b,,,,qwen2.5:7b,neutral,no clear migration-related tokens,url_1,3
20220102,32,UKRAINIAN,UKRAINIAN,https://www.lematin.ch/story/joe-biden-assure-au-president-ukrainien-de-son-soutien-face-a-la-russie-753628635749,neutral,no clear migration-related tokens,qwen2.5:7b,0.3,0.3,0.3,,,qwen2.5:72b,,,,qwen2.5:7b,neutral,no clear migration-related tokens,url_1,3
20220102,100,UKRAINIAN,A US,https://naslovi.net/2022-01-03/blic/da-sacuvamo-mir-u-evropi-zelenski-razgovarao-sa-bajdenom-o-akcijama-u-ukrajini-reformi-i-borbama-protiv-oligarha/29657762,neutral,no clear migration-related tokens,qwen2.5:7b,0.3,0.3,0.3,,,qwen2.5:72b,,,,qwen2.5:7b,neutral,no clear migration-related tokens,url_1,3
20220102,12,UNITED STATES,,https://www.telemundo.com/noticias/noticias-telemundo/desastres-naturales/hallan-con-vida-a-uno-de-los-tres-desaparecidos-en-los-incendios-de-co-rcna10641,neutral,missing in the fires,qwen2.5:7b,0.3,0.3,0.3,,,qwen2.5:72b,,,,qwen2.5:7b,neutral,missing in the fires,url_1,3
20220102,30,THE US,,http://www.kvir.ru/articles/glavnoe-kachestvo-boyca.html,unclear,the main quality of a fighter,qwen2.5:7b,0.3,0.3,0.3,neutral,No migration-related tokens,qwen2.5:72b,,,,qwen2.5:7b,neutral,No migration-related tokens,url_2,3
20220102,36,UNITED STATES,,https://news.online.ua/u-zelenskogo-utochnili-vremya-segodnyashnego-razgovora-s-baydenom_n840515/,neutral,confirmed the call time,qwen2.5:7b,0.3,0.3,0.3,,,qwen2.5:72b,,,,qwen2.5:7b,neutral,confirmed the call time,url_1,3
20220102,30,AMERICAN,UKRAINIAN,https://www.lematin.ch/story/joe-biden-assure-au-president-ukrainien-de-son-soutien-face-a-la-russie-753628635749,pull,support for Russia,qwen2.5:7b,0.3,0.3,0.3,,,qwen2.5:72b,,,,qwen2.5:7b,pull,support for Russia,url_1,3
20220102,41,UNITED STATES,UKRAINE,https://gazeta.ua/articles/politics/_rozmova-zelenskogo-ta-bajdena-pro-scho-govorili-lideri/1065472,pull,support for Russia,qwen2.5:7b,0.3,0.3,0.3,,,qwen2.5:72b,,,,qwen2.5:7b,pull,support for Russia,url_1,3
20220102,46,UNITED STATES,UKRAINE,https://gazeta.ua/articles/politics/_rozmova-zelenskogo-ta-bajdena-pro-scho-govorili-lideri/1065472,pull,support for Russia,qwen2.5:7b,0.3,0.3,0.3,,,qwen2.5:72b,,,,qwen2.5:7b,pull,support for Russia,url_1,3
20220102,46,UNITED STATES,UKRAINE,https://gazeta.ua/articles/politics/_rozmova-zelenskogo-ta-bajdena-pro-scho-govorili-lideri/1065472,pull,support for Russia,qwen2.5:7b,0.3,0.3,0.3,,,qwen2.5:72b,,,,qwen2.5:7b,pull,support for Russia,url_1,3
20220102,36,UNITED STATES,THE WHITE HOUSE,https://pronedra.ru/v21-pervye-pervye-simptomy-pnevmonii-pomogut-svoevremenno-nachat-lechenie-i-soxranit-zhizn-439639.html,neutral,symptoms of pneumonia,qwen2.5:7b,0.3,0.3,0.3,,,qwen2.5:72b,,,,qwen2.5:7b,neutral,symptoms of pneumonia,url_1,3
20220102,36,THE WHITE HOUSE,,https://pronedra.ru/v21-pervye-pervye-simptomy-pnevmonii-pomogut-svoevremenno-nachat-lechenie-i-soxranit-zhizn-439639.html,neutral,symptoms of pneumonia,qwen2.5:7b,0.3,0.3,0.3,,,qwen2.5:72b,,,,qwen2.5:7b,neutral,symptoms of pneumonia,url_1,3
20220102,36,THE WHITE HOUSE,,https://news.online.ua/u-zelenskogo-utochnili-vremya-segodnyashnego-razgovora-s-baydenom_n840515/,neutral,confirmed the call time,qwen2.5:7b,0.3,0.3,0.3,,,qwen2.5:72b,,,,qwen2.5:7b,neutral,confirmed the call time,url_1,3
20220102,41,THE WHITE HOUSE,,https://pronedra.ru/v21-pervye-pervye-simptomy-pnevmonii-pomogut-svoevremenno-nachat-lechenie-i-soxranit-zhizn-439639.html,neutral,no migration-related tokens,qwen2.5:7b,0.3,0.3,0.3,,,qwen2.5:72b,,,,qwen2.5:7b,neutral,no migration-related tokens,url_1,3
20220102,90,NASA,,http://www.hispantv.com/noticias/ciencia-tecnologia/535007/nasa-asteroide-psyche,neutral,no migration-related tokens,qwen2.5:7b,0.3,0.3,0.3,,,qwen2.5:72b,,,,qwen2.5:7b,neutral,no migration-related tokens,url_1,3
20220102,46,JOE BIDEN,VLADIMIR,https://gazeta.ua/articles/politics/_rozmova-zelenskogo-ta-bajdena-pro-scho-govorili-lideri/1065472,neutral,no migration-related tokens,qwen2.5:7b,0.3,0.3,0.3,,,qwen2.5:72b,,,,qwen2.5:7b,neutral,no migration-related tokens,url_1,3
20220102,30,AMERICAN,UKRAINIAN,https://www.lematin.ch/story/joe-biden-assure-au-president-ukrainien-de-son-soutien-face-a-la-russie-753628635749,neutral,no migration-related tokens,qwen2.5:7b,0.3,0.3,0.3,,,qwen2.5:72b,,,,qwen2.5:7b,neutral,no migration-related tokens,url_1,3
20220102,46,JOE BIDEN,UKRAINE,https://gazeta.ua/articles/politics/_rozmova-zelenskogo-ta-bajdena-pro-scho-govorili-lideri/1065472,neutral,no migration-related tokens,qwen2.5:7b,0.3,0.3,0.3,,,qwen2.5:72b,,,,qwen2.5:7b,neutral,no migration-related tokens,url_1,3
20220102,36,THE WHITE HOUSE,UNITED STATES,https://news.online.ua/u-zelenskogo-utochnili-vremya-segodnyashnego-razgovora-s-baydenom_n840515/,neutral,no migration-related tokens,qwen2.5:7b,0.3,0.3,0.3,,,qwen2.5:72b,,,,qwen2.5:7b,neutral,no migration-related tokens,url_1,3
20220102,13,VENEZUELAN,VENEZUELA,http://www.hispantv.com/noticias/venezuela/535014/eeuu-confrontacion-dialogos-intervenezolanos,unclear,too short; no clear migration-related tokens,qwen2.5:7b,0.3,0.3,0.3,mixed,"confrontacion, dialogos (conflict, talks)",qwen2.5:72b,,,,qwen2.5:7b,mixed,"confrontacion, dialogos (conflict, talks)",url_2,3
20220102,111,VENEZUELAN,VENEZUELA,http://www.hispantv.com/noticias/venezuela/535014/eeuu-confrontacion-dialogos-intervenezolanos,unclear,too short; no clear migration-related tokens,qwen2.5:7b,0.3,0.3,0.3,mixed,"confrontacion, dialogos (conflict, talks)",qwen2.5:72b,,,,qwen2.5:7b,mixed,"confrontacion, dialogos (conflict, talks)",url_2,3
20220102,111,VENEZUELAN,,http://www.hispantv.com/noticias/venezuela/535014/eeuu-confrontacion-dialogos-intervenezolanos,unclear,too short; no clear migration-related tokens,qwen2.5:7b,0.3,0.3,0.3,push,"confrontation, intervention (implied by 'intervenezolanos')",qwen2.5:72b,,,,qwen2.5:7b,push,"confrontation, intervention (implied by 'intervenezolanos')",url_2,3
20220102,13,VENEZUELAN,VENEZUELAN,http://www.hispantv.com/noticias/venezuela/535014/eeuu-confrontacion-dialogos-intervenezolanos,unclear,too short; no clear migration-related tokens,qwen2.5:7b,0.3,0.3,0.3,push,"confrontation, intervention (implied by 'intervenezolanos')",qwen2.5:72b,,,,qwen2.5:7b,push,"confrontation, intervention (implied by 'intervenezolanos')",url_2,3
20220102,51,CATALAN,,https://sport1.oslobodjenje.ba/s1/fudbal/ino-fudbal/primera/barcelona-slavila-minimalnu-pobjedu-protiv-mallorce-721769,neutral,no migration-related tokens,qwen2.5:7b,0.3,0.3,0.3,,,qwen2.5:72b,,,,qwen2.5:7b,neutral,no migration-related tokens,url_1,3
