sqldate,eventcode,actor1name,actor2name,sourceurl,pressure_url_1,reason_url_1,model_url_1,temp_url_1,temp_url_2,temp_article,pressure_url_2,reason_url_2,model_url_2,article_text,pressure_article,reason_article,model_article,pressure_final,reason_final,final_source,mode_used
20210101,130,GERMANY,,https://www.e110.de/terrorakte-vielleicht-verhindert/,push,acts of terrorism,qwen2.5:7b,0.5,0.5,,,,qwen2.5:72b,,,,,push,acts of terrorism,url_1,2
20220101,43,,CHILE,http://www.funkuhr.de/fernsehprogramm/sendungsdetails/169446982/pumas-in-der-wildnis-patagoniens.html,neutral,wilderness of patagonia,qwen2.5:7b,0.5,0.5,,neutral,No clear migration-related tokens,qwen2.5:72b,,,,,unclear,wilderness of patagonia,unresolved,2
20220101,112,,CRIMINAL,https://www.brasil247.com/brasil/bolsonaro-e-eleito-corrupto-do-ano-por-consorcio-internacional,push,corrupt-of-the-year,qwen2.5:7b,0.5,0.5,,,,qwen2.5:72b,,,,,push,corrupto-do-ano,url_1,2
20220101,46,,AUTHORITIES,https://ria.ru/20220102/status-1766397981.html,neutral,status,qwen2.5:7b,0.5,0.5,,unclear,"URL too short, generic, ID-like, or ambiguous",qwen2.5:72b,,,,,unclear,status,unresolved,2
20220101,110,,PRIME MINISTER,https://www.aftenposten.no/verden/i/OrevnE/foerste-nyttaarsdag-ble-det-registrert-over-160000-koronatilfeller-i-en,neutral,New Year's Day corona cases,qwen2.5:7b,0.5,0.5,,push,coronatilfeller (COVID cases) may cause people to leave Norway,qwen2.5:72b,,,,,push,coronatilfeller (COVID cases) may cause people to leave Norway,url_2,2
20220101,190,,PRESIDENT,https://alquds.com/2022/01/01/%D8%A5%D8%B5%D8%A7%D8%A8%D8%A7%D8%AA-%D8%AE%D9%84%D8%A7%D9%84-%D9%85%D9%88%D8%A7%D8%AC%D9%87%D8%A7%D8%AA-%D9%81%D9%8A-%D8%A8%D8%B1%D9%82%D8%A9/,push,corrupt-of-the-year,qwen2.5:7b,0.5,0.5,,,,qwen2.5:72b,,,,,push,corrupt-of-the-year,url_1,2
20220101,42,,ITALIAN,https://www.interris.it/copertina/perno-opbg-omicron-bambini/,neutral,opbg pin omicron children,qwen2.5:7b,0.5,0.5,,neutral,No clear migration-related tokens,qwen2.5:72b,,,,,unclear,opbg pin omicron children,unresolved,2
20220101,51,,WORKER,https://www.franceguyane.fr/actualite/social/mobilisation-sociale-a-pointe-a-pitre-elie-domota-a-ete-arrete-493999.php,neutral,social mobilization stopped,qwen2.5:7b,0.5,0.5,,push,"mobilisation-sociale, arrete (social unrest, arrest) may cause people to leave Guadeloupe",qwen2.5:72b,,,,,push,"mobilisation-sociale, arrete (social unrest, arrest) may cause people to leave Guadeloupe",url_2,2
20220101,51,,WORKER,https://www.franceguyane.fr/actualite/social/mobilisation-sociale-a-pointe-a-pitre-elie-domota-a-ete-arrete-493999.php,neutral,social mobilization stopped,qwen2.5:7b,0.5,0.5,,push,arrest (arrest);social-mobilization (social unrest),qwen2.5:72b,,,,,push,arrest (arrest);social-mobilization (social unrest),url_2,2
20220101,1823,,MILITARY,https://www.franceguyane.fr/actualite/france/feminicides-deux-hommes-en-garde-a-vue-le-jour-du-nouvel-an-494064.php,neutral,feminicides in police custody,qwen2.5:7b,0.5,0.5,,neutral,feminicides; garde-a-vue (in custody),qwen2.5:72b,,,,,unclear,feminicides in police custody,unresolved,2
20220101,43,,POLE,https://as.com/futbol/2022/01/01/primera/1641057005_745473.html,neutral,no clear migration-related tokens,qwen2.5:7b,0.5,0.5,,neutral,URL does not contain migration-related tokens,qwen2.5:72b,,,,,unclear,no clear migration-related tokens,unresolved,2
20220101,51,,SAUDI ARABIA,https://www.okaz.com.sa/news/na/2092790,neutral,no clear migration-related tokens,qwen2.5:7b,0.5,0.5,,unclear,"URL too short, generic, ID-like, or ambiguous",qwen2.5:72b,,,,,unclear,no clear migration-related tokens,unresolved,2
20220101,51,,SAUDI ARABIA,https://www.okaz.com.sa/news/na/2092790,neutral,no clear migration-related tokens,qwen2.5:7b,0.5,0.5,,unclear,"URL too short, generic, ID-like, or ambiguous",qwen2.5:72b,,,,,unclear,no clear migration-related tokens,unresolved,2
20220101,20,,INTELLIGENCE,https://www.diariolaprovinciasj.com/elpais/2022/1/1/cuales-son-los-sectores-que-tendran-mayor-demanda-laboral-en-2022-165873.html,pull,sectors that will have greater labor demand,qwen2.5:7b,0.5,0.5,,,,qwen2.5:72b,,,,,pull,sectors that will have greater labor demand,url_1,2
20220101,42,,VENEZUELAN,https://noticias.uol.com.br/ultimas-noticias/efe/2022/01/01/chanceler-venezuelano-pede-que-bolsonaro-aprove-transferencia-de-migrantes.htm,push,Venezuelan chanceler asks for transfer of migrants,qwen2.5:7b,0.5,0.5,,,,qwen2.5:72b,,,,,push,Venezuelan chanceler asks for transfer of migrants,url_1,2
20220101,20,,BASQUE,https://omirante.pt/cavaleiro-andante/2022-01-01-Em-Abrantes-nada-como-dantes-a2fb5365,neutral,no clear migration-related tokens,qwen2.5:7b,0.5,0.5,,neutral,No clear migration-related tokens,qwen2.5:72b,,,,,unclear,no clear migration-related tokens,unresolved,2
20220101,50,,CATALAN,https://sport1.oslobodjenje.ba/s1/fudbal/ino-fudbal/primera/postigao-dogovor-sa-kataloncima-barcelona-sljedeceg-ljeta-dobija-veliko-pojacanje-721568,neutral,no clear migration-related tokens,qwen2.5:7b,0.5,0.5,,neutral,No clear migration-related tokens,qwen2.5:72b,,,,,unclear,no clear migration-related tokens,unresolved,2
20220101,51,,INDIGENOUS,https://g1.globo.com/mundo/noticia/2022/01/01/a-epidemia-de-desaparecimentos-de-indigenas-que-intriga-os-eua.ghtml,push,epidemic of indigenous disappearances,qwen2.5:7b,0.5,0.5,,,,qwen2.5:72b,,,,,push,epidemic of indigenous disappearances,url_1,2
20220101,51,,INDIGENOUS,https://g1.globo.com/mundo/noticia/2022/01/01/a-epidemia-de-desaparecimentos-de-indigenas-que-intriga-os-eua.ghtml,push,epidemic of indigenous disappearances,qwen2.5:7b,0.5,0.5,,,,qwen2.5:72b,,,,,push,epidemia de desaparecimentos de indigenas,url_1,2
20220101,161,MADEIRA,,https://www.akhbarona.com/last/340605.html,neutral,no clear migration-related tokens,qwen2.5:7b,0.5,0.5,,neutral,No clear migration-related tokens,qwen2.5:72b,,,,,unclear,no clear migration-related tokens,unresolved,2
20220101,112,BRAZIL,CRIMINAL,https://www.brasil247.com/brasil/bolsonaro-e-eleito-corrupto-do-ano-por-consorcio-internacional,push,corrupt,qwen2.5:7b,0.5,0.5,,,,qwen2.5:72b,,,,,push,corrupt,url_1,2
20220101,112,BRAZIL,CRIMINAL,https://www.brasil247.com/brasil/bolsonaro-e-eleito-corrupto-do-ano-por-consorcio-internacional,push,corrupt,qwen2.5:7b,0.5,0.5,,,,qwen2.5:72b,,,,,push,corrupt,url_1,2
20220101,100,BUSINESS,,https://pronedra.ru/znaki-vostochnogo-kalendarya-po-godu-rozhdeniya-kotorym-povezet-v-2022-godu-628853.html,neutral,signs of the eastern calendar,qwen2.5:7b,0.5,0.5,,neutral,No clear migration-related tokens,qwen2.5:72b,,,,,unclear,signs of the eastern calendar,unresolved,2
20220101,90,COMPANY,ADMINISTRATION,https://www.republika.co.id/berita/r520kx430/jepang-bantu-perusahaan-bill-gates-bangun-reaktor-nuklir,neutral,help the company,qwen2.5:7b,0.5,0.5,,pull,jepang-bantu (Japan helps) implies aid and support,qwen2.5:72b,,,,,pull,jepang-bantu (Japan helps) implies aid and support,url_2,2
20220101,112,COMPANIES,REPRESENTATIVES,https://www.alarab.com/Article/1018144,unclear,URL too short,qwen2.5:7b,0.5,0.5,,unclear,URL too short; no clear migration-related tokens,qwen2.5:72b,,,,,unclear,URL too short,unresolved,2
20220101,60,SWITZERLAND,,https://evz.ro/sinuciderea-asistata-este-acum-legala-austria-este-tara-care-a-decis-sa-curme-suferintele-bolnavilor.html,push,assisted suicide is now legal,qwen2.5:7b,0.5,0.5,,,,qwen2.5:72b,,,,,push,assisted suicide is now legal,url_1,2
20220101,81,SWITZERLAND,,https://evz.ro/sinuciderea-asistata-este-acum-legala-austria-este-tara-care-a-decis-sa-curme-suferintele-bolnavilor.html,push,assisted suicide is now legal,qwen2.5:7b,0.5,0.5,,,,qwen2.5:72b,,,,,push,assisted suicide is now legal,url_1,2
20220101,42,CHILE,,http://www.funkuhr.de/fernsehprogramm/sendungsdetails/169446982/pumas-in-der-wildnis-patagoniens.html,neutral,TV program show details,qwen2.5:7b,0.5,0.5,,neutral,No clear migration-related tokens in URL,qwen2.5:72b,,,,,unclear,TV program show details,unresolved,2
20220101,54,CHINA,EMBASSY,https://gordonua.com/news/worldnews/kitay-otkryl-posolstvo-v-nikaragua-posle-vozobnovleniya-diplomaticheskih-otnosheniy-1589047.html,pull,opened an embassy for diplomatic relations,qwen2.5:7b,0.5,0.5,,,,qwen2.5:72b,,,,,pull,opened an embassy for diplomatic relations,url_1,2
20220101,20,COLOMBIA,COLOMBIA,https://www.colombia.com/actualidad/nacionales/12415-contagios-por-la-covid-19-registra-colombia-en-el-primer-dia-del-ano-2022-333346,neutral,Covid-19 infections recorded,qwen2.5:7b,0.5,0.5,,push,"contagios, COVID-19 (health crisis pushing people to leave)",qwen2.5:72b,,,,,push,"contagios, COVID-19 (health crisis pushing people to leave)",url_2,2
20220101,180,PRISON,,https://pronedra.ru/zaprety-i-primety-rozhdestvenskogo-sochelnik-chto-gotovyat-v-prazdnik-628846.html,neutral,no clear migration-related tokens,qwen2.5:7b,0.5,0.5,,neutral,No clear migration-related tokens in URL,qwen2.5:72b,,,,,unclear,no clear migration-related tokens,unresolved,2
20220101,30,PRISON,ACADEMICS,https://www.notigape.com/trabajara-gobierno-municipal-por-bienestar-y-progreso-en-2022/243835,pull,municipal-government-will-work-for-welfare-and-progress-in-2022,qwen2.5:7b,0.5,0.5,,,,qwen2.5:72b,,,,,pull,municipal-government-will-work-for-welfare-and-progress-in-2022,url_1,2
20220101,173,POLICE,FRANCE,https://www.franceguyane.fr/actualite/social/mobilisation-sociale-a-pointe-a-pitre-elie-domota-a-ete-arrete-493999.php,push,social-mobilization-in-pointe-a-pitre-elie-domota-was-arrested,qwen2.5:7b,0.5,0.5,,,,qwen2.5:72b,,,,,push,social-mobilization-in-pointe-a-pitre-elie-domota-was-arrested,url_1,2
20220101,186,PERPETRATOR,BAMAKO,http://malijet.com/les_faits_divers_au_mali/265488-commissariat-de-police-du-11eme-arrondissement-fin-de-course-pou.html,neutral,no clear migration-related tokens,qwen2.5:7b,0.5,0.5,,neutral,No clear migration-related tokens in URL,qwen2.5:72b,,,,,unclear,no clear migration-related tokens,unresolved,2
20220101,10,COMMUNITY,,https://www.lopinionista.it/fico-ringrazia-mattarella-120130.html,neutral,no clear migration-related tokens,qwen2.5:7b,0.5,0.5,,neutral,No migration-related tokens,qwen2.5:72b,,,,,unclear,no clear migration-related tokens,unresolved,2
20220101,111,RESIDENTS,,https://g1.globo.com/sp/piracicaba-regiao/noticia/2022/01/01/biblioteca-municipal-de-limeira-oferece-oficinas-gincana-show-e-sarau-durante-as-ferias-escolares.ghtml,neutral,no clear migration-related tokens,qwen2.5:7b,0.5,0.5,,neutral,No migration-related tokens,qwen2.5:72b,,,,,unclear,no clear migration-related tokens,unresolved,2
20220101,1723,POPULATION,,https://gordonua.com/news/worldnews/vo-francii-v-novogodnyuyu-noch-sozhgli-874-mashiny-mvd-1589046.html,neutral,no clear migration-related tokens,qwen2.5:7b,0.5,0.5,,push,"in France, on New Year's Eve, 874-cars of the Ministry of Internal Affairs were burned (disaster)",qwen2.5:72b,,,,,push,"in France, on New Year's Eve, 874-cars of the Ministry of Internal Affairs were burned (disaster)",url_2,2
20220101,80,ACTOR,,https://www.interris.it/rubriche/opinione/affrontare-questioni-pressanti-luce-dottrina-sociale-chiesa/,neutral,no clear migration-related tokens,qwen2.5:7b,0.5,0.5,,neutral,No migration-related tokens,qwen2.5:72b,,,,,unclear,no clear migration-related tokens,unresolved,2
20220101,833,EUROPE,,https://www.brasil247.com/blog/brasil-para-principiantes,neutral,no clear migration-related tokens,qwen2.5:7b,0.5,0.5,,neutral,No migration-related tokens,qwen2.5:72b,,,,,unclear,no clear migration-related tokens,unresolved,2
20220101,90,EUROPE,,https://alquds.com/2022/01/02/%D8%A3%D9%88%D8%B1%D9%88%D8%A8%D8%A7-%D8%AA%D8%AA%D8%AC%D8%A7%D9%88%D8%B2-%D8%B9%D8%AA%D8%A8%D8%A9-100-%D9%85%D9%84%D9%8A%D9%88%D9%86-%D8%A5%D8%B5%D8%A7%D8%A8%D8%A9-%D8%A8%D9%83%D9%88%D9%81%D9%8A/,neutral,no clear migration-related tokens,qwen2.5:7b,0.5,0.5,,push,displacement (Displacement implied by threshold-100-million-infections-of-covid-19),qwen2.5:72b,,,,,push,displacement (Displacement implied by عتبة-100-مليون-اصابة-بكوفي),url_2,2
20220101,112,EUROPEAN,BELARUS,https://www.skivefolkeblad.dk/artikel/8426302b-78a7-3353-beaa-8731a102cde4/,neutral,URL token does not contain migration-related terms,qwen2.5:7b,0.5,0.5,,unclear,"URL too short, generic, ID-like",qwen2.5:72b,,,,,unclear,URL token does not contain migration-related terms,unresolved,2
20220101,112,EUROPEAN,RUSSIA,https://www.skivefolkeblad.dk/artikel/8426302b-78a7-3353-beaa-8731a102cde4/,neutral,URL token does not contain migration-related terms,qwen2.5:7b,0.5,0.5,,unclear,"URL too short, generic, ID-like",qwen2.5:72b,,,,,unclear,URL token does not contain migration-related terms,unresolved,2
20220101,112,EUROPEAN,RUSSIA,https://www.skivefolkeblad.dk/artikel/8426302b-78a7-3353-beaa-8731a102cde4/,neutral,URL token does not contain migration-related terms,qwen2.5:7b,0.5,0.5,,unclear,"URL too short, generic, ID-like",qwen2.5:72b,,,,,unclear,URL token does not contain migration-related terms,unresolved,2
20220101,50,FRANCE,,https://as.com/futbol/2022/01/01/primera/1641057005_745473.html,neutral,URL token does not contain migration-related terms,qwen2.5:7b,0.5,0.5,,neutral,No clear migration-related tokens (primera/1641057005_745473),qwen2.5:72b,,,,,unclear,URL token does not contain migration-related terms,unresolved,2
20220101,141,PARIS,POLICE,https://noticias.uol.com.br/ultimas-noticias/deutschewelle/2022/01/01/franca-ve-queda-em-numero-de-carros-incendiados-no-ano-novo.htm,neutral,URL token does not contain migration-related terms,qwen2.5:7b,0.5,0.5,,neutral,No clear migration-related tokens,qwen2.5:72b,,,,,unclear,URL token does not contain migration-related terms,unresolved,2
20220101,192,FRENCH,SYRIA,https://naslovi.net/2022-01-02/rtv/vremeplov-otvorena-prva-citaonica-u-knezevini-srbiji/29652721,neutral,URL token does not contain migration-related terms,qwen2.5:7b,0.5,0.5,,neutral,No clear migration-related tokens,qwen2.5:72b,,,,,unclear,URL token does not contain migration-related terms,unresolved,2
20220101,192,FRANCE,SYRIA,https://naslovi.net/2022-01-02/rtv/vremeplov-otvorena-prva-citaonica-u-knezevini-srbiji/29652721,neutral,URL token does not contain migration-related terms,qwen2.5:7b,0.5,0.5,,neutral,No clear migration-related tokens,qwen2.5:72b,,,,,unclear,URL token does not contain migration-related terms,unresolved,2
20220101,190,LILLE,YEMENI,https://www.okaz.com.sa/news/na/2092790,neutral,URL token does not contain migration-related terms,qwen2.5:7b,0.5,0.5,,neutral,No clear migration-related tokens,qwen2.5:72b,,,,,unclear,URL token does not contain migration-related terms,unresolved,2
20220101,141,GUADELOUPE,,https://www.franceguyane.fr/actualite/social/mobilisation-sociale-a-pointe-a-pitre-elie-domota-a-ete-arrete-493999.php,neutral,URL token does not contain migration-related terms,qwen2.5:7b,0.5,0.5,,push,"arrete (arrest), mobilisation (protest) suggest instability",qwen2.5:72b,,,,,push,"arrete (arrest), mobilisation (protest) suggest instability",url_2,2
20220101,172,CONAKRY,,http://malijet.com/actualite_economique_du_mali/265491-lutte-contre-la-fraude-et-la-contrebande-les-douanes-saisissent-.html,neutral,URL token does not contain migration-related terms,qwen2.5:7b,0.5,0.5,,neutral,No clear migration-related tokens,qwen2.5:72b,,,,,unclear,URL token does not contain migration-related terms,unresolved,2
20220101,70,GAMBIA,NORWEGIAN,https://www.analisidifesa.it/2022/01/il-2021-ha-rilanciato-limmigrazione-illegale-su-vasta-scala-in-italia/,pull,illegal immigration,qwen2.5:7b,0.5,0.5,,,,qwen2.5:72b,,,,,pull,immigrazione illegale,url_1,2
20220101,70,GAMBIA,NORWAY,https://www.analisidifesa.it/2022/01/il-2021-ha-rilanciato-limmigrazione-illegale-su-vasta-scala-in-italia/,pull,illegal immigration,qwen2.5:7b,0.5,0.5,,,,qwen2.5:72b,,,,,pull,immigrazione illegale,url_1,2
20220101,70,GAMBIA,NORWEGIAN,https://www.analisidifesa.it/2022/01/il-2021-ha-rilanciato-limmigrazione-illegale-su-vasta-scala-in-italia/,pull,illegal immigration,qwen2.5:7b,0.5,0.5,,,,qwen2.5:72b,,,,,pull,illegal immigration,url_1,2
20220101,190,PRESIDENT,,https://alquds.com/2022/01/01/%D8%A5%D8%B5%D8%A7%D8%A8%D8%A7%D8%AA-%D8%AE%D9%84%D8%A7%D9%84-%D9%85%D9%88%D8%A7%D8%AC%D9%87%D8%A7%D8%AA-%D9%81%D9%8A-%D8%A8%D8%B1%D9%82%D8%A9/,push,illegal on a large scale in Italy,qwen2.5:7b,0.5,0.5,,,,qwen2.5:72b,,,,,push,illegal on a large scale in Italy,url_1,2
20220101,192,PRESIDENT,,https://alquds.com/2022/01/01/%D8%A5%D8%B5%D8%A7%D8%A8%D8%A7%D8%AA-%D8%AE%D9%84%D8%A7%D9%84-%D9%85%D9%88%D8%A7%D8%AC%D9%87%D8%A7%D8%AA-%D9%81%D9%8A-%D8%A8%D8%B1%D9%82%D8%A9/,push,illegal on a large scale in Italy,qwen2.5:7b,0.5,0.5,,,,qwen2.5:72b,,,,,push,illegal on a large scale in Italy,url_1,2
20220101,20,MINISTRY,EMIRATI,https://www.akhbarona.com/world/340606.html,neutral,world/340606.html,qwen2.5:7b,0.5,0.5,,unclear,"URL too short, generic, ID-like, or ambiguous",qwen2.5:72b,,,,,unclear,world/340606.html,unresolved,2
20220101,51,MINISTRY,EMIRATI,https://www.akhbarona.com/world/340606.html,neutral,world/340606.html,qwen2.5:7b,0.5,0.5,,unclear,"URL too short, generic, ID-like, or ambiguous",qwen2.5:72b,,,,,unclear,world/340606.html,unresolved,2
20220101,71,GOVERNMENT,EUROPEAN,https://www.interris.it/rubriche/opinione/affrontare-questioni-pressanti-luce-dottrina-sociale-chiesa/,neutral,opinion/address-pressing-issues-light-social-doctrine-church/,qwen2.5:7b,0.5,0.5,,neutral,No clear migration-related tokens,qwen2.5:72b,,,,,unclear,opinion/address-pressing-issues-light-social-doctrine-church/,unresolved,2
20220101,111,AUTHORITIES,EMPLOYEE,https://ria.ru/20220102/status-1766397981.html,unclear,status-1766397981.html,qwen2.5:7b,0.5,0.5,,neutral,No clear migration-related tokens,qwen2.5:72b,,,,,unclear,status-1766397981.html,unresolved,2
20220101,841,DIPLOMAT,PRISONER,https://www.republika.co.id/berita/r520da430/indiapakistan-tukar-daftar-tahanan,neutral,india pakistan-swap-list-prisoners,qwen2.5:7b,0.5,0.5,,neutral,No clear migration-related tokens,qwen2.5:72b,,,,,unclear,indiapakistan-tukar-daftar-tahanan,unresolved,2
20220101,841,DIPLOMAT,PRISONER,https://www.republika.co.id/berita/r520da430/indiapakistan-tukar-daftar-tahanan,neutral,home,qwen2.5:7b,0.5,0.5,,neutral,No clear migration-related tokens,qwen2.5:72b,,,,,unclear,tahanan,unresolved,2
20220101,1014,EMBASSY,UKRAINIAN,https://pronedra.ru/znaki-vostochnogo-kalendarya-po-godu-rozhdeniya-kotorym-povezet-v-2022-godu-628853.html,unclear,signs of the eastern calendar by city of birth who will be lucky in 2022,qwen2.5:7b,0.5,0.5,,neutral,No clear migration-related tokens,qwen2.5:72b,,,,,unclear,signs of the eastern calendar by city of birth who will be lucky in 2022,unresolved,2
20220101,1014,EMBASSY,UKRAINIAN,https://pronedra.ru/znaki-vostochnogo-kalendarya-po-godu-rozhdeniya-kotorym-povezet-v-2022-godu-628853.html,unclear,signs of the eastern calendar by city of birth who will be lucky in 2022,qwen2.5:7b,0.5,0.5,,neutral,No clear migration-related tokens,qwen2.5:72b,,,,,unclear,signs of the eastern calendar by city of birth who will be lucky in 2022,unresolved,2
20220101,36,MINIST OF EDUCATION,,https://www.diariolaprovinciasj.com/educacion/2022/1/1/el-ministerio-de-educacion-atendera-en-nuevo-horario-165874.html,neutral,Ministry of Education will attend new hours,qwen2.5:7b,0.5,0.5,,neutral,No clear migration-related tokens,qwen2.5:72b,,,,,unclear,Ministry of Education will attend new hours,unresolved,2
20220101,13,MEDICAL ASSOCIATION,,https://www.aftenposten.no/verden/i/OrevnE/foerste-nyttaarsdag-ble-det-registrert-over-160000-koronatilfeller-i-en,neutral,"On New Year's Day, over 160,000 cancer cases were registered in one",qwen2.5:7b,0.5,0.5,,neutral,No clear migration-related tokens,qwen2.5:72b,,,,,unclear,"On New Year's Day, over 160,000 cancer cases were registered in one",unresolved,2
20220101,120,DOCTOR,,https://kino.24tv.ua/ru/novogodnie-multfilmy-dlja-vsej-semi-dushevnaja-podborka-dlja_n1831930,unclear,"New Year's cartoons for the whole family, heartwarming selection for_n1831930",qwen2.5:7b,0.5,0.5,,neutral,No clear migration-related tokens,qwen2.5:72b,,,,,unclear,"New Year's cartoons for the whole family, heartwarming selection for_n1831930",unresolved,2
20220101,120,DOCTOR,,https://kino.24tv.ua/ru/novogodnie-multfilmy-dlja-vsej-semi-dushevnaja-podborka-dlja_n1831930,unclear,"New Year's cartoons for the whole family, heartwarming selection for_n1831930",qwen2.5:7b,0.5,0.5,,neutral,No clear migration-related tokens,qwen2.5:72b,,,,,unclear,"New Year's cartoons for the whole family, heartwarming selection for_n1831930",unresolved,2
20220101,10,CROATIAN,,https://madeinfoot.ouest-france.fr/infos/article-asm-l-as-monaco-officialise-le-depart-de-niko-kovac-officiel-364395.html,push,the-ministry-of-education-will-operate-on-new-schedule,qwen2.5:7b,0.5,0.5,,,,qwen2.5:72b,,,,,push,the-ministry-of-education-will-operate-on-new-schedule,url_1,2
20220101,10,CROATIAN,,https://madeinfoot.ouest-france.fr/infos/article-asm-l-as-monaco-officialise-le-depart-de-niko-kovac-officiel-364395.html,push,the-ministry-of-education-will-operate-on-new-schedule,qwen2.5:7b,0.5,0.5,,,,qwen2.5:72b,,,,,push,le-ministerio-de-educacion-atendera-en-nuevo-horario,url_1,2
20220101,42,CROATIAN,,https://madeinfoot.ouest-france.fr/infos/article-asm-l-as-monaco-officialise-le-depart-de-niko-kovac-officiel-364395.html,push,the-ministry-of-education-will-operate-on-new-schedule,qwen2.5:7b,0.5,0.5,,,,qwen2.5:72b,,,,,push,le-ministerio-de-educacion-atendera-en-nuevo-horario,url_1,2
20220101,42,CROATIAN,,https://madeinfoot.ouest-france.fr/infos/article-asm-l-as-monaco-officialise-le-depart-de-niko-kovac-officiel-364395.html,push,departure,qwen2.5:7b,0.5,0.5,,,,qwen2.5:72b,,,,,push,departure,url_1,2
20220101,43,JAKARTA,FLORIDA,https://www.republika.co.id/berita/r520u2384/ini-ketentuan-tes-antigen-di-stasiun,neutral,,qwen2.5:7b,0.5,0.5,,neutral,No clear migration-related tokens,qwen2.5:72b,,,,,unclear,No clear migration-related tokens,unresolved,2
20220101,10,ISRAEL,,https://www.lematin.ch/story/apres-des-tirs-de-roquettes-frappes-israeliennes-sur-gaza-569823935907,push,"rocket fire, Israeli strikes on Gaza",qwen2.5:7b,0.5,0.5,,,,qwen2.5:72b,,,,,push,"rocket fire, Israeli strikes on Gaza",url_1,2
20220101,61,ISRAEL,,https://www.alquds.co.uk/%D8%A7%D9%84%D8%AC%D9%8A%D8%B4-%D8%A7%D9%84%D8%A5%D8%B3%D8%B1%D8%A7%D8%A6%D9%8A%D9%84%D9%8A-%D9%8A%D9%82%D8%B5%D9%81-%D8%A3%D9%87%D8%AF%D8%A7%D9%81%D8%A7-%D9%81%D9%8A-%D9%82%D8%B7%D8%A7%D8%B9-%D8%BA/,pull,"asylum, residency, gaza",qwen2.5:7b,0.5,0.5,,,,qwen2.5:72b,,,,,pull,"asylum, residency, gaza",url_1,2
20220101,190,ISRAELI,ISRAEL,https://ria.ru/20220102/status-1766397981.html,neutral,,qwen2.5:7b,0.5,0.5,,neutral,No clear migration-related tokens,qwen2.5:72b,,,,,unclear,No clear migration-related tokens,unresolved,2
20220101,871,ISRAEL,PALESTINIAN,https://www.alquds.co.uk/%D8%A7%D9%84%D8%AC%D9%8A%D8%B4-%D8%A7%D9%84%D8%A5%D8%B3%D8%B1%D8%A7%D8%A6%D9%8A%D9%84%D9%8A-%D9%8A%D9%82%D8%B5%D9%81-%D8%A3%D9%87%D8%AF%D8%A7%D9%81%D8%A7-%D9%81%D9%8A-%D9%82%D8%B7%D8%A7%D8%B9-%D8%BA/,pull,"asylum, residency, gaza",qwen2.5:7b,0.5,0.5,,,,qwen2.5:72b,,,,,pull,"asylum, residency, gaza",url_1,2
20220101,190,ISRAELI,GAZA,https://ria.ru/20220102/udary-1766397744.html,push,"rocket fire, Israeli strikes on Gaza",qwen2.5:7b,0.5,0.5,,,,qwen2.5:72b,,,,,push,"rocket fire, Israeli strikes on Gaza",url_1,2
20220101,194,ISRAEL,PALESTINIAN,https://www.lematin.ch/story/apres-des-tirs-de-roquettes-frappes-israeliennes-sur-gaza-569823935907,push,"rocket fire, Israeli strikes on Gaza",qwen2.5:7b,0.5,0.5,,,,qwen2.5:72b,,,,,push,"rocket fire, Israeli strikes on Gaza",url_1,2
20220101,194,ISRAEL,HAMAS,https://www.lematin.ch/story/apres-des-tirs-de-roquettes-frappes-israeliennes-sur-gaza-569823935907,push,"rocket fire, Israeli strikes on Gaza",qwen2.5:7b,0.5,0.5,,,,qwen2.5:72b,,,,,push,"rocket fire, Israeli strikes on Gaza",url_1,2
20220101,90,ISRAELI,,https://www.adn40.mx/internacional/israel-flurona-gripe-covid-19-pfp,neutral,,qwen2.5:7b,0.5,0.5,,neutral,No clear migration-related tokens,qwen2.5:72b,,,,,unclear,No clear migration-related tokens,unresolved,2
20220101,10,ISRAELI,ISRAEL,https://www.notigape.com/israel-detecto-primer-caso-de-flurona-gripe-y-covid-19-en-simultaneo/243839,neutral,no clear migration-related tokens,qwen2.5:7b,0.5,0.5,,neutral,No clear migration-related tokens,qwen2.5:72b,,,,,unclear,no clear migration-related tokens,unresolved,2
20220101,90,ISRAELI,ISRAEL,https://www.adn40.mx/internacional/israel-flurona-gripe-covid-19-pfp,neutral,no clear migration-related tokens,qwen2.5:7b,0.5,0.5,,neutral,No clear migration-related tokens,qwen2.5:72b,,,,,unclear,no clear migration-related tokens,unresolved,2
20220101,190,ISRAELI,,https://ria.ru/20220102/status-1766397981.html,unclear,URL too short or generic,qwen2.5:7b,0.5,0.5,,unclear,"URL too short, generic, ID-like, or ambiguous",qwen2.5:72b,,,,,unclear,URL too short or generic,unresolved,2
20220101,190,ISRAEL,ISRAEL,https://ria.ru/20220102/status-1766397981.html,unclear,URL too short or generic,qwen2.5:7b,0.5,0.5,,unclear,"URL too short, generic, ID-like, or ambiguous",qwen2.5:72b,,,,,unclear,URL too short or generic,unresolved,2
20220101,190,ISRAEL,ISRAEL,https://ria.ru/20220102/udary-1766397744.html,unclear,URL too short or generic,qwen2.5:7b,0.5,0.5,,neutral,No clear migration-related tokens,qwen2.5:72b,,,,,unclear,URL too short or generic,unresolved,2
20220101,190,ISRAELI,GAZA,https://ria.ru/20220102/status-1766397981.html,unclear,URL too short or generic,qwen2.5:7b,0.5,0.5,,neutral,No clear migration-related tokens,qwen2.5:72b,,,,,unclear,URL too short or generic,unresolved,2
20220101,190,ISRAELI,GAZA,https://ria.ru/20220102/udary-1766397744.html,unclear,URL too short or generic,qwen2.5:7b,0.5,0.5,,neutral,No clear migration-related tokens,qwen2.5:72b,,,,,unclear,URL too short or generic,unresolved,2
20220101,20,ISRAELI,ISRAELI,https://www.alarab.com/Article/1018146,neutral,no clear migration-related tokens,qwen2.5:7b,0.5,0.5,,neutral,No clear migration-related tokens,qwen2.5:72b,,,,,unclear,no clear migration-related tokens,unresolved,2
20220101,43,ITALY,,https://www.analisidifesa.it/2022/01/il-2021-ha-rilanciato-limmigrazione-illegale-su-vasta-scala-in-italia/,pull,immigration illegale (illegal immigration),qwen2.5:7b,0.5,0.5,,,,qwen2.5:72b,,,,,pull,immigration illegale (illegal immigration),url_1,2
20220101,173,ITALY,ALBANIA,http://www.oranews.tv/vendi/ky-eshte-shqiptari-i-arratisur-nga-burgu-ne-itali-naten-e-nderrimit-te-vit-i1023852,push,change of year (visa change) escaped from prison (leaving due to crisis),qwen2.5:7b,0.5,0.5,,,,qwen2.5:72b,,,,,push,change of year (visa change) escaped from prison (leaving due to crisis),url_1,2
20220101,42,ITALY,ITALIAN,https://www.interris.it/copertina/perno-opbg-omicron-bambini/,neutral,pin-opbg-omicron-children,qwen2.5:7b,0.5,0.5,,neutral,No clear migration-related tokens,qwen2.5:72b,,,,,unclear,pin-opbg-omicron-children,unresolved,2
20220101,43,ITALIAN,,https://www.interris.it/copertina/perno-opbg-omicron-bambini/,neutral,pin-opbg-omicron-children,qwen2.5:7b,0.5,0.5,,neutral,No clear migration-related tokens,qwen2.5:72b,,,,,unclear,pin-opbg-omicron-children,unresolved,2
20220101,43,ITALIAN,ITALY,https://www.interris.it/copertina/perno-opbg-omicron-bambini/,neutral,pin-opbg-omicron-children,qwen2.5:7b,0.5,0.5,,neutral,No clear migration-related tokens,qwen2.5:72b,,,,,unclear,pin-opbg-omicron-children,unresolved,2
20220101,10,JUDGE,,https://www.analisidifesa.it/2022/01/il-2021-ha-rilanciato-limmigrazione-illegale-su-vasta-scala-in-italia/,pull,2021-has-relaunched-illegal-immigration-on-a-large-scale-in-italy,qwen2.5:7b,0.5,0.5,,,,qwen2.5:72b,,,,,pull,2021-has-relaunched-illegal-immigration-on-a-large-scale-in-italy,url_1,2
20220101,43,SOUTH KOREA,MUSLIM,https://portaljember.pikiran-rakyat.com/pariwisata/pr-163372393/7-destinasi-wisata-halal-di-korea-selatan-cocok-bagi-umat-muslim-yang-traveling-ke-negeri-ginseng,neutral,7-halal-tourist-destinations-in-South-Korea-suitable-for-Muslims-who-travel-to-the-land-of-ginseng,qwen2.5:7b,0.5,0.5,,pull,"Halal tourist destination, suitable for Muslims who travel",qwen2.5:72b,,,,,pull,"Halal tourist destination, suitable for Muslims who travel",url_2,2
20220101,84,TRADE UNION,,https://www.franceguyane.fr/actualite/social/mobilisation-sociale-a-pointe-a-pitre-elie-domota-a-ete-arrete-493999.php,push,social-mobilization-in-pointe-a-pitre-elie-domota-was-arrested,qwen2.5:7b,0.5,0.5,,,,qwen2.5:72b,,,,,push,social-mobilization-in-pointe-a-pitre-elie-domota-was-arrested,url_1,2
20220101,111,TRADE UNION,,https://www.franceguyane.fr/actualite/social/mobilisation-sociale-a-pointe-a-pitre-elie-domota-a-ete-arrete-493999.php,push,social-mobilization-in-pointe-a-pitre-elie-domota-was-arrested,qwen2.5:7b,0.5,0.5,,,,qwen2.5:72b,,,,,push,social-mobilization-in-pointe-a-pitre-elie-domota-was-arrested,url_1,2
20220101,100,REPRESENTATIVES,VOTER,https://www.corriere.it/editoriali/22_gennaio_01/i-partiti-quirinaleche-cosa-serve-ora-paese-466c0010-6b3e-11ec-a3c8-e3c830b3b1de.shtml,neutral,the-quirinale-parties-what-is-needed-now-country,qwen2.5:7b,0.5,0.5,,neutral,No clear migration-related tokens,qwen2.5:72b,,,,,unclear,the-quirinale-parties-what-is-needed-now-country,unresolved,2
20220101,120,REPRESENTATIVES,VOTER,https://www.corriere.it/editoriali/22_gennaio_01/i-partiti-quirinaleche-cosa-serve-ora-paese-466c0010-6b3e-11ec-a3c8-e3c830b3b1de.shtml,neutral,the-quirinale-parties-what-is-needed-now-country,qwen2.5:7b,0.5,0.5,,neutral,No clear migration-related tokens,qwen2.5:72b,,,,,unclear,the-quirinale-parties-what-is-needed-now-country,unresolved,2
20220101,161,MONACO,,https://madeinfoot.ouest-france.fr/infos/article-asm-l-as-monaco-officialise-le-depart-de-niko-kovac-officiel-364395.html,neutral,asm-l-as-monaco-officializes-the-departure-of-niko-kovac-official,qwen2.5:7b,0.5,0.5,,neutral,No clear migration-related tokens,qwen2.5:72b,,,,,unclear,asm-l-as-monaco-officializes-the-departure-of-niko-kovac-official,unresolved,2
20220101,161,MONACO,,https://madeinfoot.ouest-france.fr/infos/article-asm-l-as-monaco-officialise-le-depart-de-niko-kovac-officiel-364395.html,push,the departure,qwen2.5:7b,0.5,0.5,,,,qwen2.5:72b,,,,,push,the departure,url_1,2
20220101,51,MILITARY,,https://www.okaz.com.sa/news/na/2092790,neutral,,qwen2.5:7b,0.5,0.5,,unclear,"URL too short, generic, or ambiguous",qwen2.5:72b,,,,,unclear,"URL too short, generic, or ambiguous",unresolved,2
20220101,51,MILITARY,,https://www.okaz.com.sa/news/na/2092790,neutral,,qwen2.5:7b,0.5,0.5,,unclear,"URL too short, generic, or ambiguous",qwen2.5:72b,,,,,unclear,"URL too short, generic, or ambiguous",unresolved,2
20220101,114,NAVY,,https://omirante.pt/sociedade/2022-01-01-Vila-Franca-de-Xira-vai-ter-de-realizar-mais-obras-para-ganhar-novo-tribunal-a4687496,neutral,,qwen2.5:7b,0.5,0.5,,neutral,No clear migration-related tokens,qwen2.5:72b,,,,,unclear,No clear migration-related tokens,unresolved,2
20220101,190,MALI,,http://malijet.com/actualite-politique-au-mali/editorial-journaux-mali/265485-edito-le-pragmatisme-russe-aux-antipodes-des-th%C3%A9ories-fran%C3%A7aises.html,neutral,,qwen2.5:7b,0.5,0.5,,neutral,No clear migration-related tokens,qwen2.5:72b,,,,,unclear,No clear migration-related tokens,unresolved,2
20220101,42,MUSLIM,SOUTH KOREA,https://portaljember.pikiran-rakyat.com/pariwisata/pr-163372393/7-destinasi-wisata-halal-di-korea-selatan-cocok-bagi-umat-muslim-yang-traveling-ke-negeri-ginseng,pull,tourist destinations,qwen2.5:7b,0.5,0.5,,,,qwen2.5:72b,,,,,pull,tourist destinations,url_1,2
20220101,841,PRISONER,DIPLOMAT,https://www.republika.co.id/berita/r520da430/indiapakistan-tukar-daftar-tahanan,neutral,,qwen2.5:7b,0.5,0.5,,neutral,No clear migration-related tokens,qwen2.5:72b,,,,,unclear,No clear migration-related tokens,unresolved,2
20220101,42,POLE,,https://as.com/futbol/2022/01/01/primera/1641057005_745473.html,neutral,,qwen2.5:7b,0.5,0.5,,neutral,No clear migration-related tokens,qwen2.5:72b,,,,,unclear,No clear migration-related tokens,unresolved,2
20220101,161,PORTUGAL,MADEIRA,https://www.akhbarona.com/last/340605.html,neutral,,qwen2.5:7b,0.5,0.5,,neutral,No clear migration-related tokens,qwen2.5:72b,,,,,unclear,No clear migration-related tokens,unresolved,2
20220101,10,PALESTINIAN,,https://www.lematin.ch/story/apres-des-tirs-de-roquettes-frappes-israeliennes-sur-gaza-569823935907,push,rocket fire,qwen2.5:7b,0.5,0.5,,,,qwen2.5:72b,,,,,push,rocket fire,url_1,2
20220101,10,PALESTINIAN,,https://www.lematin.ch/story/apres-des-tirs-de-roquettes-frappes-israeliennes-sur-gaza-569823935907,push,israeli-strikes-on-gaza,qwen2.5:7b,0.5,0.5,,,,qwen2.5:72b,,,,,push,frappes-israeliennes-sur-gaza,url_1,2
20220101,61,PALESTINIAN,,https://www.alquds.co.uk/%D8%A7%D9%84%D8%AC%D9%8A%D8%B4-%D8%A7%D9%84%D8%A5%D8%B3%D8%B1%D8%A7%D8%A6%D9%8A%D9%84%D9%8A-%D9%8A%D9%82%D8%B5%D9%81-%D8%A3%D9%87%D8%AF%D8%A7%D9%81%D8%A7-%D9%81%D9%8A-%D9%82%D8%B7%D8%A7%D8%B9-%D8%BA/,push,The Israeli army bombs targets in the GAZA sector,qwen2.5:7b,0.5,0.5,,,,qwen2.5:72b,,,,,push,The Israeli army bombs targets in the GAZA sector,url_1,2
20220101,10,PALESTINIAN,ISRAEL,https://www.lematin.ch/story/apres-des-tirs-de-roquettes-frappes-israeliennes-sur-gaza-569823935907,push,israeli-strikes-on-gaza,qwen2.5:7b,0.5,0.5,,,,qwen2.5:72b,,,,,push,israeli-strikes-on-gaza,url_1,2
20220101,10,PALESTINIAN,ISRAEL,https://www.lematin.ch/story/apres-des-tirs-de-roquettes-frappes-israeliennes-sur-gaza-569823935907,push,israeli-strikes-on-gaza,qwen2.5:7b,0.5,0.5,,,,qwen2.5:72b,,,,,push,israeli-strikes-on-gaza,url_1,2
20220101,61,PALESTINIAN,ISRAEL,https://www.alquds.co.uk/%D8%A7%D9%84%D8%AC%D9%8A%D8%B4-%D8%A7%D9%84%D8%A5%D8%B3%D8%B1%D8%A7%D8%A6%D9%8A%D9%84%D9%8A-%D9%8A%D9%82%D8%B5%D9%81-%D8%A3%D9%87%D8%AF%D8%A7%D9%81%D8%A7-%D9%81%D9%8A-%D9%82%D8%B7%D8%A7%D8%B9-%D8%BA/,push,The Israeli army bombs targets in the GAZA sector,qwen2.5:7b,0.5,0.5,,,,qwen2.5:72b,,,,,push,The Israeli army bombs targets in the GAZA sector,url_1,2
20220101,195,HAMAS,,https://alquds.com/2022/01/02/%D8%A7%D9%84%D8%A7%D8%AD%D8%AA%D9%84%D8%A7%D9%84-%D9%8A%D9%82%D8%B5%D9%81-%D9%85%D9%88%D9%82%D8%B9%D9%8B%D8%A7-%D9%84%D9%84%D9%85%D9%82%D8%A7%D9%88%D9%85%D8%A9-%D8%A8%D8%BA%D8%B2%D8%A9/,neutral,Occupation,qwen2.5:7b,0.5,0.5,,pull,Location (residency) for resistance (population) in Gaza (Gaza),qwen2.5:72b,,,,,pull,Location (residency) for resistance (population) in Gaza (Gaza),url_2,2
20220101,195,HAMAS,,https://alquds.com/2022/01/02/%D8%A7%D9%84%D8%A7%D8%AD%D8%AA%D9%84%D8%A7%D9%84-%D9%8A%D9%82%D8%B5%D9%81-%D9%85%D9%88%D9%82%D8%B9%D9%8B%D8%A7-%D9%84%D9%84%D9%85%D9%82%D8%A7%D9%88%D9%85%D8%A9-%D8%A8%D8%BA%D8%B2%D8%A9/,neutral,Occupation,qwen2.5:7b,0.5,0.5,,pull,Location (residency) for resistance (population) in Gaza (Gaza),qwen2.5:72b,,,,,pull,Location (residency) for resistance (population) in Gaza (Gaza),url_2,2
20220101,1712,POLITICIAN,,https://www.analisidifesa.it/2022/01/il-2021-ha-rilanciato-limmigrazione-illegale-su-vasta-scala-in-italia/,pull,illegal-immigration-on-a-large-scale-in-italy,qwen2.5:7b,0.5,0.5,,,,qwen2.5:72b,,,,,pull,illegal-immigration-on-a-large-scale-in-italy,url_1,2
20220101,833,ARCHBISHOP,,https://noticias.uol.com.br/ultimas-noticias/efe/2022/01/01/sul-africanos-se-despedem-de-desmond-tutu.htm,push,south-africans-say-goodbye,qwen2.5:7b,0.5,0.5,,,,qwen2.5:72b,,,,,push,south-africans-say-goodbye,url_1,2
20220101,84,ROMANIA,,https://evz.ro/catalin-harnagea-fostul-sef-al-serviciului-extern-de-informatii-incepe-sa-scrie-in-evenimentul-zilei.html,neutral,catalin-harnagea-the-former-head-of-the-external-information-service-starts-writing-in-the-event-of-the-day,qwen2.5:7b,0.5,0.5,,neutral,No clear migration-related tokens,qwen2.5:72b,,,,,unclear,catalin-harnagea-the-former-head-of-the-external-information-service-starts-writing-in-the-event-of-the-day,unresolved,2
20220101,10,RUSSIA,,https://www.volynnews.com/news/all/5-naykrutishykh-skarbiv-volynskoho-krayeznavchoho-muzeiu-foto/,neutral,no migration-related tokens,qwen2.5:7b,0.5,0.5,,neutral,No clear migration-related tokens,qwen2.5:72b,,,,,unclear,no migration-related tokens,unresolved,2
20220101,10,RUSSIA,,https://kino.24tv.ua/ru/novogodnie-multfilmy-dlja-vsej-semi-dushevnaja-podborka-dlja_n1831930,neutral,no migration-related tokens,qwen2.5:7b,0.5,0.5,,neutral,No clear migration-related tokens,qwen2.5:72b,,,,,unclear,no migration-related tokens,unresolved,2
20220101,111,RUSSIAN,,https://www.teleport2001.ru/news/2022-01-02/140398-zasukha-grozit-lyudyam-i-zhivotnym-iz-za-stroitelstva-plotiny-na-dalnem-vostoke.html,push,drought (druzhnt) threatens people (threatens people),qwen2.5:7b,0.5,0.5,,,,qwen2.5:72b,,,,,push,drought (druzhnt) threatens people (threatens people),url_1,2
20220101,110,RUSSIAN,FRENCH,http://malijet.com/actualite-politique-au-mali/editorial-journaux-mali/265485-edito-le-pragmatisme-russe-aux-antipodes-des-th%C3%A9ories-fran%C3%A7aises.html,neutral,no migration-related tokens,qwen2.5:7b,0.5,0.5,,neutral,No clear migration-related tokens,qwen2.5:72b,,,,,unclear,no migration-related tokens,unresolved,2
20220101,182,JEDDAH,FRANCE,https://www.la-croix.com/Dakar-2022-Al-Attiyah-auto-Sanders-moto-remportent-prologue-concurrent-blesse-explosion-2022-01-01-1301192706,neutral,no migration-related tokens,qwen2.5:7b,0.5,0.5,,neutral,No clear migration-related tokens,qwen2.5:72b,,,,,unclear,no migration-related tokens,unresolved,2
20220101,182,JEDDAH,FRANCE,https://www.la-croix.com/Dakar-2022-Al-Attiyah-auto-Sanders-moto-remportent-prologue-concurrent-blesse-explosion-2022-01-01-1301192706,neutral,no migration-related tokens,qwen2.5:7b,0.5,0.5,,unclear,"URL tokens are event-specific, no migration indicators",qwen2.5:72b,,,,,unclear,no migration-related tokens,unresolved,2
20220101,182,JEDDAH,FRENCH,https://www.la-croix.com/Dakar-2022-Al-Attiyah-auto-Sanders-moto-remportent-prologue-concurrent-blesse-explosion-2022-01-01-1301192706,neutral,no migration-related tokens,qwen2.5:7b,0.5,0.5,,unclear,"URL tokens are event-specific, no migration indicators",qwen2.5:72b,,,,,unclear,no migration-related tokens,unresolved,2
20220101,182,JEDDAH,FRANCE,https://www.la-croix.com/Dakar-2022-Al-Attiyah-auto-Sanders-moto-remportent-prologue-concurrent-blesse-explosion-2022-01-01-1301192706,neutral,no migration-related tokens,qwen2.5:7b,0.5,0.5,,unclear,"URL tokens are event-specific, no migration indicators",qwen2.5:72b,,,,,unclear,no migration-related tokens,unresolved,2
20220101,120,SAUDI,SAUDI ARABIA,https://www.la-croix.com/Dakar-2022-Al-Attiyah-auto-Sanders-moto-remportent-prologue-concurrent-blesse-explosion-2022-01-01-1301192706,neutral,no migration-related tokens,qwen2.5:7b,0.5,0.5,,unclear,"URL tokens are event-specific, no migration indicators",qwen2.5:72b,,,,,unclear,no migration-related tokens,unresolved,2
20220101,60,SENEGAL,,https://www.la-croix.com/Dakar-2022-Al-Attiyah-auto-Sanders-moto-remportent-prologue-concurrent-blesse-explosion-2022-01-01-1301192706,neutral,no migration-related tokens,qwen2.5:7b,0.5,0.5,,unclear,"URL tokens are event-specific, no migration indicators",qwen2.5:72b,,,,,unclear,no migration-related tokens,unresolved,2
20220101,60,DAKAR,,https://www.la-croix.com/Dakar-2022-Al-Attiyah-auto-Sanders-moto-remportent-prologue-concurrent-blesse-explosion-2022-01-01-1301192706,neutral,No clear migration-related tokens,qwen2.5:7b,0.5,0.5,,neutral,No migration-related tokens found,qwen2.5:72b,,,,,unclear,No clear migration-related tokens,unresolved,2
20220101,180,SETTLER,ISRAEL,https://www.alarab.com/Article/1018146,neutral,No clear migration-related tokens,qwen2.5:7b,0.5,0.5,,unclear,URL too short or ambiguous,qwen2.5:72b,,,,,unclear,No clear migration-related tokens,unresolved,2
20220101,180,SETTLER,PALESTINIAN,https://www.alarab.com/Article/1018146,neutral,No clear migration-related tokens,qwen2.5:7b,0.5,0.5,,unclear,URL too short or ambiguous,qwen2.5:72b,,,,,unclear,No clear migration-related tokens,unresolved,2
20220101,193,SETTLER,GUNMEN,https://alquds.com/2022/01/02/%D8%A7%D9%84%D9%85%D9%82%D8%A7%D9%88%D9%85%D8%A9-%D8%A7%D9%84%D8%B4%D8%B9%D8%A8%D9%8A%D8%A9-%D8%AA%D8%B3%D8%AA%D8%B9%D8%B1-%D9%81%D9%8A-%D8%B4%D9%85%D8%A7%D9%84-%D8%A7%D9%84%D8%B6%D9%81%D8%A9/,neutral,No clear migration-related tokens,qwen2.5:7b,0.5,0.5,,push,The popular resistance continues in the north of the West Bank.,qwen2.5:72b,,,,,push,The popular resistance continues in the north of the West Bank.,url_2,2
20220101,36,SYRIAN,SYRIAN,https://www.alarab.com/Article/1018149,neutral,No clear migration-related tokens,qwen2.5:7b,0.5,0.5,,unclear,URL too short or ambiguous,qwen2.5:72b,,,,,unclear,No clear migration-related tokens,unresolved,2
20220101,36,SYRIAN,SYRIAN,https://www.alarab.com/Article/1018149,neutral,No clear migration-related tokens,qwen2.5:7b,0.5,0.5,,unclear,URL too short; no clear migration-related tokens,qwen2.5:72b,,,,,unclear,No clear migration-related tokens,unresolved,2
20220101,36,SYRIAN,SYRIAN,https://www.alarab.com/Article/1018149,neutral,No clear migration-related tokens,qwen2.5:7b,0.5,0.5,,unclear,URL too short; no clear migration-related tokens,qwen2.5:72b,,,,,unclear,No clear migration-related tokens,unresolved,2
20220101,36,SYRIAN,SYRIAN,https://www.alarab.com/Article/1018149,neutral,No clear migration-related tokens,qwen2.5:7b,0.5,0.5,,unclear,URL too short; no clear migration-related tokens,qwen2.5:72b,,,,,unclear,No clear migration-related tokens,unresolved,2
20220101,23,UKRAINIAN,,https://kino.24tv.ua/ru/novogodnie-multfilmy-dlja-vsej-semi-dushevnaja-podborka-dlja_n1831930,neutral,No clear migration-related tokens,qwen2.5:7b,0.5,0.5,,neutral,No clear migration-related tokens in URL,qwen2.5:72b,,,,,unclear,No clear migration-related tokens,unresolved,2
20220101,90,WYOMING,,https://g1.globo.com/mundo/noticia/2022/01/01/a-epidemia-de-desaparecimentos-de-indigenas-que-intriga-os-eua.ghtml,pull,epidemia-de-desaparecimentos (safety) indicates potential pull factor for indigenous people seeking safety in other countries,qwen2.5:7b,0.5,0.5,,,,qwen2.5:72b,,,,,pull,epidemia-de-desaparecimentos (safety) indicates potential pull factor for indigenous people seeking safety in other countries,url_1,2
20220101,42,FLORIDA,JAKARTA,https://www.republika.co.id/berita/r520u2384/ini-ketentuan-tes-antigen-di-stasiun,neutral,tes antigen,qwen2.5:7b,0.5,0.5,,neutral,No clear migration-related tokens in URL,qwen2.5:72b,,,,,unclear,tes antigen,unresolved,2
20220101,190,YEMENI,LILLE,https://www.okaz.com.sa/news/na/2092790,neutral,antigen test provisions,qwen2.5:7b,0.5,0.5,,unclear,URL too short; no clear migration-related tokens,qwen2.5:72b,,,,,unclear,antigen test provisions,unresolved,2
20220101,10,YEMENI,PERSIAN,https://www.okaz.com.sa/news/na/2092790,neutral,antigen test provisions,qwen2.5:7b,0.5,0.5,,unclear,URL too short; no clear migration-related tokens,qwen2.5:72b,,,,,unclear,antigen test provisions,unresolved,2
20220101,50,CATALAN,,https://sport1.oslobodjenje.ba/s1/fudbal/ino-fudbal/primera/postigao-dogovor-sa-kataloncima-barcelona-sljedeceg-ljeta-dobija-veliko-pojacanje-721568,neutral,agreement with the Catalans,qwen2.5:7b,0.5,0.5,,neutral,No clear migration-related tokens,qwen2.5:72b,,,,,unclear,agreement with the Catalans,unresolved,2
20220101,141,SLAVIC,TARA,https://www.kramatorsk.info/view/272909,push,kramatorsk info view,qwen2.5:7b,0.5,0.5,,,,qwen2.5:72b,,,,,push,kramatorsk info view,url_1,2
20220101,141,SLAVIC,UKRAINE,https://www.kramatorsk.info/view/272909,push,kramatorsk info view,qwen2.5:7b,0.5,0.5,,,,qwen2.5:72b,,,,,push,kramatorsk info view,url_1,2
20210102,51,POLAND,,https://logistyka.rp.pl/drogowy/art19249821-na-ten-rok-w-planach-oddanie-do-uzytku-345-km-drog-krajowych,neutral,planned commissioning of roads,qwen2.5:7b,0.5,0.5,,pull,"jobs, growth (implied by 'drog-krajowych' - national roads development)",qwen2.5:72b,,,,,pull,"jobs, growth (implied by 'drog-krajowych' - national roads development)",url_2,2
20210102,51,POLISH,,https://logistyka.rp.pl/drogowy/art19249821-na-ten-rok-w-planach-oddanie-do-uzytku-345-km-drog-krajowych,neutral,planned commissioning of roads,qwen2.5:7b,0.5,0.5,,pull,"jobs, growth (implied by 'drog-krajowych' - national roads development)",qwen2.5:72b,,,,,pull,"jobs, growth (implied by 'drog-krajowych' - national roads development)",url_2,2
20210102,51,POLISH,,https://logistyka.rp.pl/drogowy/art19249821-na-ten-rok-w-planach-oddanie-do-uzytku-345-km-drog-krajowych,neutral,planned commissioning of roads,qwen2.5:7b,0.5,0.5,,neutral,No clear migration-related tokens,qwen2.5:72b,,,,,unclear,planned commissioning of roads,unresolved,2
20220102,36,,BUENOS AIRES,https://urgente24.com/actualidad/tragedia-palermo-asesino-al-volante-alcohol-y-muerte-n531977,neutral,Palermo tragedy,qwen2.5:7b,0.5,0.5,,neutral,No clear migration-related tokens,qwen2.5:72b,,,,,unclear,Palermo tragedy,unresolved,2
20220102,100,,BUSINESS,https://www.eluniversal.com.mx/cartera/concanaco-pide-comercios-mantener-medidas-sanitarias-y-evitar-cierres-por-ola-de-covid,neutral,no migration-related tokens,qwen2.5:7b,0.5,0.5,,push,"cierres, ola de covid (closure, wave of covid)",qwen2.5:72b,,,,,push,"cierres, ola de covid (closure, wave of covid)",url_2,2
20220102,190,,TYCOON,https://revistamonet.globo.com/Celebridades/noticia/2022/01/look-de-jeff-bezos-um-dos-homens-mais-ricos-do-mundo-no-reveillon-rende-piadas-nas-redes-meio-vin-diesel-meio-agostinho-carrara.html,neutral,no migration-related tokens,qwen2.5:7b,0.5,0.5,,neutral,No clear migration-related tokens,qwen2.5:72b,,,,,unclear,no migration-related tokens,unresolved,2
20220102,112,,CALGARY,https://www.journaldemontreal.com/2022/01/02/manifestations-anti-covid-un-pasteur-et-son-frere-arretes-par-calgary,neutral,no migration-related tokens,qwen2.5:7b,0.5,0.5,,neutral,No clear migration-related tokens,qwen2.5:72b,,,,,unclear,no migration-related tokens,unresolved,2
20220102,841,,POLICE,https://www.hoydiariodelmagdalena.com.co/archivos/613756,neutral,no migration-related tokens,qwen2.5:7b,0.5,0.5,,unclear,"URL too short, generic",qwen2.5:72b,,,,,unclear,no migration-related tokens,unresolved,2
20220102,36,,SCHOOL,https://olhardireto.com.br/noticias/exibir.asp?id=496488&noticia=porto-relembra-dificuldades-com-45-dos-estudantes-sem-internet-e-projeta-2022-como-melhor-ano-letivo-da-historia,push,difficulties (difficulties),qwen2.5:7b,0.5,0.5,,,,qwen2.5:72b,,,,,push,difficulties (difficulties),url_1,2
20220102,42,,SCHOOL,https://olhardireto.com.br/noticias/exibir.asp?id=496488&noticia=porto-relembra-dificuldades-com-45-dos-estudantes-sem-internet-e-projeta-2022-como-melhor-ano-letivo-da-historia,push,difficulties (difficulties),qwen2.5:7b,0.5,0.5,,,,qwen2.5:72b,,,,,push,difficulties (difficulties),url_1,2
20220102,42,,FRANCE,https://www.mdzol.com/deportes/2022/1/2/cuando-vuelve-lionel-messi-su-posible-debut-con-el-psg-en-2022-212536.html,neutral,no migration-related tokens,qwen2.5:7b,0.5,0.5,,neutral,No clear migration-related tokens,qwen2.5:72b,,,,,unclear,no migration-related tokens,unresolved,2
20220102,42,,FRANCE,https://www.mdzol.com/deportes/2022/1/2/cuando-vuelve-lionel-messi-su-posible-debut-con-el-psg-en-2022-212536.html,neutral,no migration-related tokens,qwen2.5:7b,0.5,0.5,,neutral,No clear migration-related tokens,qwen2.5:72b,,,,,unclear,no migration-related tokens,unresolved,2
20220102,141,,THE UK,https://www.clarin.com/opinion/malvinas-pasado-presente-conflicto_0_4JQu1pJwH.html,neutral,no migration-related tokens,qwen2.5:7b,0.5,0.5,,push,conflicto (conflict) implies push factors,qwen2.5:72b,,,,,push,conflicto (conflict) implies push factors,url_2,2
20220102,42,,UNITED KINGDOM,https://www.elbotola.com/article/2022-01-02-22-03-111.html,neutral,no migration-related tokens,qwen2.5:7b,0.5,0.5,,unclear,"URL too short, generic",qwen2.5:72b,,,,,unclear,no migration-related tokens,unresolved,2
20220102,42,,UNITED KINGDOM,https://www.elbotola.com/article/2022-01-02-22-03-111.html,unclear,https://www.elbotola.com/article/2022-01-02-22-03-111.html,qwen2.5:7b,0.5,0.5,,neutral,URL contains no clear migration-related tokens,qwen2.5:72b,,,,,unclear,https://www.elbotola.com/article/2022-01-02-22-03-111.html,unresolved,2
20220102,40,,KINGDOM,https://alghad.com/%D9%88%D8%B2%D9%8A%D8%B1-%D8%A7%D9%84%D8%AE%D8%A7%D8%B1%D8%AC%D9%8A%D8%A9-%D8%A7%D9%84%D8%B3%D8%B9%D9%88%D8%AF%D9%8A-%D9%81%D9%8A-%D8%B9%D9%85%D8%A7%D9%86/,push,Yarjiya-Saudi,qwen2.5:7b,0.5,0.5,,,,qwen2.5:72b,,,,,push,Yarjiya-Saudi,url_1,2
20220102,46,,MINIST,https://alghad.com/%D9%88%D8%B2%D9%8A%D8%B1-%D8%A7%D9%84%D8%AE%D8%A7%D8%B1%D8%AC%D9%8A%D8%A9-%D8%A7%D9%84%D8%B3%D8%B9%D9%88%D8%AF%D9%8A-%D9%81%D9%8A-%D8%B9%D9%85%D8%A7%D9%86/,push,Yarjiya-Saudi,qwen2.5:7b,0.5,0.5,,,,qwen2.5:72b,,,,,push,Yarjiya-Saudi,url_1,2
20220102,46,,KINGDOM,https://alghad.com/%D9%88%D8%B2%D9%8A%D8%B1-%D8%A7%D9%84%D8%AE%D8%A7%D8%B1%D8%AC%D9%8A%D8%A9-%D8%A7%D9%84%D8%B3%D8%B9%D9%88%D8%AF%D9%8A-%D9%81%D9%8A-%D8%B9%D9%85%D8%A7%D9%86/,push,Yarjiya-Saudi,qwen2.5:7b,0.5,0.5,,,,qwen2.5:72b,,,,,push,Yarjiya-Saudi,url_1,2
20220102,57,,GOVERNMENT,https://www.cas.sk/clanok/2626553/predseda-civilnej-vlady-v-sudane-oznamil-svoju-rezignaciu-snazil-som-sa-zo-vsetkych-sil/,neutral,Bsdaa-amsaki,qwen2.5:7b,0.5,0.5,,push,rezignaciu (resignation) implies political instability,qwen2.5:72b,,,,,push,rezignaciu (resignation) implies political instability,url_2,2
20220102,84,,PRESIDENT,https://www.lematin.ch/story/lhomme-fort-du-parti-ennahdha-hospitalise-dans-un-etat-critique-474086927675,neutral,Mahal-d-altsia-aj,qwen2.5:7b,0.5,0.5,,neutral,URL contains no clear migration-related tokens,qwen2.5:72b,,,,,unclear,Mahal-d-altsia-aj,unresolved,2
20220102,141,,AUTHORITIES,http://lratvakan.com/news/76958.html,unclear,http://lratvakan.com/news/76958.html,qwen2.5:7b,0.5,0.5,,neutral,URL contains no clear migration-related tokens,qwen2.5:72b,,,,,unclear,http://lratvakan.com/news/76958.html,unresolved,2
20220102,141,,AUTHORITIES,https://lugradar.net/2022/01/337334,unclear,https://lugradar.net/2022/01/337334,qwen2.5:7b,0.5,0.5,,neutral,URL contains no clear migration-related tokens,qwen2.5:72b,,,,,unclear,https://lugradar.net/2022/01/337334,unresolved,2
20220102,42,,UNITED NATIONS,http://www.hispantv.com/noticias/palestina/535010/preso-israel-huelga-hambre,push,Miss-the-trick-and-the-trick,qwen2.5:7b,0.5,0.5,,,,qwen2.5:72b,,,,,push,Miss-the-trick-and-the-trick,url_1,2
20220102,14,,ISRAELI,https://itongadol.com/coronavirus/coronavirus-en-israel-se-espera-que-tres-millones-de-israelies-se-infecten-con-el-virus,neutral,Molek-Qarmion,qwen2.5:7b,0.5,0.5,,neutral,No clear migration-related tokens,qwen2.5:72b,,,,,unclear,Molek-Qarmion,unresolved,2
20220102,51,,ISRAEL,http://www.hispantv.com/noticias/palestina/535010/preso-israel-huelga-hambre,neutral,no clear migration-related tokens,qwen2.5:7b,0.5,0.5,,neutral,No clear migration-related tokens,qwen2.5:72b,,,,,unclear,no clear migration-related tokens,unresolved,2
20220102,53,,ISRAEL,http://www.hispantv.com/noticias/palestina/535010/preso-israel-huelga-hambre,neutral,no clear migration-related tokens,qwen2.5:7b,0.5,0.5,,neutral,No clear migration-related tokens,qwen2.5:72b,,,,,unclear,no clear migration-related tokens,unresolved,2
20220102,43,,JORDAN,https://alghad.com/%D9%85%D8%B9%D8%B1%D8%B6-%D8%A3%D8%B1%D8%AF%D9%86%D9%8A-%D9%84%D9%84%D8%AA%D8%AC%D8%A7%D8%B1%D8%A9-%D9%88%D8%A7%D9%84%D8%AE%D8%AF%D9%85%D8%A7%D8%AA-%D9%8A%D9%86%D8%B7%D9%84%D9%82-%D9%81%D9%8A-%D8%B3/,push,prison hunger strike,qwen2.5:7b,0.5,0.5,,,,qwen2.5:72b,,,,,push,prison hunger strike,url_1,2
20220102,130,,LAWYER,https://www.vesti-online.com/stopiran-otkaz-za-nevakcinisanog-cuvara-reda/,neutral,no clear migration-related tokens,qwen2.5:7b,0.5,0.5,,neutral,No clear migration-related tokens,qwen2.5:72b,,,,,unclear,no clear migration-related tokens,unresolved,2
20220102,42,,ANTANANARIVO,http://www.taringa.net/+salud_bienestar/la-proxima-gran-pandemia-la-resistencia-a-antibioticos-ya-esta-aqui_4zonot/,neutral,no clear migration-related tokens,qwen2.5:7b,0.5,0.5,,neutral,No clear migration-related tokens,qwen2.5:72b,,,,,unclear,no clear migration-related tokens,unresolved,2
20220102,71,,OAXACA,https://oaxaca.eluniversal.com.mx/estatal/aumenta-congreso-de-oaxaca-presupuesto-de-comision-forestal-en-14-mdp,neutral,no clear migration-related tokens,qwen2.5:7b,0.5,0.5,,neutral,No clear migration-related tokens,qwen2.5:72b,,,,,unclear,no clear migration-related tokens,unresolved,2
20220102,43,,MACHU PICCHU,https://www.segnidalcielo.it/peru-un-turista-fotografa-un-ufo-sullantica-citta-di-machu-picchu/,neutral,no clear migration-related tokens,qwen2.5:7b,0.5,0.5,,neutral,No clear migration-related tokens,qwen2.5:72b,,,,,unclear,no clear migration-related tokens,unresolved,2
20220102,53,,PALESTINE,http://www.hispantv.com/noticias/palestina/535010/preso-israel-huelga-hambre,neutral,no clear migration-related tokens,qwen2.5:7b,0.5,0.5,,push,prisoner hunger strike (prison hunger strike implies poor conditions),qwen2.5:72b,,,,,push,prisoner hunger strike (prison hunger strike implies poor conditions),url_2,2
20220102,51,,PALESTINE,http://www.hispantv.com/noticias/palestina/535010/preso-israel-huelga-hambre,neutral,no clear migration-related tokens,qwen2.5:7b,0.5,0.5,,push,prisoner hunger strike (prison hunger strike implies poor conditions),qwen2.5:72b,,,,,push,prisoner hunger strike (prison hunger strike implies poor conditions),url_2,2
20220102,53,,PALESTINE,http://www.hispantv.com/noticias/palestina/535010/preso-israel-huelga-hambre,neutral,no clear migration-related tokens,qwen2.5:7b,0.5,0.5,,push,prisoner hunger strike (prison hunger strike implies poor conditions),qwen2.5:72b,,,,,push,prisoner hunger strike (prison hunger strike implies poor conditions),url_2,2
20220102,43,,SAINT,https://g1.globo.com/sp/santos-regiao/porto-mar/noticia/2022/01/02/anvisa-reforca-urgencia-em-acabar-com-temporada-de-cruzeiros-e-fala-em-risco-a-saude-publica.ghtml,neutral,no migration-related tokens,qwen2.5:7b,0.5,0.5,,neutral,No migration-related tokens found,qwen2.5:72b,,,,,unclear,no migration-related tokens,unresolved,2
20220102,51,,SETTLER,https://www.eluniversal.com.mx/ciencia-y-salud/tras-aparente-extincion-el-pez-picote-tequila-fue-reintegrado-su-habitat,neutral,no migration-related tokens,qwen2.5:7b,0.5,0.5,,neutral,No migration-related tokens found,qwen2.5:72b,,,,,unclear,no migration-related tokens,unresolved,2
20220102,20,,TURKEY,https://eleftherostypos.gr/ellinotourkika/880814-empristikos-o-akar-ebale-xio-samo-kai-oinousses-sto-stoma-tis-tourkias/,neutral,no migration-related tokens,qwen2.5:7b,0.5,0.5,,push,xio (displacement) in context of conflict with Turkey,qwen2.5:72b,,,,,push,xio (displacement) in context of conflict with Turkey,url_2,2
20220102,36,,THE WHITE HOUSE,https://pronedra.ru/v21-pervye-pervye-simptomy-pnevmonii-pomogut-svoevremenno-nachat-lechenie-i-soxranit-zhizn-439639.html,neutral,no migration-related tokens,qwen2.5:7b,0.5,0.5,,neutral,No migration-related tokens found,qwen2.5:72b,,,,,unclear,no migration-related tokens,unresolved,2
20220102,41,,THE WHITE HOUSE,https://pronedra.ru/v21-pervye-pervye-simptomy-pnevmonii-pomogut-svoevremenno-nachat-lechenie-i-soxranit-zhizn-439639.html,neutral,no migration-related tokens,qwen2.5:7b,0.5,0.5,,neutral,No migration-related tokens found,qwen2.5:72b,,,,,unclear,no migration-related tokens,unresolved,2
20220102,112,FARMER,MINIST OF ENVIRONMENT,https://www.diariolibre.com/actualidad/sucesos/2022/01/02/acusan-ganaderos-de-provocar-incendios-en-sierra-de-bahoruco/1563459,neutral,no migration-related tokens,qwen2.5:7b,0.5,0.5,,neutral,No migration-related tokens found,qwen2.5:72b,,,,,unclear,no migration-related tokens,unresolved,2
20220102,356,ARGENTINIAN,,https://www.clarin.com/opinion/malvinas-primeros-200-anos-_0_7SMJC2Ult.html,neutral,no migration-related tokens,qwen2.5:7b,0.5,0.5,,neutral,No migration-related tokens found,qwen2.5:72b,,,,,unclear,no migration-related tokens,unresolved,2
20220102,36,BUENOS AIRES,,https://urgente24.com/actualidad/tragedia-palermo-asesino-al-volante-alcohol-y-muerte-n531977,neutral,no migration-related tokens,qwen2.5:7b,0.5,0.5,,neutral,No migration-related tokens found,qwen2.5:72b,,,,,unclear,no migration-related tokens,unresolved,2
20220102,80,ARGENTINA,,https://www.clarin.com/opinion/malvinas-pasado-presente-conflicto_0_4JQu1pJwH.html,neutral,no migration-related tokens,qwen2.5:7b,0.5,0.5,,neutral,No migration-related tokens found,qwen2.5:72b,,,,,unclear,no migration-related tokens,unresolved,2
20220102,160,ARGENTINA,FALKLANDS,https://www.clarin.com/opinion/malvinas-pasado-presente-conflicto_0_4JQu1pJwH.html,neutral,no migration-related tokens,qwen2.5:7b,0.5,0.5,,neutral,No migration-related tokens found,qwen2.5:72b,,,,,unclear,no migration-related tokens,unresolved,2
20220102,190,BELGIAN,BELGIUM,https://geeko.lesoir.be/2022/01/02/une-entreprise-belge-lutte-contre-contre-le-gaspillage-pharmaceutique/,neutral,no migration-related tokens,qwen2.5:7b,0.5,0.5,,neutral,No migration-related tokens found,qwen2.5:72b,,,,,unclear,no migration-related tokens,unresolved,2
20220102,190,BELGIAN,,https://geeko.lesoir.be/2022/01/02/une-entreprise-belge-lutte-contre-contre-le-gaspillage-pharmaceutique/,neutral,no migration-related tokens,qwen2.5:7b,0.5,0.5,,neutral,No migration-related tokens found,qwen2.5:72b,,,,,unclear,no migration-related tokens,unresolved,2
20220102,112,BELARUSIAN,BELARUS,http://www.kvir.ru/author/andre-galinin/,neutral,no migration-related tokens,qwen2.5:7b,0.5,0.5,,unclear,"URL too short, generic, ID-like, or ambiguous",qwen2.5:72b,,,,,unclear,no migration-related tokens,unresolved,2
20220102,190,BELARUSIAN,BELARUS,http://www.kvir.ru/author/andre-galinin/,neutral,no migration-related tokens,qwen2.5:7b,0.5,0.5,,unclear,"URL too short, generic, ID-like, or ambiguous",qwen2.5:72b,,,,,unclear,no migration-related tokens,unresolved,2
20220102,51,BRAZIL,ARGENTINE,https://www.clarin.com/opinion/malvinas-pasado-presente-conflicto_0_4JQu1pJwH.html,neutral,no migration-related tokens,qwen2.5:7b,0.5,0.5,,push,conflict (war/conflict),qwen2.5:72b,,,,,push,conflict (war/conflict),url_2,2
20220102,10,BRAZIL,BRAZIL,https://www.clarin.com/opinion/malvinas-pasado-presente-conflicto_0_4JQu1pJwH.html,neutral,no migration-related tokens,qwen2.5:7b,0.5,0.5,,neutral,URL tokens do not indicate migration pressure,qwen2.5:72b,,,,,unclear,no migration-related tokens,unresolved,2
20220102,10,BRAZIL,BRAZIL,https://www.clarin.com/opinion/malvinas-pasado-presente-conflicto_0_4JQu1pJwH.html,neutral,no migration-related tokens,qwen2.5:7b,0.5,0.5,,neutral,URL tokens do not indicate migration pressure,qwen2.5:72b,,,,,unclear,no migration-related tokens,unresolved,2
20220102,12,TYCOON,,https://revistamonet.globo.com/Celebridades/noticia/2022/01/look-de-jeff-bezos-um-dos-homens-mais-ricos-do-mundo-no-reveillon-rende-piadas-nas-redes-meio-vin-diesel-meio-agostinho-carrara.html,neutral,no migration-related tokens,qwen2.5:7b,0.5,0.5,,neutral,URL tokens do not indicate migration pressure,qwen2.5:72b,,,,,unclear,no migration-related tokens,unresolved,2
20220102,90,COMPANY,,https://e24.no/ledige-stillinger/s/Kzeo24/har-du-inkasso-erfaring-men-kan-tenke-deg-strre-ansvar,neutral,no migration-related tokens,qwen2.5:7b,0.5,0.5,,pull,"jobs, hiring (position, responsibility)",qwen2.5:72b,,,,,pull,"jobs, hiring (position, responsibility)",url_2,2
20220102,145,BUSINESS,,https://www.limburger.nl/cnt/dmf20220102_97854382,neutral,no migration-related tokens,qwen2.5:7b,0.5,0.5,,unclear,"URL too short, generic",qwen2.5:72b,,,,,unclear,no migration-related tokens,unresolved,2
20220102,160,AIRLINE,,https://es.investing.com/news/stock-market-news/disrupciones-relacionadas-con-omicron-provocan-mas-de-4000-cancelaciones-de-vuelos-en-inicio-de-2022-2199117,neutral,no clear migration-related tokens,qwen2.5:7b,0.5,0.5,,neutral,No clear migration-related tokens,qwen2.5:72b,,,,,unclear,no clear migration-related tokens,unresolved,2
20220102,190,TYCOON,,https://revistamonet.globo.com/Celebridades/noticia/2022/01/look-de-jeff-bezos-um-dos-homens-mais-ricos-do-mundo-no-reveillon-rende-piadas-nas-redes-meio-vin-diesel-meio-agostinho-carrara.html,neutral,no clear migration-related tokens,qwen2.5:7b,0.5,0.5,,neutral,No clear migration-related tokens,qwen2.5:72b,,,,,unclear,no clear migration-related tokens,unresolved,2
20220102,20,AIRLINE,EMPLOYEE,https://es.investing.com/news/stock-market-news/disrupciones-relacionadas-con-omicron-provocan-mas-de-4000-cancelaciones-de-vuelos-en-inicio-de-2022-2199117,neutral,no clear migration-related tokens,qwen2.5:7b,0.5,0.5,,neutral,No clear migration-related tokens,qwen2.5:72b,,,,,unclear,no clear migration-related tokens,unresolved,2
20220102,30,BUSINESS,,https://www.eluniversal.com.mx/nacion/tras-vacaciones-de-invierno-sep-se-declara-lista-para-retorno-actividades-escolares-presenciales,neutral,no clear migration-related tokens,qwen2.5:7b,0.5,0.5,,pull,return to in-person school activities (return to school activities),qwen2.5:72b,,,,,pull,return to in-person school activities (return to school activities),url_2,2
20220102,173,CALGARY,CALGARY,https://www.journaldemontreal.com/2022/01/02/manifestations-anti-covid-un-pasteur-et-son-frere-arretes-par-calgary,unclear,too short; no clear migration-related tokens,qwen2.5:7b,0.5,0.5,,neutral,No clear migration-related tokens,qwen2.5:72b,,,,,unclear,too short; no clear migration-related tokens,unresolved,2
20220102,175,CALGARY,DEMONSTRATOR,https://www.journaldemontreal.com/2022/01/02/manifestations-anti-covid-un-pasteur-et-son-frere-arretes-par-calgary,unclear,too short; no clear migration-related tokens,qwen2.5:7b,0.5,0.5,,neutral,No clear migration-related tokens,qwen2.5:72b,,,,,unclear,too short; no clear migration-related tokens,unresolved,2
20220102,51,ORTHODOX CHRISTIAN,SAINT,https://www.mngz.ru/russia-world-sensation/2464160-v-vargashinskom-rayone-sotrudniki-policii-proveli-20-profilakticheskih-besed-so-shkolnikami.html,neutral,no clear migration-related tokens,qwen2.5:7b,0.5,0.5,,neutral,No clear migration-related tokens,qwen2.5:72b,,,,,unclear,no clear migration-related tokens,unresolved,2
20220102,51,ORTHODOX CHRISTIAN,SAINT,https://pronedra.ru/pozdravleniya-ko-dnyu-svyatoj-anastasii-4-yanvarya-tradiczii-prazdnika-630226.html,neutral,no clear migration-related tokens,qwen2.5:7b,0.5,0.5,,neutral,No clear migration-related tokens,qwen2.5:72b,,,,,unclear,no clear migration-related tokens,unresolved,2
20220102,90,POLICE,,https://www.noviny.sk/krimi/652963-mrtvy-muz-v-aute-telo-hladaneho-slovenskeho-policajta-nasli-v-polsku,neutral,no clear migration-related tokens,qwen2.5:7b,0.5,0.5,,neutral,No clear migration-related tokens,qwen2.5:72b,,,,,unclear,no clear migration-related tokens,unresolved,2
20220102,192,POLICE OFFICER,,https://www.hoydiariodelmagdalena.com.co/archivos/613776,unclear,too short; no clear migration-related tokens,qwen2.5:7b,0.5,0.5,,unclear,"URL too short, generic, ID-like, or ambiguous",qwen2.5:72b,,,,,unclear,too short; no clear migration-related tokens,unresolved,2
20220102,193,POLICE OFFICER,,https://www.ensonhaber.com/3-sayfa/adanada-silahli-kavgaya-mudahale-eden-polis-vuruldu,push,intervention in armed conflict,qwen2.5:7b,0.5,0.5,,,,qwen2.5:72b,,,,,push,intervention in armed conflict,url_1,2
20220102,190,POLICE,ACTIVIST,http://lratvakan.com/news/76958.html,neutral,,qwen2.5:7b,0.5,0.5,,neutral,No clear migration-related tokens,qwen2.5:72b,,,,,unclear,No clear migration-related tokens,unresolved,2
20220102,10,PERPETRATOR,CREATIVITY,https://www.hespress.com/%D8%AA%D8%AC%D8%A7%D9%88%D8%B2-%D9%88%D8%B1%D8%B7%D8%A9-%D8%B9%D8%B5%D8%B1-%D8%A7%D9%84%D8%B9%D8%AA%D9%85%D8%A9-925188.html,push,Transcendence-dilemma-age-of-darkness,qwen2.5:7b,0.5,0.5,,,,qwen2.5:72b,,,,,push,Transcendence-dilemma-age-of-darkness,url_1,2
20220102,172,VILLAGE,,https://www.volynnews.com/news/all/cherez-novorichni-feyerverky-v-chernivtsiakh-zahynuly-desiatky-ptakhiv/,neutral,,qwen2.5:7b,0.5,0.5,,neutral,No clear migration-related tokens,qwen2.5:72b,,,,,unclear,No clear migration-related tokens,unresolved,2
20220102,10,COMMUNITY,POLICE,https://www.hoydiariodelmagdalena.com.co/archivos/613752,neutral,,qwen2.5:7b,0.5,0.5,,neutral,No clear migration-related tokens,qwen2.5:72b,,,,,unclear,No clear migration-related tokens,unresolved,2
20220102,42,GERMAN,LISBON,https://naslovi.net/2022-01-03/blic/zarobljeni-u-luci-nemacki-kruzer-usidren-do-daljeg-u-lisabonu-zbog-izbijanja-epidemije-korona-virusa/29657724,push,outbreak of the corona virus epidemic,qwen2.5:7b,0.5,0.5,,,,qwen2.5:72b,,,,,push,outbreak of the corona virus epidemic,url_1,2
20220102,42,GERMAN,LISBON,https://naslovi.net/2022-01-03/blic/zarobljeni-u-luci-nemacki-kruzer-usidren-do-daljeg-u-lisabonu-zbog-izbijanja-epidemije-korona-virusa/29657724,push,outbreak of the corona virus epidemic,qwen2.5:7b,0.5,0.5,,,,qwen2.5:72b,,,,,push,outbreak of the corona virus epidemic,url_1,2
20220102,10,UNIVERSITY,,https://www.elmanana.com/cae-ex-rector-de-la-uabjo-por-fraude/5475695,neutral,,qwen2.5:7b,0.5,0.5,,neutral,No clear migration-related tokens,qwen2.5:72b,,,,,unclear,No clear migration-related tokens,unresolved,2
20220102,36,STUDENT,,https://olhardireto.com.br/noticias/exibir.asp?id=496488&noticia=porto-relembra-dificuldades-com-45-dos-estudantes-sem-internet-e-projeta-2022-como-melhor-ano-letivo-da-historia,pull,without internet and projects 2022 as the best school year in history,qwen2.5:7b,0.5,0.5,,,,qwen2.5:72b,,,,,pull,without internet and projects 2022 as the best school year in history,url_1,2
20220102,36,SCHOOL,,https://olhardireto.com.br/noticias/exibir.asp?id=496488&noticia=porto-relembra-dificuldades-com-45-dos-estudantes-sem-internet-e-projeta-2022-como-melhor-ano-letivo-da-historia,pull,without internet and projects 2022 as the best school year in history,qwen2.5:7b,0.5,0.5,,,,qwen2.5:72b,,,,,pull,without internet and projects 2022 as the best school year in history,url_1,2
20220102,43,SCHOOL,,https://olhardireto.com.br/noticias/exibir.asp?id=496488&noticia=porto-relembra-dificuldades-com-45-dos-estudantes-sem-internet-e-projeta-2022-como-melhor-ano-letivo-da-historia,neutral,no clear migration-related tokens,qwen2.5:7b,0.5,0.5,,neutral,No clear migration-related tokens,qwen2.5:72b,,,,,unclear,no clear migration-related tokens,unresolved,2
20220102,1721,SCHOOL,,https://itongadol.com/coronavirus/coronavirus-en-israel-se-espera-que-tres-millones-de-israelies-se-infecten-con-el-virus,neutral,no clear migration-related tokens,qwen2.5:7b,0.5,0.5,,neutral,No clear migration-related tokens,qwen2.5:72b,,,,,unclear,no clear migration-related tokens,unresolved,2
20220102,42,STUDENT,OAXACA,https://oaxaca.eluniversal.com.mx/sociedad/regresan-clases-mas-de-874-mil-estudiantes-de-oaxaca-este-3-de-enero,neutral,no clear migration-related tokens,qwen2.5:7b,0.5,0.5,,neutral,No clear migration-related tokens,qwen2.5:72b,,,,,unclear,no clear migration-related tokens,unresolved,2
20220102,71,ACTOR,,https://bagikanberita.pikiran-rakyat.com/bisnis/pr-683379835/rezeki-senin-ceria-khusus-wanita-berjiwa-entrepreneur-dapat-pinjaman-tanpa-agunan-rp25-juta-di-pnm-mekaar-plus,neutral,no clear migration-related tokens,qwen2.5:7b,0.5,0.5,,pull,pinjaman (loan) indicates financial support for entrepreneurs,qwen2.5:72b,,,,,pull,pinjaman (loan) indicates financial support for entrepreneurs,url_2,2
20220102,1821,ACTOR,BANDUNG,https://www.pikiran-rakyat.com/nasional/pr-013379874/genting-susi-pudjiastuti-desak-ruu-pks-disahkan-perlu-berapa-banyak-lagi-korban,neutral,no clear migration-related tokens,qwen2.5:7b,0.5,0.5,,neutral,No clear migration-related tokens,qwen2.5:72b,,,,,unclear,no clear migration-related tokens,unresolved,2
20220102,10,MADRID,,https://es.euronews.com/2022/01/02/espana-dice-no-a-la-propuesta-de-bruselas-de-incluir-la-energia-nuclear-y-el-gas-en-su-pla,neutral,no clear migration-related tokens,qwen2.5:7b,0.5,0.5,,neutral,No clear migration-related tokens,qwen2.5:72b,,,,,unclear,no clear migration-related tokens,unresolved,2
20220102,111,EUROPEAN,,https://1prime.ru/business/20220103/835674504.html,unclear,URL too short or generic,qwen2.5:7b,0.5,0.5,,neutral,No clear migration-related tokens,qwen2.5:72b,,,,,unclear,URL too short or generic,unresolved,2
20220102,20,FINNISH,RUSSIA,https://www.geopolitica.ru/news/vlasti-finlyandii-zagovorili-o-vstuplenii-v-nato,push,"vlasti-finlyandii-zagovorili-o-vstuplenii-v-nato (refers to Finland considering NATO membership, potentially indicating push factors for emigration from non-NATO countries)",qwen2.5:7b,0.5,0.5,,,,qwen2.5:72b,,,,,push,"vlasti-finlyandii-zagovorili-o-vstuplenii-v-nato (refers to Finland considering NATO membership, potentially indicating push factors for emigration from non-NATO countries)",url_1,2
20220102,42,UNITED KINGDOM,UNITED KINGDOM,https://www.elbotola.com/article/2022-01-02-22-03-111.html,unclear,URL too short or generic,qwen2.5:7b,0.5,0.5,,unclear,"URL too short, generic, ID-like, or ambiguous",qwen2.5:72b,,,,,unclear,URL too short or generic,unresolved,2
20220102,42,UNITED KINGDOM,UNITED KINGDOM,https://www.elbotola.com/article/2022-01-02-22-03-111.html,unclear,,qwen2.5:7b,0.5,0.5,,unclear,"URL too short, generic, ID-like, or ambiguous",qwen2.5:72b,,,,,unclear,"URL too short, generic, ID-like, or ambiguous",unresolved,2
20220102,43,UNITED KINGDOM,,https://www.elbotola.com/article/2022-01-02-22-03-111.html,neutral,URL token does not contain clear push or pull indicators,qwen2.5:7b,0.5,0.5,,unclear,"URL too short, generic, ID-like, or ambiguous",qwen2.5:72b,,,,,unclear,URL token does not contain clear push or pull indicators,unresolved,2
20220102,43,UNITED KINGDOM,,https://www.elbotola.com/article/2022-01-02-22-03-111.html,neutral,URL token does not contain clear push or pull indicators,qwen2.5:7b,0.5,0.5,,unclear,"URL too short, generic, ID-like, or ambiguous",qwen2.5:72b,,,,,unclear,URL token does not contain clear push or pull indicators,unresolved,2
20220102,43,UNITED KINGDOM,UNITED KINGDOM,https://www.elbotola.com/article/2022-01-02-22-03-111.html,neutral,URL token does not contain clear push or pull indicators,qwen2.5:7b,0.5,0.5,,neutral,No clear migration-related tokens,qwen2.5:72b,,,,,unclear,URL token does not contain clear push or pull indicators,unresolved,2
20220102,43,UNITED KINGDOM,UNITED KINGDOM,https://www.elbotola.com/article/2022-01-02-22-03-111.html,neutral,URL token does not contain clear push or pull indicators,qwen2.5:7b,0.5,0.5,,neutral,No clear migration-related tokens,qwen2.5:72b,,,,,unclear,URL token does not contain clear push or pull indicators,unresolved,2
20220102,10,AUTHORITIES,,https://www.telemundo.com/noticias/noticias-telemundo/clima/no-esto-no-es-una-broma-llovieron-peces-en-texas-poco-antes-de-fin-de-rcna10639,neutral,URL token does not contain clear push or pull indicators,qwen2.5:7b,0.5,0.5,,neutral,No clear migration-related tokens,qwen2.5:72b,,,,,unclear,URL token does not contain clear push or pull indicators,unresolved,2
20220102,12,SECRETARIAT,,https://olhardireto.com.br/noticias/exibir.asp?id=496488&noticia=porto-relembra-dificuldades-com-45-dos-estudantes-sem-internet-e-projeta-2022-como-melhor-ano-letivo-da-historia,neutral,URL token does not contain clear push or pull indicators,qwen2.5:7b,0.5,0.5,,push,"difficulties, without internet (implied lack of resources)",qwen2.5:72b,,,,,push,"difficulties, without internet (implied lack of resources)",url_2,2
20220102,14,MINISTRY,,https://tsn.ua/ru/svit/izrail-odobril-chetvertuyu-covid-privivku-dlya-medrabotnikov-i-lyudey-ot-60-let-1945456.html,neutral,URL token does not contain clear push or pull indicators,qwen2.5:7b,0.5,0.5,,pull,"approved, vaccination (implies healthnsare availability)",qwen2.5:72b,,,,,pull,"approved, vaccination (implies healthnsare availability)",url_2,2
20220102,40,KINGDOM,,https://alghad.com/%D9%88%D8%B2%D9%8A%D8%B1-%D8%A7%D9%84%D8%AE%D8%A7%D8%B1%D8%AC%D9%8A%D8%A9-%D8%A7%D9%84%D8%B3%D8%B9%D9%88%D8%AF%D9%8A-%D9%81%D9%8A-%D8%B9%D9%85%D8%A7%D9%86/,push,difficulties-with-students-without-internet,qwen2.5:7b,0.5,0.5,,,,qwen2.5:72b,,,,,push,difficulties-with-students-without-internet,url_1,2
20220102,40,KINGDOM,,https://alghad.com/%D9%88%D8%B2%D9%8A%D8%B1-%D8%A7%D9%84%D8%AE%D8%A7%D8%B1%D8%AC%D9%8A%D8%A9-%D8%A7%D9%84%D8%B3%D8%B9%D9%88%D8%AF%D9%8A-%D9%81%D9%8A-%D8%B9%D9%85%D8%A7%D9%86/,push,difficulties-with-students-without-internet,qwen2.5:7b,0.5,0.5,,,,qwen2.5:72b,,,,,push,difficulties-with-students-without-internet,url_1,2
20220102,46,MINIST,,https://alghad.com/%D9%88%D8%B2%D9%8A%D8%B1-%D8%A7%D9%84%D8%AE%D8%A7%D8%B1%D8%AC%D9%8A%D8%A9-%D8%A7%D9%84%D8%B3%D8%B9%D9%88%D8%AF%D9%8A-%D9%81%D9%8A-%D8%B9%D9%85%D8%A7%D9%86/,push,difficulties-with-students-without-internet,qwen2.5:7b,0.5,0.5,,,,qwen2.5:72b,,,,,push,difficulties-with-students-without-internet,url_1,2
20220102,46,KINGDOM,,https://alghad.com/%D9%88%D8%B2%D9%8A%D8%B1-%D8%A7%D9%84%D8%AE%D8%A7%D8%B1%D8%AC%D9%8A%D8%A9-%D8%A7%D9%84%D8%B3%D8%B9%D9%88%D8%AF%D9%8A-%D9%81%D9%8A-%D8%B9%D9%85%D8%A7%D9%86/,neutral,no clear migration-related tokens,qwen2.5:7b,0.5,0.5,,neutral,No clear migration-related tokens,qwen2.5:72b,,,,,unclear,no clear migration-related tokens,unresolved,2
20220102,57,GOVERNMENT,,https://www.cas.sk/clanok/2626553/predseda-civilnej-vlady-v-sudane-oznamil-svoju-rezignaciu-snazil-som-sa-zo-vsetkych-sil/,push,reznization I-tried-with-all-my-strength push token,qwen2.5:7b,0.5,0.5,,,,qwen2.5:72b,,,,,push,reznization I-tried-with-all-my-strength push token,url_1,2
20220102,73,AUTHORITIES,,https://www.mbl.is/frettir/erlent/2022/01/02/heilbrigdisstarfsmenn_fa_fjorda_skammtinn/,neutral,no clear migration-related tokens,qwen2.5:7b,0.5,0.5,,neutral,No clear migration-related tokens,qwen2.5:72b,,,,,unclear,no clear migration-related tokens,unresolved,2
20220102,90,GOVERNMENT,,https://newpost.gr/kosmos/61d20c59922542136ad20343/italia-koronoios-i-kyvernisi-exetazei-to-endehomeno-ypohreotikoy-emvoliasmoy-gia-oloys-toys-ano-ton-18-eton,pull,possibility of mandatory multi-token vaccination,qwen2.5:7b,0.5,0.5,,,,qwen2.5:72b,,,,,pull,possibility of mandatory multi-token vaccination,url_1,2
20220102,160,GOVERNMENT,INDUSTRY,https://www.rp.pl/praca/art19248621-wielka-brytania-przedluza-program-wizowy-dla-pracownikow-z-ue,pull,pull token visa program for employees,qwen2.5:7b,0.5,0.5,,,,qwen2.5:72b,,,,,pull,pull token visa program for employees,url_1,2
20220102,90,AUTHORITIES,CRIMINAL,https://sledcom.ru/news/item/1645072/,neutral,no clear migration-related tokens,qwen2.5:7b,0.5,0.5,,unclear,"URL too short, generic, ID-like, or ambiguous",qwen2.5:72b,,,,,unclear,no clear migration-related tokens,unresolved,2
20220102,14,DIRECTOR GENERAL,ISRAELI,https://itongadol.com/coronavirus/coronavirus-en-israel-se-espera-que-tres-millones-de-israelies-se-infecten-con-el-virus,neutral,no clear migration-related tokens,qwen2.5:7b,0.5,0.5,,push,"coronavirus-in-israel, wait, infect (health crisis pushing people away)",qwen2.5:72b,,,,,push,"coronavirus-in-israel, wait, infect (health crisis pushing people away)",url_2,2
20220102,43,GOVERNMENT,DEMONSTRATOR,http://lratvakan.com/news/76958.html,neutral,no clear migration-related tokens,qwen2.5:7b,0.5,0.5,,neutral,No clear migration-related tokens,qwen2.5:72b,,,,,unclear,no clear migration-related tokens,unresolved,2
20220102,43,GOVERNMENT,DEMONSTRATOR,https://lugradar.net/2022/01/337334,neutral,no clear migration-related tokens,qwen2.5:7b,0.5,0.5,,unclear,URL too short; no clear migration-related tokens,qwen2.5:72b,,,,,unclear,no clear migration-related tokens,unresolved,2
20220102,46,MINIST,DEMONSTRATOR,https://www.journaldemontreal.com/2022/01/02/manifestations-anti-covid-un-pasteur-et-son-frere-arretes-par-calgary,push,manifestations anti-covid push token,qwen2.5:7b,0.5,0.5,,,,qwen2.5:72b,,,,,push,manifestations anti-covid push token,url_1,2
20220102,30,GOVERNMENT,GUERRILLA,https://www.hoydiariodelmagdalena.com.co/archivos/613800,neutral,,qwen2.5:7b,0.5,0.5,,unclear,URL too short; no clear migration-related tokens,qwen2.5:72b,,,,,unclear,URL too short; no clear migration-related tokens,unresolved,2
20220102,20,AUTHORITIES,RUSSIAN FEDERATION,https://lugradar.net/2022/01/337336,push,magdalena,qwen2.5:7b,0.5,0.5,,,,qwen2.5:72b,,,,,push,magdalena,url_1,2
20220102,20,AUTHORITIES,RUSSIAN FEDERATION,https://lugradar.net/2022/01/337319,push,magdalena,qwen2.5:7b,0.5,0.5,,,,qwen2.5:72b,,,,,push,magdalena,url_1,2
20220102,40,PRESIDENT,RUSSIA,https://tsn.ua/ru/politika/bayden-i-zelenskiy-proveli-telefonnye-peregovory-chto-izvestno-1945450.html,neutral,,qwen2.5:7b,0.5,0.5,,neutral,No clear migration-related tokens in URL,qwen2.5:72b,,,,,unclear,No clear migration-related tokens in URL,unresolved,2
20220102,41,PRESIDENT,RUSSIA,https://tsn.ua/ru/politika/bayden-i-zelenskiy-proveli-telefonnye-peregovory-chto-izvestno-1945450.html,neutral,,qwen2.5:7b,0.5,0.5,,neutral,No clear migration-related tokens in URL,qwen2.5:72b,,,,,unclear,No clear migration-related tokens in URL,unresolved,2
20220102,41,PRESIDENT,RUSSIA,https://tsn.ua/ru/politika/bayden-i-zelenskiy-proveli-telefonnye-peregovory-chto-izvestno-1945450.html,neutral,,qwen2.5:7b,0.5,0.5,,neutral,No clear migration-related tokens in URL,qwen2.5:72b,,,,,unclear,No clear migration-related tokens in URL,unresolved,2
20220102,10,MINIST OF HEALTH,,https://www.mdzol.com/sociedad/2022/1/2/coronavirus-en-argentina-mas-de-20000-casos-23-fallecidos-212523.html,neutral,,qwen2.5:7b,0.5,0.5,,push,"coronavirus, deceased (cases, deaths)",qwen2.5:72b,,,,,push,"coronavirus, deceased (cases, deaths)",url_2,2
20220102,10,DOCTOR,,https://pronedra.ru/v21-pervye-pervye-simptomy-pnevmonii-pomogut-svoevremenno-nachat-lechenie-i-soxranit-zhizn-439639.html,neutral,,qwen2.5:7b,0.5,0.5,,neutral,No migration-related tokens,qwen2.5:72b,,,,,unclear,No migration-related tokens,unresolved,2
20220102,13,HOSPITAL,,https://pronedra.ru/v21-pervye-pervye-simptomy-pnevmonii-pomogut-svoevremenno-nachat-lechenie-i-soxranit-zhizn-439639.html,neutral,,qwen2.5:7b,0.5,0.5,,neutral,No migration-related tokens,qwen2.5:72b,,,,,unclear,No migration-related tokens,unresolved,2
20220102,193,DOCTOR,POLICE OFFICER,https://pronedra.ru/v21-pervye-pervye-simptomy-pnevmonii-pomogut-svoevremenno-nachat-lechenie-i-soxranit-zhizn-439639.html,neutral,,qwen2.5:7b,0.5,0.5,,neutral,No migration-related tokens,qwen2.5:72b,,,,,unclear,No migration-related tokens,unresolved,2
20220102,193,DOCTOR,POLICE OFFICER,https://www.mngz.ru/russia-world-sensation/2463989-v-gorode-rezh-sotrudnikami-sledstvennogo-komiteta-vozbuzhdeno-ugolovnoe-delo-po-faktu-ubiystva-iz-revnosti-medic.html,push,jealousy murders,qwen2.5:7b,0.5,0.5,,,,qwen2.5:72b,,,,,push,jealousy murders,url_1,2
20220102,193,DOCTOR,POLICE OFFICER,https://www.mngz.ru/russia-world-sensation/2463989-v-gorode-rezh-sotrudnikami-sledstvennogo-komiteta-vozbuzhdeno-ugolovnoe-delo-po-faktu-ubiystva-iz-revnosti-medic.html,push,jealousy murders,qwen2.5:7b,0.5,0.5,,,,qwen2.5:72b,,,,,push,jealousy murders,url_1,2
20220102,172,HAITI,,https://www.diariolibre.com/actualidad/sucesos/2022/01/02/acusan-ganaderos-de-provocar-incendios-en-sierra-de-bahoruco/1563459,neutral,fires-in-sierra-de-bahoruco,qwen2.5:7b,0.5,0.5,,push,fires,qwen2.5:72b,,,,,push,fires,url_2,2
20220102,90,THE EUROPEAN UNION,,https://lugradar.net/2022/01/337336,unclear,URL too short,qwen2.5:7b,0.5,0.5,,unclear,"URL too short, generic",qwen2.5:72b,,,,,unclear,URL too short,unresolved,2
20220102,43,UNITED NATIONS,,http://www.hispantv.com/noticias/palestina/535010/preso-israel-huelga-hambre,push,hunger strike,qwen2.5:7b,0.5,0.5,,,,qwen2.5:72b,,,,,push,hunger strike,url_1,2
20220102,20,ISRAELI,WORKER,https://g1.globo.com/mundo/noticia/2022/01/02/israel-comeca-a-aplicar-quarta-dose-da-vacina-contra-a-covid.ghtml,neutral,fourth-dose-of-vaccine,qwen2.5:7b,0.5,0.5,,neutral,No clear migration-related tokens,qwen2.5:72b,,,,,unclear,fourth-dose-of-vaccine,unresolved,2
20220102,51,ISRAEL,PALESTINE,http://www.hispantv.com/noticias/palestina/535010/preso-israel-huelga-hambre,push,hunger strike,qwen2.5:7b,0.5,0.5,,,,qwen2.5:72b,,,,,push,hunger strike,url_1,2
20220102,53,ISRAEL,PALESTINE,http://www.hispantv.com/noticias/palestina/535010/preso-israel-huelga-hambre,push,hunger strike,qwen2.5:7b,0.5,0.5,,,,qwen2.5:72b,,,,,push,hunger strike,url_1,2
20220102,142,ISRAEL,PALESTINE,http://www.hispantv.com/noticias/palestina/535010/preso-israel-huelga-hambre,push,hunger strike,qwen2.5:7b,0.5,0.5,,,,qwen2.5:72b,,,,,push,hunger strike,url_1,2
20220102,42,JORDAN,,https://alghad.com/%D9%85%D8%B9%D8%B1%D8%B6-%D8%A3%D8%B1%D8%AF%D9%86%D9%8A-%D9%84%D9%84%D8%AA%D8%AC%D8%A7%D8%B1%D8%A9-%D9%88%D8%A7%D9%84%D8%AE%D8%AF%D9%85%D8%A7%D8%AA-%D9%8A%D9%86%D8%B7%D9%84%D9%82-%D9%81%D9%8A-%D8%B3/,neutral,URL too short,qwen2.5:7b,0.5,0.5,,pull,"visa, residency, aid (translated from URL tokens)",qwen2.5:72b,,,,,pull,"visa, residency, aid (translated from URL tokens)",url_2,2
20220102,234,FEDERAL COURT,,https://www.elmanana.com/cae-ex-rector-de-la-uabjo-por-fraude/5475695,neutral,no clear migration-related tokens,qwen2.5:7b,0.5,0.5,,neutral,No clear migration-related tokens,qwen2.5:72b,,,,,unclear,no clear migration-related tokens,unresolved,2
20220102,84,JUDGE,,https://www.vesti-online.com/stopiran-otkaz-za-nevakcinisanog-cuvara-reda/,push,dismissal for an unvaccinated security guard,qwen2.5:7b,0.5,0.5,,,,qwen2.5:72b,,,,,push,dismissal for an unvaccinated security guard,url_1,2
20220102,173,PUBLIC PROSECUTOR,,https://www.hoydiariodelmagdalena.com.co/archivos/613776,neutral,no clear migration-related tokens,qwen2.5:7b,0.5,0.5,,unclear,"URL too short, generic",qwen2.5:72b,,,,,unclear,no clear migration-related tokens,unresolved,2
20220102,10,LAWYER,MELBOURNE,https://www.vesti-online.com/samo-pisani-testament-je-vazeci/,neutral,no clear migration-related tokens,qwen2.5:7b,0.5,0.5,,neutral,No clear migration-related tokens,qwen2.5:72b,,,,,unclear,no clear migration-related tokens,unresolved,2
20220102,114,PUBLIC PROSECUTOR,OAXACA,https://oaxaca.eluniversal.com.mx/municipios/denuncian-ante-el-ieepco-edil-de-ocotlan-oaxaca-por-violencia-politica-de-genero,neutral,no clear migration-related tokens,qwen2.5:7b,0.5,0.5,,push,gender-political-violence (gender violence pressure to leave),qwen2.5:72b,,,,,push,gender-political-violence (gender violence pressure to leave),url_2,2
20220102,112,LAWYER,UNITED STATES,https://www.diariolibre.com/usa/revista/2022/01/02/juez-impide-que-bloqueo-de-demanda-contra-el-principe-andres/1563621,neutral,no clear migration-related tokens,qwen2.5:7b,0.5,0.5,,pull,lawsuit-against-prince-andres (legal action may attract attention),qwen2.5:72b,,,,,pull,lawsuit-against-prince-andres (legal action may attract attention),url_2,2
20220102,30,EMPLOYEE,,https://es.investing.com/news/stock-market-news/goldman-sachs-pide-a-sus-empleados-estadounidenses-que-trabajen-desde-casa-hasta-el-18-de-enero-2199115,push,work-from-home-until-january-18,qwen2.5:7b,0.5,0.5,,,,qwen2.5:72b,,,,,push,work-from-home-until-january-18,url_1,2
20220102,10,CONGRESS,,https://www.telemundo.com/noticias/noticias-telemundo/clima/no-esto-no-es-una-broma-llovieron-peces-en-texas-poco-antes-de-fin-de-rcna10639,neutral,no clear migration-related tokens,qwen2.5:7b,0.5,0.5,,neutral,No clear migration-related tokens,qwen2.5:72b,,,,,unclear,no clear migration-related tokens,unresolved,2
20220102,10,STATE DUMA,,https://www.ridus.ru/news/370096,neutral,no clear migration-related tokens,qwen2.5:7b,0.5,0.5,,neutral,No clear migration-related tokens,qwen2.5:72b,,,,,unclear,no clear migration-related tokens,unresolved,2
20220102,83,SENATE,,https://sipse.com/mexico/las-breves-del-senado-inclusion-y-derechos-de-las-personas-sordas-415533.html,neutral,no clear migration-related tokens,qwen2.5:7b,0.5,0.5,,neutral,"inclusion, rights, deaf (no clear migration-related tokens)",qwen2.5:72b,,,,,unclear,no clear migration-related tokens,unresolved,2
20220102,13,MEXICO,,https://sipse.com/mexico/isste-se-prepara-para-la-cuarta-ola-de-la-pandemia-por-covid-19-en-mexico-415544.html,neutral,<none>,qwen2.5:7b,0.5,0.5,,push,"pandemic, fourth wave, covid-19 (health crisis concern)",qwen2.5:72b,,,,,push,"pandemic, fourth wave, covid-19 (health crisis concern)",url_2,2
20220102,190,COMMANDER,,https://www.antaranews.com/berita/2620221/dilan-series-gelar-audisi-terbuka-untuk-cari-pemain,neutral,<none>,qwen2.5:7b,0.5,0.5,,neutral,"open auditions, looking for players (no clear migration-related tokens)",qwen2.5:72b,,,,,unclear,<none>,unresolved,2
20220102,17,COMMANDER,ISLAMIC,http://www.hispantv.com/noticias/siria/535008/iran-siria-relaciones-cooperacion,push,pandemic,qwen2.5:7b,0.5,0.5,,,,qwen2.5:72b,,,,,push,pandemic,url_1,2
20220102,17,COMMANDER,ISLAMIC,http://www.hispantv.com/noticias/siria/535008/iran-siria-relaciones-cooperacion,push,pandemic,qwen2.5:7b,0.5,0.5,,,,qwen2.5:72b,,,,,push,pandemic,url_1,2
20220102,195,FIGHTER PLANE,SAUDI,http://www.hispantv.com/noticias/yemen/535011/ataque-saudi-mezquita-muertos,push,attack,qwen2.5:7b,0.5,0.5,,,,qwen2.5:72b,,,,,push,attack,url_1,2
20220102,195,FIGHTER PLANE,SAUDI,http://www.hispantv.com/noticias/yemen/535011/ataque-saudi-mezquita-muertos,push,attack,qwen2.5:7b,0.5,0.5,,,,qwen2.5:72b,,,,,push,attack,url_1,2
20220102,195,FIGHTER PLANE,SAUDI,http://www.hispantv.com/noticias/yemen/535011/ataque-saudi-mezquita-muertos,push,attack,qwen2.5:7b,0.5,0.5,,,,qwen2.5:72b,,,,,push,attack,url_1,2
20220102,70,MILITARY POLICE,,https://g1.globo.com/sp/santos-regiao/noticia/2022/01/02/prefeito-de-peruibe-critica-atuacao-da-policia-militar-contra-pancadoes-no-reveillon-caos-na-seguranca.ghtml,neutral,<none>,qwen2.5:7b,0.5,0.5,,push,"criticizes, military police, security chaos (security concerns)",qwen2.5:72b,,,,,push,"criticizes, military police, security chaos (security concerns)",url_2,2
20220102,20,NAVAL,AMBASSADOR,https://sipse.com/mexico/las-breves-del-senado-inclusion-y-derechos-de-las-personas-sordas-415533.html,neutral,<none>,qwen2.5:7b,0.5,0.5,,neutral,"inclusion, rights, deaf (no clear migration-related tokens)",qwen2.5:72b,,,,,unclear,<none>,unresolved,2
20220102,20,GOLDMAN SACHS,AMERICAN,https://es.investing.com/news/stock-market-news/goldman-sachs-pide-a-sus-empleados-estadounidenses-que-trabajen-desde-casa-hasta-el-18-de-enero-2199115,neutral,<none>,qwen2.5:7b,0.5,0.5,,neutral,No migration-related tokens found,qwen2.5:72b,,,,,unclear,<none>,unresolved,2
20220102,20,VERIZON,REUTERS,https://es.investing.com/news/stock-market-news/presidentes-ejecutivos-de-att-y-verizon-rechazan-peticion-de-eeuu-de-retrasar-despliegue-del-5g-2199124,neutral,no clear migration-related tokens,qwen2.5:7b,0.5,0.5,,neutral,No migration-related tokens found,qwen2.5:72b,,,,,unclear,no clear migration-related tokens,unresolved,2
20220102,120,VERIZON,REUTERS,https://es.investing.com/news/stock-market-news/presidentes-ejecutivos-de-att-y-verizon-rechazan-peticion-de-eeuu-de-retrasar-despliegue-del-5g-2199124,neutral,no clear migration-related tokens,qwen2.5:7b,0.5,0.5,,neutral,No migration-related tokens found,qwen2.5:72b,,,,,unclear,no clear migration-related tokens,unresolved,2
20220102,113,PROTESTER,,http://lratvakan.com/news/76958.html,neutral,no clear migration-related tokens,qwen2.5:7b,0.5,0.5,,unclear,"URL too short, generic, ID-like, or ambiguous",qwen2.5:72b,,,,,unclear,no clear migration-related tokens,unresolved,2
20220102,113,PROTESTER,,https://lugradar.net/2022/01/337334,neutral,no clear migration-related tokens,qwen2.5:7b,0.5,0.5,,unclear,"URL too short, generic, ID-like, or ambiguous",qwen2.5:72b,,,,,unclear,no clear migration-related tokens,unresolved,2
20220102,112,DETAINEE,BELARUSIAN,http://www.kvir.ru/author/andre-galinin/,neutral,no clear migration-related tokens,qwen2.5:7b,0.5,0.5,,neutral,No clear migration-related tokens,qwen2.5:72b,,,,,unclear,no clear migration-related tokens,unresolved,2
20220102,190,DETAINEE,BELARUSIAN,http://www.kvir.ru/author/andre-galinin/,neutral,no clear migration-related tokens,qwen2.5:7b,0.5,0.5,,neutral,No clear migration-related tokens,qwen2.5:72b,,,,,unclear,no clear migration-related tokens,unresolved,2
20220102,141,DEMONSTRATOR,CALGARY,https://www.journaldemontreal.com/2022/01/02/manifestations-anti-covid-un-pasteur-et-son-frere-arretes-par-calgary,neutral,no clear migration-related tokens,qwen2.5:7b,0.5,0.5,,mixed,"manifestations-anti-covid, arretes (arrests)",qwen2.5:72b,,,,,mixed,"manifestations-anti-covid, arretes (arrests)",url_2,2
20220102,145,PROTESTER,SECURITY FORCE,https://www.expressen.se/nyheter/efter-protesterna--sudans-premiarminister-avgar/,neutral,no clear migration-related tokens,qwen2.5:7b,0.5,0.5,,push,"the protests, aggar (resignation)",qwen2.5:72b,,,,,push,"the protests, aggar (resignation)",url_2,2
20220102,190,ACTIVIST,POLICE,http://lratvakan.com/news/76958.html,neutral,no clear migration-related tokens,qwen2.5:7b,0.5,0.5,,neutral,No clear migration-related tokens,qwen2.5:72b,,,,,unclear,no clear migration-related tokens,unresolved,2
20220102,42,DEMONSTRATOR,GOVERNMENT,https://lugradar.net/2022/01/337334,neutral,no clear migration-related tokens,qwen2.5:7b,0.5,0.5,,unclear,"URL too short, generic, ID-like",qwen2.5:72b,,,,,unclear,no clear migration-related tokens,unresolved,2
20220102,46,DEMONSTRATOR,MINIST,https://www.journaldemontreal.com/2022/01/02/manifestations-anti-covid-un-pasteur-et-son-frere-arretes-par-calgary,neutral,manifestations-anti-covid,qwen2.5:7b,0.5,0.5,,neutral,No clear migration-related tokens,qwen2.5:72b,,,,,unclear,manifestations-anti-covid,unresolved,2
20220102,145,DEMONSTRATOR,GOVERNMENT,http://lratvakan.com/news/76958.html,unclear,URL too short,qwen2.5:7b,0.5,0.5,,unclear,"URL too short, generic, ID-like",qwen2.5:72b,,,,,unclear,URL too short,unresolved,2
20220102,145,DEMONSTRATOR,GOVERNMENT,https://lugradar.net/2022/01/337334,unclear,URL too short,qwen2.5:7b,0.5,0.5,,unclear,"URL too short, generic, ID-like",qwen2.5:72b,,,,,unclear,URL too short,unresolved,2
20220102,130,PRISONER,TEL AVIV,http://www.hispantv.com/noticias/palestina/535010/preso-israel-huelga-hambre,push,imprisoned-israel-hunger-strike (imprisoned due to hunger strike),qwen2.5:7b,0.5,0.5,,,,qwen2.5:72b,,,,,push,imprisoned-israel-hunger-strike (imprisoned due to hunger strike),url_1,2
20220102,20,ACTIVIST,NATIONAL ASSEMBLY,http://lratvakan.com/news/76958.html,unclear,URL too short,qwen2.5:7b,0.5,0.5,,unclear,"URL too short, generic, ID-like",qwen2.5:72b,,,,,unclear,URL too short,unresolved,2
20220102,20,ACTIVIST,NATIONAL ASSEMBLY,https://lugradar.net/2022/01/337334,unclear,URL too short,qwen2.5:7b,0.5,0.5,,unclear,"URL too short, generic, ID-like",qwen2.5:72b,,,,,unclear,URL too short,unresolved,2
20220102,42,MACHU PICCHU,,https://www.segnidalcielo.it/peru-un-turista-fotografa-un-ufo-sullantica-citta-di-machu-picchu/,neutral,ufo-on-the-ancient-city-of-machu-picchu,qwen2.5:7b,0.5,0.5,,neutral,No clear migration-related tokens,qwen2.5:72b,,,,,unclear,ufo-on-the-ancient-city-of-machu-picchu,unresolved,2
20220102,20,POLAND,UKRAINIAN,https://www.volynnews.com/news/all/chomu-v-polshchi-vse-chastishe-napadaiut-na-zarobitchan-z-ukrayiny/,push,napadaiut-na-zarobitchan (attacks on workers from Ukraine),qwen2.5:7b,0.5,0.5,,,,qwen2.5:72b,,,,,push,napadaiut-na-zarobitchan (attacks on workers from Ukraine),url_1,2
20220102,20,POLAND,UKRAINIAN,https://www.volynnews.com/news/all/chomu-v-polshchi-vse-chastishe-napadaiut-na-zarobitchan-z-ukrayiny/,push,napadaiut-na-zarobitchan (attacks on workers from Ukraine),qwen2.5:7b,0.5,0.5,,,,qwen2.5:72b,,,,,push,napadaiut-na-zarobitchan (attacks on workers from Ukraine),url_1,2
20220102,90,POLISH,UKRAINIAN,https://www.volynnews.com/news/all/chomu-v-polshchi-vse-chastishe-napadaiut-na-zarobitchan-z-ukrayiny/,push,napadaiut-na-zarobitchan (attacks on workers from Ukraine),qwen2.5:7b,0.5,0.5,,,,qwen2.5:72b,,,,,push,napadaiut-na-zarobitchan (attacks on workers from Ukraine),url_1,2
20220102,90,POLISH,UKRAINIAN,https://www.volynnews.com/news/all/chomu-v-polshchi-vse-chastishe-napadaiut-na-zarobitchan-z-ukrayiny/,push,zarobitchan z-Ukrainy,qwen2.5:7b,0.5,0.5,,,,qwen2.5:72b,,,,,push,zarobitchan z-Ukrainy,url_1,2
20220102,20,POLAND,UKRAINIAN,https://www.volynnews.com/news/all/chomu-v-polshchi-vse-chastishe-napadaiut-na-zarobitchan-z-ukrayiny/,push,zarobitchan z-Ukrainy,qwen2.5:7b,0.5,0.5,,,,qwen2.5:72b,,,,,push,zarobitchan z-Ukrainy,url_1,2
20220102,90,POLISH,UKRAINIAN,https://www.volynnews.com/news/all/chomu-v-polshchi-vse-chastishe-napadaiut-na-zarobitchan-z-ukrayiny/,push,zarobitchan z-Ukrainy,qwen2.5:7b,0.5,0.5,,,,qwen2.5:72b,,,,,push,zarobitchan z-Ukrainy,url_1,2
20220102,90,POLAND,UKRAINE,https://www.volynnews.com/news/all/chomu-v-polshchi-vse-chastishe-napadaiut-na-zarobitchan-z-ukrayiny/,push,zarobitchan z-Ukrainy,qwen2.5:7b,0.5,0.5,,,,qwen2.5:72b,,,,,push,zarobitchan z-Ukrainy,url_1,2
20220102,43,LISBON,GERMAN,https://naslovi.net/2022-01-03/blic/zarobljeni-u-luci-nemacki-kruzer-usidren-do-daljeg-u-lisabonu-zbog-izbijanja-epidemije-korona-virusa/29657724,pull,captured in the Port of the German cruise ship anchored until further notice in Lisbon due to the outbreak of the corona virus epidemic,qwen2.5:7b,0.5,0.5,,,,qwen2.5:72b,,,,,pull,captured in the Port of the German cruise ship anchored until further notice in Lisbon due to the outbreak of the corona virus epidemic,url_1,2
20220102,43,LISBON,GERMAN,https://naslovi.net/2022-01-03/blic/zarobljeni-u-luci-nemacki-kruzer-usidren-do-daljeg-u-lisabonu-zbog-izbijanja-epidemije-korona-virusa/29657724,pull,captured in the Port of the German cruise ship anchored until further notice in Lisbon due to the outbreak of the corona virus epidemic,qwen2.5:7b,0.5,0.5,,,,qwen2.5:72b,,,,,pull,captured in the Port of the German cruise ship anchored until further notice in Lisbon due to the outbreak of the corona virus epidemic,url_1,2
20220102,20,PALESTINIAN,,http://www.hispantv.com/noticias/palestina/535010/preso-israel-huelga-hambre,push,Israel prisoner hunger strike,qwen2.5:7b,0.5,0.5,,,,qwen2.5:72b,,,,,push,Israel prisoner hunger strike,url_1,2
20220102,1831,SUICIDE BOMBER,KABUL,https://www.journaldemontreal.com/2022/01/02/en-afghanistan-les-femmes-victimes-de-violences-abandonnees-a-leur-sort-1,pull,women victims of violence abandoned to their fate,qwen2.5:7b,0.5,0.5,,,,qwen2.5:72b,,,,,pull,women victims of violence abandoned to their fate,url_1,2
20220102,42,SAINT,,https://g1.globo.com/sp/santos-regiao/porto-mar/noticia/2022/01/02/anvisa-reforca-urgencia-em-acabar-com-temporada-de-cruzeiros-e-fala-em-risco-a-saude-publica.ghtml,neutral,Anvisa reinforces the urgency to end the cruise season and talks about the risk to public health,qwen2.5:7b,0.5,0.5,,push,"urgency, risk-to-public health (health risk, urgency)",qwen2.5:72b,,,,,push,"urgency, risk-to-public health (health risk, urgency)",url_2,2
20220102,14,ROMANIA,,https://ziare.com/sorin-grindeanu/grindeanu-acuzatii-drula-autostrada-brasov-ploiesti-licitatie-studiu-fezabilitate-1718214,neutral,accusations Drula highway Brasov Ploiesti tender feasibility study,qwen2.5:7b,0.5,0.5,,neutral,No clear migration-related tokens,qwen2.5:72b,,,,,unclear,accusations Drula highway Brasov Ploiesti tender feasibility study,unresolved,2
20220102,130,RUSSIAN,EGYPTIAN,https://aif.ru/society/genkonsulstvo_rf_v_hurgade_predupredilo_o_zaderzhkah_reysov_iz-za_nepogody,neutral,bad weather (shatner),qwen2.5:7b,0.5,0.5,,pull,warned_about_flight_delays_due to_bad weather (flight business duet to weightner),qwen2.5:72b,,,,,pull,warned_about_flight_delays_due to_bad weather (flight business duet to weightner),url_2,2
20220102,46,RUSSIA,TURKEY,https://www.geopolitica.ru/news/putin-i-erdogan-obsudili-garantii-bezopasnosti-mezhdu-rf-i-nato,neutral,discussed (discussd),qwen2.5:7b,0.5,0.5,,neutral,No clear migration-related tokens,qwen2.5:72b,,,,,unclear,discussed (discussd),unresolved,2
20220102,112,RUSSIA,UKRAINE,https://www.cas.sk/cl/1003185/2626559/biden-telefonoval-s-ukrajinskym-prezidentom-usa-budu-na-rusku-invaziu-reagovat,push,invade (invasion),qwen2.5:7b,0.5,0.5,,,,qwen2.5:72b,,,,,push,invade (invasion),url_1,2
20220102,120,RUSSIA,UKRAINE,https://www.cas.sk/cl/1003185/2626559/biden-telefonoval-s-ukrajinskym-prezidentom-usa-budu-na-rusku-invaziu-reagovat,push,invade (invasion),qwen2.5:7b,0.5,0.5,,,,qwen2.5:72b,,,,,push,invade (invasion),url_1,2
20220102,120,RUSSIA,UKRAINE,https://www.cas.sk/cl/1003185/2626559/biden-telefonoval-s-ukrajinskym-prezidentom-usa-budu-na-rusku-invaziu-reagovat,push,invade (invasion),qwen2.5:7b,0.5,0.5,,,,qwen2.5:72b,,,,,push,invade (invasion),url_1,2
20220102,46,VLADIMIR,JOE BIDEN,https://gazeta.ua/articles/politics/_rozmova-zelenskogo-ta-bajdena-pro-scho-govorili-lideri/1065472,neutral,rozmova (conversation),qwen2.5:7b,0.5,0.5,,neutral,No clear migration-related tokens,qwen2.5:72b,,,,,unclear,rozmova (conversation),unresolved,2
20220102,40,RUSSIA,PRESIDENT,https://tsn.ua/ru/politika/bayden-i-zelenskiy-proveli-telefonnye-peregovory-chto-izvestno-1945450.html,neutral,telephone conversations (telephone talkx),qwen2.5:7b,0.5,0.5,,neutral,No clear migration-related tokens,qwen2.5:72b,,,,,unclear,telephone conversations (telephone talkx),unresolved,2
20220102,195,SAUDI,,http://www.hispantv.com/noticias/yemen/535011/ataque-saudi-mezquita-muertos,push,attack,qwen2.5:7b,0.5,0.5,,,,qwen2.5:72b,,,,,push,attack,url_1,2
20220102,195,SAUDI,SAUDI ARABIA,http://www.hispantv.com/noticias/yemen/535011/ataque-saudi-mezquita-muertos,push,attack,qwen2.5:7b,0.5,0.5,,,,qwen2.5:72b,,,,,push,attack,url_1,2
20220102,180,SENEGAL,,https://www.elmundo.es/comunidad-valenciana/castellon/2022/01/02/61d1ffb121efa045798b4589.html,neutral,no clear migration-related tokens,qwen2.5:7b,0.5,0.5,,neutral,No clear migration-related tokens,qwen2.5:72b,,,,,unclear,no clear migration-related tokens,unresolved,2
20220102,172,SYRIAN,,https://correio.rac.com.br/agencias/agencia-estado/2022/01/1153709-israel-aprova-plano-para-dobrar-numero-de-colonos-nas-colinas-do-golan.html,push,settlers in the golan heights,qwen2.5:7b,0.5,0.5,,,,qwen2.5:72b,,,,,push,settlers in the golan heights,url_1,2
20220102,193,ADANA,POLICE,https://www.ensonhaber.com/3-sayfa/adanada-silahli-kavgaya-mudahale-eden-polis-vuruldu,neutral,Police officer who intervened in a gunfight was shot,qwen2.5:7b,0.5,0.5,,neutral,No clear migration-related tokens,qwen2.5:72b,,,,,unclear,Police officer who intervened in a gunfight was shot,unresolved,2
20220102,41,TURKEY,RUSSIA,https://www.geopolitica.ru/news/putin-i-erdogan-obsudili-garantii-bezopasnosti-mezhdu-rf-i-nato,neutral,Putin and Erdogan discussed security guarantees between the Russian Federation and NATO,qwen2.5:7b,0.5,0.5,,neutral,No migration-related tokens in URL,qwen2.5:72b,,,,,unclear,Putin and Erdogan discussed security guarantees between the Russian Federation and NATO,unresolved,2
20220102,46,TURKEY,RUSSIA,https://www.geopolitica.ru/news/putin-i-erdogan-obsudili-garantii-bezopasnosti-mezhdu-rf-i-nato,neutral,Putin and Erdogan discussed security guarantees between the Russian Federation and NATO,qwen2.5:7b,0.5,0.5,,neutral,No migration-related tokens in URL,qwen2.5:72b,,,,,unclear,Putin and Erdogan discussed security guarantees between the Russian Federation and NATO,unresolved,2
20220102,46,TURKEY,RUSSIA,https://www.geopolitica.ru/news/putin-i-erdogan-obsudili-garantii-bezopasnosti-mezhdu-rf-i-nato,neutral,Putin and Erdogan discussed security guarantees between the Russian Federation and NATO,qwen2.5:7b,0.5,0.5,,neutral,No migration-related tokens in URL,qwen2.5:72b,,,,,unclear,Putin and Erdogan discussed security guarantees between the Russian Federation and NATO,unresolved,2
20220102,50,UKRAINE,,https://www.lematin.ch/story/joe-biden-assure-au-president-ukrainien-de-son-soutien-face-a-la-russie-753628635749,pull,support for Russia,qwen2.5:7b,0.5,0.5,,,,qwen2.5:72b,,,,,pull,support for Russia,url_1,2
20220102,51,UKRAINE,,https://www.volynnews.com/news/all/chomu-v-polshchi-vse-chastishe-napadaiut-na-zarobitchan-z-ukrayiny/,push,zarobitchan z-ukrayiny,qwen2.5:7b,0.5,0.5,,,,qwen2.5:72b,,,,,push,zarobitchan z-ukrayiny,url_1,2
20220102,51,UKRAINE,,https://www.volynnews.com/news/all/chomu-v-polshchi-vse-chastishe-napadaiut-na-zarobitchan-z-ukrayiny/,push,zarobitchan z-ukrayiny,qwen2.5:7b,0.5,0.5,,,,qwen2.5:72b,,,,,push,zarobitchan z-ukrayiny,url_1,2
20220102,173,UKRAINIAN,,https://kosice.korzar.sme.sk/c/22812499/rusi-12-rokov-patrali-po-ukrajincovi-obvinenom-z-vrazdy-uz-je-v-kosickej-vaznici.html,neutral,"the Russians have been looking for a Ukrainian accused of murder for 12 years, and he is already in the Kosice purlin",qwen2.5:7b,0.5,0.5,,neutral,No migration-related tokens in URL,qwen2.5:72b,,,,,unclear,"the Russians have been looking for a Ukrainian accused of murder for 12 years, and he is already in the Kosice purlin",unresolved,2
20220102,173,UKRAINE,CHINA,https://kosice.korzar.sme.sk/c/22812499/rusi-12-rokov-patrali-po-ukrajincovi-obvinenom-z-vrazdy-uz-je-v-kosickej-vaznici.html,neutral,"the Russians have been looking for a Ukrainian accused of murder for 12 years, and he is already in the Kosice purlin",qwen2.5:7b,0.5,0.5,,neutral,No migration-related tokens in URL,qwen2.5:72b,,,,,unclear,"the Russians have been looking for a Ukrainian accused of murder for 12 years, and he is already in the Kosice purlin",unresolved,2
20220102,190,UKRAINE,CHINA,https://kosice.korzar.sme.sk/c/22812499/rusi-12-rokov-patrali-po-ukrajincovi-obvinenom-z-vrazdy-uz-je-v-kosickej-vaznici.html,push,they were looking for a Ukrainian accused of murder,qwen2.5:7b,0.5,0.5,,,,qwen2.5:72b,,,,,push,they were looking for a Ukrainian accused of murder,url_1,2
20220102,51,UKRAINE,RUSSIA,https://www.lematin.ch/story/joe-biden-assure-au-president-ukrainien-de-son-soutien-face-a-la-russie-753628635749,neutral,lematin.ch/story/joe-biden-assure-au-president-ukrainien-de-son-soutien-face-a-la-russie,qwen2.5:7b,0.5,0.5,,neutral,No clear migration-related tokens,qwen2.5:72b,,,,,unclear,lematin.ch/story/joe-biden-assure-au-president-ukrainien-de-son-soutien-face-a-la-russie,unresolved,2
20220102,32,UKRAINE,RUSSIA,https://www.lematin.ch/story/joe-biden-assure-au-president-ukrainien-de-son-soutien-face-a-la-russie-753628635749,neutral,lematin.ch/story/joe-biden-assure-au-president-ukrainien-de-son-soutien-face-a-la-russie,qwen2.5:7b,0.5,0.5,,neutral,No clear migration-related tokens,qwen2.5:72b,,,,,unclear,lematin.ch/story/joe-biden-assure-au-president-ukrainien-de-son-soutien-face-a-la-russie,unresolved,2
20220102,51,UKRAINE,RUSSIA,https://www.lematin.ch/story/joe-biden-assure-au-president-ukrainien-de-son-soutien-face-a-la-russie-753628635749,neutral,lematin.ch/story/joe-biden-assure-au-president-ukrainien-de-son-soutien-face-a-la-russie,qwen2.5:7b,0.5,0.5,,neutral,No clear migration-related tokens,qwen2.5:72b,,,,,unclear,lematin.ch/story/joe-biden-assure-au-president-ukrainien-de-son-soutien-face-a-la-russie,unresolved,2
20220102,51,UKRAINE,RUSSIA,https://www.lematin.ch/story/joe-biden-assure-au-president-ukrainien-de-son-soutien-face-a-la-russie-753628635749,neutral,lematin.ch/story/joe-biden-assure-au-president-ukrainien-de-son-soutien-face-a-la-russie,qwen2.5:7b,0.5,0.5,,neutral,No clear migration-related tokens,qwen2.5:72b,,,,,unclear,lematin.ch/story/joe-biden-assure-au-president-ukrainien-de-son-soutien-face-a-la-russie,unresolved,2
20220102,32,UKRAINE,UKRAINE,https://www.lematin.ch/story/joe-biden-assure-au-president-ukrainien-de-son-soutien-face-a-la-russie-753628635749,neutral,lematin.ch/story/joe-biden-assure-au-president-ukrainien-de-son-soutien-face-a-la-russie,qwen2.5:7b,0.5,0.5,,neutral,No clear migration-related tokens,qwen2.5:72b,,,,,unclear,lematin.ch/story/joe-biden-assure-au-president-ukrainien-de-son-soutien-face-a-la-russie,unresolved,2
20220102,50,UKRAINE,UKRAINE,https://www.lematin.ch/story/joe-biden-assure-au-president-ukrainien-de-son-soutien-face-a-la-russie-753628635749,neutral,lematin.ch/story/joe-biden-assure-au-president-ukrainien-de-son-soutien-face-a-la-russie,qwen2.5:7b,0.5,0.5,,neutral,No clear migration-related tokens,qwen2.5:72b,,,,,unclear,lematin.ch/story/joe-biden-assure-au-president-ukrainien-de-son-soutien-face-a-la-russie,unresolved,2
20220102,50,UKRAINE,UKRAINE,https://www.lematin.ch/story/joe-biden-assure-au-president-ukrainien-de-son-soutien-face-a-la-russie-753628635749,neutral,lematin.ch/story/joe-biden-assure-au-president-ukrainien-de-son-soutien-face-a-la-russie,qwen2.5:7b,0.5,0.5,,neutral,No clear migration-related tokens,qwen2.5:72b,,,,,unclear,lematin.ch/story/joe-biden-assure-au-president-ukrainien-de-son-soutien-face-a-la-russie,unresolved,2
20220102,51,UKRAINE,UKRAINE,https://www.lematin.ch/story/joe-biden-assure-au-president-ukrainien-de-son-soutien-face-a-la-russie-753628635749,neutral,lematin.ch/story/joe-biden-assure-au-president-ukrainien-de-son-soutien-face-a-la-russie,qwen2.5:7b,0.5,0.5,,neutral,No clear migration-related tokens,qwen2.5:72b,,,,,unclear,lematin.ch/story/joe-biden-assure-au-president-ukrainien-de-son-soutien-face-a-la-russie,unresolved,2
20220102,41,UKRAINE,UNITED STATES,https://gazeta.ua/articles/politics/_rozmova-zelenskogo-ta-bajdena-pro-scho-govorili-lideri/1065472,push,_rozmova-zelenskogo-ta-baiden-pro-scho-spoken-leaders,qwen2.5:7b,0.5,0.5,,,,qwen2.5:72b,,,,,push,_rozmova-zelenskogo-ta-baiden-pro-scho-spoken-leaders,url_1,2
20220102,41,UKRAINE,UNITED STATES,https://gazeta.ua/articles/politics/_rozmova-zelenskogo-ta-bajdena-pro-scho-govorili-lideri/1065472,neutral,no migration-related tokens,qwen2.5:7b,0.5,0.5,,neutral,No clear migration-related tokens,qwen2.5:72b,,,,,unclear,no migration-related tokens,unresolved,2
20220102,46,UKRAINE,UNITED STATES,https://gazeta.ua/articles/politics/_rozmova-zelenskogo-ta-bajdena-pro-scho-govorili-lideri/1065472,neutral,no migration-related tokens,qwen2.5:7b,0.5,0.5,,neutral,No clear migration-related tokens,qwen2.5:72b,,,,,unclear,no migration-related tokens,unresolved,2
20220102,46,UKRAINE,UNITED STATES,https://gazeta.ua/articles/politics/_rozmova-zelenskogo-ta-bajdena-pro-scho-govorili-lideri/1065472,neutral,no migration-related tokens,qwen2.5:7b,0.5,0.5,,neutral,No clear migration-related tokens,qwen2.5:72b,,,,,unclear,no migration-related tokens,unresolved,2
20220102,100,UKRAINIAN,A US,https://naslovi.net/2022-01-03/blic/da-sacuvamo-mir-u-evropi-zelenski-razgovarao-sa-bajdenom-o-akcijama-u-ukrajini-reformi-i-borbama-protiv-oligarha/29657762,neutral,no migration-related tokens,qwen2.5:7b,0.5,0.5,,neutral,No clear migration-related tokens,qwen2.5:72b,,,,,unclear,no migration-related tokens,unresolved,2
20220102,46,UKRAINE,JOE BIDEN,https://gazeta.ua/articles/politics/_rozmova-zelenskogo-ta-bajdena-pro-scho-govorili-lideri/1065472,neutral,no migration-related tokens,qwen2.5:7b,0.5,0.5,,neutral,No clear migration-related tokens,qwen2.5:72b,,,,,unclear,no migration-related tokens,unresolved,2
20220102,50,UKRAINIAN,RUSSIA,https://www.lematin.ch/story/joe-biden-assure-au-president-ukrainien-de-son-soutien-face-a-la-russie-753628635749,neutral,no migration-related tokens,qwen2.5:7b,0.5,0.5,,pull,soutien (support) implies aid,qwen2.5:72b,,,,,pull,support implies aid,url_2,2
20220102,51,UKRAINIAN,RUSSIA,https://www.lematin.ch/story/joe-biden-assure-au-president-ukrainien-de-son-soutien-face-a-la-russie-753628635749,neutral,no migration-related tokens,qwen2.5:7b,0.5,0.5,,pull,support implies aid,qwen2.5:72b,,,,,pull,support implies aid,url_2,2
20220102,51,UKRAINIAN,RUSSIA,https://www.lematin.ch/story/joe-biden-assure-au-president-ukrainien-de-son-soutien-face-a-la-russie-753628635749,neutral,no migration-related tokens,qwen2.5:7b,0.5,0.5,,pull,soutien (support) to Ukraine,qwen2.5:72b,,,,,pull,support to Ukraine,url_2,2
20220102,32,UKRAINIAN,UKRAINIAN,https://www.lematin.ch/story/joe-biden-assure-au-president-ukrainien-de-son-soutien-face-a-la-russie-753628635749,neutral,no migration-related tokens,qwen2.5:7b,0.5,0.5,,pull,support to Ukraine,qwen2.5:72b,,,,,pull,support to Ukraine,url_2,2
20220102,100,UKRAINIAN,A US,https://naslovi.net/2022-01-03/blic/da-sacuvamo-mir-u-evropi-zelenski-razgovarao-sa-bajdenom-o-akcijama-u-ukrajini-reformi-i-borbama-protiv-oligarha/29657762,neutral,no migration-related tokens,qwen2.5:7b,0.5,0.5,,mixed,"akcijama (actions), reformi (reforms), borba (fight) against oligarchs in Ukraine",qwen2.5:72b,,,,,mixed,"actions, reforms, fight against oligarchs in Ukraine",url_2,2
20220102,12,UNITED STATES,,https://www.telemundo.com/noticias/noticias-telemundo/desastres-naturales/hallan-con-vida-a-uno-de-los-tres-desaparecidos-en-los-incendios-de-co-rcna10641,neutral,missing-in-the-co-fires,qwen2.5:7b,0.5,0.5,,push,"desastres-naturales (natural disasters), desaparecidos (missing people)",qwen2.5:72b,,,,,push,"natural disasters, missing people",url_2,2
20220102,30,THE US,,http://www.kvir.ru/articles/glavnoe-kachestvo-boyca.html,unclear,the main thing is the quality of the fighter.html,qwen2.5:7b,0.5,0.5,,unclear,"URL too short, generic",qwen2.5:72b,,,,,unclear,the main thing is the quality of the fighter.html,unresolved,2
20220102,36,UNITED STATES,,https://news.online.ua/u-zelenskogo-utochnili-vremya-segodnyashnego-razgovora-s-baydenom_n840515/,neutral,Zelensky-specified-the-time-of-today’s-conversation-with-Biden_n840515/,qwen2.5:7b,0.5,0.5,,neutral,No clear migration-related tokens,qwen2.5:72b,,,,,unclear,Zelensky-specified-the-time-of-today’s-conversation-with-Biden_n840515/,unresolved,2
20220102,30,AMERICAN,UKRAINIAN,https://www.lematin.ch/story/joe-biden-assure-au-president-ukrainien-de-son-soutien-face-a-la-russie-753628635749,pull,support-for-russia,qwen2.5:7b,0.5,0.5,,,,qwen2.5:72b,,,,,pull,support-for-russia,url_1,2
20220102,41,UNITED STATES,UKRAINE,https://gazeta.ua/articles/politics/_rozmova-zelenskogo-ta-bajdena-pro-scho-govorili-lideri/1065472,neutral,_rozmova-zelenskogo-ta-baiden-pro-scho-spoken-leaders/1065472,qwen2.5:7b,0.5,0.5,,neutral,No clear migration-related tokens,qwen2.5:72b,,,,,unclear,_rozmova-zelenskogo-ta-baiden-pro-scho-spoken-leaders/1065472,unresolved,2
20220102,46,UNITED STATES,UKRAINE,https://gazeta.ua/articles/politics/_rozmova-zelenskogo-ta-bajdena-pro-scho-govorili-lideri/1065472,neutral,_rozmova-zelenskogo-ta-baiden-pro-scho-spoken-leaders/1065472,qwen2.5:7b,0.5,0.5,,neutral,No clear migration-related tokens,qwen2.5:72b,,,,,unclear,_rozmova-zelenskogo-ta-baiden-pro-scho-spoken-leaders/1065472,unresolved,2
20220102,46,UNITED STATES,UKRAINE,https://gazeta.ua/articles/politics/_rozmova-zelenskogo-ta-bajdena-pro-scho-govorili-lideri/1065472,neutral,_rozmova-zelenskogo-ta-baiden-pro-scho-spoken-leaders/1065472,qwen2.5:7b,0.5,0.5,,neutral,No clear migration-related tokens,qwen2.5:72b,,,,,unclear,_rozmova-zelenskogo-ta-baiden-pro-scho-spoken-leaders/1065472,unresolved,2
20220102,36,UNITED STATES,THE WHITE HOUSE,https://pronedra.ru/v21-pervye-pervye-simptomy-pnevmonii-pomogut-svoevremenno-nachat-lechenie-i-soxranit-zhizn-439639.html,neutral,v21-the first-first-symptoms-of-pneumonia-will-help-to-start-timely-treatment-and-save-life-439639.html,qwen2.5:7b,0.5,0.5,,neutral,No clear migration-related tokens,qwen2.5:72b,,,,,unclear,v21-the first-first-symptoms-of-pneumonia-will-help-to-start-timely-treatment-and-save-life-439639.html,unresolved,2
20220102,36,THE WHITE HOUSE,,https://pronedra.ru/v21-pervye-pervye-simptomy-pnevmonii-pomogut-svoevremenno-nachat-lechenie-i-soxranit-zhizn-439639.html,neutral,v21-the first-first-symptoms-of-pneumonia-will-help-to-start-timely-treatment-and-save-life-439639.html,qwen2.5:7b,0.5,0.5,,neutral,No migration-related tokens,qwen2.5:72b,,,,,unclear,v21-the first-first-symptoms-of-pneumonia-will-help-to-start-timely-treatment-and-save-life-439639.html,unresolved,2
20220102,36,THE WHITE HOUSE,,https://news.online.ua/u-zelenskogo-utochnili-vremya-segodnyashnego-razgovora-s-baydenom_n840515/,neutral,Zelensky-specified-the-time-of-today’s-conversation-with-Biden_n840515/,qwen2.5:7b,0.5,0.5,,neutral,No migration-related tokens,qwen2.5:72b,,,,,unclear,Zelensky-specified-the-time-of-today’s-conversation-with-Biden_n840515/,unresolved,2
20220102,41,THE WHITE HOUSE,,https://pronedra.ru/v21-pervye-pervye-simptomy-pnevmonii-pomogut-svoevremenno-nachat-lechenie-i-soxranit-zhizn-439639.html,neutral,no migration-related tokens,qwen2.5:7b,0.5,0.5,,neutral,No migration-related tokens,qwen2.5:72b,,,,,unclear,no migration-related tokens,unresolved,2
20220102,90,NASA,,http://www.hispantv.com/noticias/ciencia-tecnologia/535007/nasa-asteroide-psyche,neutral,no migration-related tokens,qwen2.5:7b,0.5,0.5,,neutral,No migration-related tokens,qwen2.5:72b,,,,,unclear,no migration-related tokens,unresolved,2
20220102,46,JOE BIDEN,VLADIMIR,https://gazeta.ua/articles/politics/_rozmova-zelenskogo-ta-bajdena-pro-scho-govorili-lideri/1065472,neutral,_rozmova zelenskogo ta bidena pro scho goroli leaders,qwen2.5:7b,0.5,0.5,,neutral,No migration-related tokens,qwen2.5:72b,,,,,unclear,_rozmova zelenskogo ta bidena pro scho goroli leaders,unresolved,2
20220102,30,AMERICAN,UKRAINIAN,https://www.lematin.ch/story/joe-biden-assure-au-president-ukrainien-de-son-soutien-face-a-la-russie-753628635749,push,facing russia,qwen2.5:7b,0.5,0.5,,,,qwen2.5:72b,,,,,push,facing russia,url_1,2
20220102,46,JOE BIDEN,UKRAINE,https://gazeta.ua/articles/politics/_rozmova-zelenskogo-ta-bajdena-pro-scho-govorili-lideri/1065472,neutral,_rozmova zelenskogo ta bidena pro scho goroli leaders,qwen2.5:7b,0.5,0.5,,neutral,No clear migration-related tokens,qwen2.5:72b,,,,,unclear,_rozmova zelenskogo ta bidena pro scho goroli leaders,unresolved,2
20220102,36,THE WHITE HOUSE,UNITED STATES,https://news.online.ua/u-zelenskogo-utochnili-vremya-segodnyashnego-razgovora-s-baydenom_n840515/,neutral,no migration-related tokens,qwen2.5:7b,0.5,0.5,,neutral,No clear migration-related tokens,qwen2.5:72b,,,,,unclear,no migration-related tokens,unresolved,2
20220102,13,VENEZUELAN,VENEZUELA,http://www.hispantv.com/noticias/venezuela/535014/eeuu-confrontacion-dialogos-intervenezolanos,push,confrontation between Venezuelan dialogues,qwen2.5:7b,0.5,0.5,,,,qwen2.5:72b,,,,,push,confrontation between Venezuelan dialogues,url_1,2
20220102,111,VENEZUELAN,VENEZUELA,http://www.hispantv.com/noticias/venezuela/535014/eeuu-confrontacion-dialogos-intervenezolanos,push,confrontation between Venezuelan dialogues,qwen2.5:7b,0.5,0.5,,,,qwen2.5:72b,,,,,push,confrontation between Venezuelan dialogues,url_1,2
20220102,111,VENEZUELAN,,http://www.hispantv.com/noticias/venezuela/535014/eeuu-confrontacion-dialogos-intervenezolanos,push,confrontation between Venezuelan dialogues,qwen2.5:7b,0.5,0.5,,,,qwen2.5:72b,,,,,push,confrontation between Venezuelan dialogues,url_1,2
20220102,13,VENEZUELAN,VENEZUELAN,http://www.hispantv.com/noticias/venezuela/535014/eeuu-confrontacion-dialogos-intervenezolanos,push,confrontation between Venezuelan dialogues,qwen2.5:7b,0.5,0.5,,,,qwen2.5:72b,,,,,push,confrontation between Venezuelan dialogues,url_1,2
20220102,51,CATALAN,,https://sport1.oslobodjenje.ba/s1/fudbal/ino-fudbal/primera/barcelona-slavila-minimalnu-pobjedu-protiv-mallorce-721769,neutral,no migration-related tokens,qwen2.5:7b,0.5,0.5,,neutral,No clear migration-related tokens,qwen2.5:72b,,,,,unclear,no migration-related tokens,unresolved,2
