sqldate,eventcode,actor1name,actor2name,sourceurl,pressure_url_1,reason_url_1,model_url_1,pressure_url_2,reason_url_2,model_url_2,article_text,pressure_article,reason_article,model_article,pressure_final,reason_final,final_source,mode_used
20210101,130,GERMANY,,https://www.e110.de/terrorakte-vielleicht-verhindert/,push,'acts of terrorism',mistral:7b,,,,,,,mistral:7b,push,'acts of terrorism',url_1,4
20220101,43,,CHILE,http://www.funkuhr.de/fernsehprogramm/sendungsdetails/169446982/pumas-in-der-wildnis-patagoniens.html,neutral,,mistral:7b,,,,,,,mistral:7b,neutral,,url_1,4
20220101,112,,CRIMINAL,https://www.brasil247.com/brasil/bolsonaro-e-eleito-corrupto-do-ano-por-consorcio-internacional,unclear,,mistral:7b,,,,"(ANSA) - O presidente Jair Bolsonaro foi eleito ""Personalidade do Ano"" por seu papel na promoção do crime organizado e da corrupção pelo Organized Crime and Corruption Reporting Project (OCCRP), um consórcio internacional que reúne jornalistas investigativos e centros de mídia independente.

""Eleito após o escândalo da Lava Jato como candidato anticorrupção, Bolsonaro se cercou de figuras corruptas, usou propaganda para promover sua agenda populista, minou o sistema de justiça e travou uma guerra destrutiva contra a região da Amazônia que enriqueceu alguns dos piores proprietários de terras do país"", afirma o OCCRP.

Segundo o relatório, Bolsonaro venceu ""por pouco"" outros dois líderes populistas, o presidente dos Estados Unidos, Donald Trump, e o líder turco, Recep Tayyp Erdogan, que também causaram ""grandes danos aos seus países, regiões e ao mundo"".

O texto enfatiza que ambos os políticos ""lucraram com a propaganda, minaram as instituições democráticas em seus países, politizaram seus sistemas de justiça, rejeitaram acordos multilaterais, recompensaram círculos internos corruptos e moveram seus países da lei e da ordem democráticas para a autocracia"".

Além disso, o consórcio destaca a denúncia contra o senador Flávio Bolsonaro, filho do presidente, no caso das ""rachadinhas"" na Assembleia Legislativa do Rio de Janeiro (Alerj), quando ele era deputado estadual.

As investigações contra o vereador Carlos Bolsonaro, outro filho do mandatário, também por um suposto esquema de repartição de salários de assessores; a verba depositada por Fabrício Queiroz na conta da primeira-dama, Michele Bolsonaro; e as denúncias contra o próprio Bolsonaro também foram ressaltadas no documento.

De acordo com Drew Sullivan, editor do OCCRP e um dos nove jurados, as acusações paira sobre os familiares do líder brasileiro. ""A família de Bolsonaro e seu círculo íntimo parecem estar envolvidos em uma conspiração criminosa em andamento e têm sido regularmente acusados de roubar do povo."" disse Sullivan.

""Essa é a definição de livro de uma gangue do crime organizado"". A publicação cita ainda que o prefeito afastado do Rio, Marcello Crivella, ""amigo e aliado"" do presidente, foi preso por liderar uma organização criminosa.

Amazônia - O consórcio internacional enfatizou que as ações do Bolsonaro ""não afetam apenas o Brasil"", porque ele ""abriu grandes extensões da Amazônia para a exploração por aqueles que já haviam se beneficiado da destruição da região crítica e ameaçada"".

""A destruição contínua da Amazônia está ocorrendo por causa de escolhas políticas corruptas feitas por Bolsonaro. Ele encorajou e alimentou os incêndios devastadores"", afirmou o jurado Rawan Damen, diretor do Arab Reporters for Investigative Journalism.

Para ele, ""Bolsonaro fez campanha com o compromisso explícito de explorar - ou seja, destruir - a Amazônia, que é vital para o meio ambiente global"".

O presidente da Rússia, Vladimir Putin, e o líder das Filipinas, Rodrigo Duterte, também já venceram a premiação.

Assine o 247, apoie por Pix, inscreva-se na TV 247, no canal Cortes 247 e assista:",push,"The article discusses Bolsonaro's involvement in corruption, undermining democratic institutions, and destructive actions towards the Amazon region, which may lead to people leaving Brazil",mistral:7b,push,"The article discusses Bolsonaro's involvement in corruption, undermining democratic institutions, and destructive actions towards the Amazon region, which may lead to people leaving Brazil",article,4
20220101,46,,AUTHORITIES,https://ria.ru/20220102/status-1766397981.html,unclear,,mistral:7b,,,,"ООН, 2 янв — РИА Новости. Статус персоны нон грата неприменим к сотрудникам Статус персоны нон грата неприменим к сотрудникам ООН — так официальный представитель генсека организации Стефан Дюжаррик прокомментировал решение властей самопровозглашенной республики Косово в отношении российского дипломата.

« ""Нам стало известно о том, что власти Косово объявили персоной нон грата сотрудника миссии ООН в Косово (МООНК). Никакого официального уведомления от властей Косово по поводу этого объявления миссии не поступало"", — сказал он.

Представитель генсека подчеркнул, что доктрина персоны нон грата неприменима к сотрудникам ООН и не предусмотрена в постановлении 2000/47 МООНК (о статусе, привилегиях и иммунитете СДК и МООНК и их персонала в Косово).

По словам Дюжаррика, любые обеспокоенности, связанные с сотрудниками миссии ООН в Косово, следует направлять ее руководству, чтобы оно могло решить этот вопрос в соответствии со статусом, привилегиями и иммунитетом самой миссии и ее персонала.

""МООНК и штаб-квартира ООН принимают соответствующие меры для обеспечения безопасности сотрудника и находятся в связи с этой ситуацией в контакте с соответствующими властями"", — заключил Дюжаррик.

Приштина 31 декабря объявила персоной нон-грата сотрудника миссии ООН из России за якобы несовместимую с дипломатическим статусом деятельность. Российское посольство в Сербии назвало это решение провокацией, ""предпринятой, дабы выслужиться перед западными менторами"".

Это не первый подобный случай: в октябре косовский МИД объявил персонами нон грата двух дипломатов в канцелярии российского посольства в Сербии, которые постоянно работают в Приштине. МИД тогда призвал МООНК и международные Силы для Косово обеспечить надежную безопасность и необходимые условия для полноценной работы российского персонала в Косово.

Республика Косово — частично признанное государство на Балканском полуострове . Согласно Конституции Сербии , входит в состав страны как Автономный край Косово и Метохия, однако Белград фактически не контролирует большую часть региона.

В 1990-х здесь развернулась война между югославской армией и албанскими вооруженными формированиями. Конфликт сопровождался массовыми репрессиями и этническими чистками: албанские сепаратисты разрушили многие памятники православной культуры. В 1999 году НАТО вмешалась в вооруженное противостояние и подвергла бомбардировкам города и военные объекты Югославии . В результате Белград был вынужден согласиться на ввод в Косово военного контингента Североатлантического альянса. Область перешла под управление ООН",unclear,The article primarily discusses the diplomatic status of a Russian diplomat in Kosovo and does not explicitly mention factors that would indicate migration pressure.,mistral:7b,unclear,The article primarily discusses the diplomatic status of a Russian diplomat in Kosovo and does not explicitly mention factors that would indicate migration pressure.,article,4
20220101,110,,PRIME MINISTER,https://www.aftenposten.no/verden/i/OrevnE/foerste-nyttaarsdag-ble-det-registrert-over-160000-koronatilfeller-i-en,neutral,,mistral:7b,,,,,,,mistral:7b,neutral,,url_1,4
20220101,190,,PRESIDENT,https://alquds.com/2022/01/01/%D8%A5%D8%B5%D8%A7%D8%A8%D8%A7%D8%AA-%D8%AE%D9%84%D8%A7%D9%84-%D9%85%D9%88%D8%A7%D8%AC%D9%87%D8%A7%D8%AA-%D9%81%D9%8A-%D8%A8%D8%B1%D9%82%D8%A9/,unclear,,mistral:7b,,,,,unclear,,mistral:7b,unclear,,article,4
20220101,42,,ITALIAN,https://www.interris.it/copertina/perno-opbg-omicron-bambini/,neutral,,mistral:7b,,,,,,,mistral:7b,neutral,,url_1,4
20220101,51,,WORKER,https://www.franceguyane.fr/actualite/social/mobilisation-sociale-a-pointe-a-pitre-elie-domota-a-ete-arrete-493999.php,pull|push,'social-mobilization',mistral:7b,,,,,,,mistral:7b,pull|push,'mobilisation-sociale',url_1,4
20220101,51,,WORKER,https://www.franceguyane.fr/actualite/social/mobilisation-sociale-a-pointe-a-pitre-elie-domota-a-ete-arrete-493999.php,push,'elie-domota',mistral:7b,,,,,,,mistral:7b,push,'elie-domota',url_1,4
20220101,1823,,MILITARY,https://www.franceguyane.fr/actualite/france/feminicides-deux-hommes-en-garde-a-vue-le-jour-du-nouvel-an-494064.php,neutral,,mistral:7b,,,,,,,mistral:7b,neutral,,url_1,4
20220101,43,,POLE,https://as.com/futbol/2022/01/01/primera/1641057005_745473.html,pull,'soccer',mistral:7b,,,,,,,mistral:7b,pull,'futbol',url_1,4
20220101,51,,SAUDI ARABIA,https://www.okaz.com.sa/news/na/2092790,unclear,'okaz.com.sa/news/na/',mistral:7b,,,,"أحمد الشميري «عكاظ» (جدة،الرياض) a_shmeri@

‏ثمن وزير الإعلام اليمني معمر الإرياني، المواقف الأخوية والدعم اللامحدود من تحالف دعم الشرعية بقيادة السعودية التي قدمت الغالي والنفيس لنصرة اليمن، وإسناده في معركة استعادة الدولة وإسقاط الانقلاب الحوثي، بتوجيهات كريمة من خادم الحرمين الشريفين الملك سلمان بن عبدالعزيز، وولي العهد الأمير محمد بن سلمان.



ونوه بالجهود الاستثنائية النبيلة التي بذلها نائب وزير الدفاع الأمير خالد بن سلمان، وكذلك قائد القوات المشتركة الفريق الركن مطلق بن سالم الأزيمع، وكل المعنيين الذي يعملون ليل نهار لدعم اليمنيين في معركتهم المصيرية، مؤكدا بقوله «لن ننسى هذه المواقف النبيلة للأشقاء».



وأشاد الإرياني بتوحد أيادي وإرادة اليمنيين في التصدي للغزو الفارسي وأذياله من مليشيا الإرهاب الحوثية في جبهات مأرب والجوف وتعز والضالع وشبوة والحديدة والبيضاء، ومواقفهم في صوالين الساسة ودهاليز السياسة وصفحات المواقع الإخبارية والنشطاء في منصات التواصل الاجتماعي.



وقال في سلسلة تغريدات عبر حسابه في «تويتر» أمس (السبت): استثمر النظام الإيراني خلافات القوى السياسية للدفع بمليشيا الحوثي لقلب الطاولة على الجميع، للانقلاب على مخرجات مؤتمر الحوار الوطني الشامل، واحتلال العاصمة المختطفة صنعاء، والبدء بعمليات تجريف ممنهج لمؤسسات الدولة والهوية الوطنية والعربية، وتدمير النسيج الاجتماعي والسلم الأهلي.



وأضاف: اشتغلت مليشيا الحوثي على اختراق الجبهة الوطنية عبر بعض المواقع والصفحات لخلخلة الصفوف وتغذية الخلافات وتعميقها، وشغل اليمنيين بمعارك ثانوية وصرفهم عن معركتهم المصيرية، وما زالت تراهن على الانقسامات لتمرير مشروعها السرطاني بأحقاده التاريخية وخلفياته العقائدية المستوردة من طهران.



وأكد أن ما يحدث على الأرض من ترتيبات عسكرية بدعم من تحالف دعم الشرعية، لتغيير مسار المعركة من الدفاع للهجوم واستعادة ما تم فقدانه من الأراضي المحررة، وتحرير كل شبر من التراب اليمني، يحتم على القوى السياسية وكافة الإعلاميين والصحفيين ترك خلافاتهم والتوحد خلف الجيش اليمني والمقاومة.



وجدد الإرياني دعوة كافة القوى السياسية والإعلاميين والصحفيين للاستفادة من دروس الماضي، وتجاوز خلافاتهم وتوحيد الصف والجهود خلف الشرعية اليمنية بقيادة الرئيس عبدربه منصور هادي، إدراكا لخطورة المعركة، وتقديرا للدماء الطاهرة التي سكبت في مختلف جبهات القتال دفاعا عن الوطن ومكتسباته.



من جهة أخرى نجح الجيش اليمني الوطني بإسناد من تحالف دعم الشرعية في استنزاف وإفشال مخططات الانقلاب الإرهابية، ما تسبب في تفاقم الصراعات وحالات التصفية الداخلية بين أجنحة المليشيا في المديريات الجنوبية لمحافظة مأرب. وقالت مصادر قبلية لـ«عكاظ»، إن مسلحاً حوثياً أطلق الرصاص الحي على الزعيم القبلي صالح القاضي المعين وكيلاً لمحافظة مأرب من قبل الحوثي في منزله، (الخميس) الماضي، وأرداه قتيلاً .



وأضافت المصادر أن سيناريو الاضطرابات النفسية محاولة للتغطية على عملية التصفية المتعمدة، خصوصاً بعد تكتم المليشيا على الحادثة ونقل جثة الزعيم القبلي الذي ينتمي إلى قبلية مراد إلى صنعاء، مؤكدة أن التصفية جاءت على خلفية نجاحات الجيش اليمني في شبوة وسيطرته على مديرية عسيلان ما تتسبب في فرض حصار على العناصر الحوثية (جنوبي مأرب). وأفادت بأن القاضي من الشخصيات التي سهلت دخول المليشيا إلى مناطقه ورغم ذلك جرت تصفيته عل غرار ما حدث لموالين في محافظات عمران وصعدة. وفجرت مليشيا الحوثي في مديرية الجوبة (جنوبي مأرب) منزل مبخوت الفقير في منطقة الخثلة بعد أن زرعت فيه عبوات ناسفة من الداخل، ووفقاً لمصادر قبلية، فإن عشرات المنازل جرى تفجيرها خلال اليومين الماضيين في الجوبة.",push,"War, violence, and persecution from Houthi rebellion",mistral:7b,push,"War, violence, and persecution from Houthi rebellion",article,4
20220101,51,,SAUDI ARABIA,https://www.okaz.com.sa/news/na/2092790,unclear,'okaz.com.sa/news/na/',mistral:7b,,,,"أحمد الشميري «عكاظ» (جدة،الرياض) a_shmeri@

‏ثمن وزير الإعلام اليمني معمر الإرياني، المواقف الأخوية والدعم اللامحدود من تحالف دعم الشرعية بقيادة السعودية التي قدمت الغالي والنفيس لنصرة اليمن، وإسناده في معركة استعادة الدولة وإسقاط الانقلاب الحوثي، بتوجيهات كريمة من خادم الحرمين الشريفين الملك سلمان بن عبدالعزيز، وولي العهد الأمير محمد بن سلمان.



ونوه بالجهود الاستثنائية النبيلة التي بذلها نائب وزير الدفاع الأمير خالد بن سلمان، وكذلك قائد القوات المشتركة الفريق الركن مطلق بن سالم الأزيمع، وكل المعنيين الذي يعملون ليل نهار لدعم اليمنيين في معركتهم المصيرية، مؤكدا بقوله «لن ننسى هذه المواقف النبيلة للأشقاء».



وأشاد الإرياني بتوحد أيادي وإرادة اليمنيين في التصدي للغزو الفارسي وأذياله من مليشيا الإرهاب الحوثية في جبهات مأرب والجوف وتعز والضالع وشبوة والحديدة والبيضاء، ومواقفهم في صوالين الساسة ودهاليز السياسة وصفحات المواقع الإخبارية والنشطاء في منصات التواصل الاجتماعي.



وقال في سلسلة تغريدات عبر حسابه في «تويتر» أمس (السبت): استثمر النظام الإيراني خلافات القوى السياسية للدفع بمليشيا الحوثي لقلب الطاولة على الجميع، للانقلاب على مخرجات مؤتمر الحوار الوطني الشامل، واحتلال العاصمة المختطفة صنعاء، والبدء بعمليات تجريف ممنهج لمؤسسات الدولة والهوية الوطنية والعربية، وتدمير النسيج الاجتماعي والسلم الأهلي.



وأضاف: اشتغلت مليشيا الحوثي على اختراق الجبهة الوطنية عبر بعض المواقع والصفحات لخلخلة الصفوف وتغذية الخلافات وتعميقها، وشغل اليمنيين بمعارك ثانوية وصرفهم عن معركتهم المصيرية، وما زالت تراهن على الانقسامات لتمرير مشروعها السرطاني بأحقاده التاريخية وخلفياته العقائدية المستوردة من طهران.



وأكد أن ما يحدث على الأرض من ترتيبات عسكرية بدعم من تحالف دعم الشرعية، لتغيير مسار المعركة من الدفاع للهجوم واستعادة ما تم فقدانه من الأراضي المحررة، وتحرير كل شبر من التراب اليمني، يحتم على القوى السياسية وكافة الإعلاميين والصحفيين ترك خلافاتهم والتوحد خلف الجيش اليمني والمقاومة.



وجدد الإرياني دعوة كافة القوى السياسية والإعلاميين والصحفيين للاستفادة من دروس الماضي، وتجاوز خلافاتهم وتوحيد الصف والجهود خلف الشرعية اليمنية بقيادة الرئيس عبدربه منصور هادي، إدراكا لخطورة المعركة، وتقديرا للدماء الطاهرة التي سكبت في مختلف جبهات القتال دفاعا عن الوطن ومكتسباته.



من جهة أخرى نجح الجيش اليمني الوطني بإسناد من تحالف دعم الشرعية في استنزاف وإفشال مخططات الانقلاب الإرهابية، ما تسبب في تفاقم الصراعات وحالات التصفية الداخلية بين أجنحة المليشيا في المديريات الجنوبية لمحافظة مأرب. وقالت مصادر قبلية لـ«عكاظ»، إن مسلحاً حوثياً أطلق الرصاص الحي على الزعيم القبلي صالح القاضي المعين وكيلاً لمحافظة مأرب من قبل الحوثي في منزله، (الخميس) الماضي، وأرداه قتيلاً .



وأضافت المصادر أن سيناريو الاضطرابات النفسية محاولة للتغطية على عملية التصفية المتعمدة، خصوصاً بعد تكتم المليشيا على الحادثة ونقل جثة الزعيم القبلي الذي ينتمي إلى قبلية مراد إلى صنعاء، مؤكدة أن التصفية جاءت على خلفية نجاحات الجيش اليمني في شبوة وسيطرته على مديرية عسيلان ما تتسبب في فرض حصار على العناصر الحوثية (جنوبي مأرب). وأفادت بأن القاضي من الشخصيات التي سهلت دخول المليشيا إلى مناطقه ورغم ذلك جرت تصفيته عل غرار ما حدث لموالين في محافظات عمران وصعدة. وفجرت مليشيا الحوثي في مديرية الجوبة (جنوبي مأرب) منزل مبخوت الفقير في منطقة الخثلة بعد أن زرعت فيه عبوات ناسفة من الداخل، ووفقاً لمصادر قبلية، فإن عشرات المنازل جرى تفجيرها خلال اليومين الماضيين في الجوبة.",push,"War, violence, persecution from Houthi insurgency",mistral:7b,push,"War, violence, persecution from Houthi insurgency",article,4
20220101,20,,INTELLIGENCE,https://www.diariolaprovinciasj.com/elpais/2022/1/1/cuales-son-los-sectores-que-tendran-mayor-demanda-laboral-en-2022-165873.html,pull,'labour-demand',mistral:7b,,,,,,,mistral:7b,pull,'labour-demand',url_1,4
20220101,42,,VENEZUELAN,https://noticias.uol.com.br/ultimas-noticias/efe/2022/01/01/chanceler-venezuelano-pede-que-bolsonaro-aprove-transferencia-de-migrantes.htm,push,'pede-that-bolsonaro-aprove-transfer-of-migrants',mistral:7b,,,,,,,mistral:7b,push,'pede-que-bolsonaro-aprove-transferencia-de-migrantes',url_1,4
20220101,20,,BASQUE,https://omirante.pt/cavaleiro-andante/2022-01-01-Em-Abrantes-nada-como-dantes-a2fb5365,neutral,'Em-Abrantes-nothing-like-before-a2fb5365',mistral:7b,,,,,,,mistral:7b,neutral,'Em-Abrantes-nada-como-dantes-a2fb5365',url_1,4
20220101,50,,CATALAN,https://sport1.oslobodjenje.ba/s1/fudbal/ino-fudbal/primera/postigao-dogovor-sa-kataloncima-barcelona-sljedeceg-ljeta-dobija-veliko-pojacanje-721568,pull,'gets-a-big-boost',mistral:7b,,,,,,,mistral:7b,pull,'gets-a-big-boost',url_1,4
20220101,51,,INDIGENOUS,https://g1.globo.com/mundo/noticia/2022/01/01/a-epidemia-de-desaparecimentos-de-indigenas-que-intriga-os-eua.ghtml,push,'epidemic-of-disappearances-of-indigenous',mistral:7b,,,,,,,mistral:7b,push,'epidemia-de-desaparecimentos-de-indigenas',url_1,4
20220101,51,,INDIGENOUS,https://g1.globo.com/mundo/noticia/2022/01/01/a-epidemia-de-desaparecimentos-de-indigenas-que-intriga-os-eua.ghtml,push,'epidemic-of-disappearances-of-indigenous',mistral:7b,,,,,,,mistral:7b,push,'epidemia-de-desaparecimentos-de-indigenas',url_1,4
20220101,161,MADEIRA,,https://www.akhbarona.com/last/340605.html,unclear,'akhbarona.com/last/340605.html',mistral:7b,,,,"اضطر نحو ثلاثة آلاف شخص من ركاب سفينة سياحية ألمانية قضاء عشية رأس السنة في مكان غير مخطط له في لشبونة بسبب فيروس كورونا، بينما لم يتضح متى سوف يسمح للسفينة بمواصلة رحلتها.



ونظراً لوجود عشرات الإصابات بين أفراد طاقم السفينة، جرى تأجيل إبحار السفينة ""عايدة نوفا"" الراسية في ميناء مدينة العاصمة البرتغالية حتى بدء العام الجديد.



وجاء في بيان للشركة أن المصابين أعراضهم خفيفة فقط ويتلقون الرعاية الطبية.



وقال ديوجو فييرا برانكو مدير ميناء لشبونة لوكالة الأنباء البرتغالية (لوسا) إن 52 فرداً من الطاقم البالغ 1353 فرداً في ""عايدة نوفا"" جاءت نتائجهم إيجابية للفيروس. وأضاف برانكو أنه كان هناك 2844 سائحاً على متن السفينة ولا يوجد بينهم أي مصاب بكورونا.



وجرى إلغاء الرحلة المقررة لمشاهدة الألعاب النارية عشية العام الجديد فوق ميناء فونشال في جزيرة ماديرا الواقعة بالمحيط الأطلسي، ما أفسد عشية رأس السنة والمزاج الاحتفائي لبعض الركاب، بحسب منشورات على مواقع التواصل الاجتماعي.



وقالت شركة عايدة كروزس للرحلات البحرية السياحية إنها مددت بقاء سفينتها ""عايدة نوفا"" في الميناء حتى العام الجديد بعدما كشفت اختبارات دورية وجود إصابات بالفيروس، مضيفة أن أولئك المصابين موجودون حالياً على البر وأنها تنسق مع السلطات المحلية.



وصرحت الشركة لوكالة الأنباء الألمانية أنه لا يُسمح للركاب الذين تزيد أعمارهم عن 12 عامًا وأفراد الطاقم بمغادرة السفينة، وأشارت الشركة إلى أن جميع الركاب الذين تزيد أعمارهم عن 12 عامًا والطاقم قد تم تطعيمهم وأنهم قد خضوا لاختبار الأجسام المضادة واختبار بي سي آر قبل الإبحار.",neutral,"The article is not clearly about migration-driving conditions, it is discussing a cruise ship issue due to COVID-19 in Portugal",mistral:7b,neutral,"The article is not clearly about migration-driving conditions, it is discussing a cruise ship issue due to COVID-19 in Portugal",article,4
20220101,112,BRAZIL,CRIMINAL,https://www.brasil247.com/brasil/bolsonaro-e-eleito-corrupto-do-ano-por-consorcio-internacional,neutral,none,mistral:7b,,,,,,,mistral:7b,neutral,none,url_1,4
20220101,112,BRAZIL,CRIMINAL,https://www.brasil247.com/brasil/bolsonaro-e-eleito-corrupto-do-ano-por-consorcio-internacional,neutral,none,mistral:7b,,,,,,,mistral:7b,neutral,none,url_1,4
20220101,100,BUSINESS,,https://pronedra.ru/znaki-vostochnogo-kalendarya-po-godu-rozhdeniya-kotorym-povezet-v-2022-godu-628853.html,unclear,none,mistral:7b,,,,"Знаки восточного календаря по году рождения, которым повезет в 2022 году

Каждый новый год несет перемены, а какими они будут, зависит от того, насколько благосклонным окажется тотемное животное. В 2022 году повезет нескольким знакам восточного календаря. Также удача улыбнется тем, кто заслужит благоволение Тигра.

Об этом рассказывает kp.ru

Астрологи составили гороскоп для знаков по году рождения. Тигр примет бразды правления от Быка 1 февраля в 2022 году. Пора узнать, что ждет каждого в следующие 12 месяцев.

Каким восточным знакам по году рождения повезет в 2022 году

Крыса (1948, 1960, 1972, 1984, 1996, 2008) – астрологи сулят вам на 2022 год Тигра много путешествий, увлекательных поездок. Обязательно соглашайтесь на командировки – их результат будет оправдан. Окружающие будут покорены вашей харизмой, появятся новые друзья. Рутинной работой заниматься не рекомендуется – могут возникать различные сложности.

Бык (1949, 1961, 1973, 1985, 1997, 2009) – год Тигра будет наполнен приятными событиями, которые не забудутся до конца жизни. Трудолюбие, терпеливость и реализм претят символу 2022 года. Следующие 12 месяцев ознаменуются стабильностью и уверенностью. Появится возможность неплохо заработать.

Змея (1941, 1953, 1965, 1977, 1989, 2001, 2013) – астрологи рекомендуют в год Тигра заняться собственным здоровьем, избавиться от депрессии, невроза, панических атак. Благодаря самообладанию и выдержке вы добьетесь желаемого. В 2022 году произойдут изменения на работе: кто-то «положил глаз» на ваше место.

Коза (1943, 1955, 1967, 1979, 1991, 2003, 2015) – в новом 2022 году ожидается полный штиль. Для формирования стабильного финансового потока придется усилить работоспособность. Влиятельный человек поможет с работой: научитесь договариваться, идти на компромисс.

Свинья (1947, 1959, 1971, 1983, 1995, 2007) – год Тигра будет комфортным для вас. Новая сфера деятельности увлечет, предоставит новые возможности. Найдите хобби по душе, заведите новые знакомства, полезные связи. Займитесь личной жизнью.

Кому будет благоволить Тигре в 2022 году

Тигр (1950, 1962, 1974, 1986, 1998, 2010) – в новом году ваш круг общения значительно расширится, и вы заручитесь поддержкой новых знакомых. В «свой» год вы составите достойную конкуренцию «акулам» бизнеса, заслужите авторитет своим упрямством и настойчивостью. Новый 2022 год будет финансово стабильным.

Кот/Кролик (1951, 1963, 1975, 1987, 1999, 2011) – получаемая информация будет быстро усваиваться. Проведите анализ своих действий, запишитесь на интересные курсы. Год Тигра будет благоприятным для создания крепкой семьи и рождения ребенка.

Петух (1945, 1957, 1969, 1981, 1993, 2005) – 2022 год активного самовыражения будет у вас. Благодаря тому, что вы умеет открыто себя проявить, станете независимым, свободолюбивым. Все конфликты с разногласиями будут решены в кратчайшие сроки.

Восточный гороскоп на 2022 год: настоящие счастливчики

Дракон (1940, 1952, 1964, 1976, 1988, 2000, 2012) – энергия, мужество, терпение, мудрость помогут принять эффективные и нестандартные решения, которые приведут к карьерному росту. В год Тигра укрепятся родственные связи, будут запущены интересные и прибыльные проекты.

Лошадь (1942, 1954, 1966, 1978, 1990, 2002, 2014) – благоприятным станет для вас 2022 год Тигра, если будете развивать коммуникативные способности. Вы легко находите общий язык с незнакомцами, у вас много друзей. Новые лица в кругу общения помогут устроиться на хорошую работу. Важные дела будут решены в кратчайшие сроки, улучшатся отношения с партнером.

Обезьяна (1944, 1956, 1968, 1980, 1992, 2004, 2016) – грядет хороший и счастливый год для вас. Тигр будет благоволить тем, кто захочет заниматься благотворительностью. Астрологи рекомендуют заниматься творческими и активными работами, максимум времени проводить с родственниками, устанавливать новые семейные традиции.

Собака (1946, 1958, 1970, 1982, 1994, 2006) – в год Тигра вы получите много знаний и навыков, которые успешно примените в ближайшее время, и получите за это хорошее вознаграждение. Год будет действительно счастливым, финансово стабильным, главное – избегать авантюр и неоправданных рисков.",neutral,"The article is about Chinese zodiac signs and their fortunes for the year 2022, not conditions that may cause people to leave or arrive in a country.",mistral:7b,neutral,"The article is about Chinese zodiac signs and their fortunes for the year 2022, not conditions that may cause people to leave or arrive in a country.",article,4
20220101,90,COMPANY,ADMINISTRATION,https://www.republika.co.id/berita/r520kx430/jepang-bantu-perusahaan-bill-gates-bangun-reaktor-nuklir,pull,Japan helps Bill Gates' company build a nuclear reactor,mistral:7b,,,,,,,mistral:7b,pull,Japan helps Bill Gates' company build a nuclear reactor,url_1,4
20220101,112,COMPANIES,REPRESENTATIVES,https://www.alarab.com/Article/1018144,unclear,none,mistral:7b,,,,"أعلن الادعاء العام في ولاية نيويورك الأمريكية أن ""هيئة المحلفين خلصت إلى أن شركة ""تيفا"" الإسرائيلية للأدوية وشركاءها، مسؤولون عن موت ودمار ألحقوه بالشعب الأمريكي"".

وجاء ذلك بعد محاكمة تاريخية في قضية ""المواد الأفيونية"" (مسكنات الألم الأفيونية) التي استمرت ستة أشهر، وشملت أكثر من عشر شركات ثبتت براءة الكثير منها، لتبقى شركة ""تيفا"" والشركات التابعة لها في قفص الاتهام.

وقامت الدعوى التي حركتها ولاية نيويورك ومقاطعتا ناسو، وسوفولك، على أساس أن الشركات المذكورة ضللت الناس بشأن الخطر الحقيقي للمواد الأفيونية التي روجت لها.

وألقى ممثلو الادعاء باللوم على شركة ""تيفا"" والشركات التابعة لها في خلق ""آفة المواد الأفيونية""، واتهم المدعون شركات الأدوية بتغذية الوباء الذي أودى بحياة الآلاف وأصاب ملايين آخرين.

وجاء في الدعوى القضائية أن ""المصنعين والموزعين دفعوا بشكل جنوني نحو الترويج لمسكنات الألم الأفيونية إلى مجتمعات نيويورك مع عدم التحذير من المخاطر والإدمان الناشئ عن تعاطيها"".بينما قال مسؤولو الولاية والمقاطعة، إضافة إلى عائلات الضحايا إنهم ""يريدون تحميل شركات الأدوية المسؤولية عن الوفيات والبؤس الناجم عن وباء المواد الأفيونية"".

وقد رفضت ""تيفا"" بشدة نتيجة اليوم وأعلنت أنها تستعد لاستئناف سريع للطعن بالقرار.ومن المقرر أن تُعقد محاكمة أخرى لتحديد المبلغ الذي سيُطلب من ""تيفا"" وآخرين، والذي سيتم إضافته إلى مبلغ مقرر مسبقا يصل إلى مليار ونصف المليار دولار أمريكي.",push,"Pharmaceutical companies are accused of misleading New York communities about the dangerous effects of certain drugs, leading to deaths and illnesses.",mistral:7b,push,"Pharmaceutical companies are accused of misleading New York communities about the dangerous effects of certain drugs, leading to deaths and illnesses.",article,4
20220101,60,SWITZERLAND,,https://evz.ro/sinuciderea-asistata-este-acum-legala-austria-este-tara-care-a-decis-sa-curme-suferintele-bolnavilor.html,pull,assisted suicide is now legal in austria,mistral:7b,,,,,,,mistral:7b,pull,sinuciderea asistata este acum legala austria,url_1,4
20220101,81,SWITZERLAND,,https://evz.ro/sinuciderea-asistata-este-acum-legala-austria-este-tara-care-a-decis-sa-curme-suferintele-bolnavilor.html,push,assisted suicide is now legal in austria,mistral:7b,,,,,,,mistral:7b,push,sinuciderea asistata este acum legala austria,url_1,4
20220101,42,CHILE,,http://www.funkuhr.de/fernsehprogramm/sendungsdetails/169446982/pumas-in-der-wildnis-patagoniens.html,unclear,none,mistral:7b,,,,"Tagestipps 10.03.2026

Die Notärztin Alte Muster (S:2 E: 3) TIPP 20:15

Das Erste Drama (D 2026) Mit : Sabrina Amali, Max Hemmersdorfer, Paul Zichner, Anna Katharina Schimrigk, Johannes Kienast

Ein Einsatz bei einem autistischen Jugendlichen fordert Dr. Nina Haddad emotional stark. Während sie für ihn einen Betreuungsplatz sucht, vernachlässigt sie ihr Privatleben und verpasst ein Treffen mit ihrem Freund Philipp. Ihr Kollege Markus kämpft nach seiner Zwangsversetzung in die Leitstelle mit Rollenverlust und Selbstzweifeln. Billy leidet unter Übermüdung und sorgt sich um ihre Mutter.

Die chinesische Mafia auf dem Vormarsch Eine Krake wird geboren (E: 1/3) TIPP 20:15

Arte Geschichte (F 2021) Mit : Laurent Stocker

Die Triaden entstanden im 17. Jahrhundert als Geheimbünde und entwickelten sich nach und nach zu kriminellen Organisationen. Nach den Opiumkriegen in der Mitte des 19. Jahrhunderts gelangten sie durch den Drogenhandel zu so viel Macht, dass sie auf die Gründung der chinesischen Republik 1949 Einfluss nehmen konnten. Nach dem Zweiten Weltkrieg unter Machthaber Mao Tsetung waren die Triaden dazu gezwungen, das Land zu verlassen – aber nur vorübergehend.

Behringer und die Toten – Ein Bamberg-Krimi Rivus (S:3 E: 2) TIPP 20:15

RTL Krimi (D 2026) Mit : Antoine Monot, Jr., Cosima Henman, Wanda Perdelwitz, Jonas Laux, Jessica Ginkel

Nach dem Armbrustmord an einer Trainerin ermitteln Behringer und sein Team in der Welt eines elitären Ruderclubs – der geprägt ist von Ehrgeiz, Intrigen und Geheimnissen. Und bevor die Wahrheit ans Licht kommt, schlägt der Killer erneut zu.

RONZHEIMER Bürokratie-Wahnsinn (S:2 E: 3) TIPP 20:15

Sat.1 Gesellschaft (D 2026) Moderator : Paul Ronzheimer

Der Bürokratie-Wahnsinn in Deutschland offenbart absurde Auswüchse: Eine Frau muss jährlich den Verlust ihres Beines nachweisen, eine Landwirtin muss ein Fahrtenbuch für eine Sackkarre führen, und eine Gemeinde wartet seit 50 Jahren auf einen Radweg. Dieser nicht enden wollende Kampf mit den Behörden zermürbt die Bürger und schürt Hass auf Beamte. Im Fokus steht die Frage, was die Regierung dagegen plant.

TV total (E: 181) TIPP 20:15

Pro 7 Lustspiel/Schwank (D 2026) Moderator : Sebastian Pufpaff

Mit spitzer Zunge kommentiert Moderator Sebastian Pufpaff die Highlights und außergewöhnlichsten Clips, die es in der letzten Woche in Fernsehen, Sozialen Medien und den Abgründen des Internets zu bestaunen gab. Dabei nimmt er auch Gesellschaft und Politik gerne aufs Korn. Außerdem lädt er Schauspieler und Comedians ins Studio ein und bietet Musikern eine Bühne für ihre neuesten Hits.

Die Welpen kommen – Mit Martin Rütter (S:6 E: 5) TIPP 20:15

VOX Familie (D 2026)

Tina Schütz nimmt den geretteten Welpen Jabba auf, während Familie Zeller ihre Schäferhündin Elea erzieht. Anke Schwarze sucht Hilfe für ihre Tervueren-Dame Csilla, die Probleme mit den Enkeln hat.",unclear,The article does not contain clear information about migration-driving conditions or factors related to people leaving or arriving at a specific country.,mistral:7b,unclear,The article does not contain clear information about migration-driving conditions or factors related to people leaving or arriving at a specific country.,article,4
20220101,54,CHINA,EMBASSY,https://gordonua.com/news/worldnews/kitay-otkryl-posolstvo-v-nikaragua-posle-vozobnovleniya-diplomaticheskih-otnosheniy-1589047.html,pull,China opened an embassy in Nicaragua,mistral:7b,,,,,,,mistral:7b,pull,China opened an embassy in Nicaragua,url_1,4
20220101,20,COLOMBIA,COLOMBIA,https://www.colombia.com/actualidad/nacionales/12415-contagios-por-la-covid-19-registra-colombia-en-el-primer-dia-del-ano-2022-333346,push,Covid-19 infections registered in Colombia on the first day of the year 2022,mistral:7b,,,,,,,mistral:7b,push,Covid-19 infections registered in Colombia on the first day of the year 2022,url_1,4
20220101,180,PRISON,,https://pronedra.ru/zaprety-i-primety-rozhdestvenskogo-sochelnik-chto-gotovyat-v-prazdnik-628846.html,neutral,No clear migration-related tokens,mistral:7b,,,,,,,mistral:7b,neutral,No clear migration-related tokens,url_1,4
20220101,30,PRISON,ACADEMICS,https://www.notigape.com/trabajara-gobierno-municipal-por-bienestar-y-progreso-en-2022/243835,pull,well-being and progress in 2022,mistral:7b,,,,,,,mistral:7b,pull,bienestar y progreso en 2022,url_1,4
20220101,173,POLICE,FRANCE,https://www.franceguyane.fr/actualite/social/mobilisation-sociale-a-pointe-a-pitre-elie-domota-a-ete-arrete-493999.php,push,social mobilization pointed to Pitre - Elie Domota was arrested,mistral:7b,,,,,,,mistral:7b,push,social mobilization pointed to Pitre - Elie Domota was arrested,url_1,4
20220101,186,PERPETRATOR,BAMAKO,http://malijet.com/les_faits_divers_au_mali/265488-commissariat-de-police-du-11eme-arrondissement-fin-de-course-pou.html,unclear,No clear migration-related tokens (URL too short),mistral:7b,,,,"Commissariat de police du 11eme arrondissement : Fin de course pour les auteurs des séries d’assassinat au couteau de Kalabancoura

Partager :

De sources proches du dossier, dans la nuit du 11 au 12 novembre 2021, un habitant de Garantiguibougou vers le 1er Terminus dont nous tairons le nom, a informé par téléphone le commissaire divisionnaire de police Mamoudou Diabaté de la présence d’un corps sans vie. Immédiatement, le commissaire Diabaté a instruit alors à sa Brigade de recherches, conduite par le capitaine de police Issa Yacouba Coulibaly, de diligenter une enquête afin de connaitre l’identité du défunt et les circonstances du décès. Aussitôt, l’équipe de la Brigade de Recherche s’est rendue sur le lieu avec un médecin légiste pour constater la mort de la victime, laquelle est en effet décédée des suites d’une blessure au couteau sous l’aisselle. Et d’après le constat, la victime logeait non loin du lieu où son corps a été retrouvé. Après l’avoir clairement identifié, les enquêteurs ont pu trouver son domicile. Ainsi, un des parents de la victime a témoigné qu’elle était sortie de la maison à moto. L’engin n’a pas été retrouvé. Mais où donc se trouvait cet engin ? La conclusion s’impose aux enquêteurs qu’il s’agirait d’un braquage qui serait mal tourné en se soldant par la mort de la victime, mais l’auteur n’a laissé aucun indice pouvant conduire à sa personne.

Dans la nuit du 23 au 24 novembre 2021, un autre cas d’assassinat s’est produit à kalanaban-Coura où la victime, elle aussi, a été poignardée. Les enquêteurs du 11ème ont été appelés par un informateur anonyme. Cette fois-ci encore l’auteur n’a laissé aucun indice. Pour répondre à la question qui est donc ce mystérieux assassin au poignard qui ne laisse aucun indice après ses forfaits, les enquêteurs sont revenus alors sur le premier cas survenu à Garantiguibougou. Ainsi, la moto ayant été emportée par l’assaillant, le commissaire a ordonné à ses éléments de chercher à savoir si la famille dispose encore des pièces de la moto. Effectivement, la vignette et l’attestation d’achat ont été retrouvées dans les affaires de la victime. Selon nos sources, le 17 décembre 2021 aux environs de 15h, un des parents de la 1ère victime a informé le commissaire Diabaté par téléphone qu’il venait d’apercevoir la moto de la victime, au marché de Kalaban-Coura avec un individu.

Sans désemparer, une équipe d’intervention rapide s’est rendue sur les lieux et est parvenue à interpeller le conducteur de la moto en question. Après vérification, il s’est avéré que la vignette et le papier d’achat sont identiques au numéro de cadre de la moto.

Conduit dans les locaux du Commissariat de police du 11ème arrondissement, le conducteur de la moto a déclaré avoir troqué sa moto contre celle qu’il a en sa possession avec un réparateur de moto au marché Dibidani, lequel a été retrouvé en possession de la moto troquée.

Interrogé sur la provenance de l’engin, ce dernier a déclaré l’avoir acheté avec un jeune répondant aux initiales I.D dit Faya. Ainsi, l’enquête s’est orientée vers le nommé Faya. Alors qu’ils étaient lancés à la recherche du nommé Faya, les enquêteurs du Commissariat de police du 11ème arrondissement apprenaient qu’il a été arrêté par leurs collègues du Commissariat du 15ème et qu’il a même été déféré à la MCA pour détention d’arme et appartenance à un réseau de malfaiteurs.

C’est ainsi que les hommes du commissaire Diabaté ont demandé et obtenu son extraction pour des investigations plus poussées. Interrogé, il a reconnu avoir vendu trois motos au réparateur de moto de Dibidani en question au lieu de deux dont celle de la 1ère victime. Au cours de l’interrogatoire, il a cité le nom d’un de ses complices, un certain Sangaré qui a été déféré au parquet concernant le même dossier par le Commissariat de police du 15ème arrondissement. Les enquêteurs ont demandé que ce dernier aussi soit extrait pour un interrogatoire. Devant les enquêteurs, Sangaré a reconnu avoir vendu la moto du défunt à Faya. Il a déclaré en outre avoir opéré avec un certain Damozon sans autre précision, à Garantiguibougou- 1er Terminus, qui a été arrêté par la suite.

A ses dires, c’était entre 2h et 3h, alors qu’ils étaient à la recherche d’une proie, ils ont aperçu un motocycliste qu’ils ont intercepté et le nommé Damozon a tenté de retirer de force l’engin à son propriétaire et une altercation s’en est suivie. Et de poursuivre que c’est ainsi que Damozon a poignardé la victime qui est tombée dans un caniveau. Ensuite, ils se sont alors emparés de l’engin. Quant à son coéquipier, le nommé Sangaré, il était armé et a tiré en l’air pour dissuader d’éventuels poursuivants. Lors de l’interrogatoire, Damozon a déclaré avoir donné deux coups de couteaux dans le thorax de la victime.

A propos du deuxième corps découvert a Kalanaban Coura, le nommé Sangaré a reconnu là-aussi être l’auteur en complicité avec Damozon en donnant même des détails de l’opération. Selon eux, comme dans leurs habitudes, ils évoluaient cette nuit sur une moto. Au niveau du “Djakarta-terrain”, ils ont aperçu une dame en train de descendre d’un véhicule personnel conduit par un monsieur. Aussitôt, ils se sont arrêtés auprès de la dame en pointant leur arme sur elle, en vue de lui retirer son sac et son téléphone portable. Le monsieur qui accompagnait la dame a fait semblant de fuir, mais est revenu vite sur ses pas pour les pourchasser.

Arrivés à proximité de la Station Yara de Kalaban coura, le conducteur les a heurtés. Ils sont tombés, mais ils sont parvenus à reprendre la fuite en se séparant. Mais le conducteur continuait à suivre Damozon à pied, après avoir abandonné le véhicule.

Selon Sangaré, son complice Damozon l’a informé plus tard qu’il a poignardé deux fois au thorax le monsieur qui le pourchassait et d’ajouter qu’il a appris qu’il en est mort.

Toutes les quatre personnes ont été incarcérées dans les geôles du Commissariat de police du 11ème arrondissement de Bamako en entendant d’être déférés au parquet de la commune V. Et les enquêtes ont prouvé qu’il s’agissait d’un véritable réseau possédant de faux cachets, de vraies fausses attestations de vente et d’achat pour mieux écouler les objets volés.

Boubacar PAÏTAO

À lire aussi",push,"Article discusses multiple instances of murder and theft, which may lead to fear and insecurity, potentially causing people to leave the area",mistral:7b,push,"Article discusses multiple instances of murder and theft, which may lead to fear and insecurity, potentially causing people to leave the area",article,4
20220101,10,COMMUNITY,,https://www.lopinionista.it/fico-ringrazia-mattarella-120130.html,neutral,No clear migration-related tokens,mistral:7b,,,,,,,mistral:7b,neutral,No clear migration-related tokens,url_1,4
20220101,111,RESIDENTS,,https://g1.globo.com/sp/piracicaba-regiao/noticia/2022/01/01/biblioteca-municipal-de-limeira-oferece-oficinas-gincana-show-e-sarau-durante-as-ferias-escolares.ghtml,neutral,No clear migration-related tokens,mistral:7b,,,,,,,mistral:7b,neutral,No clear migration-related tokens,url_1,4
20220101,1723,POPULATION,,https://gordonua.com/news/worldnews/vo-francii-v-novogodnyuyu-noch-sozhgli-874-mashiny-mvd-1589046.html,push,"In France, 874 Interior Ministry vehicles were burned on New Year's Eve",mistral:7b,,,,,,,mistral:7b,push,"In France, 874 Interior Ministry vehicles were burned on New Year's Eve",url_1,4
20220101,80,ACTOR,,https://www.interris.it/rubriche/opinione/affrontare-questioni-pressanti-luce-dottrina-sociale-chiesa/,neutral,No clear migration-related tokens,mistral:7b,,,,,,,mistral:7b,neutral,No clear migration-related tokens,url_1,4
20220101,833,EUROPE,,https://www.brasil247.com/blog/brasil-para-principiantes,neutral,No clear migration-related tokens,mistral:7b,,,,,,,mistral:7b,neutral,No clear migration-related tokens,url_1,4
20220101,90,EUROPE,,https://alquds.com/2022/01/02/%D8%A3%D9%88%D8%B1%D9%88%D8%A8%D8%A7-%D8%AA%D8%AA%D8%AC%D8%A7%D9%88%D8%B2-%D8%B9%D8%AA%D8%A8%D8%A9-100-%D9%85%D9%84%D9%8A%D9%88%D9%86-%D8%A5%D8%B5%D8%A7%D8%A8%D8%A9-%D8%A8%D9%83%D9%88%D9%81%D9%8A/,unclear,No clear migration-related tokens (URL too short),mistral:7b,,,,,unclear,,mistral:7b,unclear,,article,4
20220101,112,EUROPEAN,BELARUS,https://www.skivefolkeblad.dk/artikel/8426302b-78a7-3353-beaa-8731a102cde4/,unclear,,mistral:7b,,,,"Lorem ipsum dolor sit amet consectetur adipisicing elit. Illo reiciendis eos id iste. Tenetur, vel quam ullam illum reprehenderit doloremque vero incidunt dolorem eum excepturi est inventore molestiae, atque pariatur!

Ocurreret voluptatum an has, aeque solet principes per in. Ei his platonem voluptatum, te vel fabulas ancillae, at mea justo paulo nonumes. Accumsan ponderum constituam sea eu, doctus dolorem scriptorem quo te. Nec diceret gloriatur moderatius id. Ignota iuvaret officiis mea ea, cum at scaevola vivendum. Ut justo aliquip delicata cum, ut mea errem decore homero, ad eam corpora epicuri nominavi. Paulo feugiat an sit, vix ea vero veri.",unclear,The article text does not provide clear information regarding migration-driving conditions.,mistral:7b,unclear,The article text does not provide clear information regarding migration-driving conditions.,article,4
20220101,112,EUROPEAN,RUSSIA,https://www.skivefolkeblad.dk/artikel/8426302b-78a7-3353-beaa-8731a102cde4/,unclear,,mistral:7b,,,,"Lorem ipsum dolor sit amet consectetur adipisicing elit. Illo reiciendis eos id iste. Tenetur, vel quam ullam illum reprehenderit doloremque vero incidunt dolorem eum excepturi est inventore molestiae, atque pariatur!

Ocurreret voluptatum an has, aeque solet principes per in. Ei his platonem voluptatum, te vel fabulas ancillae, at mea justo paulo nonumes. Accumsan ponderum constituam sea eu, doctus dolorem scriptorem quo te. Nec diceret gloriatur moderatius id. Ignota iuvaret officiis mea ea, cum at scaevola vivendum. Ut justo aliquip delicata cum, ut mea errem decore homero, ad eam corpora epicuri nominavi. Paulo feugiat an sit, vix ea vero veri.",unclear,"The article text is too vague or insufficient to determine if it refers to push, pull, mixed, neutral migration-driving conditions.",mistral:7b,unclear,"The article text is too vague or insufficient to determine if it refers to push, pull, mixed, neutral migration-driving conditions.",article,4
20220101,112,EUROPEAN,RUSSIA,https://www.skivefolkeblad.dk/artikel/8426302b-78a7-3353-beaa-8731a102cde4/,unclear,,mistral:7b,,,,"Lorem ipsum dolor sit amet consectetur adipisicing elit. Illo reiciendis eos id iste. Tenetur, vel quam ullam illum reprehenderit doloremque vero incidunt dolorem eum excepturi est inventore molestiae, atque pariatur!

Ocurreret voluptatum an has, aeque solet principes per in. Ei his platonem voluptatum, te vel fabulas ancillae, at mea justo paulo nonumes. Accumsan ponderum constituam sea eu, doctus dolorem scriptorem quo te. Nec diceret gloriatur moderatius id. Ignota iuvaret officiis mea ea, cum at scaevola vivendum. Ut justo aliquip delicata cum, ut mea errem decore homero, ad eam corpora epicuri nominavi. Paulo feugiat an sit, vix ea vero veri.",unclear,The article text provided does not explicitly discuss conditions related to push or pull migration pressure.,mistral:7b,unclear,The article text provided does not explicitly discuss conditions related to push or pull migration pressure.,article,4
20220101,50,FRANCE,,https://as.com/futbol/2022/01/01/primera/1641057005_745473.html,unclear,,mistral:7b,,,,"Jefe de Sección de Fútbol Internacional de Diario AS desde 2023. En 2006 entré en Diario AS como becario y desde entonces es mi casa. Me gusta ver y escribir de todos los deportes, pero ahora me podrás leer sobre fútbol internacional. Licenciado en Periodismo por la Universidad Complutense de Madrid.

Jefe de Sección de Fútbol Internacional de Diario AS desde 2023. En 2006 entré en Diario AS como becario y desde entonces es mi casa. Me gusta ver y escribir de todos los deportes, pero ahora me podrás leer sobre fútbol internacional. Licenciado en Periodismo por la Universidad Complutense de Madrid.

Cuando se han dado ya los últimos suspiros al año 2021, ahora toca pensar en 2022. Un año que será fundamental para el futuro de Kylian Mbappé y Erling Haaland. El francés ya es libre de negociar con otro club que no sea el PSG su nuevo contrato. Y el Real Madrid es el favorito. También lo es para fichar al delantero noruego del Borussia Dortmund. Dos fichajes que le darían al conjunto blanco una capacidad goleadora inaudita.

Tanto Mbappé como Haaland han explotado su olfato goleador en 2021. Nunca antes habían marcado tantos goles. 100 dianas han sumado entre los dos. Ha estado el francés el PSG ligeramente mejor que el atacante noruego. Con los parisinos, Mbappé ha anotado 43 goles en año natural. A los que hay que sumar los 8 tantos que ha hecho con la camiseta de la selección de Francia. Haaland, a sus 21 años, ha tenido la mayor productividad goleadora de su corta carrera profesional en este 2021. 43 goles para el Borussia Dortmund, aunque en comparación con el francés sólo ha marcado 6 tantos para la camiseta de Noruega. 51 y 49 respectivamente entre ambos, para un total de 100 goles. Su año más feroz. ¿Se imaginan si un club es capaz de juntar a ambos en su delantera? Serían casi imparables. El Madrid quiere hacerlo.

El Balón de Plata 2021, el máximo goleador

Lewandowski Polonia

delantero Noticias

Estadísticas

Bayern

Solamente Lewandowski ha conseguido marcar más goles que las dos objetivos del Real Madrid en este año natural. El polaco se marchó hasta la cifra de las 69 dianas (11 de ellas con la camiseta de la selección polaca). Es el tercer año consecutivo que el delantero del Bayern Múnich acaba como máximo artillero del planeta. Ya lo fue en 2019; en un 2020 marcado por la pandemia y en este 2021, que acaba de concluir. El Balón de Plata de este 2021 ha cerrado el año en plena forma goleadora. Lewandowski cogió el testigo de Messi y Cristiano Ronaldo y no parece tener límites a la hora de marcar. Pero el polaco ya tiene 33 primaveras.",neutral,"The article is about sports and football players, not migration-driving conditions.",mistral:7b,neutral,"The article is about sports and football players, not migration-driving conditions.",article,4
20220101,141,PARIS,POLICE,https://noticias.uol.com.br/ultimas-noticias/deutschewelle/2022/01/01/franca-ve-queda-em-numero-de-carros-incendiados-no-ano-novo.htm,unclear,,mistral:7b,,,,"País contabilizou ""apenas"" 874 veículos queimados na virada para 2022. Episódios de vandalismo no Ano Novo são uma ""tradição"" no país desde o final dos anos 1990.



Os dados mostram que a ""tradição"" anual registrou um declínio em comparação com a virada pré-pandêmica de 2019, quando 1.316 veículos foram destruídos no país.



O declínio foi destacado num comunicado divulgado pelo Ministério do Interior. No texto, o titular da pasta, Gerald Darmanin, atribuiu a queda a maior presença de policiais nas ruas. Ao todo, 130 mil agentes reforçaram a segurança no Ano Novo.



Darmanin agradeceu os policiais por ""garantirem a segurança dos franceses"" na noite da virada. Ao todo, 381 indivíduos foram detidos pela polícia, contra 314 em 2019. Muitos policiais também estiveram nas ruas para garantir que não ocorressem grandes aglomerações e para fiscalizar o uso de máscaras.



O ministério ainda apontou que os dados sobre episódios de vandalismo da última madrugada não poderiam ser comparados com a virada de 2020 para 2021 porque no final de dezembro do ano retrasado o país estava sob toque de recolher por causa da pandemia. Ainda assim, pelo menos 861 veículos foram destruídos naquele réveillon, segundo levantamentos não oficiais realizados pela imprensa.



Ao longo do ano, a França, assim como outros países, registra episódios de incêndios criminosos contra veículos por motivos diversos, como fraude do seguro ou membros de gangues tentando apagar pistas de crimes.



Mas a queima de veículos em larga escala se tornou desde o final dos anos 1990 uma ""tradição"" em feriados nacionais, especialmente na véspera de Ano Novo e no 14 de Julho, a data de aniversário da Queda da Bastilha. Todos os anos a imprensa local divulga o balanço da destruição registrados nos feriados.



O vandalismo é especialmente disseminado em bairros pobres e nas periferias de grandes cidades como Paris, Estrasburgo e Marselha. Em 2005, os atos ganharam tons de protestos contra a violência policial após depois que dois adolescentes morreram eletrocutados em um subúrbio de Paris. Moradores afirmaram à época que eles estavam sendo perseguidos pela polícia. Naquele ano, em menos de três semanas, a polícia contabilizou 8.810 veículos queimados.



O último episódio de queima de carros em larga escala no país ocorreu no último feriado de 14 de Julho, quando 673 veículos foram incendiados. Em 2020, 942 haviam sido destruídos em todo o país.",neutral,The article does not focus on conditions that may cause people to migrate to or from the country.,mistral:7b,neutral,The article does not focus on conditions that may cause people to migrate to or from the country.,article,4
20220101,192,FRENCH,SYRIA,https://naslovi.net/2022-01-02/rtv/vremeplov-otvorena-prva-citaonica-u-knezevini-srbiji/29652721,unclear,,mistral:7b,,,,"NOVI SAD - Na današnji dan 1846. godine otvorena je prva čitaonica u tadašnjoj Kneževini Srbiji, nazvana Srpsko čitalište, kasnije Čitalište beogradsko. Slične čitaonice ubrzo su osnovane i u drugim gradovima Srbije.

Danas je nedelja, 2. januar, drugi dan 2022. Do kraja godine ima 363 dana. 1492- Španija je preotela Granadu od Mavara, što je bio završni čin oslobođenja Španije od muslimana. 1799- Trupe francuskog generala Napoleona Bonaparte ušle su u Siriju. 1833- Britanske trupe zauzele su Folklandska ostrva u Atlantskom okeanu. Taj arhipelag udaljen je oko 500 kilometara od argentinske obale i nalazi se u južnom Atlantiku. Dan ranije London je proglasio suverenitet nad",neutral,"The article is about historical events, not current conditions that may cause people to migrate.",mistral:7b,neutral,"The article is about historical events, not current conditions that may cause people to migrate.",article,4
20220101,192,FRANCE,SYRIA,https://naslovi.net/2022-01-02/rtv/vremeplov-otvorena-prva-citaonica-u-knezevini-srbiji/29652721,unclear,,mistral:7b,,,,"NOVI SAD - Na današnji dan 1846. godine otvorena je prva čitaonica u tadašnjoj Kneževini Srbiji, nazvana Srpsko čitalište, kasnije Čitalište beogradsko. Slične čitaonice ubrzo su osnovane i u drugim gradovima Srbije.

Danas je nedelja, 2. januar, drugi dan 2022. Do kraja godine ima 363 dana. 1492- Španija je preotela Granadu od Mavara, što je bio završni čin oslobođenja Španije od muslimana. 1799- Trupe francuskog generala Napoleona Bonaparte ušle su u Siriju. 1833- Britanske trupe zauzele su Folklandska ostrva u Atlantskom okeanu. Taj arhipelag udaljen je oko 500 kilometara od argentinske obale i nalazi se u južnom Atlantiku. Dan ranije London je proglasio suverenitet nad",unclear,The article does not discuss conditions that would typically cause people to migrate or arrive in any specific country,mistral:7b,unclear,The article does not discuss conditions that would typically cause people to migrate or arrive in any specific country,article,4
20220101,190,LILLE,YEMENI,https://www.okaz.com.sa/news/na/2092790,unclear,,mistral:7b,,,,"أحمد الشميري «عكاظ» (جدة،الرياض) a_shmeri@

‏ثمن وزير الإعلام اليمني معمر الإرياني، المواقف الأخوية والدعم اللامحدود من تحالف دعم الشرعية بقيادة السعودية التي قدمت الغالي والنفيس لنصرة اليمن، وإسناده في معركة استعادة الدولة وإسقاط الانقلاب الحوثي، بتوجيهات كريمة من خادم الحرمين الشريفين الملك سلمان بن عبدالعزيز، وولي العهد الأمير محمد بن سلمان.



ونوه بالجهود الاستثنائية النبيلة التي بذلها نائب وزير الدفاع الأمير خالد بن سلمان، وكذلك قائد القوات المشتركة الفريق الركن مطلق بن سالم الأزيمع، وكل المعنيين الذي يعملون ليل نهار لدعم اليمنيين في معركتهم المصيرية، مؤكدا بقوله «لن ننسى هذه المواقف النبيلة للأشقاء».



وأشاد الإرياني بتوحد أيادي وإرادة اليمنيين في التصدي للغزو الفارسي وأذياله من مليشيا الإرهاب الحوثية في جبهات مأرب والجوف وتعز والضالع وشبوة والحديدة والبيضاء، ومواقفهم في صوالين الساسة ودهاليز السياسة وصفحات المواقع الإخبارية والنشطاء في منصات التواصل الاجتماعي.



وقال في سلسلة تغريدات عبر حسابه في «تويتر» أمس (السبت): استثمر النظام الإيراني خلافات القوى السياسية للدفع بمليشيا الحوثي لقلب الطاولة على الجميع، للانقلاب على مخرجات مؤتمر الحوار الوطني الشامل، واحتلال العاصمة المختطفة صنعاء، والبدء بعمليات تجريف ممنهج لمؤسسات الدولة والهوية الوطنية والعربية، وتدمير النسيج الاجتماعي والسلم الأهلي.



وأضاف: اشتغلت مليشيا الحوثي على اختراق الجبهة الوطنية عبر بعض المواقع والصفحات لخلخلة الصفوف وتغذية الخلافات وتعميقها، وشغل اليمنيين بمعارك ثانوية وصرفهم عن معركتهم المصيرية، وما زالت تراهن على الانقسامات لتمرير مشروعها السرطاني بأحقاده التاريخية وخلفياته العقائدية المستوردة من طهران.



وأكد أن ما يحدث على الأرض من ترتيبات عسكرية بدعم من تحالف دعم الشرعية، لتغيير مسار المعركة من الدفاع للهجوم واستعادة ما تم فقدانه من الأراضي المحررة، وتحرير كل شبر من التراب اليمني، يحتم على القوى السياسية وكافة الإعلاميين والصحفيين ترك خلافاتهم والتوحد خلف الجيش اليمني والمقاومة.



وجدد الإرياني دعوة كافة القوى السياسية والإعلاميين والصحفيين للاستفادة من دروس الماضي، وتجاوز خلافاتهم وتوحيد الصف والجهود خلف الشرعية اليمنية بقيادة الرئيس عبدربه منصور هادي، إدراكا لخطورة المعركة، وتقديرا للدماء الطاهرة التي سكبت في مختلف جبهات القتال دفاعا عن الوطن ومكتسباته.



من جهة أخرى نجح الجيش اليمني الوطني بإسناد من تحالف دعم الشرعية في استنزاف وإفشال مخططات الانقلاب الإرهابية، ما تسبب في تفاقم الصراعات وحالات التصفية الداخلية بين أجنحة المليشيا في المديريات الجنوبية لمحافظة مأرب. وقالت مصادر قبلية لـ«عكاظ»، إن مسلحاً حوثياً أطلق الرصاص الحي على الزعيم القبلي صالح القاضي المعين وكيلاً لمحافظة مأرب من قبل الحوثي في منزله، (الخميس) الماضي، وأرداه قتيلاً .



وأضافت المصادر أن سيناريو الاضطرابات النفسية محاولة للتغطية على عملية التصفية المتعمدة، خصوصاً بعد تكتم المليشيا على الحادثة ونقل جثة الزعيم القبلي الذي ينتمي إلى قبلية مراد إلى صنعاء، مؤكدة أن التصفية جاءت على خلفية نجاحات الجيش اليمني في شبوة وسيطرته على مديرية عسيلان ما تتسبب في فرض حصار على العناصر الحوثية (جنوبي مأرب). وأفادت بأن القاضي من الشخصيات التي سهلت دخول المليشيا إلى مناطقه ورغم ذلك جرت تصفيته عل غرار ما حدث لموالين في محافظات عمران وصعدة. وفجرت مليشيا الحوثي في مديرية الجوبة (جنوبي مأرب) منزل مبخوت الفقير في منطقة الخثلة بعد أن زرعت فيه عبوات ناسفة من الداخل، ووفقاً لمصادر قبلية، فإن عشرات المنازل جرى تفجيرها خلال اليومين الماضيين في الجوبة.",push,"The article discusses support and coordination from alliances supporting the Saudi-led coalition in fighting Houthi rebels, resulting in a shift of the conflict from defense to offensive, aiming to regain lost territories and liberate all parts of Yemen. There is also mention of internal conflicts within Houthi forces leading to assassinations.",mistral:7b,push,"The article discusses support and coordination from alliances supporting the Saudi-led coalition in fighting Houthi rebels, resulting in a shift of the conflict from defense to offensive, aiming to regain lost territories and liberate all parts of Yemen. There is also mention of internal conflicts within Houthi forces leading to assassinations.",article,4
20220101,141,GUADELOUPE,,https://www.franceguyane.fr/actualite/social/mobilisation-sociale-a-pointe-a-pitre-elie-domota-a-ete-arrete-493999.php,unclear,,mistral:7b,,,,"Chacun le sait, le risque sismique est important à la Martinique. Mais, une fois admis ce postulat, que peut-on faire pour manifester notre prise de conscience ? A titre individuel : beaucoup ! Et, pour commencer, intégrer le fait que seule la construction parasismique est envisageable sous nos latitudes. Depuis six ans, le président du Conseil régional, Alfred Marie-Jeanne, initie un certain nombre d'actions...",unclear,Article does not clearly discuss migration-driving conditions,mistral:7b,unclear,Article does not clearly discuss migration-driving conditions,article,4
20220101,172,CONAKRY,,http://malijet.com/actualite_economique_du_mali/265491-lutte-contre-la-fraude-et-la-contrebande-les-douanes-saisissent-.html,neutral,,mistral:7b,,,,,,,mistral:7b,neutral,,url_1,4
20220101,70,GAMBIA,NORWEGIAN,https://www.analisidifesa.it/2022/01/il-2021-ha-rilanciato-limmigrazione-illegale-su-vasta-scala-in-italia/,push,illegal in Italy,mistral:7b,,,,,,,mistral:7b,push,illegale in Italy,url_1,4
20220101,70,GAMBIA,NORWAY,https://www.analisidifesa.it/2022/01/il-2021-ha-rilanciato-limmigrazione-illegale-su-vasta-scala-in-italia/,push,illegal in Italy,mistral:7b,,,,,,,mistral:7b,push,illegal in Italy,url_1,4
20220101,70,GAMBIA,NORWEGIAN,https://www.analisidifesa.it/2022/01/il-2021-ha-rilanciato-limmigrazione-illegale-su-vasta-scala-in-italia/,push,illegal in Italy,mistral:7b,,,,,,,mistral:7b,push,illegale in Italy,url_1,4
20220101,190,PRESIDENT,,https://alquds.com/2022/01/01/%D8%A5%D8%B5%D8%A7%D8%A8%D8%A7%D8%AA-%D8%AE%D9%84%D8%A7%D9%84-%D9%85%D9%88%D8%A7%D8%AC%D9%87%D8%A7%D8%AA-%D9%81%D9%8A-%D8%A8%D8%B1%D9%82%D8%A9/,unclear,ambiguous URL,mistral:7b,,,,,unclear,,mistral:7b,unclear,,article,4
20220101,192,PRESIDENT,,https://alquds.com/2022/01/01/%D8%A5%D8%B5%D8%A7%D8%A8%D8%A7%D8%AA-%D8%AE%D9%84%D8%A7%D9%84-%D9%85%D9%88%D8%A7%D8%AC%D9%87%D8%A7%D8%AA-%D9%81%D9%8A-%D8%A8%D8%B1%D9%82%D8%A9/,unclear,ambiguous URL,mistral:7b,,,,,unclear,,mistral:7b,unclear,,article,4
20220101,20,MINISTRY,EMIRATI,https://www.akhbarona.com/world/340606.html,neutral,no clear migration-related tokens,mistral:7b,,,,,,,mistral:7b,neutral,no clear migration-related tokens,url_1,4
20220101,51,MINISTRY,EMIRATI,https://www.akhbarona.com/world/340606.html,neutral,no clear migration-related tokens,mistral:7b,,,,,,,mistral:7b,neutral,no clear migration-related tokens,url_1,4
20220101,71,GOVERNMENT,EUROPEAN,https://www.interris.it/rubriche/opinione/affrontare-questioni-pressanti-luce-dottrina-sociale-chiesa/,unclear,ambiguous URL,mistral:7b,,,,"L’emergenza sanitaria accelera i cambiamenti in considerazione del fatto che gli scenari, l’economia, la democrazia, la società sono già mutati. Ormai, la società industriale, sulla quale si sono costruiti nel Novecento i vari miracoli economici, ha perso il primato a favore della società post-industriale. Al mercato locale e poi nazionale, si è aggiunto il mercato europeo e, su tutti incombe sempre più in maniera decisiva il mercato globale, quello senza regole e senza limiti. Con l’avvento di Internet, si marcia verso un mercato digitale, dove alla piazza del mercato del paese si affianca sempre più il luogo virtuale del mercato.

In questo inarrestabile processo, caratterizzato dalla continua trasformazione, i lavoratori sono costretti a variare spesso tipo di lavoro, con la conseguenza che le nuove generazioni dovranno abituarsi a fare più lavori nella vita, acquisendo estemporaneamente capacità e abilità da valere per i vari tipi di lavoro, che saranno chiamati a svolgere. Cosa succede in una società, come la nostra, fondata sul lavoro, come recita l’art. 1 della Costituzione italiana, se oggi il lavoro diventa sempre più raro, al punto che molti giovani, per scoraggiamento e per assenza di alternative, rinunciano anche a cercarlo? Oltre che rinunciare a studiare, spesso, anche troppo presto, ma soprattutto rinunciare ad essere protagonisti della loro vita. Il lavoro precario, i disoccupati che cercano lavoro e non lo trovano, gli scoraggiati che non hanno più la forza di cercarlo, e i sottoccupati, che lavorano solo qualche ora al mese senza riuscire a superare la soglia di povertà, rappresentano una ferita aperta per la società e la democrazia costituzionale.

Non è azzardato affermare che la situazione, anche a causa della pandemia, è drammaticamente peggiorata. Pertanto, ci vuole una svolta, che verrà, come ha detto il Papa, solo se sapremo formare le coscienze a non cercare soluzioni facili a tutela di chi è già garantito, ma formare le coscienze a proporre processi di cambiamento duraturi, a beneficio delle giovani generazioni. L’appello non può che essere rivolto, in prima battuta, al Governo che proprio in questi giorni sta predisponendo i provvedimenti per l’impiego dei fondi europei che, per l’appunto, prendono la denominazione di NextGenerationEU (Unione Europea di nuova generazione).

Insieme alle istituzioni, però, tutti siamo chiamati a dare segni di solidarietà; tutti siamo chiamati a essere lievito che fa fermentare la pasta (Mt 13,33). Per uscirne – ha detto papa Francesco pochi mesi fa nel suo messaggio alla Settimana sociale di Taranto – è richiesto un maggior coraggio anche ai cattolici italiani. In questa fase, non è pensabile rassegnarsi e rimanere indifferenti o apatici senza assumersi la responsabilità verso gli altri e verso la società. Papa Francesco invita ad affrontare, insieme, le questioni pressanti che la pandemia mette in rilievo, partendo dall’ecologia integrale per la cura del pianeta e dell’umanità, alla luce del Vangelo dei principi della Dottrina sociale della Chiesa cattolica.

Il Papa esorta ad esplorare la nostra tradizione sociale cattolica, che può aiutare la famiglia umana a guarire questo mondo che soffre di gravi malattie. In tal senso, Papa Francesco ricorda i principi chiave della Dottrina sociale che ancora guidano la Chiesa: quali la solidarietà, la sussidiarietà, la cura dei più poveri, la preservazione del Creato, che compongono quel nucleo di azioni necessarie a guarire le sofferenze del mondo.

In questa fase di crisi sanitaria, ma anche economica e sociale, come nel 2008, sorge l’interrogativo, sempre con maggiore intensità, se la direzione in cui l’umanità procede sia quella giusta. La domanda dell’uomo di buona volontà è che cosa si debba, e si possa, fare per scongiurare il proseguimento di una situazione sociale ed economica, ma anche culturale, così deprimente.",push,"Unemployment, precarious work, underemployment, and high levels of youth unemployment are mentioned as issues that may cause people to leave the country",mistral:7b,push,"Unemployment, precarious work, underemployment, and high levels of youth unemployment are mentioned as issues that may cause people to leave the country",article,4
20220101,111,AUTHORITIES,EMPLOYEE,https://ria.ru/20220102/status-1766397981.html,unclear,ID-like URL,mistral:7b,,,,"ООН, 2 янв — РИА Новости. Статус персоны нон грата неприменим к сотрудникам Статус персоны нон грата неприменим к сотрудникам ООН — так официальный представитель генсека организации Стефан Дюжаррик прокомментировал решение властей самопровозглашенной республики Косово в отношении российского дипломата.

« ""Нам стало известно о том, что власти Косово объявили персоной нон грата сотрудника миссии ООН в Косово (МООНК). Никакого официального уведомления от властей Косово по поводу этого объявления миссии не поступало"", — сказал он.

Представитель генсека подчеркнул, что доктрина персоны нон грата неприменима к сотрудникам ООН и не предусмотрена в постановлении 2000/47 МООНК (о статусе, привилегиях и иммунитете СДК и МООНК и их персонала в Косово).

По словам Дюжаррика, любые обеспокоенности, связанные с сотрудниками миссии ООН в Косово, следует направлять ее руководству, чтобы оно могло решить этот вопрос в соответствии со статусом, привилегиями и иммунитетом самой миссии и ее персонала.

""МООНК и штаб-квартира ООН принимают соответствующие меры для обеспечения безопасности сотрудника и находятся в связи с этой ситуацией в контакте с соответствующими властями"", — заключил Дюжаррик.

Приштина 31 декабря объявила персоной нон-грата сотрудника миссии ООН из России за якобы несовместимую с дипломатическим статусом деятельность. Российское посольство в Сербии назвало это решение провокацией, ""предпринятой, дабы выслужиться перед западными менторами"".

Это не первый подобный случай: в октябре косовский МИД объявил персонами нон грата двух дипломатов в канцелярии российского посольства в Сербии, которые постоянно работают в Приштине. МИД тогда призвал МООНК и международные Силы для Косово обеспечить надежную безопасность и необходимые условия для полноценной работы российского персонала в Косово.

Республика Косово — частично признанное государство на Балканском полуострове . Согласно Конституции Сербии , входит в состав страны как Автономный край Косово и Метохия, однако Белград фактически не контролирует большую часть региона.

В 1990-х здесь развернулась война между югославской армией и албанскими вооруженными формированиями. Конфликт сопровождался массовыми репрессиями и этническими чистками: албанские сепаратисты разрушили многие памятники православной культуры. В 1999 году НАТО вмешалась в вооруженное противостояние и подвергла бомбардировкам города и военные объекты Югославии . В результате Белград был вынужден согласиться на ввод в Косово военного контингента Североатлантического альянса. Область перешла под управление ООН",unclear,The article does not clearly discuss conditions that may cause people to leave or arrive in the main country (Republic of Kosovo) discussed in the article.,mistral:7b,unclear,The article does not clearly discuss conditions that may cause people to leave or arrive in the main country (Republic of Kosovo) discussed in the article.,article,4
20220101,841,DIPLOMAT,PRISONER,https://www.republika.co.id/berita/r520da430/indiapakistan-tukar-daftar-tahanan,unclear,ID-like URL,mistral:7b,,,,"REPUBLIKA.CO.ID,ISLAMABAD - - India dan Pakistan saling bertukar daftar warga negara yang ditahan di penjara pada Sabtu (1/1). Pertukaran dilakukan melalui diplomat masing-masing di Islamabad dan New Delhi.

Praktek ini konsisten dengan kesepakatan 2008 antara kedua belah pihak tentang akses konsuler ke tahanan. Kesepakatan itu mengharuskan mereka untuk bertukar daftar tahanan di tahanan masing-masing setiap Januari dan Juli.

Pakistan berbagi dengan diplomat top India di Islamabad daftar 628 tahanan India yang ditahan di Pakistan. Jumlah ini termasuk 577 nelayan yang dituduh melakukan penangkapan ikan ilegal di perairan teritorial Pakistan, dan 51 lainnya.

India secara bersamaan berbagi dengan Pakistan daftar tahanan tetangganya yang ditahan di India. India menyerahkan daftar 282 tahanan Pakistan dan 73 nelayan. Rincian tentang tahanan sipil yang ditahan India tidak tersedia.

Januari lalu, India menyerahkan kepada Pakistan daftar 263 tahanan Pakistan dan 77 nelayan di tahanan India. Pakistan pun pada 2021 membagikan daftar 270 nelayan India dan 49 tahanan lainnya dalam tahanannya.

Kedua belah pihak saling menangkap nelayan karena melintasi perbatasan laut tak bertanda antara kedua negara. Nelayan yang mencari hasil tangkapan yang lebih baik tanpa teknologi navigasi modern sering kali masuk ke wilayah perairan negara lain.

Badan keamanan maritim Pakistan dan India menyita kapal mereka dan memenjarakannya. Nelayan biasanya baru dibebaskan setelah kedua negara melakukan negosiasi. Biasanya para nelayan menghabiskan bertahun-tahun di balik jeruji besi tanpa pengadilan formal.

Baik Pakistan maupun India tidak memberikan rincian tentang tahanan sipil lainnya. Namun penangkapan di kedua belah pihak termasuk pelanggaran seperti visa tinggal lebih lama atau perjalanan ke kota-kota yang tidak sah.

Selain itu, menurut pernyataan resmi dari dua negara bersenjata nuklir itu, kedua belah pihak juga bertukar daftar aset dan fasilitas nuklir di bawah perjanjian yang berlaku selama tiga dekade.

Pertukaran tersebut merupakan bagian dari pakta yang ditandatangani oleh kedua negara pada Desember 1988. Dalam perjanjian itu disebut Larangan Serangan terhadap Instalasi dan Fasilitas Nuklir. Itu dilaksanakan pada 1991.

Tidak ada pihak yang memberikan rincian fasilitas dan instalasi nuklir. Hanya saja, sebagian besar diyakini bahwa daftar tersebut terdiri dari fasilitas nuklir yang diketahui.

Pakistan dan India memiliki hubungan yang tegang sejak kemerdekaan dari pemerintahan kolonial Inggris pada tahun 1947 atas wilayah Himalaya di Kashmir. Wilayah Kashmir yang indah terbagi antara India dan Pakistan. Keduanya mengklaimnya secara keseluruhan dan berperang dua dari tiga perang mereka di wilayah tersebut.

Hubungan antara kedua negara menjadi lebih tegang setelah India mencabut status khusus Kashmir yang dikuasai India dalam konstitusinya pada Agustus 2019.

Sumber:

https://apnews.com/article/pakistan-asia-india-new-delhi-kashmir-1cf725ec147d967c67b6a289014fe5eb",unclear,"The article primarily discusses diplomatic exchanges between India and Pakistan regarding prisoners, naval conflicts, nuclear assets, and the historical conflict over Kashmir. While there is no explicit mention of push or pull factors related to migration, the overall context does not indicate a clear classification.",mistral:7b,unclear,"The article primarily discusses diplomatic exchanges between India and Pakistan regarding prisoners, naval conflicts, nuclear assets, and the historical conflict over Kashmir. While there is no explicit mention of push or pull factors related to migration, the overall context does not indicate a clear classification.",article,4
20220101,841,DIPLOMAT,PRISONER,https://www.republika.co.id/berita/r520da430/indiapakistan-tukar-daftar-tahanan,unclear,<URL too short>,mistral:7b,,,,"REPUBLIKA.CO.ID,ISLAMABAD - - India dan Pakistan saling bertukar daftar warga negara yang ditahan di penjara pada Sabtu (1/1). Pertukaran dilakukan melalui diplomat masing-masing di Islamabad dan New Delhi.

Praktek ini konsisten dengan kesepakatan 2008 antara kedua belah pihak tentang akses konsuler ke tahanan. Kesepakatan itu mengharuskan mereka untuk bertukar daftar tahanan di tahanan masing-masing setiap Januari dan Juli.

Pakistan berbagi dengan diplomat top India di Islamabad daftar 628 tahanan India yang ditahan di Pakistan. Jumlah ini termasuk 577 nelayan yang dituduh melakukan penangkapan ikan ilegal di perairan teritorial Pakistan, dan 51 lainnya.

India secara bersamaan berbagi dengan Pakistan daftar tahanan tetangganya yang ditahan di India. India menyerahkan daftar 282 tahanan Pakistan dan 73 nelayan. Rincian tentang tahanan sipil yang ditahan India tidak tersedia.

Januari lalu, India menyerahkan kepada Pakistan daftar 263 tahanan Pakistan dan 77 nelayan di tahanan India. Pakistan pun pada 2021 membagikan daftar 270 nelayan India dan 49 tahanan lainnya dalam tahanannya.

Kedua belah pihak saling menangkap nelayan karena melintasi perbatasan laut tak bertanda antara kedua negara. Nelayan yang mencari hasil tangkapan yang lebih baik tanpa teknologi navigasi modern sering kali masuk ke wilayah perairan negara lain.

Badan keamanan maritim Pakistan dan India menyita kapal mereka dan memenjarakannya. Nelayan biasanya baru dibebaskan setelah kedua negara melakukan negosiasi. Biasanya para nelayan menghabiskan bertahun-tahun di balik jeruji besi tanpa pengadilan formal.

Baik Pakistan maupun India tidak memberikan rincian tentang tahanan sipil lainnya. Namun penangkapan di kedua belah pihak termasuk pelanggaran seperti visa tinggal lebih lama atau perjalanan ke kota-kota yang tidak sah.

Selain itu, menurut pernyataan resmi dari dua negara bersenjata nuklir itu, kedua belah pihak juga bertukar daftar aset dan fasilitas nuklir di bawah perjanjian yang berlaku selama tiga dekade.

Pertukaran tersebut merupakan bagian dari pakta yang ditandatangani oleh kedua negara pada Desember 1988. Dalam perjanjian itu disebut Larangan Serangan terhadap Instalasi dan Fasilitas Nuklir. Itu dilaksanakan pada 1991.

Tidak ada pihak yang memberikan rincian fasilitas dan instalasi nuklir. Hanya saja, sebagian besar diyakini bahwa daftar tersebut terdiri dari fasilitas nuklir yang diketahui.

Pakistan dan India memiliki hubungan yang tegang sejak kemerdekaan dari pemerintahan kolonial Inggris pada tahun 1947 atas wilayah Himalaya di Kashmir. Wilayah Kashmir yang indah terbagi antara India dan Pakistan. Keduanya mengklaimnya secara keseluruhan dan berperang dua dari tiga perang mereka di wilayah tersebut.

Hubungan antara kedua negara menjadi lebih tegang setelah India mencabut status khusus Kashmir yang dikuasai India dalam konstitusinya pada Agustus 2019.

Sumber:

https://apnews.com/article/pakistan-asia-india-new-delhi-kashmir-1cf725ec147d967c67b6a289014fe5eb",push,"Article discusses the exchange of prisoners between India and Pakistan, which suggests conflict or violence (war) in both countries.",mistral:7b,push,"Article discusses the exchange of prisoners between India and Pakistan, which suggests conflict or violence (war) in both countries.",article,4
20220101,1014,EMBASSY,UKRAINIAN,https://pronedra.ru/znaki-vostochnogo-kalendarya-po-godu-rozhdeniya-kotorym-povezet-v-2022-godu-628853.html,unclear,<no clear migration-related tokens>,mistral:7b,,,,"Знаки восточного календаря по году рождения, которым повезет в 2022 году

Каждый новый год несет перемены, а какими они будут, зависит от того, насколько благосклонным окажется тотемное животное. В 2022 году повезет нескольким знакам восточного календаря. Также удача улыбнется тем, кто заслужит благоволение Тигра.

Об этом рассказывает kp.ru

Астрологи составили гороскоп для знаков по году рождения. Тигр примет бразды правления от Быка 1 февраля в 2022 году. Пора узнать, что ждет каждого в следующие 12 месяцев.

Каким восточным знакам по году рождения повезет в 2022 году

Крыса (1948, 1960, 1972, 1984, 1996, 2008) – астрологи сулят вам на 2022 год Тигра много путешествий, увлекательных поездок. Обязательно соглашайтесь на командировки – их результат будет оправдан. Окружающие будут покорены вашей харизмой, появятся новые друзья. Рутинной работой заниматься не рекомендуется – могут возникать различные сложности.

Бык (1949, 1961, 1973, 1985, 1997, 2009) – год Тигра будет наполнен приятными событиями, которые не забудутся до конца жизни. Трудолюбие, терпеливость и реализм претят символу 2022 года. Следующие 12 месяцев ознаменуются стабильностью и уверенностью. Появится возможность неплохо заработать.

Змея (1941, 1953, 1965, 1977, 1989, 2001, 2013) – астрологи рекомендуют в год Тигра заняться собственным здоровьем, избавиться от депрессии, невроза, панических атак. Благодаря самообладанию и выдержке вы добьетесь желаемого. В 2022 году произойдут изменения на работе: кто-то «положил глаз» на ваше место.

Коза (1943, 1955, 1967, 1979, 1991, 2003, 2015) – в новом 2022 году ожидается полный штиль. Для формирования стабильного финансового потока придется усилить работоспособность. Влиятельный человек поможет с работой: научитесь договариваться, идти на компромисс.

Свинья (1947, 1959, 1971, 1983, 1995, 2007) – год Тигра будет комфортным для вас. Новая сфера деятельности увлечет, предоставит новые возможности. Найдите хобби по душе, заведите новые знакомства, полезные связи. Займитесь личной жизнью.

Кому будет благоволить Тигре в 2022 году

Тигр (1950, 1962, 1974, 1986, 1998, 2010) – в новом году ваш круг общения значительно расширится, и вы заручитесь поддержкой новых знакомых. В «свой» год вы составите достойную конкуренцию «акулам» бизнеса, заслужите авторитет своим упрямством и настойчивостью. Новый 2022 год будет финансово стабильным.

Кот/Кролик (1951, 1963, 1975, 1987, 1999, 2011) – получаемая информация будет быстро усваиваться. Проведите анализ своих действий, запишитесь на интересные курсы. Год Тигра будет благоприятным для создания крепкой семьи и рождения ребенка.

Петух (1945, 1957, 1969, 1981, 1993, 2005) – 2022 год активного самовыражения будет у вас. Благодаря тому, что вы умеет открыто себя проявить, станете независимым, свободолюбивым. Все конфликты с разногласиями будут решены в кратчайшие сроки.

Восточный гороскоп на 2022 год: настоящие счастливчики

Дракон (1940, 1952, 1964, 1976, 1988, 2000, 2012) – энергия, мужество, терпение, мудрость помогут принять эффективные и нестандартные решения, которые приведут к карьерному росту. В год Тигра укрепятся родственные связи, будут запущены интересные и прибыльные проекты.

Лошадь (1942, 1954, 1966, 1978, 1990, 2002, 2014) – благоприятным станет для вас 2022 год Тигра, если будете развивать коммуникативные способности. Вы легко находите общий язык с незнакомцами, у вас много друзей. Новые лица в кругу общения помогут устроиться на хорошую работу. Важные дела будут решены в кратчайшие сроки, улучшатся отношения с партнером.

Обезьяна (1944, 1956, 1968, 1980, 1992, 2004, 2016) – грядет хороший и счастливый год для вас. Тигр будет благоволить тем, кто захочет заниматься благотворительностью. Астрологи рекомендуют заниматься творческими и активными работами, максимум времени проводить с родственниками, устанавливать новые семейные традиции.

Собака (1946, 1958, 1970, 1982, 1994, 2006) – в год Тигра вы получите много знаний и навыков, которые успешно примените в ближайшее время, и получите за это хорошее вознаграждение. Год будет действительно счастливым, финансово стабильным, главное – избегать авантюр и неоправданных рисков.",neutral,The article does not clearly discuss migration-driving conditions related to any country or region.,mistral:7b,neutral,The article does not clearly discuss migration-driving conditions related to any country or region.,article,4
20220101,1014,EMBASSY,UKRAINIAN,https://pronedra.ru/znaki-vostochnogo-kalendarya-po-godu-rozhdeniya-kotorym-povezet-v-2022-godu-628853.html,unclear,<same as row 61>,mistral:7b,,,,"Знаки восточного календаря по году рождения, которым повезет в 2022 году

Каждый новый год несет перемены, а какими они будут, зависит от того, насколько благосклонным окажется тотемное животное. В 2022 году повезет нескольким знакам восточного календаря. Также удача улыбнется тем, кто заслужит благоволение Тигра.

Об этом рассказывает kp.ru

Астрологи составили гороскоп для знаков по году рождения. Тигр примет бразды правления от Быка 1 февраля в 2022 году. Пора узнать, что ждет каждого в следующие 12 месяцев.

Каким восточным знакам по году рождения повезет в 2022 году

Крыса (1948, 1960, 1972, 1984, 1996, 2008) – астрологи сулят вам на 2022 год Тигра много путешествий, увлекательных поездок. Обязательно соглашайтесь на командировки – их результат будет оправдан. Окружающие будут покорены вашей харизмой, появятся новые друзья. Рутинной работой заниматься не рекомендуется – могут возникать различные сложности.

Бык (1949, 1961, 1973, 1985, 1997, 2009) – год Тигра будет наполнен приятными событиями, которые не забудутся до конца жизни. Трудолюбие, терпеливость и реализм претят символу 2022 года. Следующие 12 месяцев ознаменуются стабильностью и уверенностью. Появится возможность неплохо заработать.

Змея (1941, 1953, 1965, 1977, 1989, 2001, 2013) – астрологи рекомендуют в год Тигра заняться собственным здоровьем, избавиться от депрессии, невроза, панических атак. Благодаря самообладанию и выдержке вы добьетесь желаемого. В 2022 году произойдут изменения на работе: кто-то «положил глаз» на ваше место.

Коза (1943, 1955, 1967, 1979, 1991, 2003, 2015) – в новом 2022 году ожидается полный штиль. Для формирования стабильного финансового потока придется усилить работоспособность. Влиятельный человек поможет с работой: научитесь договариваться, идти на компромисс.

Свинья (1947, 1959, 1971, 1983, 1995, 2007) – год Тигра будет комфортным для вас. Новая сфера деятельности увлечет, предоставит новые возможности. Найдите хобби по душе, заведите новые знакомства, полезные связи. Займитесь личной жизнью.

Кому будет благоволить Тигре в 2022 году

Тигр (1950, 1962, 1974, 1986, 1998, 2010) – в новом году ваш круг общения значительно расширится, и вы заручитесь поддержкой новых знакомых. В «свой» год вы составите достойную конкуренцию «акулам» бизнеса, заслужите авторитет своим упрямством и настойчивостью. Новый 2022 год будет финансово стабильным.

Кот/Кролик (1951, 1963, 1975, 1987, 1999, 2011) – получаемая информация будет быстро усваиваться. Проведите анализ своих действий, запишитесь на интересные курсы. Год Тигра будет благоприятным для создания крепкой семьи и рождения ребенка.

Петух (1945, 1957, 1969, 1981, 1993, 2005) – 2022 год активного самовыражения будет у вас. Благодаря тому, что вы умеет открыто себя проявить, станете независимым, свободолюбивым. Все конфликты с разногласиями будут решены в кратчайшие сроки.

Восточный гороскоп на 2022 год: настоящие счастливчики

Дракон (1940, 1952, 1964, 1976, 1988, 2000, 2012) – энергия, мужество, терпение, мудрость помогут принять эффективные и нестандартные решения, которые приведут к карьерному росту. В год Тигра укрепятся родственные связи, будут запущены интересные и прибыльные проекты.

Лошадь (1942, 1954, 1966, 1978, 1990, 2002, 2014) – благоприятным станет для вас 2022 год Тигра, если будете развивать коммуникативные способности. Вы легко находите общий язык с незнакомцами, у вас много друзей. Новые лица в кругу общения помогут устроиться на хорошую работу. Важные дела будут решены в кратчайшие сроки, улучшатся отношения с партнером.

Обезьяна (1944, 1956, 1968, 1980, 1992, 2004, 2016) – грядет хороший и счастливый год для вас. Тигр будет благоволить тем, кто захочет заниматься благотворительностью. Астрологи рекомендуют заниматься творческими и активными работами, максимум времени проводить с родственниками, устанавливать новые семейные традиции.

Собака (1946, 1958, 1970, 1982, 1994, 2006) – в год Тигра вы получите много знаний и навыков, которые успешно примените в ближайшее время, и получите за это хорошее вознаграждение. Год будет действительно счастливым, финансово стабильным, главное – избегать авантюр и неоправданных рисков.",neutral,"The article is about Chinese horoscopes for the year 2022 and does not discuss conditions related to migration-driving factors such as war, violence, unemployment, etc., nor does it mention jobs, hiring, growth, investment, visas, asylum access, residency, aid, safety, stability, or other migration pull factors.",mistral:7b,neutral,"The article is about Chinese horoscopes for the year 2022 and does not discuss conditions related to migration-driving factors such as war, violence, unemployment, etc., nor does it mention jobs, hiring, growth, investment, visas, asylum access, residency, aid, safety, stability, or other migration pull factors.",article,4
20220101,36,MINIST OF EDUCATION,,https://www.diariolaprovinciasj.com/educacion/2022/1/1/el-ministerio-de-educacion-atendera-en-nuevo-horario-165874.html,neutral,<no clear migration-related tokens>,mistral:7b,,,,,,,mistral:7b,neutral,<no clear migration-related tokens>,url_1,4
20220101,13,MEDICAL ASSOCIATION,,https://www.aftenposten.no/verden/i/OrevnE/foerste-nyttaarsdag-ble-det-registrert-over-160000-koronatilfeller-i-en,push,corona cases,mistral:7b,,,,,,,mistral:7b,push,koronatilfeller,url_1,4
20220101,120,DOCTOR,,https://kino.24tv.ua/ru/novogodnie-multfilmy-dlja-vsej-semi-dushevnaja-podborka-dlja_n1831930,unclear,<no clear migration-related tokens>,mistral:7b,,,,"Рождество – это самый прекрасный праздник, который с большим нетерпением ждут дети и взрослые. Так как он полон радости, и каждый ждет в это время чуда. Ничто так не помогает окунуться в атмосферу праздника, как шедевры мировой анимации. Мы подготовили пятерку лучших.

Не пропустите Разрушаем мифы в кино: 5 популярных стереотипов о казино, которые нам навязывает Голливуд

Рождественская история

(A Christmas Carol)

Год выхода: 2009

О сюжете

Великолепная анимационная драма от студии Walt Disney Pictures ""Рождественская история"" является экранизацией повести известного классика мировой литературы Чарльза Диккенса.

События картины разворачиваются вокруг пожилого мужчины по имени Эбенезер Скрудж. Он жуткий скряга, и каждый день думает только о том, как бы сэкономить лишний цент. У него нет ни капельки сочувствия к бедным людям, да и ко всему прочему, Скруджу просто чужды дружба, любовь, а Рождество он вообще не считает праздником.

Однако в преддверии этого светлого и доброго праздника Эбенезеру предстоит пережить еще раз свое прошлое и увидеть настоящее и будущее, что заставит его по-другому взглянуть на мир, и это изменит его навсегда.

Трейлер мультфильма ""Рождественская история"": смотрите видео онлайн

Актер всегда находится в центре внимания на съемочной площадке. Так же, как SlotoKing среди любителей азартных игр. Это онлайн-казино занимает лидирующие позиции среди украинских аналогов, так как предоставляет только высококачественный сервис.

Полярный экспресс

(The Polar Express)

Год выхода: 2004

О сюжете

Мультфильм режиссера Роберта Земекиса, снятый по мотивам одноименной книги Криса Ван Оллсбурга.

Сюжет рассказывает о необычных путешествиях маленького мальчика по Северному полюсу в волшебном поезде к Санта-Клаусу. Мальчик верит в Санту, вопреки тому, что все его друзья и семья в один голос утверждают, что это лишь сказка. И вот однажды вера мальчика вознаграждается.

В канун Рождества мальчик вдруг получает возможность поехать на волшебном поезде к нему в гости. И в то время, как на спящий мир опускается Рождественская ночь, пассажиры экспресса мчатся на Северный полюс, встречая приключения и опасности на своем пути, которые подстерегают их в зловещих горах, темных лесах и ледяной тундре. Героев ждут удивительные путешествия на пути к их цели.

Трейлер мультфильма ""Полярный экспресс"": смотрите видео онлайн



Клаус

(Klaus)

Год выхода: 2019

О сюжете

История о том, как все началось...

Когда эгоистичный и ленивый сын богатого магната Джеспер проваливает учебу в почтовой академии, заслуженно становясь худшим студентом, отец парня отправляет его на перевоспитание на отдаленный остров за полярным кругом.

Чтобы вернуться домой и пользоваться благами родительского достатка, Джесперу придется послать шесть тысяч писем, однако вскоре он обнаруживает, что местные жители, разделенные на два противоборствующих лагеря, вообще не пользуются почтовыми услугами.

Джеспер, раздосадованный очередной неудачей, собирается признать миссию невыполнимой, но неожиданно находит союзников – очаровательную учительницу Альву и таинственного лесоруба Клауса.

Трейлер мультфильма ""Клаус"": смотрите видео онлайн



Хранители снов

(Rise of the Guardians)

Год выхода: 2012

О сюжете

Это полнометражный мультфильм-сказка, созданный по книге писателя Уильяма Джойса.

Герои этой истории, Санта-Клаус, Пасхальный кролик, Зубная фея и Песочный человек, дружат с детства, а теперь они являются одной дружной командой, которая охраняет сны малышей. Все шло замечательно, пока на горизонте не появился злой дух. Ему совсем не по нраву то, что дети очень много мечтают, и в планы злодея входит заменить детские фантазии ночными кошмарами.

Восемнадцатилетний Ледяной Джек приходит на помощь хранителям и возглавляет борьбу против злого духа. Ситуация осложняется тем, что прихвостни злодея похитили помощниц Зубной Феи и детские зубки, в том числе и зубы Джека, что лишает стража детских воспоминаний. Однако отступать нельзя. Детей, их мечты и веру надо спасти.

Трейлер мультфильма ""Хранители снов"": смотрите видео онлайн



Секретная служба Санта-Клауса

(Arthur Christmas)

Год выхода: 2011

О сюжете

Мультфильм погружает зрителя в мир захватывающих приключений Санта-Клауса и его младшего сына Артура. Каждый ребенок старается вести себя хорошо, чтобы в Новый Год увидеть под елкой желанные подарки, но одна девочка, несмотря на то, что весь год вела себя хорошо, осталась без подарка. Как такое могло произойти?

Почему верные помощники Санта-Клауса, эльфы, допустили такую ошибку? Ведь это же волшебный праздник, и у каждого ребенка должен быть подарок! Ситуацию решает исправить Артур, сын Санта-Клауса, который работает в почтовом отделении. Храбрый мальчик решается на опасные приключения ради справедливости.

Трейлер мультфильма ""Секретная служба Санта Клауса"": смотрите видео онлайн

Сайт 24 канала поздравляет всех с Новым годом и Рождеством Христовым. Спасибо, что доверяете – мы вместе меняем страну к лучшему.",neutral,The article is about Christmas movies and does not provide information regarding migration-driving conditions,mistral:7b,neutral,The article is about Christmas movies and does not provide information regarding migration-driving conditions,article,4
20220101,120,DOCTOR,,https://kino.24tv.ua/ru/novogodnie-multfilmy-dlja-vsej-semi-dushevnaja-podborka-dlja_n1831930,unclear,<same as row 65>,mistral:7b,,,,"Рождество – это самый прекрасный праздник, который с большим нетерпением ждут дети и взрослые. Так как он полон радости, и каждый ждет в это время чуда. Ничто так не помогает окунуться в атмосферу праздника, как шедевры мировой анимации. Мы подготовили пятерку лучших.

Не пропустите Разрушаем мифы в кино: 5 популярных стереотипов о казино, которые нам навязывает Голливуд

Рождественская история

(A Christmas Carol)

Год выхода: 2009

О сюжете

Великолепная анимационная драма от студии Walt Disney Pictures ""Рождественская история"" является экранизацией повести известного классика мировой литературы Чарльза Диккенса.

События картины разворачиваются вокруг пожилого мужчины по имени Эбенезер Скрудж. Он жуткий скряга, и каждый день думает только о том, как бы сэкономить лишний цент. У него нет ни капельки сочувствия к бедным людям, да и ко всему прочему, Скруджу просто чужды дружба, любовь, а Рождество он вообще не считает праздником.

Однако в преддверии этого светлого и доброго праздника Эбенезеру предстоит пережить еще раз свое прошлое и увидеть настоящее и будущее, что заставит его по-другому взглянуть на мир, и это изменит его навсегда.

Трейлер мультфильма ""Рождественская история"": смотрите видео онлайн

Актер всегда находится в центре внимания на съемочной площадке. Так же, как SlotoKing среди любителей азартных игр. Это онлайн-казино занимает лидирующие позиции среди украинских аналогов, так как предоставляет только высококачественный сервис.

Полярный экспресс

(The Polar Express)

Год выхода: 2004

О сюжете

Мультфильм режиссера Роберта Земекиса, снятый по мотивам одноименной книги Криса Ван Оллсбурга.

Сюжет рассказывает о необычных путешествиях маленького мальчика по Северному полюсу в волшебном поезде к Санта-Клаусу. Мальчик верит в Санту, вопреки тому, что все его друзья и семья в один голос утверждают, что это лишь сказка. И вот однажды вера мальчика вознаграждается.

В канун Рождества мальчик вдруг получает возможность поехать на волшебном поезде к нему в гости. И в то время, как на спящий мир опускается Рождественская ночь, пассажиры экспресса мчатся на Северный полюс, встречая приключения и опасности на своем пути, которые подстерегают их в зловещих горах, темных лесах и ледяной тундре. Героев ждут удивительные путешествия на пути к их цели.

Трейлер мультфильма ""Полярный экспресс"": смотрите видео онлайн



Клаус

(Klaus)

Год выхода: 2019

О сюжете

История о том, как все началось...

Когда эгоистичный и ленивый сын богатого магната Джеспер проваливает учебу в почтовой академии, заслуженно становясь худшим студентом, отец парня отправляет его на перевоспитание на отдаленный остров за полярным кругом.

Чтобы вернуться домой и пользоваться благами родительского достатка, Джесперу придется послать шесть тысяч писем, однако вскоре он обнаруживает, что местные жители, разделенные на два противоборствующих лагеря, вообще не пользуются почтовыми услугами.

Джеспер, раздосадованный очередной неудачей, собирается признать миссию невыполнимой, но неожиданно находит союзников – очаровательную учительницу Альву и таинственного лесоруба Клауса.

Трейлер мультфильма ""Клаус"": смотрите видео онлайн



Хранители снов

(Rise of the Guardians)

Год выхода: 2012

О сюжете

Это полнометражный мультфильм-сказка, созданный по книге писателя Уильяма Джойса.

Герои этой истории, Санта-Клаус, Пасхальный кролик, Зубная фея и Песочный человек, дружат с детства, а теперь они являются одной дружной командой, которая охраняет сны малышей. Все шло замечательно, пока на горизонте не появился злой дух. Ему совсем не по нраву то, что дети очень много мечтают, и в планы злодея входит заменить детские фантазии ночными кошмарами.

Восемнадцатилетний Ледяной Джек приходит на помощь хранителям и возглавляет борьбу против злого духа. Ситуация осложняется тем, что прихвостни злодея похитили помощниц Зубной Феи и детские зубки, в том числе и зубы Джека, что лишает стража детских воспоминаний. Однако отступать нельзя. Детей, их мечты и веру надо спасти.

Трейлер мультфильма ""Хранители снов"": смотрите видео онлайн



Секретная служба Санта-Клауса

(Arthur Christmas)

Год выхода: 2011

О сюжете

Мультфильм погружает зрителя в мир захватывающих приключений Санта-Клауса и его младшего сына Артура. Каждый ребенок старается вести себя хорошо, чтобы в Новый Год увидеть под елкой желанные подарки, но одна девочка, несмотря на то, что весь год вела себя хорошо, осталась без подарка. Как такое могло произойти?

Почему верные помощники Санта-Клауса, эльфы, допустили такую ошибку? Ведь это же волшебный праздник, и у каждого ребенка должен быть подарок! Ситуацию решает исправить Артур, сын Санта-Клауса, который работает в почтовом отделении. Храбрый мальчик решается на опасные приключения ради справедливости.

Трейлер мультфильма ""Секретная служба Санта Клауса"": смотрите видео онлайн

Сайт 24 канала поздравляет всех с Новым годом и Рождеством Христовым. Спасибо, что доверяете – мы вместе меняем страну к лучшему.",neutral,The article is about Christmas movies and does not discuss conditions that may cause people to leave or arrive in a specific country.,mistral:7b,neutral,The article is about Christmas movies and does not discuss conditions that may cause people to leave or arrive in a specific country.,article,4
20220101,10,CROATIAN,,https://madeinfoot.ouest-france.fr/infos/article-asm-l-as-monaco-officialise-le-depart-de-niko-kovac-officiel-364395.html,pull,asmonaco,mistral:7b,,,,,,,mistral:7b,pull,asmonaco,url_1,4
20220101,10,CROATIAN,,https://madeinfoot.ouest-france.fr/infos/article-asm-l-as-monaco-officialise-le-depart-de-niko-kovac-officiel-364395.html,mixed,depart-de-niko-kovac,mistral:7b,,,,,,,mistral:7b,mixed,depart-de-niko-kovac,url_1,4
20220101,42,CROATIAN,,https://madeinfoot.ouest-france.fr/infos/article-asm-l-as-monaco-officialise-le-depart-de-niko-kovac-officiel-364395.html,mixed,<same as row 68>,mistral:7b,,,,,,,mistral:7b,mixed,<same as row 68>,url_1,4
20220101,42,CROATIAN,,https://madeinfoot.ouest-france.fr/infos/article-asm-l-as-monaco-officialise-le-depart-de-niko-kovac-officiel-364395.html,neutral,<url token not found>,mistral:7b,,,,,,,mistral:7b,neutral,<url token not found>,url_1,4
20220101,43,JAKARTA,FLORIDA,https://www.republika.co.id/berita/r520u2384/ini-ketentuan-tes-antigen-di-stasiun,unclear,<url token not found>,mistral:7b,,,,"REPUBLIKA.CO.ID, JAKARTA -- PT Kereta Api Indonesia (Persero) atau KAI saat ini menurunkan tarif tes antigen dari Rp 45 ribu menjadi Rp 35 ribu untuk penumpang kereta api (KA) jarak jauh. Kepala Humas KAI Daop 1 Jakarta Eva Chairunisa mengatakan bagi yang ingin melakukan tes antigen di stasiun, para calon pengguna wajib sudah memiliki kode booking tiket.

""Jika setelah proses antigen mendapatkan hasil positif maka bea tiket dapat dikembalikan 100 persen secara tunai di loket stasiun,"" kata Eva dalam pernyataan tertulisnya, Sabtu (1/1).

Dia menjelaskan, di KAI Daop 1 Jakarta sejak awal masa libur Natal dan Tahun Baru 2021/2022 sejak 17 Des 2021 hingga saat ini sekitar 80 ribu calon pengguna jasa memanfaatkan layanan tes antigen di Stasiun. Layanan tes antigen di wilayah KAI Daop 1 Jakarta berada di Stasiun Gambir pukul 06.00 WIB hingga 21.00 WIB, Pasar Senen pukul 05.00 WIB hingga 22.30 WIB, Bekasi pukul 09.00 WIB hingga 18.00 WIB, Karawang pukul 08.30 WIB hingga 17.30 WIB, dan Cikampek 09.30 WIB hingga 18.30 WIB.

Eva mengimbau calon penumpang untuk memperhatikan dan melengkapi persyaratan naik KA jarak jauh selama Nataru 2021/2022. Salah satunya adalah hasil negatif Rapid Test Antigen bagi calon penumpang di atas 12 tahun.

""Bagi calon penumpang yang melakukan antigen di stasiun juga diimbau agar proses dilakukan H-1 atau satu hari sebelum jadwal keberangkatan,"" ujar Eva.

Dengan semakin terjangkaunya harga tes antigen, Eva mengharapkan calon penumpang dapat memanfaatkan layanan tes Rapid Test Antigen dalam melengkapi persyaratan perjalanan. Hal tersebut sesuai protokol kesehatan yang telah ditetapkan.

Dalam menghadirkan layanan antigen di stasiun merupakan, KAI bekerja sma dengan Rajawali Nusantara Indonesia melalui anak usahanya yaitu Rajawali Nusindo. Begitu juga dengan Indofarma melalui anak usahanya yaitu Farmalab serta pihak-pihak lainnya.",neutral,The article is about the reduction of antigen test prices for train passengers in Indonesia and does not directly mention conditions that may cause people to leave or arrive in Indonesia.,mistral:7b,neutral,The article is about the reduction of antigen test prices for train passengers in Indonesia and does not directly mention conditions that may cause people to leave or arrive in Indonesia.,article,4
20220101,10,ISRAEL,,https://www.lematin.ch/story/apres-des-tirs-de-roquettes-frappes-israeliennes-sur-gaza-569823935907,push,'gaza',mistral:7b,,,,,,,mistral:7b,push,'gaza',url_1,4
20220101,61,ISRAEL,,https://www.alquds.co.uk/%D8%A7%D9%84%D8%AC%D9%8A%D8%B4-%D8%A7%D9%84%D8%A5%D8%B3%D8%B1%D8%A7%D8%A6%D9%8A%D9%84%D9%8A-%D9%8A%D9%82%D8%B5%D9%81-%D8%A3%D9%87%D8%AF%D8%A7%D9%81%D8%A7-%D9%81%D9%8A-%D9%82%D8%B7%D8%A7%D8%B9-%D8%BA/,pull,'israel',mistral:7b,,,,,,,mistral:7b,pull,'israel',url_1,4
20220101,190,ISRAELI,ISRAEL,https://ria.ru/20220102/status-1766397981.html,unclear,<url token not found>,mistral:7b,,,,"ООН, 2 янв — РИА Новости. Статус персоны нон грата неприменим к сотрудникам Статус персоны нон грата неприменим к сотрудникам ООН — так официальный представитель генсека организации Стефан Дюжаррик прокомментировал решение властей самопровозглашенной республики Косово в отношении российского дипломата.

« ""Нам стало известно о том, что власти Косово объявили персоной нон грата сотрудника миссии ООН в Косово (МООНК). Никакого официального уведомления от властей Косово по поводу этого объявления миссии не поступало"", — сказал он.

Представитель генсека подчеркнул, что доктрина персоны нон грата неприменима к сотрудникам ООН и не предусмотрена в постановлении 2000/47 МООНК (о статусе, привилегиях и иммунитете СДК и МООНК и их персонала в Косово).

По словам Дюжаррика, любые обеспокоенности, связанные с сотрудниками миссии ООН в Косово, следует направлять ее руководству, чтобы оно могло решить этот вопрос в соответствии со статусом, привилегиями и иммунитетом самой миссии и ее персонала.

""МООНК и штаб-квартира ООН принимают соответствующие меры для обеспечения безопасности сотрудника и находятся в связи с этой ситуацией в контакте с соответствующими властями"", — заключил Дюжаррик.

Приштина 31 декабря объявила персоной нон-грата сотрудника миссии ООН из России за якобы несовместимую с дипломатическим статусом деятельность. Российское посольство в Сербии назвало это решение провокацией, ""предпринятой, дабы выслужиться перед западными менторами"".

Это не первый подобный случай: в октябре косовский МИД объявил персонами нон грата двух дипломатов в канцелярии российского посольства в Сербии, которые постоянно работают в Приштине. МИД тогда призвал МООНК и международные Силы для Косово обеспечить надежную безопасность и необходимые условия для полноценной работы российского персонала в Косово.

Республика Косово — частично признанное государство на Балканском полуострове . Согласно Конституции Сербии , входит в состав страны как Автономный край Косово и Метохия, однако Белград фактически не контролирует большую часть региона.

В 1990-х здесь развернулась война между югославской армией и албанскими вооруженными формированиями. Конфликт сопровождался массовыми репрессиями и этническими чистками: албанские сепаратисты разрушили многие памятники православной культуры. В 1999 году НАТО вмешалась в вооруженное противостояние и подвергла бомбардировкам города и военные объекты Югославии . В результате Белград был вынужден согласиться на ввод в Косово военного контингента Североатлантического альянса. Область перешла под управление ООН",unclear,"The article is about the status of a Russian diplomat in Kosovo, who was declared persona non grata by Kosovo's authorities. However, the text does not provide clear indications of push or pull factors related to migration.",mistral:7b,unclear,"The article is about the status of a Russian diplomat in Kosovo, who was declared persona non grata by Kosovo's authorities. However, the text does not provide clear indications of push or pull factors related to migration.",article,4
20220101,871,ISRAEL,PALESTINIAN,https://www.alquds.co.uk/%D8%A7%D9%84%D8%AC%D9%8A%D8%B4-%D8%A7%D9%84%D8%A5%D8%B3%D8%B1%D8%A7%D8%A6%D9%8A%D9%84%D9%8A-%D9%8A%D9%82%D8%B5%D9%81-%D8%A3%D9%87%D8%AF%D8%A7%D9%81%D8%A7-%D9%81%D9%8A-%D9%82%D8%B7%D8%A7%D8%B9-%D8%BA/,pull,'israel',mistral:7b,,,,,,,mistral:7b,pull,'israel',url_1,4
20220101,190,ISRAELI,GAZA,https://ria.ru/20220102/udary-1766397744.html,push,'udary' (implies conflict or disaster),mistral:7b,,,,,,,mistral:7b,push,'udary' (implies conflict or disaster),url_1,4
20220101,194,ISRAEL,PALESTINIAN,https://www.lematin.ch/story/apres-des-tirs-de-roquettes-frappes-israeliennes-sur-gaza-569823935907,push,'gaza',mistral:7b,,,,,,,mistral:7b,push,'gaza',url_1,4
20220101,194,ISRAEL,HAMAS,https://www.lematin.ch/story/apres-des-tirs-de-roquettes-frappes-israeliennes-sur-gaza-569823935907,push,'gaza',mistral:7b,,,,,,,mistral:7b,push,'gaza',url_1,4
20220101,90,ISRAELI,,https://www.adn40.mx/internacional/israel-flurona-gripe-covid-19-pfp,unclear,<url token not found>,mistral:7b,,,,"Israel diagnosticó el primer caso de flurona, una infección simultánea de gripe y COVID-19; el caso se trata es una mujer de 30 años que no se había vacunado contra la COVID-19 y que recientemente había dado a luz en el hospital de Beilinson, de Petaj Tikva.

Según explicaron los responsables médicos del nosocomio, pese a no estar vacunada ni contra el COVID-19 ni contra la gripe la mujer se encontraba ""bien"".

""Le diagnosticaron la gripe y el coronavirus nada más llegar. Ambas pruebas dieron positivo, incluso después de que repitiéramos el test"", aseguró Arnon Viznitzer, jefe del Departamento de Obstetricia y Ginecología del hospital, que además explicó que '""la enfermedad es elementalmente la misma: algo vírico que provoca problemas respiratorios en las vías respiratorias superiores"".

Los médicos siguen pendientes del caso y en alerta, pues pese a que en principio la paciente solo ha mostrado síntomas leves existe preocupación por si la mezcla de ambos virus provocan una enfermedad de gravedad.

La mujer ha recibido una combinación de medicamentos que atacan tanto al coronavirus como a la gripe, por lo que fue dada de alta el pasado 30 de diciembre.

Estamos viendo más y más enfermedades similares entre las mujeres embarazadas, además de casos de coronavirus en mujeres que no están vacunadas ni contra el COVID-19 ni contra la gripe.

, señaló el doctor Viznitzer.

También aseguró que el año pasado no observaron prácticamente ningún caso de gripe en mujeres embarazadas. El Ministerio de Salud de Israel estudia el caso, pero los expertos consideran que puede haber más que no han sido identificados.

""Los picos concurrentes de gripe y COVID-19 podrían significar el colapso de los hospitales de Israel"", dijo Erez Barenboim, director general del Hospital Samson Assuta Ashdod.

El pasado jueves, Israel aprobó la cuarta dosis de la vacuna contra la COVID-19 para personas inmunodeprimidas mientras sigue estudiando sus efectos para el resto de la población.

La farmacéutica Moderna ya se encuentra realizando estudios acerca de la combinación de la gripe y el coronavirus, y están tratando de desarrollar una vacuna única que combina dosis de refuerzo contra flurona, siendo una vacuna experimental.

adn40, el canal informativo más visto de México. Descarga nuestra app

pfp",unclear,"The article is about a new infection, 'flurona', which is a simultaneous infection of flu and COVID-19. No clear migration-driving conditions are discussed.",mistral:7b,unclear,"The article is about a new infection, 'flurona', which is a simultaneous infection of flu and COVID-19. No clear migration-driving conditions are discussed.",article,4
20220101,10,ISRAELI,ISRAEL,https://www.notigape.com/israel-detecto-primer-caso-de-flurona-gripe-y-covid-19-en-simultaneo/243839,unclear,<URL too short>,mistral:7b,,,,"Israel confirma su primer caso de la llamada “flurona”, una infección simultánea de coronavirus y virus de la gripe, según confirmó el portal Ynetespanol.

Su nombre se deriva de ""flu"" (gripe en inglés) y ""rona"" por coronavirus, y la paciente es una mujer que entró en trabajo de parto.

Fue detectado en el Centro Médico Rabin, en Petah Tikva. La paciente no estaba vacunada contra ninguna de estas enfermedades, pero ha mejorado.

El Ministerio de Salud israelí todavía está evaluando el caso, aunque fue leve.

Se indica que posiblemente no ha sido el primero al ser ahora dos infecciones comunes.

""Los picos concurrentes de influenza y Covid podrían significar el colapso de los hospitales de Israel”, advirtió Erez Barenboim, director general del Hospital Samson Assuta Ashdod.

Israel también presenta una epidemia de gripe, al tener en los hospitales a más de 1, 849 pacientes con complicaciones de la enfermedad.

La mayoría de los pacientes han contraído el subtipo A / H3 del virus de la influenza, pese a que algunos fueron vacunados en invierno.",push,Simultaneous outbreak of Coronavirus and Flu (Influenza) may cause hospital collapse,mistral:7b,push,Simultaneous outbreak of Coronavirus and Flu (Influenza) may cause hospital collapse,article,4
20220101,90,ISRAELI,ISRAEL,https://www.adn40.mx/internacional/israel-flurona-gripe-covid-19-pfp,unclear,<URL too short>,mistral:7b,,,,"Israel diagnosticó el primer caso de flurona, una infección simultánea de gripe y COVID-19; el caso se trata es una mujer de 30 años que no se había vacunado contra la COVID-19 y que recientemente había dado a luz en el hospital de Beilinson, de Petaj Tikva.

Según explicaron los responsables médicos del nosocomio, pese a no estar vacunada ni contra el COVID-19 ni contra la gripe la mujer se encontraba ""bien"".

""Le diagnosticaron la gripe y el coronavirus nada más llegar. Ambas pruebas dieron positivo, incluso después de que repitiéramos el test"", aseguró Arnon Viznitzer, jefe del Departamento de Obstetricia y Ginecología del hospital, que además explicó que '""la enfermedad es elementalmente la misma: algo vírico que provoca problemas respiratorios en las vías respiratorias superiores"".

Los médicos siguen pendientes del caso y en alerta, pues pese a que en principio la paciente solo ha mostrado síntomas leves existe preocupación por si la mezcla de ambos virus provocan una enfermedad de gravedad.

La mujer ha recibido una combinación de medicamentos que atacan tanto al coronavirus como a la gripe, por lo que fue dada de alta el pasado 30 de diciembre.

Estamos viendo más y más enfermedades similares entre las mujeres embarazadas, además de casos de coronavirus en mujeres que no están vacunadas ni contra el COVID-19 ni contra la gripe.

, señaló el doctor Viznitzer.

También aseguró que el año pasado no observaron prácticamente ningún caso de gripe en mujeres embarazadas. El Ministerio de Salud de Israel estudia el caso, pero los expertos consideran que puede haber más que no han sido identificados.

""Los picos concurrentes de gripe y COVID-19 podrían significar el colapso de los hospitales de Israel"", dijo Erez Barenboim, director general del Hospital Samson Assuta Ashdod.

El pasado jueves, Israel aprobó la cuarta dosis de la vacuna contra la COVID-19 para personas inmunodeprimidas mientras sigue estudiando sus efectos para el resto de la población.

La farmacéutica Moderna ya se encuentra realizando estudios acerca de la combinación de la gripe y el coronavirus, y están tratando de desarrollar una vacuna única que combina dosis de refuerzo contra flurona, siendo una vacuna experimental.

adn40, el canal informativo más visto de México. Descarga nuestra app

pfp",neutral,"Article is about a new medical condition (Flurona) that affects an unvaccinated pregnant woman in Israel, not clearly related to migration-driving conditions",mistral:7b,neutral,"Article is about a new medical condition (Flurona) that affects an unvaccinated pregnant woman in Israel, not clearly related to migration-driving conditions",article,4
20220101,190,ISRAELI,,https://ria.ru/20220102/status-1766397981.html,push,udary,mistral:7b,,,,,,,mistral:7b,push,udary,url_1,4
20220101,190,ISRAEL,ISRAEL,https://ria.ru/20220102/status-1766397981.html,pull,status,mistral:7b,,,,,,,mistral:7b,pull,status,url_1,4
20220101,190,ISRAEL,ISRAEL,https://ria.ru/20220102/udary-1766397744.html,push,udary,mistral:7b,,,,,,,mistral:7b,push,udary,url_1,4
20220101,190,ISRAELI,GAZA,https://ria.ru/20220102/status-1766397981.html,pull,status,mistral:7b,,,,,,,mistral:7b,pull,status,url_1,4
20220101,190,ISRAELI,GAZA,https://ria.ru/20220102/udary-1766397744.html,push,udary,mistral:7b,,,,,,,mistral:7b,push,udary,url_1,4
20220101,20,ISRAELI,ISRAELI,https://www.alarab.com/Article/1018146,unclear,<URL too short>,mistral:7b,,,,"اتكالا منا على الله.. اول الحروف للعاصفة...في بيانها الاول... وحجر رمي في نهر الاردن قالوا سيغير مجرى التاريخ.... الى الاعتراف بتوثيق مؤتمر هرتزل الاول.. واقرار سياسي وتاريخي وقانوني . بالاعتراف على معظم الارض التاريخية لصالح المشروع الصهيوني.. باغتيال العاصفة .

احتفى المحتفون با حتفالات خجولة بالانطلاقة وتحفظات باطنة معترضة على هذا النهج من الفتحاويين وما زالت قواعد فتح وكوادرها غير قادرة على زحزحه وانهاء هذا النهج المدمر للحركة الوطنية وفتح. لانطلاقة ثورة انتهكت مبادئها واهدافها وشرد وقتل كثير من مناضليها ودخلت دهاليز التسوية المميتة لقضيتنا وحقوقنا وكرامتنا وشهدائنا ليحتفلوا بخيبتهم وسقوط ثورة .. كان الاجدر ان تصوبوا بموضوعية سلوك وطريق لحركة استولى عليها مارقين ولصوص لترجعوا الحق الوطني الى نصابه ولتعيدوا شرف القسم والوعد فان الوعد والعهد مسؤلا ... وما زالت مشكلتنا قائمة في نخب تجامل وهي تدري او لا تدري انها تتساوق وتؤيد هؤلاء اللصوص. لثورة وكيان يبيع غالبية فلسطين في اول محطة تمكنت فيها تلك الفئة، في

في حين قراءة الواقع بشكل جيد يعطيك احداثيات الماضي.

قال رئيس أركان الجيش الإسرائيلي، أفيف كوخافي، إن جيشه كان يستعد لشن عملية أمنية واسعة في جنين قبل ثلاثة أشهر، لكن إسرائيل مارست ضغوطا على السلطة الفلسطينية حتى نفذت العملية بنفسه وصادرت اسلحة واعتقلت العشرات ولاحقت الارهبيين وعمليات العنف .

عام مضى حمل معه الكثير من الروايات والاحداث على المستوى الذاتي والاقليمي والدولي وكان عاما قاسيا على جمبع الشعوب في العالم. وانذا ر للبشرية ومهما اتت من قوة البطش والتقدم العلمي بان القوة لله وحده الواحد الاحد..وفلسطينيا حمل معه استمرار لسلب ارادته وتكريس انقسامة والثبات على برنامج اضاع القضية وفتك بها واستمرار لوجود اللصوص والفاسدين والعصابات المنظمة في حياته ومتصدرين القرار .. وعام ياتي من جديد نتمنى ان يكون افضل حالا مما مضى على الكرة الارضية وعام جديد على شعبنا يتخلص من الامه وازماته وعام يتم فيه تقرير حق المصير لشعبنا ونيل حقوقه التاريخية واختفاء اللصوص والمستبدين والفاسدين من حياته. وكل عام ياتي وانتم بخير يا شعبنا الفلسطيني وامتنا العربية والاسلامية وشعوب العالم.

من عجب العجاب ان يتحدث رئيس السلطة بعبارات شعبوية تخالف سلوكه و ممارساته التي لم تعد تخفى حتى على العامة في حين ان سقف محادثاته واتصالاته بالاسرائيليين لا يعدو عن كونه دور وظيفي بموجب قناعة اسرائيلية امريكية بتعزيز دور السلطة مادامت تقوم بهذا الدور الوظيفي ربما كانت كلمة رئيس الاركان كوفاخي توجز كثير مما سنقول حين كثفت السلطة عملياتها الامنية في كل مناطق أ و ب قبل اللقاء الاخير الذي تم مع وزير الحرب الصهيوني في منزله في شمال فلسطين المحتلة والذي حمل اسم (الازدهار والامن) طبيعي ان يحمل هذا الاسم بما يحمل من معاني وسلوكيات نفذتها السلطة ضد الحركة الوطنية الفلسطينية في الضفة الغربية وتزايد عدد العمليات التي تستهدف المستوطنين و جيش الاحتلال و في ظل عمل معاكس بدأ به المستوطنين في التهجم على القرى الفلسطينية والمزارع الفلسطينية و الغريب هنا ان يقبل عباس قارورة من زيت الزيتون التي اقل شجرة فيه اطول من عمر الاحتلال وعمر عباس في حد ذاته وهو زيتون فلسطيني تاريخي واملاك فلسطينية وكأن غينتس يريد ان يقول لن نتخلى عن الاستيطان ومصادرة الارض والمياه والاشجار ايضا وقبل بذلك عباس بدون اي اعتراض .

ولكن عباس يتحدث ويقول انه سيحارب العنف ويلاحقه ولن يتخلى عن التنسيق الامني الذي اعترف بفائدته كوفاخي .

الانطلاقة و في التحضير لاحتفالاتها يذهب الرئيس الفلسطيني للقاء كوفاخي تحت جدول عمل الامن اولا ثم بعض الحقوق المدنية للشعب الفلسطيني وبالتأكيد ان الاسرائيليين يضعوا الامن اولا بمقايدة عجيبة بمال لتعزيز السلطة في حين ايضا ان الاحتلال وامريكا والغرب يقرون بقاء الوضع كما هو عليه بدون اي افق سياسي او الرجوع حتى للمبادرات والمشاريع التي لا تعطي الفلسطينيين حقهم والتي لا تهدف لحل الصراع .

ماذا يقول الفتحاويون المحتشدون في اماكن مختلفة لاشعال شعلة الانطلاقة اهم حقا فتحاويون او هل هناك مراجعات يمكن ان تعيد سريان النهر لمجراه الاساسي ام مازالت تلك النخب والقاعدة الشعبية لحركة فتح مغررة بجمل شعبوية يرفضها الواقع الذي حركة فتح فيه الان فشتان بين فتح الانطلاقة وشعائرها وشهدائها واسراها وبين سلوك قيادة حركة فتح منذ سنوات وليس الان فحسب ، لماذا لم تعترض تلك النخب على هذا النهج ؟ لماذا تحولت الثقافة من ثقافة التحرير الى ثقافة الترويض السلوكي والثقافي لقبول الواقع وقبول قراصنة على هذه الارض واعطائهم الشرعية ، هل هناك من حركة تحرر تنازلت عن شبر واحد من اراضيها او حرف من حروف مبادئها دعونا ان نقول ان هناك في الامر شيئا من البدايات الى واقع النهايات .

عن اي امن وازدهار يتحدث عباس و غينتس و المستوطنين الاسرائيليين مطلوب حمايتهم ليس من جيش الاحتلال بل من الاجهزة الامنية للسلطة التي تقول عن نفسها انها وطنية في حين ان اسرائيل في اتفاقية اوسلو رفضت وضع كلمة وطنية في تعريف السلطة في اشارة بلاغية بأن السلطة هي احد المؤسسات التي يديرها الاحتلال وقبلت القيادة الفلسطينية بشطب كلمة الوطنية ولم تذكر اي محددات للاستيطان او رفض الاستيطان او وقف الاستيطان هكذا الواقع و هكذا الامور بل مطلوب من الشعب الفلسطيني ان لا يواجه عملية مصادرة الاراضي او القتل على الحواجز او مقاومة الاحتلال وبالتالي يتحقق الامن والازدهار للاسرائيليين والقتل والدمار وتدمير المنازل والمزارع يجب ان يتحمله الشعب الفلسطيني مقابل امن وازدهار الاتحلال وبعض ملايين الدولارات التي تحيي رجال السلطة ولا تحيي الشعب الفلسطيني .",unclear,,mistral:7b,unclear,,article,4
20220101,43,ITALY,,https://www.analisidifesa.it/2022/01/il-2021-ha-rilanciato-limmigrazione-illegale-su-vasta-scala-in-italia/,pull,illegal-immigration,mistral:7b,,,,,,,mistral:7b,pull,immigrazione-illegale,url_1,4
20220101,173,ITALY,ALBANIA,http://www.oranews.tv/vendi/ky-eshte-shqiptari-i-arratisur-nga-burgu-ne-itali-naten-e-nderrimit-te-vit-i1023852,pull,fugitive,mistral:7b,,,,,,,mistral:7b,pull,arratisur,url_1,4
20220101,42,ITALY,ITALIAN,https://www.interris.it/copertina/perno-opbg-omicron-bambini/,unclear,<URL too short>,mistral:7b,,,,"“La variante Omicron del Covid è molto mutata rispetto ai ceppi precedenti. Tutte le altre varianti si caratterizzavano per alcune mutazioni che le rendevano diverse. Omicron, invece, ha più di 50 mutazioni all’interno del suo genoma. questo, ha delle conseguenze”. Lo dice, in una chiara intervista a Interris.it, il professor Carlo Federico Perno, direttore dell’Unità di Microbiologia dell’Ospedale Pediatrico Bambino Gesù di Roma e docente di Microbiologia a Unicamillus Univesity.

L’unità di Microbiologia dell’Ospedale Pediatrico Bambino Gesù

L’Unità unisce le competenze professionali e le tecnologie avanzate per eseguire test che rispondono ai quesiti della diagnostica infettivologica ad ampio spettro, come caratterizzare i ceppi batterici portatori di malattie (patogeni), rari o inusuali, e attuare e definire le metodologie diagnostiche avanzate in campo virale.

I cambiamenti dei sintomi di alcune patologie e le malattie che possono trasmettersi dagli animali all’uomo hanno infatti richiesto negli anni uno sforzo multispecialistico e l’importazione di nuove tecnologie per diagnosticare, studiare le farmacoresistenze e la circolazione endemico-epidemica degli agenti biologici responsabili delle malattie. Così è stato per il Covid.

La prima foto al mondo della variante Omicron

L’area di ricerca di Medicina Multimodale del Bambino Gesù (coordinata sempre dal Prof Carlo Federico Perno), con la diretta supervisione della Prof.ssa Claudia Alteri (in collaborazione con l’Università Statale di Milano), da Valentino Costabile, Rossana Scutari, e Luna Colagrossi hanno realizzato lo scorso 28 novembre la prima foto al mondo della variante Omicron.

La variante B.1.351.V2 – o variante Omicron – è stata identificata nel dicembre 2020 in Sud Africa. Proprio per la sua origine è anche detta variante sudafricana.

La variante Omicron del nuovo Coronavirus condivide alcune mutazioni con la variante Delta o inglese (B.1.1.7), con qualche differenza. In particolare, questa variante ha più mutazioni della proteina spike, tra cui K417N, E484K, N501Y. A differenza della variante inglese, la variante sudafricana non contiene la delezione a 69/70.

La foto sopra mostra la struttura della proteina spike della variante Omicron, a destra, e della variante Delta, a sinistra, rispetto alla spike originale di SARS CoV-2. Omicron ha molte più mutazioni di Delta (già molto variata), concentrate in una zona che interagisce con le cellule umane.

Quali conseguenze ha per le persone e, in particolar modo, per i bambini l’arrivo della variante Omicron? Lo chiediamo al professor Perno in un’intervista in esclusiva per i lettori e le lettrici di Interris.it, a pochi giorni dall’avvio della campagna vaccinale anti Covid per i bimbi in età scolare.

L’intervista al professore Carlo Federico Perno

Professor Perno, come siete riusciti a creare questa prima immagine della variante Omicron?

“Il disegno della variante Omicron deriva dalla disponibilità di ‘tanta testa’ dei miei collaboratori e dalla disponibilità dell’Ospedale Bambino Gesù che ha strumenti informatici particolarmente avanzati. Tali strumenti permettono di ‘coniugare’ la testa dell’uomo con l’informatica in modo da ottenere dei risultati che diversamente non potrebbero essere raggiunti. E tutto ciò – lo ricordo – è stato realizzato dopo sole 24 ore dalla scoperta di Omicron!”.

L’intelligenza artificiale sarà in grado di sostituire – prima o poi – l’essere umano?

“Mi permetta di dire che l’intelligenza artificiale non sostituirà mai l’uomo nelle sue peculiarità e nella sua capacità di guardare le cose in una maniera diversa. Al contempo, l’uomo può sfruttare l’intelligenza artificiale perché ha possibilità di elaborazione di calcolo che sono molto superiori alla mente umana. Le due cose, messe insieme, possono fornire grandi risultati, ma ognuna di esse – prese singolarmente – hanno un limite; l’intelligenza artificiale più ancora della mente umana…”.

Prima ha citato le innovative attrezzature a disposizione dell’ospedale della Santa Sede. Nello specifico, cosa vi ha consentito di fare il salto di qualità?

“All’Ospedale Bambino Gesù è in uso un computer di particolare potenza che ci ha permesso – attraverso elaborati algoritmi – di analizzare in tempi brevi tutte le caratteristiche delle proteine del virus Covid-19 nella variante Omicron e studiarle in dettaglio. Tutto questo, se compiuto 20 anni fa, avrebbe richiesto molto tempo, forse degli anni. Noi siamo riusciti, coniugando dedizione e innovazione, a farlo in poche ore”.

Cosa differenzia la variante Omicron dalla Delta e dal primo virus Covid-19 tracciato per la prima volta a Wuhan nel 2019?

“Senza entrare in dettagli troppo tecnici, questo virus è molto variato rispetto ai ceppi precedenti. Tutte le altre varianti si caratterizzavano per alcune mutazioni che le rendevano diverse. Omicron, invece, ha più di 50 mutazioni all’interno del suo genoma. Ciò ha fatto sì che questo virus sia un po’ diverso dagli altri che lo hanno preceduto”.

In che misura dobbiamo dunque preoccuparci di Omicron?

“Senza allarmismi. Diverso infatti non significa assolutamente che sia più aggressivo e nemmeno che sfugga ai vaccini, ma semplicemente che ha una maggiore capacità di entrare nelle cellule umane. Per fare un esempio, potremmo affermare che Omicron è la chiave perfetta per entrare nella serratura delle cellule dell’uomo dove il virus si replica; rispetto alle precedenti varianti, è in grado di aprire tante porte, una specie di passepartout, ed è quindi più infettante”.

Si era scoperto che già la variante Delta fosse più infettante delle precedente, la Beta. Quindi, cosa può dirsi della Omicron?

“Il fatto è che tutti i virus tendono ad evolvere per aumentare la propria capacità infettante. Dal punto di vista darwiniano, i virus sono gli animali perfetti perché vivono solo per replicarsi. La prima variante del covid-19 – la Alfa – ha generato una seconda variante già poche settimane dopo essere nata. La seconda ne ha generata una terza, e poi siamo arrivati alla Delta che era molto infettiva. Omicron è un’ulteriore evoluzione che va nella stessa direzione: l’aumento dell’infettività, ma non necessariamente nella pericolosità”.

Secondo lei, la Omicron andrà a sostituire la Delta oppure continueranno a coesistere interagendo tra di loro?

“Al momento sembra che tutto stia andando nella direzione di una sostituzione. La Delta, nell’arco di poche settimane, sostituì le precedenti; così sta avvenendo per la Omicron. Dove c’è la Omicron, la Delta smette di circolare. Questo è un principio evoluzionistico molto chiaro. Tra i virus vince il più replicante, non il più cattivo. Se abbiamo un virus Delta e uno Omicron che combattono per la stessa cellula umana, vince Omicron perché ha la chiave migliore”.

Ultimamente c’è stato un forte aumento di casi. Il virus colpisce soprattutto la fascia d’età 6-11 anni, ossia i bambini delle elementari che ancora non hanno il vaccino. Si può ipotizzare che ciò sia dovuto all’Omicron oppure in Italia stiamo ancora “pagando” la Delta?

“Entrambe le cose. Saremmo arrivati a questo punto anche solo con la variante Delta perché abbiamo una fascia della popolazione italiana – i bambini fino agli 11 anni – che è scoperta; oltre alle persone che non si vogliono vaccinare. La Omicron accelererà ulteriormente ciò che la Delta già sta compiendo. E’ importante sottolineare che i cosiddetti ‘No Vax’ – statistiche alla mano – attualmente rappresentano coloro che si ammalano e muoiono più di tutti”.

Tornando ai bambini, è iniziata lo scorso 16 dicembre la campagna di vaccinazione 6-11 anni. Il vaccino protegge i più piccoli dalla variante Omicron?

“Per quello che vediamo oggi, non abbiamo nessuna ragione di temere che il vaccino non copra la Omicron. Finora, le evidenze ci dicono che Omicron è coperta dal vaccino”.

La variante Omicron è più pericolosa per i bambini?

“Ancora non lo sappiamo, però in tutto il mondo sono pochissimi i casi di morte da Omicron, nonostante siano diverse decine di migliaia i casi di pazienti infettati da questa variante. Le vittime inoltre sono – al momento – tutte persone adulte. Nei bambini non è segnalato nulla di particolare, ma chiaramente aumentando le infezioni dei bambini, cresce il rischio che qualcuno di loro starà peggio. Questa è una ragione in più per vaccinare i bambini ed evitare che il virus circoli”.

Le varianti aprono un dilemma etico, in quanto tutte provengono da Paesi poveri con una vaccinazione bassa o nulla. Qual è la problematica dei vaccini nel Terzo Mondo?

“Abbiamo due problematiche, una etico-politica e l’altra tecnica. La prima è che sosteniamo l’importanza di vaccinare il mondo, con roboanti comunicazioni, ma di fatto non stiamo facendo nulla. Il mondo non è vaccinato, le cose non stanno migliorando e vanno male per loro e per noi perché il virus lì si genera in quanto si replica praticamente all’infinito e così si creano le nuove varianti. Le varianti poi non riconoscono i co",neutral,The article does not discuss migration-driving conditions related to push or pull factors,mistral:7b,neutral,The article does not discuss migration-driving conditions related to push or pull factors,article,4
20220101,43,ITALIAN,,https://www.interris.it/copertina/perno-opbg-omicron-bambini/,unclear,<URL too short>,mistral:7b,,,,"“La variante Omicron del Covid è molto mutata rispetto ai ceppi precedenti. Tutte le altre varianti si caratterizzavano per alcune mutazioni che le rendevano diverse. Omicron, invece, ha più di 50 mutazioni all’interno del suo genoma. questo, ha delle conseguenze”. Lo dice, in una chiara intervista a Interris.it, il professor Carlo Federico Perno, direttore dell’Unità di Microbiologia dell’Ospedale Pediatrico Bambino Gesù di Roma e docente di Microbiologia a Unicamillus Univesity.

L’unità di Microbiologia dell’Ospedale Pediatrico Bambino Gesù

L’Unità unisce le competenze professionali e le tecnologie avanzate per eseguire test che rispondono ai quesiti della diagnostica infettivologica ad ampio spettro, come caratterizzare i ceppi batterici portatori di malattie (patogeni), rari o inusuali, e attuare e definire le metodologie diagnostiche avanzate in campo virale.

I cambiamenti dei sintomi di alcune patologie e le malattie che possono trasmettersi dagli animali all’uomo hanno infatti richiesto negli anni uno sforzo multispecialistico e l’importazione di nuove tecnologie per diagnosticare, studiare le farmacoresistenze e la circolazione endemico-epidemica degli agenti biologici responsabili delle malattie. Così è stato per il Covid.

La prima foto al mondo della variante Omicron

L’area di ricerca di Medicina Multimodale del Bambino Gesù (coordinata sempre dal Prof Carlo Federico Perno), con la diretta supervisione della Prof.ssa Claudia Alteri (in collaborazione con l’Università Statale di Milano), da Valentino Costabile, Rossana Scutari, e Luna Colagrossi hanno realizzato lo scorso 28 novembre la prima foto al mondo della variante Omicron.

La variante B.1.351.V2 – o variante Omicron – è stata identificata nel dicembre 2020 in Sud Africa. Proprio per la sua origine è anche detta variante sudafricana.

La variante Omicron del nuovo Coronavirus condivide alcune mutazioni con la variante Delta o inglese (B.1.1.7), con qualche differenza. In particolare, questa variante ha più mutazioni della proteina spike, tra cui K417N, E484K, N501Y. A differenza della variante inglese, la variante sudafricana non contiene la delezione a 69/70.

La foto sopra mostra la struttura della proteina spike della variante Omicron, a destra, e della variante Delta, a sinistra, rispetto alla spike originale di SARS CoV-2. Omicron ha molte più mutazioni di Delta (già molto variata), concentrate in una zona che interagisce con le cellule umane.

Quali conseguenze ha per le persone e, in particolar modo, per i bambini l’arrivo della variante Omicron? Lo chiediamo al professor Perno in un’intervista in esclusiva per i lettori e le lettrici di Interris.it, a pochi giorni dall’avvio della campagna vaccinale anti Covid per i bimbi in età scolare.

L’intervista al professore Carlo Federico Perno

Professor Perno, come siete riusciti a creare questa prima immagine della variante Omicron?

“Il disegno della variante Omicron deriva dalla disponibilità di ‘tanta testa’ dei miei collaboratori e dalla disponibilità dell’Ospedale Bambino Gesù che ha strumenti informatici particolarmente avanzati. Tali strumenti permettono di ‘coniugare’ la testa dell’uomo con l’informatica in modo da ottenere dei risultati che diversamente non potrebbero essere raggiunti. E tutto ciò – lo ricordo – è stato realizzato dopo sole 24 ore dalla scoperta di Omicron!”.

L’intelligenza artificiale sarà in grado di sostituire – prima o poi – l’essere umano?

“Mi permetta di dire che l’intelligenza artificiale non sostituirà mai l’uomo nelle sue peculiarità e nella sua capacità di guardare le cose in una maniera diversa. Al contempo, l’uomo può sfruttare l’intelligenza artificiale perché ha possibilità di elaborazione di calcolo che sono molto superiori alla mente umana. Le due cose, messe insieme, possono fornire grandi risultati, ma ognuna di esse – prese singolarmente – hanno un limite; l’intelligenza artificiale più ancora della mente umana…”.

Prima ha citato le innovative attrezzature a disposizione dell’ospedale della Santa Sede. Nello specifico, cosa vi ha consentito di fare il salto di qualità?

“All’Ospedale Bambino Gesù è in uso un computer di particolare potenza che ci ha permesso – attraverso elaborati algoritmi – di analizzare in tempi brevi tutte le caratteristiche delle proteine del virus Covid-19 nella variante Omicron e studiarle in dettaglio. Tutto questo, se compiuto 20 anni fa, avrebbe richiesto molto tempo, forse degli anni. Noi siamo riusciti, coniugando dedizione e innovazione, a farlo in poche ore”.

Cosa differenzia la variante Omicron dalla Delta e dal primo virus Covid-19 tracciato per la prima volta a Wuhan nel 2019?

“Senza entrare in dettagli troppo tecnici, questo virus è molto variato rispetto ai ceppi precedenti. Tutte le altre varianti si caratterizzavano per alcune mutazioni che le rendevano diverse. Omicron, invece, ha più di 50 mutazioni all’interno del suo genoma. Ciò ha fatto sì che questo virus sia un po’ diverso dagli altri che lo hanno preceduto”.

In che misura dobbiamo dunque preoccuparci di Omicron?

“Senza allarmismi. Diverso infatti non significa assolutamente che sia più aggressivo e nemmeno che sfugga ai vaccini, ma semplicemente che ha una maggiore capacità di entrare nelle cellule umane. Per fare un esempio, potremmo affermare che Omicron è la chiave perfetta per entrare nella serratura delle cellule dell’uomo dove il virus si replica; rispetto alle precedenti varianti, è in grado di aprire tante porte, una specie di passepartout, ed è quindi più infettante”.

Si era scoperto che già la variante Delta fosse più infettante delle precedente, la Beta. Quindi, cosa può dirsi della Omicron?

“Il fatto è che tutti i virus tendono ad evolvere per aumentare la propria capacità infettante. Dal punto di vista darwiniano, i virus sono gli animali perfetti perché vivono solo per replicarsi. La prima variante del covid-19 – la Alfa – ha generato una seconda variante già poche settimane dopo essere nata. La seconda ne ha generata una terza, e poi siamo arrivati alla Delta che era molto infettiva. Omicron è un’ulteriore evoluzione che va nella stessa direzione: l’aumento dell’infettività, ma non necessariamente nella pericolosità”.

Secondo lei, la Omicron andrà a sostituire la Delta oppure continueranno a coesistere interagendo tra di loro?

“Al momento sembra che tutto stia andando nella direzione di una sostituzione. La Delta, nell’arco di poche settimane, sostituì le precedenti; così sta avvenendo per la Omicron. Dove c’è la Omicron, la Delta smette di circolare. Questo è un principio evoluzionistico molto chiaro. Tra i virus vince il più replicante, non il più cattivo. Se abbiamo un virus Delta e uno Omicron che combattono per la stessa cellula umana, vince Omicron perché ha la chiave migliore”.

Ultimamente c’è stato un forte aumento di casi. Il virus colpisce soprattutto la fascia d’età 6-11 anni, ossia i bambini delle elementari che ancora non hanno il vaccino. Si può ipotizzare che ciò sia dovuto all’Omicron oppure in Italia stiamo ancora “pagando” la Delta?

“Entrambe le cose. Saremmo arrivati a questo punto anche solo con la variante Delta perché abbiamo una fascia della popolazione italiana – i bambini fino agli 11 anni – che è scoperta; oltre alle persone che non si vogliono vaccinare. La Omicron accelererà ulteriormente ciò che la Delta già sta compiendo. E’ importante sottolineare che i cosiddetti ‘No Vax’ – statistiche alla mano – attualmente rappresentano coloro che si ammalano e muoiono più di tutti”.

Tornando ai bambini, è iniziata lo scorso 16 dicembre la campagna di vaccinazione 6-11 anni. Il vaccino protegge i più piccoli dalla variante Omicron?

“Per quello che vediamo oggi, non abbiamo nessuna ragione di temere che il vaccino non copra la Omicron. Finora, le evidenze ci dicono che Omicron è coperta dal vaccino”.

La variante Omicron è più pericolosa per i bambini?

“Ancora non lo sappiamo, però in tutto il mondo sono pochissimi i casi di morte da Omicron, nonostante siano diverse decine di migliaia i casi di pazienti infettati da questa variante. Le vittime inoltre sono – al momento – tutte persone adulte. Nei bambini non è segnalato nulla di particolare, ma chiaramente aumentando le infezioni dei bambini, cresce il rischio che qualcuno di loro starà peggio. Questa è una ragione in più per vaccinare i bambini ed evitare che il virus circoli”.

Le varianti aprono un dilemma etico, in quanto tutte provengono da Paesi poveri con una vaccinazione bassa o nulla. Qual è la problematica dei vaccini nel Terzo Mondo?

“Abbiamo due problematiche, una etico-politica e l’altra tecnica. La prima è che sosteniamo l’importanza di vaccinare il mondo, con roboanti comunicazioni, ma di fatto non stiamo facendo nulla. Il mondo non è vaccinato, le cose non stanno migliorando e vanno male per loro e per noi perché il virus lì si genera in quanto si replica praticamente all’infinito e così si creano le nuove varianti. Le varianti poi non riconoscono i co",unclear,"Article text does not provide clear information about migration-driving conditions related to the country discussed (Italy). There is no mention of war, violence, persecution, unemployment, collapse, displacement, jobs, hiring, growth, investment, visas, asylum access, residency, aid, safety, stability or other conditions that may cause people to leave or arrive in Italy.",mistral:7b,unclear,"Article text does not provide clear information about migration-driving conditions related to the country discussed (Italy). There is no mention of war, violence, persecution, unemployment, collapse, displacement, jobs, hiring, growth, investment, visas, asylum access, residency, aid, safety, stability or other conditions that may cause people to leave or arrive in Italy.",article,4
20220101,43,ITALIAN,ITALY,https://www.interris.it/copertina/perno-opbg-omicron-bambini/,unclear,<URL too short>,mistral:7b,,,,"“La variante Omicron del Covid è molto mutata rispetto ai ceppi precedenti. Tutte le altre varianti si caratterizzavano per alcune mutazioni che le rendevano diverse. Omicron, invece, ha più di 50 mutazioni all’interno del suo genoma. questo, ha delle conseguenze”. Lo dice, in una chiara intervista a Interris.it, il professor Carlo Federico Perno, direttore dell’Unità di Microbiologia dell’Ospedale Pediatrico Bambino Gesù di Roma e docente di Microbiologia a Unicamillus Univesity.

L’unità di Microbiologia dell’Ospedale Pediatrico Bambino Gesù

L’Unità unisce le competenze professionali e le tecnologie avanzate per eseguire test che rispondono ai quesiti della diagnostica infettivologica ad ampio spettro, come caratterizzare i ceppi batterici portatori di malattie (patogeni), rari o inusuali, e attuare e definire le metodologie diagnostiche avanzate in campo virale.

I cambiamenti dei sintomi di alcune patologie e le malattie che possono trasmettersi dagli animali all’uomo hanno infatti richiesto negli anni uno sforzo multispecialistico e l’importazione di nuove tecnologie per diagnosticare, studiare le farmacoresistenze e la circolazione endemico-epidemica degli agenti biologici responsabili delle malattie. Così è stato per il Covid.

La prima foto al mondo della variante Omicron

L’area di ricerca di Medicina Multimodale del Bambino Gesù (coordinata sempre dal Prof Carlo Federico Perno), con la diretta supervisione della Prof.ssa Claudia Alteri (in collaborazione con l’Università Statale di Milano), da Valentino Costabile, Rossana Scutari, e Luna Colagrossi hanno realizzato lo scorso 28 novembre la prima foto al mondo della variante Omicron.

La variante B.1.351.V2 – o variante Omicron – è stata identificata nel dicembre 2020 in Sud Africa. Proprio per la sua origine è anche detta variante sudafricana.

La variante Omicron del nuovo Coronavirus condivide alcune mutazioni con la variante Delta o inglese (B.1.1.7), con qualche differenza. In particolare, questa variante ha più mutazioni della proteina spike, tra cui K417N, E484K, N501Y. A differenza della variante inglese, la variante sudafricana non contiene la delezione a 69/70.

La foto sopra mostra la struttura della proteina spike della variante Omicron, a destra, e della variante Delta, a sinistra, rispetto alla spike originale di SARS CoV-2. Omicron ha molte più mutazioni di Delta (già molto variata), concentrate in una zona che interagisce con le cellule umane.

Quali conseguenze ha per le persone e, in particolar modo, per i bambini l’arrivo della variante Omicron? Lo chiediamo al professor Perno in un’intervista in esclusiva per i lettori e le lettrici di Interris.it, a pochi giorni dall’avvio della campagna vaccinale anti Covid per i bimbi in età scolare.

L’intervista al professore Carlo Federico Perno

Professor Perno, come siete riusciti a creare questa prima immagine della variante Omicron?

“Il disegno della variante Omicron deriva dalla disponibilità di ‘tanta testa’ dei miei collaboratori e dalla disponibilità dell’Ospedale Bambino Gesù che ha strumenti informatici particolarmente avanzati. Tali strumenti permettono di ‘coniugare’ la testa dell’uomo con l’informatica in modo da ottenere dei risultati che diversamente non potrebbero essere raggiunti. E tutto ciò – lo ricordo – è stato realizzato dopo sole 24 ore dalla scoperta di Omicron!”.

L’intelligenza artificiale sarà in grado di sostituire – prima o poi – l’essere umano?

“Mi permetta di dire che l’intelligenza artificiale non sostituirà mai l’uomo nelle sue peculiarità e nella sua capacità di guardare le cose in una maniera diversa. Al contempo, l’uomo può sfruttare l’intelligenza artificiale perché ha possibilità di elaborazione di calcolo che sono molto superiori alla mente umana. Le due cose, messe insieme, possono fornire grandi risultati, ma ognuna di esse – prese singolarmente – hanno un limite; l’intelligenza artificiale più ancora della mente umana…”.

Prima ha citato le innovative attrezzature a disposizione dell’ospedale della Santa Sede. Nello specifico, cosa vi ha consentito di fare il salto di qualità?

“All’Ospedale Bambino Gesù è in uso un computer di particolare potenza che ci ha permesso – attraverso elaborati algoritmi – di analizzare in tempi brevi tutte le caratteristiche delle proteine del virus Covid-19 nella variante Omicron e studiarle in dettaglio. Tutto questo, se compiuto 20 anni fa, avrebbe richiesto molto tempo, forse degli anni. Noi siamo riusciti, coniugando dedizione e innovazione, a farlo in poche ore”.

Cosa differenzia la variante Omicron dalla Delta e dal primo virus Covid-19 tracciato per la prima volta a Wuhan nel 2019?

“Senza entrare in dettagli troppo tecnici, questo virus è molto variato rispetto ai ceppi precedenti. Tutte le altre varianti si caratterizzavano per alcune mutazioni che le rendevano diverse. Omicron, invece, ha più di 50 mutazioni all’interno del suo genoma. Ciò ha fatto sì che questo virus sia un po’ diverso dagli altri che lo hanno preceduto”.

In che misura dobbiamo dunque preoccuparci di Omicron?

“Senza allarmismi. Diverso infatti non significa assolutamente che sia più aggressivo e nemmeno che sfugga ai vaccini, ma semplicemente che ha una maggiore capacità di entrare nelle cellule umane. Per fare un esempio, potremmo affermare che Omicron è la chiave perfetta per entrare nella serratura delle cellule dell’uomo dove il virus si replica; rispetto alle precedenti varianti, è in grado di aprire tante porte, una specie di passepartout, ed è quindi più infettante”.

Si era scoperto che già la variante Delta fosse più infettante delle precedente, la Beta. Quindi, cosa può dirsi della Omicron?

“Il fatto è che tutti i virus tendono ad evolvere per aumentare la propria capacità infettante. Dal punto di vista darwiniano, i virus sono gli animali perfetti perché vivono solo per replicarsi. La prima variante del covid-19 – la Alfa – ha generato una seconda variante già poche settimane dopo essere nata. La seconda ne ha generata una terza, e poi siamo arrivati alla Delta che era molto infettiva. Omicron è un’ulteriore evoluzione che va nella stessa direzione: l’aumento dell’infettività, ma non necessariamente nella pericolosità”.

Secondo lei, la Omicron andrà a sostituire la Delta oppure continueranno a coesistere interagendo tra di loro?

“Al momento sembra che tutto stia andando nella direzione di una sostituzione. La Delta, nell’arco di poche settimane, sostituì le precedenti; così sta avvenendo per la Omicron. Dove c’è la Omicron, la Delta smette di circolare. Questo è un principio evoluzionistico molto chiaro. Tra i virus vince il più replicante, non il più cattivo. Se abbiamo un virus Delta e uno Omicron che combattono per la stessa cellula umana, vince Omicron perché ha la chiave migliore”.

Ultimamente c’è stato un forte aumento di casi. Il virus colpisce soprattutto la fascia d’età 6-11 anni, ossia i bambini delle elementari che ancora non hanno il vaccino. Si può ipotizzare che ciò sia dovuto all’Omicron oppure in Italia stiamo ancora “pagando” la Delta?

“Entrambe le cose. Saremmo arrivati a questo punto anche solo con la variante Delta perché abbiamo una fascia della popolazione italiana – i bambini fino agli 11 anni – che è scoperta; oltre alle persone che non si vogliono vaccinare. La Omicron accelererà ulteriormente ciò che la Delta già sta compiendo. E’ importante sottolineare che i cosiddetti ‘No Vax’ – statistiche alla mano – attualmente rappresentano coloro che si ammalano e muoiono più di tutti”.

Tornando ai bambini, è iniziata lo scorso 16 dicembre la campagna di vaccinazione 6-11 anni. Il vaccino protegge i più piccoli dalla variante Omicron?

“Per quello che vediamo oggi, non abbiamo nessuna ragione di temere che il vaccino non copra la Omicron. Finora, le evidenze ci dicono che Omicron è coperta dal vaccino”.

La variante Omicron è più pericolosa per i bambini?

“Ancora non lo sappiamo, però in tutto il mondo sono pochissimi i casi di morte da Omicron, nonostante siano diverse decine di migliaia i casi di pazienti infettati da questa variante. Le vittime inoltre sono – al momento – tutte persone adulte. Nei bambini non è segnalato nulla di particolare, ma chiaramente aumentando le infezioni dei bambini, cresce il rischio che qualcuno di loro starà peggio. Questa è una ragione in più per vaccinare i bambini ed evitare che il virus circoli”.

Le varianti aprono un dilemma etico, in quanto tutte provengono da Paesi poveri con una vaccinazione bassa o nulla. Qual è la problematica dei vaccini nel Terzo Mondo?

“Abbiamo due problematiche, una etico-politica e l’altra tecnica. La prima è che sosteniamo l’importanza di vaccinare il mondo, con roboanti comunicazioni, ma di fatto non stiamo facendo nulla. Il mondo non è vaccinato, le cose non stanno migliorando e vanno male per loro e per noi perché il virus lì si genera in quanto si replica praticamente all’infinito e così si creano le nuove varianti. Le varianti poi non riconoscono i co",neutral,"Article does not provide information about conditions that may cause people to leave or arrive in a specific country, it is about research and discovery of the Omicron variant of COVID-19.",mistral:7b,neutral,"Article does not provide information about conditions that may cause people to leave or arrive in a specific country, it is about research and discovery of the Omicron variant of COVID-19.",article,4
20220101,10,JUDGE,,https://www.analisidifesa.it/2022/01/il-2021-ha-rilanciato-limmigrazione-illegale-su-vasta-scala-in-italia/,pull,immigration-illegal,mistral:7b,,,,,,,mistral:7b,pull,immigration-illegal,url_1,4
20220101,43,SOUTH KOREA,MUSLIM,https://portaljember.pikiran-rakyat.com/pariwisata/pr-163372393/7-destinasi-wisata-halal-di-korea-selatan-cocok-bagi-umat-muslim-yang-traveling-ke-negeri-ginseng,pull,traveling,mistral:7b,,,,,,,mistral:7b,pull,traveling,url_1,4
20220101,84,TRADE UNION,,https://www.franceguyane.fr/actualite/social/mobilisation-sociale-a-pointe-a-pitre-elie-domota-a-ete-arrete-493999.php,push,social-mobilization,mistral:7b,,,,,,,mistral:7b,push,mobilisation-sociale,url_1,4
20220101,111,TRADE UNION,,https://www.franceguyane.fr/actualite/social/mobilisation-sociale-a-pointe-a-pitre-elie-domota-a-ete-arrete-493999.php,push,social-mobilization,mistral:7b,,,,,,,mistral:7b,push,mobilisation-sociale,url_1,4
20220101,100,REPRESENTATIVES,VOTER,https://www.corriere.it/editoriali/22_gennaio_01/i-partiti-quirinaleche-cosa-serve-ora-paese-466c0010-6b3e-11ec-a3c8-e3c830b3b1de.shtml,neutral,<no clear migration-related tokens>,mistral:7b,,,,,,,mistral:7b,neutral,<no clear migration-related tokens>,url_1,4
20220101,120,REPRESENTATIVES,VOTER,https://www.corriere.it/editoriali/22_gennaio_01/i-partiti-quirinaleche-cosa-serve-ora-paese-466c0010-6b3e-11ec-a3c8-e3c830b3b1de.shtml,neutral,<no clear migration-related tokens>,mistral:7b,,,,,,,mistral:7b,neutral,<no clear migration-related tokens>,url_1,4
20220101,161,MONACO,,https://madeinfoot.ouest-france.fr/infos/article-asm-l-as-monaco-officialise-le-depart-de-niko-kovac-officiel-364395.html,unclear,<URL too short>,mistral:7b,,,,"Par l'entremise d'un communiqué, publié ce samedi soir sur son site internet, l'AS Monaco a officialisé le départ de Niko Kovac (50 ans) de son poste d'entraîneur. Arrivé sur le Rocher à l'été 2020, le technicien croate aura dirigé les Rouge-et-Blanc à 74 reprises. En attendant la nomination de son successeur, l'intérim sera assuré par Stéphane Nado, l'entraîneur de la réserve asémiste.

LE COMMUNIQUÉ DE L'AS MONACO

""L’AS Monaco annonce avoir pris la décision de se séparer de Niko Kovac. L’entraîneur croate en a été informé jeudi lors d’un entretien préalable.

Arrivé en Principauté en juillet 2020, Niko Kovac a dirigé l’équipe à 74 reprises. L’AS Monaco annoncera très prochainement le nom de son nouvel entraîneur. D’ici là, Stéphane Nado, entraîneur de la N2, assure l’entraînement du groupe professionnel.""",neutral,"Article discusses football coach's departure from AS Monaco, not related to migration-driving conditions",mistral:7b,neutral,"Article discusses football coach's departure from AS Monaco, not related to migration-driving conditions",article,4
20220101,161,MONACO,,https://madeinfoot.ouest-france.fr/infos/article-asm-l-as-monaco-officialise-le-depart-de-niko-kovac-officiel-364395.html,neutral,None of the provided tokens indicate migration pressure,mistral:7b,,,,,,,mistral:7b,neutral,None of the provided tokens indicate migration pressure,url_1,4
20220101,51,MILITARY,,https://www.okaz.com.sa/news/na/2092790,unclear,URL is too short and generic,mistral:7b,,,,"أحمد الشميري «عكاظ» (جدة،الرياض) a_shmeri@

‏ثمن وزير الإعلام اليمني معمر الإرياني، المواقف الأخوية والدعم اللامحدود من تحالف دعم الشرعية بقيادة السعودية التي قدمت الغالي والنفيس لنصرة اليمن، وإسناده في معركة استعادة الدولة وإسقاط الانقلاب الحوثي، بتوجيهات كريمة من خادم الحرمين الشريفين الملك سلمان بن عبدالعزيز، وولي العهد الأمير محمد بن سلمان.



ونوه بالجهود الاستثنائية النبيلة التي بذلها نائب وزير الدفاع الأمير خالد بن سلمان، وكذلك قائد القوات المشتركة الفريق الركن مطلق بن سالم الأزيمع، وكل المعنيين الذي يعملون ليل نهار لدعم اليمنيين في معركتهم المصيرية، مؤكدا بقوله «لن ننسى هذه المواقف النبيلة للأشقاء».



وأشاد الإرياني بتوحد أيادي وإرادة اليمنيين في التصدي للغزو الفارسي وأذياله من مليشيا الإرهاب الحوثية في جبهات مأرب والجوف وتعز والضالع وشبوة والحديدة والبيضاء، ومواقفهم في صوالين الساسة ودهاليز السياسة وصفحات المواقع الإخبارية والنشطاء في منصات التواصل الاجتماعي.



وقال في سلسلة تغريدات عبر حسابه في «تويتر» أمس (السبت): استثمر النظام الإيراني خلافات القوى السياسية للدفع بمليشيا الحوثي لقلب الطاولة على الجميع، للانقلاب على مخرجات مؤتمر الحوار الوطني الشامل، واحتلال العاصمة المختطفة صنعاء، والبدء بعمليات تجريف ممنهج لمؤسسات الدولة والهوية الوطنية والعربية، وتدمير النسيج الاجتماعي والسلم الأهلي.



وأضاف: اشتغلت مليشيا الحوثي على اختراق الجبهة الوطنية عبر بعض المواقع والصفحات لخلخلة الصفوف وتغذية الخلافات وتعميقها، وشغل اليمنيين بمعارك ثانوية وصرفهم عن معركتهم المصيرية، وما زالت تراهن على الانقسامات لتمرير مشروعها السرطاني بأحقاده التاريخية وخلفياته العقائدية المستوردة من طهران.



وأكد أن ما يحدث على الأرض من ترتيبات عسكرية بدعم من تحالف دعم الشرعية، لتغيير مسار المعركة من الدفاع للهجوم واستعادة ما تم فقدانه من الأراضي المحررة، وتحرير كل شبر من التراب اليمني، يحتم على القوى السياسية وكافة الإعلاميين والصحفيين ترك خلافاتهم والتوحد خلف الجيش اليمني والمقاومة.



وجدد الإرياني دعوة كافة القوى السياسية والإعلاميين والصحفيين للاستفادة من دروس الماضي، وتجاوز خلافاتهم وتوحيد الصف والجهود خلف الشرعية اليمنية بقيادة الرئيس عبدربه منصور هادي، إدراكا لخطورة المعركة، وتقديرا للدماء الطاهرة التي سكبت في مختلف جبهات القتال دفاعا عن الوطن ومكتسباته.



من جهة أخرى نجح الجيش اليمني الوطني بإسناد من تحالف دعم الشرعية في استنزاف وإفشال مخططات الانقلاب الإرهابية، ما تسبب في تفاقم الصراعات وحالات التصفية الداخلية بين أجنحة المليشيا في المديريات الجنوبية لمحافظة مأرب. وقالت مصادر قبلية لـ«عكاظ»، إن مسلحاً حوثياً أطلق الرصاص الحي على الزعيم القبلي صالح القاضي المعين وكيلاً لمحافظة مأرب من قبل الحوثي في منزله، (الخميس) الماضي، وأرداه قتيلاً .



وأضافت المصادر أن سيناريو الاضطرابات النفسية محاولة للتغطية على عملية التصفية المتعمدة، خصوصاً بعد تكتم المليشيا على الحادثة ونقل جثة الزعيم القبلي الذي ينتمي إلى قبلية مراد إلى صنعاء، مؤكدة أن التصفية جاءت على خلفية نجاحات الجيش اليمني في شبوة وسيطرته على مديرية عسيلان ما تتسبب في فرض حصار على العناصر الحوثية (جنوبي مأرب). وأفادت بأن القاضي من الشخصيات التي سهلت دخول المليشيا إلى مناطقه ورغم ذلك جرت تصفيته عل غرار ما حدث لموالين في محافظات عمران وصعدة. وفجرت مليشيا الحوثي في مديرية الجوبة (جنوبي مأرب) منزل مبخوت الفقير في منطقة الخثلة بعد أن زرعت فيه عبوات ناسفة من الداخل، ووفقاً لمصادر قبلية، فإن عشرات المنازل جرى تفجيرها خلال اليومين الماضيين في الجوبة.",push,"The article discusses the support and coordination between Saudi Arabia-led coalition and Yemeni government to fight against Houthi rebels in various regions of Yemen, resulting in destruction of infrastructure and loss of lives. This creates conditions that may cause people to leave Yemen.",mistral:7b,push,"The article discusses the support and coordination between Saudi Arabia-led coalition and Yemeni government to fight against Houthi rebels in various regions of Yemen, resulting in destruction of infrastructure and loss of lives. This creates conditions that may cause people to leave Yemen.",article,4
20220101,51,MILITARY,,https://www.okaz.com.sa/news/na/2092790,unclear,"URL is a duplicate of row 101, no new information",mistral:7b,,,,"أحمد الشميري «عكاظ» (جدة،الرياض) a_shmeri@

‏ثمن وزير الإعلام اليمني معمر الإرياني، المواقف الأخوية والدعم اللامحدود من تحالف دعم الشرعية بقيادة السعودية التي قدمت الغالي والنفيس لنصرة اليمن، وإسناده في معركة استعادة الدولة وإسقاط الانقلاب الحوثي، بتوجيهات كريمة من خادم الحرمين الشريفين الملك سلمان بن عبدالعزيز، وولي العهد الأمير محمد بن سلمان.



ونوه بالجهود الاستثنائية النبيلة التي بذلها نائب وزير الدفاع الأمير خالد بن سلمان، وكذلك قائد القوات المشتركة الفريق الركن مطلق بن سالم الأزيمع، وكل المعنيين الذي يعملون ليل نهار لدعم اليمنيين في معركتهم المصيرية، مؤكدا بقوله «لن ننسى هذه المواقف النبيلة للأشقاء».



وأشاد الإرياني بتوحد أيادي وإرادة اليمنيين في التصدي للغزو الفارسي وأذياله من مليشيا الإرهاب الحوثية في جبهات مأرب والجوف وتعز والضالع وشبوة والحديدة والبيضاء، ومواقفهم في صوالين الساسة ودهاليز السياسة وصفحات المواقع الإخبارية والنشطاء في منصات التواصل الاجتماعي.



وقال في سلسلة تغريدات عبر حسابه في «تويتر» أمس (السبت): استثمر النظام الإيراني خلافات القوى السياسية للدفع بمليشيا الحوثي لقلب الطاولة على الجميع، للانقلاب على مخرجات مؤتمر الحوار الوطني الشامل، واحتلال العاصمة المختطفة صنعاء، والبدء بعمليات تجريف ممنهج لمؤسسات الدولة والهوية الوطنية والعربية، وتدمير النسيج الاجتماعي والسلم الأهلي.



وأضاف: اشتغلت مليشيا الحوثي على اختراق الجبهة الوطنية عبر بعض المواقع والصفحات لخلخلة الصفوف وتغذية الخلافات وتعميقها، وشغل اليمنيين بمعارك ثانوية وصرفهم عن معركتهم المصيرية، وما زالت تراهن على الانقسامات لتمرير مشروعها السرطاني بأحقاده التاريخية وخلفياته العقائدية المستوردة من طهران.



وأكد أن ما يحدث على الأرض من ترتيبات عسكرية بدعم من تحالف دعم الشرعية، لتغيير مسار المعركة من الدفاع للهجوم واستعادة ما تم فقدانه من الأراضي المحررة، وتحرير كل شبر من التراب اليمني، يحتم على القوى السياسية وكافة الإعلاميين والصحفيين ترك خلافاتهم والتوحد خلف الجيش اليمني والمقاومة.



وجدد الإرياني دعوة كافة القوى السياسية والإعلاميين والصحفيين للاستفادة من دروس الماضي، وتجاوز خلافاتهم وتوحيد الصف والجهود خلف الشرعية اليمنية بقيادة الرئيس عبدربه منصور هادي، إدراكا لخطورة المعركة، وتقديرا للدماء الطاهرة التي سكبت في مختلف جبهات القتال دفاعا عن الوطن ومكتسباته.



من جهة أخرى نجح الجيش اليمني الوطني بإسناد من تحالف دعم الشرعية في استنزاف وإفشال مخططات الانقلاب الإرهابية، ما تسبب في تفاقم الصراعات وحالات التصفية الداخلية بين أجنحة المليشيا في المديريات الجنوبية لمحافظة مأرب. وقالت مصادر قبلية لـ«عكاظ»، إن مسلحاً حوثياً أطلق الرصاص الحي على الزعيم القبلي صالح القاضي المعين وكيلاً لمحافظة مأرب من قبل الحوثي في منزله، (الخميس) الماضي، وأرداه قتيلاً .



وأضافت المصادر أن سيناريو الاضطرابات النفسية محاولة للتغطية على عملية التصفية المتعمدة، خصوصاً بعد تكتم المليشيا على الحادثة ونقل جثة الزعيم القبلي الذي ينتمي إلى قبلية مراد إلى صنعاء، مؤكدة أن التصفية جاءت على خلفية نجاحات الجيش اليمني في شبوة وسيطرته على مديرية عسيلان ما تتسبب في فرض حصار على العناصر الحوثية (جنوبي مأرب). وأفادت بأن القاضي من الشخصيات التي سهلت دخول المليشيا إلى مناطقه ورغم ذلك جرت تصفيته عل غرار ما حدث لموالين في محافظات عمران وصعدة. وفجرت مليشيا الحوثي في مديرية الجوبة (جنوبي مأرب) منزل مبخوت الفقير في منطقة الخثلة بعد أن زرعت فيه عبوات ناسفة من الداخل، ووفقاً لمصادر قبلية، فإن عشرات المنازل جرى تفجيرها خلال اليومين الماضيين في الجوبة.",push,"War, violence, persecution, repression from Houthi insurgency in various Yemeni provinces",mistral:7b,push,"War, violence, persecution, repression from Houthi insurgency in various Yemeni provinces",article,4
20220101,114,NAVY,,https://omirante.pt/sociedade/2022-01-01-Vila-Franca-de-Xira-vai-ter-de-realizar-mais-obras-para-ganhar-novo-tribunal-a4687496,neutral,None of the provided tokens indicate migration pressure,mistral:7b,,,,,,,mistral:7b,neutral,None of the provided tokens indicate migration pressure,url_1,4
20220101,190,MALI,,http://malijet.com/actualite-politique-au-mali/editorial-journaux-mali/265485-edito-le-pragmatisme-russe-aux-antipodes-des-th%C3%A9ories-fran%C3%A7aises.html,unclear,URL is too short and ambiguous,mistral:7b,,,,"Edito : le pragmatisme Russe aux antipodes des théories Françaises. P1

Partager :

Pendant près de huit ans le Mali est sous coupe réglée des djihado-terroristes, malgré la présence massive des forces françaises Barkhanes et de ses supplétifs de la MINUSMA, du G5 Sahel et de la Task Force Takuba. Huit longues années de traversée du désert et de décompte macabre pour le Mali, au nez et à la barbe de plus de 20 000 soldats venus pour stabiliser le Mali en luttant efficacement contre le terrorisme. Nul besoin d’aller chercher loin les faits parlent d’eux-mêmes, le bilan est tout simplement catastrophique. Des camps militaires détruits, des militaires maliens égorgés par dizaines, faute de renseignements, des villages entiers effacés sur la carte du Mali, des populations civiles et leurs biens calcinés. Comme si cela ne suffisait pas des communautés qui ont vécu en parfaite symbiose pendant des siècles s’entretuent sans que les forces d’interposition que sont celles de la MINUSMA ne pipent mot. Et pourtant ils ne sont que quelques groupuscules armés à semer la chienlit et la désolation dans 3 pays, à savoir le Burkina Faso, le Niger et le Mali, alors même qu’en plus des armées de ces trois pays, des milliers d’autres troupes venues d’ailleurs pullulent au sahel sous le prétexte fallacieux de combattre le terrorisme. Ses troupes sont-elles réellement présentes au Mali pour lutter contre le terrorisme, ou pour simplement entretenir une guerre pendant longtemps afin d’exploiter les immenses ressources de ces trois pauvres pays ?

Le Mali semble répondre à cette question en faisant d’abord le constat d’échec de ses partenaires et en prenant son destin en main en se tournant vers la Russie pour trouver des solutions à sa crise sécuritaire. Par ce choix audacieux il s’est attiré la foudre de l’Occident, autrement dit la France et ses alliés qui voient un pan important de leurs territoires conquis leur échapper impuissamment. En effet, en trois petits mois de coopération avec la Russie, le Mali a pu obtenir, en termes de résultats, ce qu’il n’a pas eu en sept ans de collaboration avec la France et ses forces supplétives. Le Pays de Soundiata commence à pousser un grand ouf de soulagement, car la peur a complètement changé de camp. Certains observateurs ne se privent même plus d’affirmer que la coopération militaire avec la Russie a permis aux Forces Armées Maliennes, FAMA, de faire en un temps record ce que l’ensemble des forces présentes au Mali n’ont pas fait en sept ans.

Comme pour dire que le pragmatisme Russe est clairement aux antipodes des grandes théories françaises et occidentales. Les FAMA montent véritablement en puissance et pourchassent même l’ennemi jusqu’à son dernier retranchement, ce qui était un rêve hier. A en juger par les images et les informations que nous recevons des sources officielles, sur les réseaux sociaux et sur d’autres plateformes d’information, les forces armées maliennes sont requinquées, le moral est au beau fixe et l’engagement est au rendez-vous. L’ennemi est en débandade et l ’armée gagne du terrain Hier les soldats maliens étaient qualifiés de soldats mal formés, mal équipés, et prêts à fuir au moindre coup de feu, aujourd’hui ils défendent, avec patriotisme et engagement, l’intégrité de leur territoire. Les différents résultats obtenus par les FAMA avec le soutien multiformes de la Russie renforcent le sentiment d’affection des maliens vis-à-vis de Poutine et de son pays et accentue le rejet voire la haine vis-à-vis de la France et ses alliés au Mali. Vive la coopération Russo-malienne, Vive la Russie, vive Poutine ; à bas la France, à bas Macron, à bas les alliés de la France. C’est en substance les slogans qu’on entend au Mali.

Youssouf Sissoko

À lire aussi",push,"presence of terrorism, destruction of military camps, massacres of Malian soldiers, displacement and destruction of villages, civilian casualties, failure of French forces to effectively combat terrorism",mistral:7b,push,"presence of terrorism, destruction of military camps, massacres of Malian soldiers, displacement and destruction of villages, civilian casualties, failure of French forces to effectively combat terrorism",article,4
20220101,42,MUSLIM,SOUTH KOREA,https://portaljember.pikiran-rakyat.com/pariwisata/pr-163372393/7-destinasi-wisata-halal-di-korea-selatan-cocok-bagi-umat-muslim-yang-traveling-ke-negeri-ginseng,pull,jobs (job) and traveling (traveling) indicate immigration,mistral:7b,,,,,,,mistral:7b,pull,jobs (job) and traveling (traveling) indicate immigration,url_1,4
20220101,841,PRISONER,DIPLOMAT,https://www.republika.co.id/berita/r520da430/indiapakistan-tukar-daftar-tahanan,unclear,URL is too short and generic,mistral:7b,,,,"REPUBLIKA.CO.ID,ISLAMABAD - - India dan Pakistan saling bertukar daftar warga negara yang ditahan di penjara pada Sabtu (1/1). Pertukaran dilakukan melalui diplomat masing-masing di Islamabad dan New Delhi.

Praktek ini konsisten dengan kesepakatan 2008 antara kedua belah pihak tentang akses konsuler ke tahanan. Kesepakatan itu mengharuskan mereka untuk bertukar daftar tahanan di tahanan masing-masing setiap Januari dan Juli.

Pakistan berbagi dengan diplomat top India di Islamabad daftar 628 tahanan India yang ditahan di Pakistan. Jumlah ini termasuk 577 nelayan yang dituduh melakukan penangkapan ikan ilegal di perairan teritorial Pakistan, dan 51 lainnya.

India secara bersamaan berbagi dengan Pakistan daftar tahanan tetangganya yang ditahan di India. India menyerahkan daftar 282 tahanan Pakistan dan 73 nelayan. Rincian tentang tahanan sipil yang ditahan India tidak tersedia.

Januari lalu, India menyerahkan kepada Pakistan daftar 263 tahanan Pakistan dan 77 nelayan di tahanan India. Pakistan pun pada 2021 membagikan daftar 270 nelayan India dan 49 tahanan lainnya dalam tahanannya.

Kedua belah pihak saling menangkap nelayan karena melintasi perbatasan laut tak bertanda antara kedua negara. Nelayan yang mencari hasil tangkapan yang lebih baik tanpa teknologi navigasi modern sering kali masuk ke wilayah perairan negara lain.

Badan keamanan maritim Pakistan dan India menyita kapal mereka dan memenjarakannya. Nelayan biasanya baru dibebaskan setelah kedua negara melakukan negosiasi. Biasanya para nelayan menghabiskan bertahun-tahun di balik jeruji besi tanpa pengadilan formal.

Baik Pakistan maupun India tidak memberikan rincian tentang tahanan sipil lainnya. Namun penangkapan di kedua belah pihak termasuk pelanggaran seperti visa tinggal lebih lama atau perjalanan ke kota-kota yang tidak sah.

Selain itu, menurut pernyataan resmi dari dua negara bersenjata nuklir itu, kedua belah pihak juga bertukar daftar aset dan fasilitas nuklir di bawah perjanjian yang berlaku selama tiga dekade.

Pertukaran tersebut merupakan bagian dari pakta yang ditandatangani oleh kedua negara pada Desember 1988. Dalam perjanjian itu disebut Larangan Serangan terhadap Instalasi dan Fasilitas Nuklir. Itu dilaksanakan pada 1991.

Tidak ada pihak yang memberikan rincian fasilitas dan instalasi nuklir. Hanya saja, sebagian besar diyakini bahwa daftar tersebut terdiri dari fasilitas nuklir yang diketahui.

Pakistan dan India memiliki hubungan yang tegang sejak kemerdekaan dari pemerintahan kolonial Inggris pada tahun 1947 atas wilayah Himalaya di Kashmir. Wilayah Kashmir yang indah terbagi antara India dan Pakistan. Keduanya mengklaimnya secara keseluruhan dan berperang dua dari tiga perang mereka di wilayah tersebut.

Hubungan antara kedua negara menjadi lebih tegang setelah India mencabut status khusus Kashmir yang dikuasai India dalam konstitusinya pada Agustus 2019.

Sumber:

https://apnews.com/article/pakistan-asia-india-new-delhi-kashmir-1cf725ec147d967c67b6a289014fe5eb",mixed,"The article discusses the exchange of prisoners between India and Pakistan, which can be seen as a push factor (detention) for those imprisoned, but also a pull factor (release) for those who were previously detained.",mistral:7b,mixed,"The article discusses the exchange of prisoners between India and Pakistan, which can be seen as a push factor (detention) for those imprisoned, but also a pull factor (release) for those who were previously detained.",article,4
20220101,42,POLE,,https://as.com/futbol/2022/01/01/primera/1641057005_745473.html,neutral,None of the provided tokens indicate migration pressure,mistral:7b,,,,,,,mistral:7b,neutral,None of the provided tokens indicate migration pressure,url_1,4
20220101,161,PORTUGAL,MADEIRA,https://www.akhbarona.com/last/340605.html,unclear,URL is too short and generic,mistral:7b,,,,"اضطر نحو ثلاثة آلاف شخص من ركاب سفينة سياحية ألمانية قضاء عشية رأس السنة في مكان غير مخطط له في لشبونة بسبب فيروس كورونا، بينما لم يتضح متى سوف يسمح للسفينة بمواصلة رحلتها.



ونظراً لوجود عشرات الإصابات بين أفراد طاقم السفينة، جرى تأجيل إبحار السفينة ""عايدة نوفا"" الراسية في ميناء مدينة العاصمة البرتغالية حتى بدء العام الجديد.



وجاء في بيان للشركة أن المصابين أعراضهم خفيفة فقط ويتلقون الرعاية الطبية.



وقال ديوجو فييرا برانكو مدير ميناء لشبونة لوكالة الأنباء البرتغالية (لوسا) إن 52 فرداً من الطاقم البالغ 1353 فرداً في ""عايدة نوفا"" جاءت نتائجهم إيجابية للفيروس. وأضاف برانكو أنه كان هناك 2844 سائحاً على متن السفينة ولا يوجد بينهم أي مصاب بكورونا.



وجرى إلغاء الرحلة المقررة لمشاهدة الألعاب النارية عشية العام الجديد فوق ميناء فونشال في جزيرة ماديرا الواقعة بالمحيط الأطلسي، ما أفسد عشية رأس السنة والمزاج الاحتفائي لبعض الركاب، بحسب منشورات على مواقع التواصل الاجتماعي.



وقالت شركة عايدة كروزس للرحلات البحرية السياحية إنها مددت بقاء سفينتها ""عايدة نوفا"" في الميناء حتى العام الجديد بعدما كشفت اختبارات دورية وجود إصابات بالفيروس، مضيفة أن أولئك المصابين موجودون حالياً على البر وأنها تنسق مع السلطات المحلية.



وصرحت الشركة لوكالة الأنباء الألمانية أنه لا يُسمح للركاب الذين تزيد أعمارهم عن 12 عامًا وأفراد الطاقم بمغادرة السفينة، وأشارت الشركة إلى أن جميع الركاب الذين تزيد أعمارهم عن 12 عامًا والطاقم قد تم تطعيمهم وأنهم قد خضوا لاختبار الأجسام المضادة واختبار بي سي آر قبل الإبحار.",neutral,"The article does not primarily discuss conditions that may cause people to leave or arrive in a country, but rather focuses on a cruise ship incident related to COVID-19",mistral:7b,neutral,"The article does not primarily discuss conditions that may cause people to leave or arrive in a country, but rather focuses on a cruise ship incident related to COVID-19",article,4
20220101,10,PALESTINIAN,,https://www.lematin.ch/story/apres-des-tirs-de-roquettes-frappes-israeliennes-sur-gaza-569823935907,unclear,,mistral:7b,,,,"L’armée israélienne a répliqué à des tirs de roquettes depuis l’enclave palestinienne en frappant des positions du Hamas dans la bande de Gaza samedi.

Israël et le Hamas, des ennemis jurés, se sont livré une guerre de onze jours en mai 2021, leur quatrième depuis la prise du pouvoir à Gaza par le mouvement islamiste armé. AFP

L’armée israélienne a bombardé dans la nuit de samedi à dimanche des positions du Hamas dans le sud de la bande de Gaza après des tirs de roquettes depuis l’enclave palestinienne, ont indiqué des sources sécuritaires et l’armée israélienne. Dans un bref message à la presse, l’armée israélienne a d’abord indiqué «mener des frappes contre des cibles terroristes dans la bande de Gaza», sous contrôle du mouvement islamiste armé Hamas depuis 2007 et objet depuis d’un blocus israélien.

«Des avions de combat israéliens ciblent un site des brigades al-Qassam (branche armée du Hamas, ndlr) à l’ouest de Khan Younès», ville du sud de la bande de Gaza, ont précisé à l’AFP des sources sécuritaires palestiniennes, faisant aussi état de tirs d’artillerie sur une base d’observation du mouvement islamiste dans le nord de l’enclave.

Roquettes en Méditerranée

Samedi matin, deux roquettes tirées depuis la bande de Gaza étaient tombées en mer Méditerranée, au large de la métropole israélienne de Tel-Aviv. Les sirènes d’alarme n’avaient pas été déclenchées et le système d’interception des roquettes n’avait pas été actionné, avait précisé l’armée israélienne dans un communiqué.

Des sources au sein du Hamas ont indiqué à l’AFP que ce tir «était dû à un problème technique en raison du mauvais temps». Un porte-parole du Hamas a condamné les frappes israéliennes, appelant à continuer à «défendre (le) peuple palestinien et (les) sites saints contre l’occupation et les colons jusqu’à la victoire». «Celui qui vise avec ses missiles l’État d’Israël en assumera les conséquences», a déclaré de son côté dimanche le Premier ministre israélien, Naftali Bennett, en ouverture du Conseil des ministres hebdomadaire.

Israël et le Hamas, des ennemis jurés, se sont livré une guerre de onze jours en mai 2021, leur quatrième depuis la prise du pouvoir à Gaza par le mouvement islamiste armé. Depuis l’entrée en vigueur d’un cessez-le-feu fragile, cinq projectiles (roquettes ou obus) avaient jusqu’à présent été tirés depuis Gaza vers le territoire israélien, soit le plus faible nombre dans les six mois suivant une guerre Israël/Hamas, selon le rapport annuel de l’armée publié le 29 décembre.",push,"violence, war, dispute between Israel and Hamas",mistral:7b,push,"violence, war, dispute between Israel and Hamas",article,4
20220101,10,PALESTINIAN,,https://www.lematin.ch/story/apres-des-tirs-de-roquettes-frappes-israeliennes-sur-gaza-569823935907,push,"rocket fire, Israeli strikes on Gaza",mistral:7b,,,,,,,mistral:7b,push,tirs de roquettes frappes Israeliennes sur Gaza,url_1,4
20220101,61,PALESTINIAN,,https://www.alquds.co.uk/%D8%A7%D9%84%D8%AC%D9%8A%D8%B4-%D8%A7%D9%84%D8%A5%D8%B3%D8%B1%D8%A7%D8%A6%D9%8A%D9%84%D9%8A-%D9%8A%D9%82%D8%B5%D9%81-%D8%A3%D9%87%D8%AF%D8%A7%D9%81%D8%A7-%D9%81%D9%8A-%D9%82%D8%B7%D8%A7%D8%B9-%D8%BA/,unclear,"<12 words, URL too short>",mistral:7b,,,,"غزة: شنت مقاتلات إسرائيلية، في ساعة مبكرة في فجر الأحد، نحو 10 غارات على موقع يتبع لكتائب عز الدين القسام، الجناح المسلح لحركة المقاومة الإسلامية “حماس”.

وأغارت الطائرات الحربية الإسرائيلية على نحو متكرر على موقع يطلق عليه اسم “القادسية”، غربي مدينة خانيونس، جنوبي قطاع غزة.

وذكر شهود عيان، أن الطائرات شنت 10 غارات متتابعة على الموقع المذكور.

كما قصفت المدفعية الإسرائيلية، 4 نقاط مراقبة، تستخدمها قوات أمنية تتبع لحركة حماس في مراقبة الشريط الحدودي مع إسرائيل، شمالي قطاع غزة.

ولم تعلن وزارة الصحة الفلسطينية عن وقوع إصابات جراء الغارات.

من ناحيته، قال الجيش الإسرائيلي في بيان: “شنت طائرات ومروحيات حربية قبل قليل غارات جوية مستهدفة مجموعة من الأهداف داخل مجمع لإنتاج قذائف صاروخية تابع لحماس في (مدينة) خانيونس، كما قصفت دبابات نقاطا عسكرية لحماس على الحدود مع قطاع غزة”.

وأضاف: “يعتبر حجم الأهداف ونوعيتها، بمثابة رد على إطلاق الصاروخين (صباح السبت) من قطاع غزة نحو شواطئ البحر قبالة منطقة تل أبيب الكبرى”.

وفي وقت سابق، قالت قناة “كان” الإسرائيلية الرسمية، إن الجيش قرر تنفيذ هجمات على أهداف في غزة ردا على إطلاق صاروخين من القطاع وسقوطهما في البحر قبالة شواطئ وسط البلاد.

ونقلت القناة عن مصدر أمني لم تسمه إن “الجيش الإسرائيلي قرر مهاجمة أهداف في غزة ردا على حادثة إطلاق الصاروخين”.

وصباح السبت، قال الجيش الإسرائيلي إن صاروخين أُطلقا من غزة، وسقطا في عرض البحر المتوسط قبالة ساحل منطقة غوش دان وسط البلاد، التي تضم مدينة تل أبيب.

واعتبر المصدر الأمني، لقناة “كان”، أن “ما حدث خطير وغير مقبول”.

وفي قطاع غزة، لم تصدر أي جهة، تعقيبا حول الحدث، كما لم تعلن أي جهة مسؤوليتها عن إطلاق أي صواريخ.

(الأناضول)",push,"Israeli military air strikes and ground attacks on Gaza, causing potential displacement of residents",mistral:7b,push,"Israeli military air strikes and ground attacks on Gaza, causing potential displacement of residents",article,4
20220101,10,PALESTINIAN,ISRAEL,https://www.lematin.ch/story/apres-des-tirs-de-roquettes-frappes-israeliennes-sur-gaza-569823935907,push,"rocket fire, Israeli strikes on Gaza",mistral:7b,,,,,,,mistral:7b,push,tirs de roquettes frappes Israeliennes sur Gaza,url_1,4
20220101,10,PALESTINIAN,ISRAEL,https://www.lematin.ch/story/apres-des-tirs-de-roquettes-frappes-israeliennes-sur-gaza-569823935907,push,"rocket fire, Israeli strikes on Gaza",mistral:7b,,,,,,,mistral:7b,push,tirs de roquettes frappes Israeliennes sur Gaza,url_1,4
20220101,61,PALESTINIAN,ISRAEL,https://www.alquds.co.uk/%D8%A7%D9%84%D8%AC%D9%8A%D8%B4-%D8%A7%D9%84%D8%A5%D8%B3%D8%B1%D8%A7%D8%A6%D9%8A%D9%84%D9%8A-%D9%8A%D9%82%D8%B5%D9%81-%D8%A3%D9%87%D8%AF%D8%A7%D9%81%D8%A7-%D9%81%D9%8A-%D9%82%D8%B7%D8%A7%D8%B9-%D8%BA/,unclear,"<12 words, URL too short>",mistral:7b,,,,"غزة: شنت مقاتلات إسرائيلية، في ساعة مبكرة في فجر الأحد، نحو 10 غارات على موقع يتبع لكتائب عز الدين القسام، الجناح المسلح لحركة المقاومة الإسلامية “حماس”.

وأغارت الطائرات الحربية الإسرائيلية على نحو متكرر على موقع يطلق عليه اسم “القادسية”، غربي مدينة خانيونس، جنوبي قطاع غزة.

وذكر شهود عيان، أن الطائرات شنت 10 غارات متتابعة على الموقع المذكور.

كما قصفت المدفعية الإسرائيلية، 4 نقاط مراقبة، تستخدمها قوات أمنية تتبع لحركة حماس في مراقبة الشريط الحدودي مع إسرائيل، شمالي قطاع غزة.

ولم تعلن وزارة الصحة الفلسطينية عن وقوع إصابات جراء الغارات.

من ناحيته، قال الجيش الإسرائيلي في بيان: “شنت طائرات ومروحيات حربية قبل قليل غارات جوية مستهدفة مجموعة من الأهداف داخل مجمع لإنتاج قذائف صاروخية تابع لحماس في (مدينة) خانيونس، كما قصفت دبابات نقاطا عسكرية لحماس على الحدود مع قطاع غزة”.

وأضاف: “يعتبر حجم الأهداف ونوعيتها، بمثابة رد على إطلاق الصاروخين (صباح السبت) من قطاع غزة نحو شواطئ البحر قبالة منطقة تل أبيب الكبرى”.

وفي وقت سابق، قالت قناة “كان” الإسرائيلية الرسمية، إن الجيش قرر تنفيذ هجمات على أهداف في غزة ردا على إطلاق صاروخين من القطاع وسقوطهما في البحر قبالة شواطئ وسط البلاد.

ونقلت القناة عن مصدر أمني لم تسمه إن “الجيش الإسرائيلي قرر مهاجمة أهداف في غزة ردا على حادثة إطلاق الصاروخين”.

وصباح السبت، قال الجيش الإسرائيلي إن صاروخين أُطلقا من غزة، وسقطا في عرض البحر المتوسط قبالة ساحل منطقة غوش دان وسط البلاد، التي تضم مدينة تل أبيب.

واعتبر المصدر الأمني، لقناة “كان”، أن “ما حدث خطير وغير مقبول”.

وفي قطاع غزة، لم تصدر أي جهة، تعقيبا حول الحدث، كما لم تعلن أي جهة مسؤوليتها عن إطلاق أي صواريخ.

(الأناضول)",push,Israeli military strikes on Gaza causing potential displacement,mistral:7b,push,Israeli military strikes on Gaza causing potential displacement,article,4
20220101,195,HAMAS,,https://alquds.com/2022/01/02/%D8%A7%D9%84%D8%A7%D8%AD%D8%AA%D9%84%D8%A7%D9%84-%D9%8A%D9%82%D8%B5%D9%81-%D9%85%D9%88%D9%82%D8%B9%D9%8B%D8%A7-%D9%84%D9%84%D9%85%D9%82%D8%A7%D9%88%D9%85%D8%A9-%D8%A8%D8%BA%D8%B2%D8%A9/,pull,The occupation bombs resistance sites,mistral:7b,,,,,,,mistral:7b,pull,الاحتلال يقصف موقعيا اللمقاومة,url_1,4
20220101,195,HAMAS,,https://alquds.com/2022/01/02/%D8%A7%D9%84%D8%A7%D8%AD%D8%AA%D9%84%D8%A7%D9%84-%D9%8A%D9%82%D8%B5%D9%81-%D9%85%D9%88%D9%82%D8%B9%D9%8B%D8%A7-%D9%84%D9%84%D9%85%D9%82%D8%A7%D9%88%D9%85%D8%A9-%D8%A8%D8%BA%D8%B2%D8%A9/,pull,The occupation bombs resistance sites,mistral:7b,,,,,,,mistral:7b,pull,الاحتلال يقصف موقعيا اللمقاومة,url_1,4
20220101,1712,POLITICIAN,,https://www.analisidifesa.it/2022/01/il-2021-ha-rilanciato-limmigrazione-illegale-su-vasta-scala-in-italia/,push,relaunched large-scale illegal immigration in Italy,mistral:7b,,,,,,,mistral:7b,push,rilanciato immigrazione illegale su vasta scala in Italia,url_1,4
20220101,833,ARCHBISHOP,,https://noticias.uol.com.br/ultimas-noticias/efe/2022/01/01/sul-africanos-se-despedem-de-desmond-tutu.htm,unclear,"<12 words, URL too short>",mistral:7b,,,,"Joanesburgo, 1 jan (EFE).- Desmond Tutu foi um ""cruzado pela liberdade, justiça e paz"", disse o presidente da África do Sul, Cyril Ramaphosa, durante o funeral oficial realizado neste domingo do hoje para dar a última despedida solene ao arcebispo emérito.

Com uma missa de réquiem celebrada na Catedral Anglicana de São Jorge, na Cidade do Cabo, a África do Sul se despediu de Tutu, que faleceu no dia 26 de dezembro naquela mesma cidade aos 90 anos.

Ramaphosa destacou o apoio do arcebispo a uma longa lista de causas, o que levou ""grupos de ativistas do clima e LGBTQIA+"" a homenagear aquele que foi ""um ser humano humilde e corajoso que falou pelos oprimidos (...) de mundo"", disse o presidente.

Seguindo a vontade de Tutu, que havia pedido que não fosse gasto dinheiro desnecessariamente em seu funeral, o caixão escolhido foi um modelo de madeira muito simples e durante a cerimônia não houve outros discursos além do presidente sul-africano.

Naomi Tutu, filha do arcebispo, agradeceu as expressões de carinho recebidas durante esses dias.

""Nós compartilhamos (Tutu) com o mundo e vocês compartilharam conosco um pouco do amor que sentimos por ele"", disse a filha de Desmond Tutu, visivelmente emocionada.

Algumas das leituras da missa foram feitas por outras figuras proeminentes e próximas de Tutu, como a ex-presidente irlandesa Mary Robinson, a ativista moçambicana Graça Machel - viúva de Nelson Mandela - e a ministra da Infraestrutura e ex-prefeita da Cidade do Cabo Patricia de Lille. EFE

jhb-lbg/phg

(foto)(vídeo)",neutral,"The article focuses on the funeral of Desmond Tutu, a South African religious leader who passed away at the age of 90. There is no mention of migration-driving conditions.",mistral:7b,neutral,"The article focuses on the funeral of Desmond Tutu, a South African religious leader who passed away at the age of 90. There is no mention of migration-driving conditions.",article,4
20220101,84,ROMANIA,,https://evz.ro/catalin-harnagea-fostul-sef-al-serviciului-extern-de-informatii-incepe-sa-scrie-in-evenimentul-zilei.html,neutral,no clear migration-related tokens,mistral:7b,,,,,,,mistral:7b,neutral,no clear migration-related tokens,url_1,4
20220101,10,RUSSIA,,https://www.volynnews.com/news/all/5-naykrutishykh-skarbiv-volynskoho-krayeznavchoho-muzeiu-foto/,neutral,No clear migration-related tokens,mistral:7b,,,,,,,mistral:7b,neutral,No clear migration-related tokens,url_1,4
20220101,10,RUSSIA,,https://kino.24tv.ua/ru/novogodnie-multfilmy-dlja-vsej-semi-dushevnaja-podborka-dlja_n1831930,unclear,URL too short or generic,mistral:7b,,,,"Рождество – это самый прекрасный праздник, который с большим нетерпением ждут дети и взрослые. Так как он полон радости, и каждый ждет в это время чуда. Ничто так не помогает окунуться в атмосферу праздника, как шедевры мировой анимации. Мы подготовили пятерку лучших.

Не пропустите Разрушаем мифы в кино: 5 популярных стереотипов о казино, которые нам навязывает Голливуд

Рождественская история

(A Christmas Carol)

Год выхода: 2009

О сюжете

Великолепная анимационная драма от студии Walt Disney Pictures ""Рождественская история"" является экранизацией повести известного классика мировой литературы Чарльза Диккенса.

События картины разворачиваются вокруг пожилого мужчины по имени Эбенезер Скрудж. Он жуткий скряга, и каждый день думает только о том, как бы сэкономить лишний цент. У него нет ни капельки сочувствия к бедным людям, да и ко всему прочему, Скруджу просто чужды дружба, любовь, а Рождество он вообще не считает праздником.

Однако в преддверии этого светлого и доброго праздника Эбенезеру предстоит пережить еще раз свое прошлое и увидеть настоящее и будущее, что заставит его по-другому взглянуть на мир, и это изменит его навсегда.

Трейлер мультфильма ""Рождественская история"": смотрите видео онлайн

Актер всегда находится в центре внимания на съемочной площадке. Так же, как SlotoKing среди любителей азартных игр. Это онлайн-казино занимает лидирующие позиции среди украинских аналогов, так как предоставляет только высококачественный сервис.

Полярный экспресс

(The Polar Express)

Год выхода: 2004

О сюжете

Мультфильм режиссера Роберта Земекиса, снятый по мотивам одноименной книги Криса Ван Оллсбурга.

Сюжет рассказывает о необычных путешествиях маленького мальчика по Северному полюсу в волшебном поезде к Санта-Клаусу. Мальчик верит в Санту, вопреки тому, что все его друзья и семья в один голос утверждают, что это лишь сказка. И вот однажды вера мальчика вознаграждается.

В канун Рождества мальчик вдруг получает возможность поехать на волшебном поезде к нему в гости. И в то время, как на спящий мир опускается Рождественская ночь, пассажиры экспресса мчатся на Северный полюс, встречая приключения и опасности на своем пути, которые подстерегают их в зловещих горах, темных лесах и ледяной тундре. Героев ждут удивительные путешествия на пути к их цели.

Трейлер мультфильма ""Полярный экспресс"": смотрите видео онлайн



Клаус

(Klaus)

Год выхода: 2019

О сюжете

История о том, как все началось...

Когда эгоистичный и ленивый сын богатого магната Джеспер проваливает учебу в почтовой академии, заслуженно становясь худшим студентом, отец парня отправляет его на перевоспитание на отдаленный остров за полярным кругом.

Чтобы вернуться домой и пользоваться благами родительского достатка, Джесперу придется послать шесть тысяч писем, однако вскоре он обнаруживает, что местные жители, разделенные на два противоборствующих лагеря, вообще не пользуются почтовыми услугами.

Джеспер, раздосадованный очередной неудачей, собирается признать миссию невыполнимой, но неожиданно находит союзников – очаровательную учительницу Альву и таинственного лесоруба Клауса.

Трейлер мультфильма ""Клаус"": смотрите видео онлайн



Хранители снов

(Rise of the Guardians)

Год выхода: 2012

О сюжете

Это полнометражный мультфильм-сказка, созданный по книге писателя Уильяма Джойса.

Герои этой истории, Санта-Клаус, Пасхальный кролик, Зубная фея и Песочный человек, дружат с детства, а теперь они являются одной дружной командой, которая охраняет сны малышей. Все шло замечательно, пока на горизонте не появился злой дух. Ему совсем не по нраву то, что дети очень много мечтают, и в планы злодея входит заменить детские фантазии ночными кошмарами.

Восемнадцатилетний Ледяной Джек приходит на помощь хранителям и возглавляет борьбу против злого духа. Ситуация осложняется тем, что прихвостни злодея похитили помощниц Зубной Феи и детские зубки, в том числе и зубы Джека, что лишает стража детских воспоминаний. Однако отступать нельзя. Детей, их мечты и веру надо спасти.

Трейлер мультфильма ""Хранители снов"": смотрите видео онлайн



Секретная служба Санта-Клауса

(Arthur Christmas)

Год выхода: 2011

О сюжете

Мультфильм погружает зрителя в мир захватывающих приключений Санта-Клауса и его младшего сына Артура. Каждый ребенок старается вести себя хорошо, чтобы в Новый Год увидеть под елкой желанные подарки, но одна девочка, несмотря на то, что весь год вела себя хорошо, осталась без подарка. Как такое могло произойти?

Почему верные помощники Санта-Клауса, эльфы, допустили такую ошибку? Ведь это же волшебный праздник, и у каждого ребенка должен быть подарок! Ситуацию решает исправить Артур, сын Санта-Клауса, который работает в почтовом отделении. Храбрый мальчик решается на опасные приключения ради справедливости.

Трейлер мультфильма ""Секретная служба Санта Клауса"": смотрите видео онлайн

Сайт 24 канала поздравляет всех с Новым годом и Рождеством Христовым. Спасибо, что доверяете – мы вместе меняем страну к лучшему.",neutral,The article is about Christmas movies and does not discuss conditions that may cause people to leave or arrive in any specific country.,mistral:7b,neutral,The article is about Christmas movies and does not discuss conditions that may cause people to leave or arrive in any specific country.,article,4
20220101,111,RUSSIAN,,https://www.teleport2001.ru/news/2022-01-02/140398-zasukha-grozit-lyudyam-i-zhivotnym-iz-za-stroitelstva-plotiny-na-dalnem-vostoke.html,push,stroitelstvo plotiny (construction of a pipeline) on the far east may be causing displacement,mistral:7b,,,,,,,mistral:7b,push,stroitelstvo plotiny (construction of a pipeline) on the far east may be causing displacement,url_1,4
20220101,110,RUSSIAN,FRENCH,http://malijet.com/actualite-politique-au-mali/editorial-journaux-mali/265485-edito-le-pragmatisme-russe-aux-antipodes-des-th%C3%A9ories-fran%C3%A7aises.html,unclear,URL too short or generic,mistral:7b,,,,"Edito : le pragmatisme Russe aux antipodes des théories Françaises. P1

Partager :

Pendant près de huit ans le Mali est sous coupe réglée des djihado-terroristes, malgré la présence massive des forces françaises Barkhanes et de ses supplétifs de la MINUSMA, du G5 Sahel et de la Task Force Takuba. Huit longues années de traversée du désert et de décompte macabre pour le Mali, au nez et à la barbe de plus de 20 000 soldats venus pour stabiliser le Mali en luttant efficacement contre le terrorisme. Nul besoin d’aller chercher loin les faits parlent d’eux-mêmes, le bilan est tout simplement catastrophique. Des camps militaires détruits, des militaires maliens égorgés par dizaines, faute de renseignements, des villages entiers effacés sur la carte du Mali, des populations civiles et leurs biens calcinés. Comme si cela ne suffisait pas des communautés qui ont vécu en parfaite symbiose pendant des siècles s’entretuent sans que les forces d’interposition que sont celles de la MINUSMA ne pipent mot. Et pourtant ils ne sont que quelques groupuscules armés à semer la chienlit et la désolation dans 3 pays, à savoir le Burkina Faso, le Niger et le Mali, alors même qu’en plus des armées de ces trois pays, des milliers d’autres troupes venues d’ailleurs pullulent au sahel sous le prétexte fallacieux de combattre le terrorisme. Ses troupes sont-elles réellement présentes au Mali pour lutter contre le terrorisme, ou pour simplement entretenir une guerre pendant longtemps afin d’exploiter les immenses ressources de ces trois pauvres pays ?

Le Mali semble répondre à cette question en faisant d’abord le constat d’échec de ses partenaires et en prenant son destin en main en se tournant vers la Russie pour trouver des solutions à sa crise sécuritaire. Par ce choix audacieux il s’est attiré la foudre de l’Occident, autrement dit la France et ses alliés qui voient un pan important de leurs territoires conquis leur échapper impuissamment. En effet, en trois petits mois de coopération avec la Russie, le Mali a pu obtenir, en termes de résultats, ce qu’il n’a pas eu en sept ans de collaboration avec la France et ses forces supplétives. Le Pays de Soundiata commence à pousser un grand ouf de soulagement, car la peur a complètement changé de camp. Certains observateurs ne se privent même plus d’affirmer que la coopération militaire avec la Russie a permis aux Forces Armées Maliennes, FAMA, de faire en un temps record ce que l’ensemble des forces présentes au Mali n’ont pas fait en sept ans.

Comme pour dire que le pragmatisme Russe est clairement aux antipodes des grandes théories françaises et occidentales. Les FAMA montent véritablement en puissance et pourchassent même l’ennemi jusqu’à son dernier retranchement, ce qui était un rêve hier. A en juger par les images et les informations que nous recevons des sources officielles, sur les réseaux sociaux et sur d’autres plateformes d’information, les forces armées maliennes sont requinquées, le moral est au beau fixe et l’engagement est au rendez-vous. L’ennemi est en débandade et l ’armée gagne du terrain Hier les soldats maliens étaient qualifiés de soldats mal formés, mal équipés, et prêts à fuir au moindre coup de feu, aujourd’hui ils défendent, avec patriotisme et engagement, l’intégrité de leur territoire. Les différents résultats obtenus par les FAMA avec le soutien multiformes de la Russie renforcent le sentiment d’affection des maliens vis-à-vis de Poutine et de son pays et accentue le rejet voire la haine vis-à-vis de la France et ses alliés au Mali. Vive la coopération Russo-malienne, Vive la Russie, vive Poutine ; à bas la France, à bas Macron, à bas les alliés de la France. C’est en substance les slogans qu’on entend au Mali.

Youssouf Sissoko

À lire aussi",push,"War, violence, destruction of military camps, murder of Malian soldiers, displacement of villages, civilian casualties",mistral:7b,push,"War, violence, destruction of military camps, murder of Malian soldiers, displacement of villages, civilian casualties",article,4
20220101,182,JEDDAH,FRANCE,https://www.la-croix.com/Dakar-2022-Al-Attiyah-auto-Sanders-moto-remportent-prologue-concurrent-blesse-explosion-2022-01-01-1301192706,neutral,No clear migration-related tokens,mistral:7b,,,,,,,mistral:7b,neutral,No clear migration-related tokens,url_1,4
20220101,182,JEDDAH,FRANCE,https://www.la-croix.com/Dakar-2022-Al-Attiyah-auto-Sanders-moto-remportent-prologue-concurrent-blesse-explosion-2022-01-01-1301192706,neutral,No clear migration-related tokens,mistral:7b,,,,,,,mistral:7b,neutral,No clear migration-related tokens,url_1,4
20220101,182,JEDDAH,FRENCH,https://www.la-croix.com/Dakar-2022-Al-Attiyah-auto-Sanders-moto-remportent-prologue-concurrent-blesse-explosion-2022-01-01-1301192706,neutral,No clear migration-related tokens,mistral:7b,,,,,,,mistral:7b,neutral,No clear migration-related tokens,url_1,4
20220101,182,JEDDAH,FRANCE,https://www.la-croix.com/Dakar-2022-Al-Attiyah-auto-Sanders-moto-remportent-prologue-concurrent-blesse-explosion-2022-01-01-1301192706,neutral,No clear migration-related tokens,mistral:7b,,,,,,,mistral:7b,neutral,No clear migration-related tokens,url_1,4
20220101,120,SAUDI,SAUDI ARABIA,https://www.la-croix.com/Dakar-2022-Al-Attiyah-auto-Sanders-moto-remportent-prologue-concurrent-blesse-explosion-2022-01-01-1301192706,neutral,No clear migration-related tokens,mistral:7b,,,,,,,mistral:7b,neutral,No clear migration-related tokens,url_1,4
20220101,60,SENEGAL,,https://www.la-croix.com/Dakar-2022-Al-Attiyah-auto-Sanders-moto-remportent-prologue-concurrent-blesse-explosion-2022-01-01-1301192706,neutral,No clear migration-related tokens,mistral:7b,,,,,,,mistral:7b,neutral,No clear migration-related tokens,url_1,4
20220101,60,DAKAR,,https://www.la-croix.com/Dakar-2022-Al-Attiyah-auto-Sanders-moto-remportent-prologue-concurrent-blesse-explosion-2022-01-01-1301192706,unclear,<URL too short>,mistral:7b,,,,"Le Qatarien Nasser Al-Attiyah (Toyota), en auto, et l'Australien Daniel Sanders (KTM), en moto, ont remporté samedi entre Jeddah et Ha'il en Arabie Saoudite le prologue du Dakar-2022, marqué par l'explosion deux jours plus tôt d'une voiture d'assistance.

Le pilote français du véhicule Philippe Boutron a été blessé par cette déflagration survenue jeudi près de Jeddah (centre-ouest) et a été opéré en Arabie Saoudite avant d'être rapatrié en France, a annoncé samedi l'organisation de la course. ""Son état est en cours d'amélioration"", a précisé ASO dans un communiqué.

Le ministre saoudien de l'Intérieur a écarté dans un tweet tout ""soupçon d'ordre criminel"" pour expliquer cet ""accident"", alors que ASO déclarait plus tôt dans un communiqué que ""la police saoudienne"" envisageait toutes les possibilités ""y compris celle d'un acte malveillant"".

Lors du prologue samedi, l'Espagnol Carlos Sainz, double champion du monde des rallyes et triple vainqueur du Dakar, a placé sa nouvelle Audi hybride à la deuxième place chez les autos, à 12 secondes d'Al-Attiyah. Le Sud-Africain Henk Lategan (Toyota) a terminé 3e.

C'était la première fois qu'un véhicule équipé de moteurs électriques prenait le départ de la course. Stéphane Peterhansel, détenteur du record de victoires dans l'épreuve (14 succès, dont six à moto) et 14e du prologue, pilote l'un des deux autres buggies hybrides engagés par Audi.

Trois autres favoris, le Français Sébastien Loeb (Prodrive), 5e, l'Espagnol Nani Roma (Prodrive), 7e, et le Sud-Africain Giniel De Villiers (Toyota), 8e, ont également fini à moins d'une minute d'Al-Attiyah.

""Je n'ai pas forcé, je ne voulais pas tout perdre dans la première étape (...) La stratégie, c'était d'essayer de faire un temps pour pouvoir choisir notre position pour demain"", a expliqué Loeb.

En moto, la victoire est revenue à l'Australien Daniel Sanders (KTM).

Quatrième du classement final pour son premier Dakar en 2021, le pilote KTM de 27 ans a frappé d'entrée, avec une minute d'avance sur le Chilien Pablo Quintanilla (Honda) et 1 min 55 sec sur Ross Branch (Yamaha).

Le tenant du titre, l'Argentin Kevin Benavides (KTM), s'est classé quatrième de ce prologue destiné à déterminer l'ordre des départs pour dimanche. Le premier Français, Adrien Van Beveren, a pris la sixième place.

Le rallye-raid Dakar-2022 s'est élancé ce samedi pour plus de 8.000 km en deux semaines dans les sables d'Arabie Saoudite.",unclear,Article is about a racing event and does not directly discuss conditions that may cause people to leave or arrive in a specific country,mistral:7b,unclear,Article is about a racing event and does not directly discuss conditions that may cause people to leave or arrive in a specific country,article,4
20220101,180,SETTLER,ISRAEL,https://www.alarab.com/Article/1018146,unclear,<URL too short>,mistral:7b,,,,"اتكالا منا على الله.. اول الحروف للعاصفة...في بيانها الاول... وحجر رمي في نهر الاردن قالوا سيغير مجرى التاريخ.... الى الاعتراف بتوثيق مؤتمر هرتزل الاول.. واقرار سياسي وتاريخي وقانوني . بالاعتراف على معظم الارض التاريخية لصالح المشروع الصهيوني.. باغتيال العاصفة .

احتفى المحتفون با حتفالات خجولة بالانطلاقة وتحفظات باطنة معترضة على هذا النهج من الفتحاويين وما زالت قواعد فتح وكوادرها غير قادرة على زحزحه وانهاء هذا النهج المدمر للحركة الوطنية وفتح. لانطلاقة ثورة انتهكت مبادئها واهدافها وشرد وقتل كثير من مناضليها ودخلت دهاليز التسوية المميتة لقضيتنا وحقوقنا وكرامتنا وشهدائنا ليحتفلوا بخيبتهم وسقوط ثورة .. كان الاجدر ان تصوبوا بموضوعية سلوك وطريق لحركة استولى عليها مارقين ولصوص لترجعوا الحق الوطني الى نصابه ولتعيدوا شرف القسم والوعد فان الوعد والعهد مسؤلا ... وما زالت مشكلتنا قائمة في نخب تجامل وهي تدري او لا تدري انها تتساوق وتؤيد هؤلاء اللصوص. لثورة وكيان يبيع غالبية فلسطين في اول محطة تمكنت فيها تلك الفئة، في

في حين قراءة الواقع بشكل جيد يعطيك احداثيات الماضي.

قال رئيس أركان الجيش الإسرائيلي، أفيف كوخافي، إن جيشه كان يستعد لشن عملية أمنية واسعة في جنين قبل ثلاثة أشهر، لكن إسرائيل مارست ضغوطا على السلطة الفلسطينية حتى نفذت العملية بنفسه وصادرت اسلحة واعتقلت العشرات ولاحقت الارهبيين وعمليات العنف .

عام مضى حمل معه الكثير من الروايات والاحداث على المستوى الذاتي والاقليمي والدولي وكان عاما قاسيا على جمبع الشعوب في العالم. وانذا ر للبشرية ومهما اتت من قوة البطش والتقدم العلمي بان القوة لله وحده الواحد الاحد..وفلسطينيا حمل معه استمرار لسلب ارادته وتكريس انقسامة والثبات على برنامج اضاع القضية وفتك بها واستمرار لوجود اللصوص والفاسدين والعصابات المنظمة في حياته ومتصدرين القرار .. وعام ياتي من جديد نتمنى ان يكون افضل حالا مما مضى على الكرة الارضية وعام جديد على شعبنا يتخلص من الامه وازماته وعام يتم فيه تقرير حق المصير لشعبنا ونيل حقوقه التاريخية واختفاء اللصوص والمستبدين والفاسدين من حياته. وكل عام ياتي وانتم بخير يا شعبنا الفلسطيني وامتنا العربية والاسلامية وشعوب العالم.

من عجب العجاب ان يتحدث رئيس السلطة بعبارات شعبوية تخالف سلوكه و ممارساته التي لم تعد تخفى حتى على العامة في حين ان سقف محادثاته واتصالاته بالاسرائيليين لا يعدو عن كونه دور وظيفي بموجب قناعة اسرائيلية امريكية بتعزيز دور السلطة مادامت تقوم بهذا الدور الوظيفي ربما كانت كلمة رئيس الاركان كوفاخي توجز كثير مما سنقول حين كثفت السلطة عملياتها الامنية في كل مناطق أ و ب قبل اللقاء الاخير الذي تم مع وزير الحرب الصهيوني في منزله في شمال فلسطين المحتلة والذي حمل اسم (الازدهار والامن) طبيعي ان يحمل هذا الاسم بما يحمل من معاني وسلوكيات نفذتها السلطة ضد الحركة الوطنية الفلسطينية في الضفة الغربية وتزايد عدد العمليات التي تستهدف المستوطنين و جيش الاحتلال و في ظل عمل معاكس بدأ به المستوطنين في التهجم على القرى الفلسطينية والمزارع الفلسطينية و الغريب هنا ان يقبل عباس قارورة من زيت الزيتون التي اقل شجرة فيه اطول من عمر الاحتلال وعمر عباس في حد ذاته وهو زيتون فلسطيني تاريخي واملاك فلسطينية وكأن غينتس يريد ان يقول لن نتخلى عن الاستيطان ومصادرة الارض والمياه والاشجار ايضا وقبل بذلك عباس بدون اي اعتراض .

ولكن عباس يتحدث ويقول انه سيحارب العنف ويلاحقه ولن يتخلى عن التنسيق الامني الذي اعترف بفائدته كوفاخي .

الانطلاقة و في التحضير لاحتفالاتها يذهب الرئيس الفلسطيني للقاء كوفاخي تحت جدول عمل الامن اولا ثم بعض الحقوق المدنية للشعب الفلسطيني وبالتأكيد ان الاسرائيليين يضعوا الامن اولا بمقايدة عجيبة بمال لتعزيز السلطة في حين ايضا ان الاحتلال وامريكا والغرب يقرون بقاء الوضع كما هو عليه بدون اي افق سياسي او الرجوع حتى للمبادرات والمشاريع التي لا تعطي الفلسطينيين حقهم والتي لا تهدف لحل الصراع .

ماذا يقول الفتحاويون المحتشدون في اماكن مختلفة لاشعال شعلة الانطلاقة اهم حقا فتحاويون او هل هناك مراجعات يمكن ان تعيد سريان النهر لمجراه الاساسي ام مازالت تلك النخب والقاعدة الشعبية لحركة فتح مغررة بجمل شعبوية يرفضها الواقع الذي حركة فتح فيه الان فشتان بين فتح الانطلاقة وشعائرها وشهدائها واسراها وبين سلوك قيادة حركة فتح منذ سنوات وليس الان فحسب ، لماذا لم تعترض تلك النخب على هذا النهج ؟ لماذا تحولت الثقافة من ثقافة التحرير الى ثقافة الترويض السلوكي والثقافي لقبول الواقع وقبول قراصنة على هذه الارض واعطائهم الشرعية ، هل هناك من حركة تحرر تنازلت عن شبر واحد من اراضيها او حرف من حروف مبادئها دعونا ان نقول ان هناك في الامر شيئا من البدايات الى واقع النهايات .

عن اي امن وازدهار يتحدث عباس و غينتس و المستوطنين الاسرائيليين مطلوب حمايتهم ليس من جيش الاحتلال بل من الاجهزة الامنية للسلطة التي تقول عن نفسها انها وطنية في حين ان اسرائيل في اتفاقية اوسلو رفضت وضع كلمة وطنية في تعريف السلطة في اشارة بلاغية بأن السلطة هي احد المؤسسات التي يديرها الاحتلال وقبلت القيادة الفلسطينية بشطب كلمة الوطنية ولم تذكر اي محددات للاستيطان او رفض الاستيطان او وقف الاستيطان هكذا الواقع و هكذا الامور بل مطلوب من الشعب الفلسطيني ان لا يواجه عملية مصادرة الاراضي او القتل على الحواجز او مقاومة الاحتلال وبالتالي يتحقق الامن والازدهار للاسرائيليين والقتل والدمار وتدمير المنازل والمزارع يجب ان يتحمله الشعب الفلسطيني مقابل امن وازدهار الاتحلال وبعض ملايين الدولارات التي تحيي رجال السلطة ولا تحيي الشعب الفلسطيني .",unclear,,mistral:7b,unclear,,article,4
20220101,180,SETTLER,PALESTINIAN,https://www.alarab.com/Article/1018146,neutral,<No clear migration-related tokens>,mistral:7b,,,,,,,mistral:7b,neutral,<No clear migration-related tokens>,url_1,4
20220101,193,SETTLER,GUNMEN,https://alquds.com/2022/01/02/%D8%A7%D9%84%D9%85%D9%82%D8%A7%D9%88%D9%85%D8%A9-%D8%A7%D9%84%D8%B4%D8%B9%D8%A8%D9%8A%D8%A9-%D8%AA%D8%B3%D8%AA%D8%B9%D8%B1-%D9%81%D9%8A-%D8%B4%D9%85%D8%A7%D9%84-%D8%A7%D9%84%D8%B6%D9%81%D8%A9/,pull,Popular resistance,mistral:7b,,,,,,,mistral:7b,pull,المقاومة الشعبية,url_1,4
20220101,36,SYRIAN,SYRIAN,https://www.alarab.com/Article/1018149,unclear,<URL too short>,mistral:7b,,,,"تنبأ المنجم اللبناني مايك فغالي بسلسلة من التوقعات لتطور الأحداث السياسية في سوريا واليمن والسعودية ودول الخليج في 2022.

وحول الملف السوري توقع فغالي أن يترك الرئيس السوري بشار الأسد منصبه لراحة باله وضميره، وبسبب تعبه من السياسة.

وتوقع أن يترك الأسد الحكم في سوريا والاختفاء عن الساحة السياسية بكامل إرادته ورغبته الشخصية دون ضغوطات أو انقلابات.

ورأى أن وحدة سوريا لن يمسها اعتداءات أو مؤامرات، حيث لن تتجزأ سوريا إلى دويلات، وأن لا أساس للانقلاب في سوريا لتغيير الحكم أو السلطة فيها.

أما على صعيد اليمن، فتوقع فغالي أن ينشب نزاع بين السعودية والإمارات على ميناء الحديدة.

وأشار إلى أن تدخل السعودية والإمارات في شؤون اليمن وصراعاته الداخلية سيستمر.

ولفت إلى أن الإمارات ستحاول الاستيلاء على ميناء الحديدة لتحقق مصالح ذاتية.

وتوقع تشعب الحوثيين في اليمن وتوسع رقعة سيطرتهم، ما سيشعل غضب السعودية والإمارات.

ورأى أن الانقسام اليمني سينتهي والخلافات والحروب ستتلاشى بعد تدخلات من الدول الأجنبية لإنهاء الأزمة.

وفي السعودية، توقع حدوث خلافات قوية في العائلة الحاكمة وانقسام بعض الأراضي إلى دويلات صغيرة، وأن تدور صراعات شديدة ونزاعات كبيرة وخلافات بين الدول العربية في الخليج ستترك تأثيرا سلبيا كبيرا على الداخل السعودي.

كما توقع أن يقع خلاف بين الأميرين محمد بن نايف ومحمد بن سلمان، حيث يدور بينهما خلاف ونزاع كبير يخلخل الأسرة الحاكمة من الداخل ويؤثر على وضع السعودية.",mixed,"The article discusses political uncertainties and conflicts in Syria, Yemen, Saudi Arabia, and Gulf countries which may push people to leave these countries, and potential power struggles and internal conflicts within Saudi Arabia that may cause instability, both of which are migration-driving conditions.",mistral:7b,mixed,"The article discusses political uncertainties and conflicts in Syria, Yemen, Saudi Arabia, and Gulf countries which may push people to leave these countries, and potential power struggles and internal conflicts within Saudi Arabia that may cause instability, both of which are migration-driving conditions.",article,4
20220101,36,SYRIAN,SYRIAN,https://www.alarab.com/Article/1018149,unclear,<URL too short>,mistral:7b,,,,"تنبأ المنجم اللبناني مايك فغالي بسلسلة من التوقعات لتطور الأحداث السياسية في سوريا واليمن والسعودية ودول الخليج في 2022.

وحول الملف السوري توقع فغالي أن يترك الرئيس السوري بشار الأسد منصبه لراحة باله وضميره، وبسبب تعبه من السياسة.

وتوقع أن يترك الأسد الحكم في سوريا والاختفاء عن الساحة السياسية بكامل إرادته ورغبته الشخصية دون ضغوطات أو انقلابات.

ورأى أن وحدة سوريا لن يمسها اعتداءات أو مؤامرات، حيث لن تتجزأ سوريا إلى دويلات، وأن لا أساس للانقلاب في سوريا لتغيير الحكم أو السلطة فيها.

أما على صعيد اليمن، فتوقع فغالي أن ينشب نزاع بين السعودية والإمارات على ميناء الحديدة.

وأشار إلى أن تدخل السعودية والإمارات في شؤون اليمن وصراعاته الداخلية سيستمر.

ولفت إلى أن الإمارات ستحاول الاستيلاء على ميناء الحديدة لتحقق مصالح ذاتية.

وتوقع تشعب الحوثيين في اليمن وتوسع رقعة سيطرتهم، ما سيشعل غضب السعودية والإمارات.

ورأى أن الانقسام اليمني سينتهي والخلافات والحروب ستتلاشى بعد تدخلات من الدول الأجنبية لإنهاء الأزمة.

وفي السعودية، توقع حدوث خلافات قوية في العائلة الحاكمة وانقسام بعض الأراضي إلى دويلات صغيرة، وأن تدور صراعات شديدة ونزاعات كبيرة وخلافات بين الدول العربية في الخليج ستترك تأثيرا سلبيا كبيرا على الداخل السعودي.

كما توقع أن يقع خلاف بين الأميرين محمد بن نايف ومحمد بن سلمان، حيث يدور بينهما خلاف ونزاع كبير يخلخل الأسرة الحاكمة من الداخل ويؤثر على وضع السعودية.",push,"Discussion of political instability and conflicts in Syria, Yemen, Saudi Arabia, and Gulf countries",mistral:7b,push,"Discussion of political instability and conflicts in Syria, Yemen, Saudi Arabia, and Gulf countries",article,4
20220101,36,SYRIAN,SYRIAN,https://www.alarab.com/Article/1018149,neutral,<No clear migration-related tokens>,mistral:7b,,,,,,,mistral:7b,neutral,<No clear migration-related tokens>,url_1,4
20220101,36,SYRIAN,SYRIAN,https://www.alarab.com/Article/1018149,neutral,<No clear migration-related tokens>,mistral:7b,,,,,,,mistral:7b,neutral,<No clear migration-related tokens>,url_1,4
20220101,23,UKRAINIAN,,https://kino.24tv.ua/ru/novogodnie-multfilmy-dlja-vsej-semi-dushevnaja-podborka-dlja_n1831930,unclear,<URL too short>,mistral:7b,,,,"Рождество – это самый прекрасный праздник, который с большим нетерпением ждут дети и взрослые. Так как он полон радости, и каждый ждет в это время чуда. Ничто так не помогает окунуться в атмосферу праздника, как шедевры мировой анимации. Мы подготовили пятерку лучших.

Не пропустите Разрушаем мифы в кино: 5 популярных стереотипов о казино, которые нам навязывает Голливуд

Рождественская история

(A Christmas Carol)

Год выхода: 2009

О сюжете

Великолепная анимационная драма от студии Walt Disney Pictures ""Рождественская история"" является экранизацией повести известного классика мировой литературы Чарльза Диккенса.

События картины разворачиваются вокруг пожилого мужчины по имени Эбенезер Скрудж. Он жуткий скряга, и каждый день думает только о том, как бы сэкономить лишний цент. У него нет ни капельки сочувствия к бедным людям, да и ко всему прочему, Скруджу просто чужды дружба, любовь, а Рождество он вообще не считает праздником.

Однако в преддверии этого светлого и доброго праздника Эбенезеру предстоит пережить еще раз свое прошлое и увидеть настоящее и будущее, что заставит его по-другому взглянуть на мир, и это изменит его навсегда.

Трейлер мультфильма ""Рождественская история"": смотрите видео онлайн

Актер всегда находится в центре внимания на съемочной площадке. Так же, как SlotoKing среди любителей азартных игр. Это онлайн-казино занимает лидирующие позиции среди украинских аналогов, так как предоставляет только высококачественный сервис.

Полярный экспресс

(The Polar Express)

Год выхода: 2004

О сюжете

Мультфильм режиссера Роберта Земекиса, снятый по мотивам одноименной книги Криса Ван Оллсбурга.

Сюжет рассказывает о необычных путешествиях маленького мальчика по Северному полюсу в волшебном поезде к Санта-Клаусу. Мальчик верит в Санту, вопреки тому, что все его друзья и семья в один голос утверждают, что это лишь сказка. И вот однажды вера мальчика вознаграждается.

В канун Рождества мальчик вдруг получает возможность поехать на волшебном поезде к нему в гости. И в то время, как на спящий мир опускается Рождественская ночь, пассажиры экспресса мчатся на Северный полюс, встречая приключения и опасности на своем пути, которые подстерегают их в зловещих горах, темных лесах и ледяной тундре. Героев ждут удивительные путешествия на пути к их цели.

Трейлер мультфильма ""Полярный экспресс"": смотрите видео онлайн



Клаус

(Klaus)

Год выхода: 2019

О сюжете

История о том, как все началось...

Когда эгоистичный и ленивый сын богатого магната Джеспер проваливает учебу в почтовой академии, заслуженно становясь худшим студентом, отец парня отправляет его на перевоспитание на отдаленный остров за полярным кругом.

Чтобы вернуться домой и пользоваться благами родительского достатка, Джесперу придется послать шесть тысяч писем, однако вскоре он обнаруживает, что местные жители, разделенные на два противоборствующих лагеря, вообще не пользуются почтовыми услугами.

Джеспер, раздосадованный очередной неудачей, собирается признать миссию невыполнимой, но неожиданно находит союзников – очаровательную учительницу Альву и таинственного лесоруба Клауса.

Трейлер мультфильма ""Клаус"": смотрите видео онлайн



Хранители снов

(Rise of the Guardians)

Год выхода: 2012

О сюжете

Это полнометражный мультфильм-сказка, созданный по книге писателя Уильяма Джойса.

Герои этой истории, Санта-Клаус, Пасхальный кролик, Зубная фея и Песочный человек, дружат с детства, а теперь они являются одной дружной командой, которая охраняет сны малышей. Все шло замечательно, пока на горизонте не появился злой дух. Ему совсем не по нраву то, что дети очень много мечтают, и в планы злодея входит заменить детские фантазии ночными кошмарами.

Восемнадцатилетний Ледяной Джек приходит на помощь хранителям и возглавляет борьбу против злого духа. Ситуация осложняется тем, что прихвостни злодея похитили помощниц Зубной Феи и детские зубки, в том числе и зубы Джека, что лишает стража детских воспоминаний. Однако отступать нельзя. Детей, их мечты и веру надо спасти.

Трейлер мультфильма ""Хранители снов"": смотрите видео онлайн



Секретная служба Санта-Клауса

(Arthur Christmas)

Год выхода: 2011

О сюжете

Мультфильм погружает зрителя в мир захватывающих приключений Санта-Клауса и его младшего сына Артура. Каждый ребенок старается вести себя хорошо, чтобы в Новый Год увидеть под елкой желанные подарки, но одна девочка, несмотря на то, что весь год вела себя хорошо, осталась без подарка. Как такое могло произойти?

Почему верные помощники Санта-Клауса, эльфы, допустили такую ошибку? Ведь это же волшебный праздник, и у каждого ребенка должен быть подарок! Ситуацию решает исправить Артур, сын Санта-Клауса, который работает в почтовом отделении. Храбрый мальчик решается на опасные приключения ради справедливости.

Трейлер мультфильма ""Секретная служба Санта Клауса"": смотрите видео онлайн

Сайт 24 канала поздравляет всех с Новым годом и Рождеством Христовым. Спасибо, что доверяете – мы вместе меняем страну к лучшему.",neutral,The article is about Christmas movies and does not discuss conditions that may cause people to leave or arrive in a specific country,mistral:7b,neutral,The article is about Christmas movies and does not discuss conditions that may cause people to leave or arrive in a specific country,article,4
20220101,90,WYOMING,,https://g1.globo.com/mundo/noticia/2022/01/01/a-epidemia-de-desaparecimentos-de-indigenas-que-intriga-os-eua.ghtml,push,disappearances,mistral:7b,,,,,,,mistral:7b,push,disappearances,url_1,4
20220101,42,FLORIDA,JAKARTA,https://www.republika.co.id/berita/r520u2384/ini-ketentuan-tes-antigen-di-stasiun,neutral,<URL too short>,mistral:7b,,,,,,,mistral:7b,neutral,<URL too short>,url_1,4
20220101,190,YEMENI,LILLE,https://www.okaz.com.sa/news/na/2092790,unclear,<URL too short>,mistral:7b,,,,"أحمد الشميري «عكاظ» (جدة،الرياض) a_shmeri@

‏ثمن وزير الإعلام اليمني معمر الإرياني، المواقف الأخوية والدعم اللامحدود من تحالف دعم الشرعية بقيادة السعودية التي قدمت الغالي والنفيس لنصرة اليمن، وإسناده في معركة استعادة الدولة وإسقاط الانقلاب الحوثي، بتوجيهات كريمة من خادم الحرمين الشريفين الملك سلمان بن عبدالعزيز، وولي العهد الأمير محمد بن سلمان.



ونوه بالجهود الاستثنائية النبيلة التي بذلها نائب وزير الدفاع الأمير خالد بن سلمان، وكذلك قائد القوات المشتركة الفريق الركن مطلق بن سالم الأزيمع، وكل المعنيين الذي يعملون ليل نهار لدعم اليمنيين في معركتهم المصيرية، مؤكدا بقوله «لن ننسى هذه المواقف النبيلة للأشقاء».



وأشاد الإرياني بتوحد أيادي وإرادة اليمنيين في التصدي للغزو الفارسي وأذياله من مليشيا الإرهاب الحوثية في جبهات مأرب والجوف وتعز والضالع وشبوة والحديدة والبيضاء، ومواقفهم في صوالين الساسة ودهاليز السياسة وصفحات المواقع الإخبارية والنشطاء في منصات التواصل الاجتماعي.



وقال في سلسلة تغريدات عبر حسابه في «تويتر» أمس (السبت): استثمر النظام الإيراني خلافات القوى السياسية للدفع بمليشيا الحوثي لقلب الطاولة على الجميع، للانقلاب على مخرجات مؤتمر الحوار الوطني الشامل، واحتلال العاصمة المختطفة صنعاء، والبدء بعمليات تجريف ممنهج لمؤسسات الدولة والهوية الوطنية والعربية، وتدمير النسيج الاجتماعي والسلم الأهلي.



وأضاف: اشتغلت مليشيا الحوثي على اختراق الجبهة الوطنية عبر بعض المواقع والصفحات لخلخلة الصفوف وتغذية الخلافات وتعميقها، وشغل اليمنيين بمعارك ثانوية وصرفهم عن معركتهم المصيرية، وما زالت تراهن على الانقسامات لتمرير مشروعها السرطاني بأحقاده التاريخية وخلفياته العقائدية المستوردة من طهران.



وأكد أن ما يحدث على الأرض من ترتيبات عسكرية بدعم من تحالف دعم الشرعية، لتغيير مسار المعركة من الدفاع للهجوم واستعادة ما تم فقدانه من الأراضي المحررة، وتحرير كل شبر من التراب اليمني، يحتم على القوى السياسية وكافة الإعلاميين والصحفيين ترك خلافاتهم والتوحد خلف الجيش اليمني والمقاومة.



وجدد الإرياني دعوة كافة القوى السياسية والإعلاميين والصحفيين للاستفادة من دروس الماضي، وتجاوز خلافاتهم وتوحيد الصف والجهود خلف الشرعية اليمنية بقيادة الرئيس عبدربه منصور هادي، إدراكا لخطورة المعركة، وتقديرا للدماء الطاهرة التي سكبت في مختلف جبهات القتال دفاعا عن الوطن ومكتسباته.



من جهة أخرى نجح الجيش اليمني الوطني بإسناد من تحالف دعم الشرعية في استنزاف وإفشال مخططات الانقلاب الإرهابية، ما تسبب في تفاقم الصراعات وحالات التصفية الداخلية بين أجنحة المليشيا في المديريات الجنوبية لمحافظة مأرب. وقالت مصادر قبلية لـ«عكاظ»، إن مسلحاً حوثياً أطلق الرصاص الحي على الزعيم القبلي صالح القاضي المعين وكيلاً لمحافظة مأرب من قبل الحوثي في منزله، (الخميس) الماضي، وأرداه قتيلاً .



وأضافت المصادر أن سيناريو الاضطرابات النفسية محاولة للتغطية على عملية التصفية المتعمدة، خصوصاً بعد تكتم المليشيا على الحادثة ونقل جثة الزعيم القبلي الذي ينتمي إلى قبلية مراد إلى صنعاء، مؤكدة أن التصفية جاءت على خلفية نجاحات الجيش اليمني في شبوة وسيطرته على مديرية عسيلان ما تتسبب في فرض حصار على العناصر الحوثية (جنوبي مأرب). وأفادت بأن القاضي من الشخصيات التي سهلت دخول المليشيا إلى مناطقه ورغم ذلك جرت تصفيته عل غرار ما حدث لموالين في محافظات عمران وصعدة. وفجرت مليشيا الحوثي في مديرية الجوبة (جنوبي مأرب) منزل مبخوت الفقير في منطقة الخثلة بعد أن زرعت فيه عبوات ناسفة من الداخل، ووفقاً لمصادر قبلية، فإن عشرات المنازل جرى تفجيرها خلال اليومين الماضيين في الجوبة.",pull,"support and unified efforts from supporting coalitions against the Houthi rebellion, change in direction of the war from defense to offense, recovery of lost territories, and consolidation of Yemeni political and media forces behind the Saudi-led coalition",mistral:7b,pull,"support and unified efforts from supporting coalitions against the Houthi rebellion, change in direction of the war from defense to offense, recovery of lost territories, and consolidation of Yemeni political and media forces behind the Saudi-led coalition",article,4
20220101,10,YEMENI,PERSIAN,https://www.okaz.com.sa/news/na/2092790,unclear,<URL too short>,mistral:7b,,,,"أحمد الشميري «عكاظ» (جدة،الرياض) a_shmeri@

‏ثمن وزير الإعلام اليمني معمر الإرياني، المواقف الأخوية والدعم اللامحدود من تحالف دعم الشرعية بقيادة السعودية التي قدمت الغالي والنفيس لنصرة اليمن، وإسناده في معركة استعادة الدولة وإسقاط الانقلاب الحوثي، بتوجيهات كريمة من خادم الحرمين الشريفين الملك سلمان بن عبدالعزيز، وولي العهد الأمير محمد بن سلمان.



ونوه بالجهود الاستثنائية النبيلة التي بذلها نائب وزير الدفاع الأمير خالد بن سلمان، وكذلك قائد القوات المشتركة الفريق الركن مطلق بن سالم الأزيمع، وكل المعنيين الذي يعملون ليل نهار لدعم اليمنيين في معركتهم المصيرية، مؤكدا بقوله «لن ننسى هذه المواقف النبيلة للأشقاء».



وأشاد الإرياني بتوحد أيادي وإرادة اليمنيين في التصدي للغزو الفارسي وأذياله من مليشيا الإرهاب الحوثية في جبهات مأرب والجوف وتعز والضالع وشبوة والحديدة والبيضاء، ومواقفهم في صوالين الساسة ودهاليز السياسة وصفحات المواقع الإخبارية والنشطاء في منصات التواصل الاجتماعي.



وقال في سلسلة تغريدات عبر حسابه في «تويتر» أمس (السبت): استثمر النظام الإيراني خلافات القوى السياسية للدفع بمليشيا الحوثي لقلب الطاولة على الجميع، للانقلاب على مخرجات مؤتمر الحوار الوطني الشامل، واحتلال العاصمة المختطفة صنعاء، والبدء بعمليات تجريف ممنهج لمؤسسات الدولة والهوية الوطنية والعربية، وتدمير النسيج الاجتماعي والسلم الأهلي.



وأضاف: اشتغلت مليشيا الحوثي على اختراق الجبهة الوطنية عبر بعض المواقع والصفحات لخلخلة الصفوف وتغذية الخلافات وتعميقها، وشغل اليمنيين بمعارك ثانوية وصرفهم عن معركتهم المصيرية، وما زالت تراهن على الانقسامات لتمرير مشروعها السرطاني بأحقاده التاريخية وخلفياته العقائدية المستوردة من طهران.



وأكد أن ما يحدث على الأرض من ترتيبات عسكرية بدعم من تحالف دعم الشرعية، لتغيير مسار المعركة من الدفاع للهجوم واستعادة ما تم فقدانه من الأراضي المحررة، وتحرير كل شبر من التراب اليمني، يحتم على القوى السياسية وكافة الإعلاميين والصحفيين ترك خلافاتهم والتوحد خلف الجيش اليمني والمقاومة.



وجدد الإرياني دعوة كافة القوى السياسية والإعلاميين والصحفيين للاستفادة من دروس الماضي، وتجاوز خلافاتهم وتوحيد الصف والجهود خلف الشرعية اليمنية بقيادة الرئيس عبدربه منصور هادي، إدراكا لخطورة المعركة، وتقديرا للدماء الطاهرة التي سكبت في مختلف جبهات القتال دفاعا عن الوطن ومكتسباته.



من جهة أخرى نجح الجيش اليمني الوطني بإسناد من تحالف دعم الشرعية في استنزاف وإفشال مخططات الانقلاب الإرهابية، ما تسبب في تفاقم الصراعات وحالات التصفية الداخلية بين أجنحة المليشيا في المديريات الجنوبية لمحافظة مأرب. وقالت مصادر قبلية لـ«عكاظ»، إن مسلحاً حوثياً أطلق الرصاص الحي على الزعيم القبلي صالح القاضي المعين وكيلاً لمحافظة مأرب من قبل الحوثي في منزله، (الخميس) الماضي، وأرداه قتيلاً .



وأضافت المصادر أن سيناريو الاضطرابات النفسية محاولة للتغطية على عملية التصفية المتعمدة، خصوصاً بعد تكتم المليشيا على الحادثة ونقل جثة الزعيم القبلي الذي ينتمي إلى قبلية مراد إلى صنعاء، مؤكدة أن التصفية جاءت على خلفية نجاحات الجيش اليمني في شبوة وسيطرته على مديرية عسيلان ما تتسبب في فرض حصار على العناصر الحوثية (جنوبي مأرب). وأفادت بأن القاضي من الشخصيات التي سهلت دخول المليشيا إلى مناطقه ورغم ذلك جرت تصفيته عل غرار ما حدث لموالين في محافظات عمران وصعدة. وفجرت مليشيا الحوثي في مديرية الجوبة (جنوبي مأرب) منزل مبخوت الفقير في منطقة الخثلة بعد أن زرعت فيه عبوات ناسفة من الداخل، ووفقاً لمصادر قبلية، فإن عشرات المنازل جرى تفجيرها خلال اليومين الماضيين في الجوبة.",push,"Presence of military conflict with support from alliances supporting the Saudi-led coalition, causing internal conflict within militias in southern Marib and potential forced displacement.",mistral:7b,push,"Presence of military conflict with support from alliances supporting the Saudi-led coalition, causing internal conflict within militias in southern Marib and potential forced displacement.",article,4
20220101,50,CATALAN,,https://sport1.oslobodjenje.ba/s1/fudbal/ino-fudbal/primera/postigao-dogovor-sa-kataloncima-barcelona-sljedeceg-ljeta-dobija-veliko-pojacanje-721568,pull,'gets a significant boost',mistral:7b,,,,,,,mistral:7b,pull,'dobija-veliko-pojacanje' (gets a significant boost),url_1,4
20220101,141,SLAVIC,TARA,https://www.kramatorsk.info/view/272909,unclear,<URL too short>,mistral:7b,,,,"1 січня 2022 року в Слов'янську, з Соборної площі до пам'ятника Тарасу Шевченко, пройшов традиційний щорічний смолоскипний марш, присвячений до 113-ої річниці із дня народження Провідника ОУН Степана Бандери.

Організатори та учасники маршу зі Слов'янська вшанували пам’ять символу української нації та розірвали пітьму на вулицях міста світлом смолоскипів. Ходу супроводжували бійці нацгвардії та підрозділу поліції.

Наприкінці маршу відбувся мітинг біля памятника Тарасу Шевченко.До маршу долучились всі бажаючі.",neutral,"The article is about a traditional march in honor of a Ukrainian national symbol, and does not clearly discuss conditions that may cause people to leave or arrive in Ukraine.",mistral:7b,neutral,"The article is about a traditional march in honor of a Ukrainian national symbol, and does not clearly discuss conditions that may cause people to leave or arrive in Ukraine.",article,4
20220101,141,SLAVIC,UKRAINE,https://www.kramatorsk.info/view/272909,unclear,<URL too short>,mistral:7b,,,,"1 січня 2022 року в Слов'янську, з Соборної площі до пам'ятника Тарасу Шевченко, пройшов традиційний щорічний смолоскипний марш, присвячений до 113-ої річниці із дня народження Провідника ОУН Степана Бандери.

Організатори та учасники маршу зі Слов'янська вшанували пам’ять символу української нації та розірвали пітьму на вулицях міста світлом смолоскипів. Ходу супроводжували бійці нацгвардії та підрозділу поліції.

Наприкінці маршу відбувся мітинг біля памятника Тарасу Шевченко.До маршу долучились всі бажаючі.",neutral,"The article is about a traditional march commemorating the 113th anniversary of the birth of Stepan Bandera, a symbolic figure in Ukrainian nationalism. There is no clear mention of migration-driving conditions.",mistral:7b,neutral,"The article is about a traditional march commemorating the 113th anniversary of the birth of Stepan Bandera, a symbolic figure in Ukrainian nationalism. There is no clear mention of migration-driving conditions.",article,4
20210102,51,POLAND,,https://logistyka.rp.pl/drogowy/art19249821-na-ten-rok-w-planach-oddanie-do-uzytku-345-km-drog-krajowych,pull,'put into use',mistral:7b,,,,,,,mistral:7b,pull,'oddanie-do-uzytku' (put into use),url_1,4
20210102,51,POLISH,,https://logistyka.rp.pl/drogowy/art19249821-na-ten-rok-w-planach-oddanie-do-uzytku-345-km-drog-krajowych,pull,'put into use',mistral:7b,,,,,,,mistral:7b,pull,'oddanie-do-uzytku' (put into use),url_1,4
20210102,51,POLISH,,https://logistyka.rp.pl/drogowy/art19249821-na-ten-rok-w-planach-oddanie-do-uzytku-345-km-drog-krajowych,pull,'put into use',mistral:7b,,,,,,,mistral:7b,pull,'put into use',url_1,4
20220102,36,,BUENOS AIRES,https://urgente24.com/actualidad/tragedia-palermo-asesino-al-volante-alcohol-y-muerte-n531977,push,'tragedia' (tragedy) and 'muerte' (death),mistral:7b,,,,,,,mistral:7b,push,'tragedia' (tragedy) and 'muerte' (death),url_1,4
20220102,100,,BUSINESS,https://www.eluniversal.com.mx/cartera/concanaco-pide-comercios-mantener-medidas-sanitarias-y-evitar-cierres-por-ola-de-covid,neutral,None of the URL tokens indicate clear migration-related conditions,mistral:7b,,,,,,,mistral:7b,neutral,None of the URL tokens indicate clear migration-related conditions,url_1,4
20220102,190,,TYCOON,https://revistamonet.globo.com/Celebridades/noticia/2022/01/look-de-jeff-bezos-um-dos-homens-mais-ricos-do-mundo-no-reveillon-rende-piadas-nas-redes-meio-vin-diesel-meio-agostinho-carrara.html,unclear,URL is about celebrities and does not contain any clear migration-related tokens,mistral:7b,,,,"Jeff Bezos e a namorada (Foto: Reprodução/Instagram)

Jeff Bezos, um dos homens mais ricos do mundo, começou 2022 inspirando piadas e memes nas redes sociais com seu look para a festa de Réveillon acompanhado de amigos e da namorada, a apresentadora de TV Lauren Sanchez.



O megaempresário tem chamado atenção nos últimos tempos pelo físico 'bombadão' e usou uma camisa colorida que ornou com a festa temática dos anos 1970 que promoveu para celebrar a chegada do Ano Novo.

Na legenda do seu post, ele compartilhou uma reflexão sobre a virada de 21 para 22. ""Nós nos divertimos muito na noite passada celebrando com uma festa louca de discoteca com a família, mas o Ano Novo também é um ótimo momento para fazer um balanço e focar no crescimento pessoal, renovação, renascimento e prestar atenção a cada momento de sua vida. Os bons e os maus. Tudo. Comemore e cresça"", escreveu.

saiba mais Ex de Kanye e eterna rival de Kim Kardashian desafia Insta ao postar foto completamente nua Ex de Kanye e eterna rival de Kim Kardashian desafia Insta ao postar foto completamente nua

Os internautas, tanto nos EUA quanto no Brasil, não perderam a piada. ""Jeff Bezos está a poucos centímetros de se transformar em Pitbull"", comentou uma usuária, fazendo referência ao músico de ascendência cubana. ""A transformação física de Jeff Bezos parece uma dessa história de origens de vilões do Homem-Aranha"", brincou outro.

Já um brasileiro foi mortal ao resumir tudo em um inusitado mash-up do astro de 'Velozes e Furiosos e o personagem de Pedro Cardoso na série 'A Grande Família': ""Jeff Bezos passou a virada com um look meio Vin Diesel, meio Agostinho Carrara.""

Houve também usuários que repararam nos dedos desproporcionais da namorada no clique principal. ""Não consigo parar de olhar"", afirmou um.

saiba mais Filha de Steve Jobs se despede de 2021 e dá boas vindas para 2022 em fotos com biquíni minúsculo Filha de Steve Jobs se despede de 2021 e dá boas vindas para 2022 em fotos com biquíni minúsculo

Pedro Cardoso em A Grande Família (Foto: Divulgação)

Vin Diesel em Velozes e Furiosos 9 (2021) (Foto: Divulgação)

Pitbull (Foto: Divulgação)

saiba mais Hilary Duff surpreende fãs com sequência de selfies de topless na banheira Hilary Duff surpreende fãs com sequência de selfies de topless na banheira

Claro que também apareceu quem achasse o figurino do magnata da Amazon de gosto duvidoso e que destoa com um sujeito com mais de 190 bilhões de dólares em propriedades (o que ultrapassa a marca de 1 trilhão de reais pela cotação atual). ""Jeff Bezos, sendo o homem mais rico do mundo, se veste como um sujeito que perdeu tudo em criptomoedas"", brincou um. ""Mais dinheiro não necessariamente é uma coisa boa"", complementou outro.

Jeff Bezos e Lauren Sanchez estão juntos desde o fim de 2018 e tornaram público seu namoro no início de 2019. O relacionamento tomou de assalto inclusive as editorias voltadas a celebridades e gossip por que resultou no término do casamento de 25 anos de Bezos com MacKenzie Bezos, mãe de seus quatro filhos. Já Sanchez era casada com o também empresário Patrick Whitesell, ex-amigo de Bezos.

Abaixo, confira mais fotos de Bezos na sua festa de Réveillon.

Jeff Bezos, a namorada e amiga (Foto: Reprodução/Instagram)",neutral,The article is about Jeff Bezos' New Year's Eve party and does not clearly discuss migration-driving conditions.,mistral:7b,neutral,The article is about Jeff Bezos' New Year's Eve party and does not clearly discuss migration-driving conditions.,article,4
20220102,112,,CALGARY,https://www.journaldemontreal.com/2022/01/02/manifestations-anti-covid-un-pasteur-et-son-frere-arretes-par-calgary,unclear,URL is about arrests in Calgary and does not contain any clear migration-related tokens,mistral:7b,,,,"Un pasteur connu pour ses positions anti-mesures sanitaires et son frère ont été arrêtés et accusés, samedi, après avoir manifesté sur le terrain du ministre de la Santé de l’Alberta.

• À lire aussi: L’exaspération se fait ressentir aux centres de dépistage

Le pasteur Artur Pawlowski et son frère Dawid, qui ont déjà fait face à la justice pour avoir défié les règles sanitaires par le passé, ont rejoint une cinquantaine de manifestants devant la demeure du ministre Jason Copping.

La police de Calgary a confirmé qu'elle a arrêté deux manifestants parce qu'ils violaient une ordonnance de la cour, sans dévoiler leurs noms. Cependant, une vidéo publiée sur la page Facebook du pasteur controversé montre l’arrestation de ce dernier et de son frère peu de temps après la manifestation, alors qu’ils se trouvent en voiture.

«C’est ce qui se produit lorsque vous vivez au China-da, s’est insurgé Artur en se filmant. Vous allez vous faire arrêter par la Gestapo.»

La vidéo, d’une durée d’un peu plus de sept minutes, recèle un vaste éventail de références au nazisme, le pasteur allant jusqu’à rebaptiser le premier ministre Jason Kenney du nom de «Adolf Kenney».

Plus tard, au cours de l’arrestation des deux frères, on entend une troisième personne dans le véhicule, qui filme toute la scène, traiter les policiers de Calgary de «nazis» et se moquer d’eux.

L’avocate des deux frères, Sarah Miller, a confirmé au Calgary Herald que les Pawlowski ont été accusés de bris d’ordonnance.

Le premier ministre s’est désolé de la tournure de cette soirée du jour de l’An. «Tous les Albertains ont le droit de manifester pacifiquement. Ce droit ne permet pas d’empiéter sur les terrains de maisons privées et de harceler les familles des gens du service public», s’est-il insurgé sur Twitter.

«Malheureusement, ce n’est pas la première fois que cette portion des conspirationnistes antivaccins tente d’intimider des élus du gouvernement de cette façon. Je suis certain que la majorité des Albertains rejettent cette forme d’extrémisme», a-t-il ajouté.

À VOIR AUSSI",push,"The article describes protests against health measures, violation of court orders, and comparison to Nazi Germany which may indicate conditions that may cause people to leave the country",mistral:7b,push,"The article describes protests against health measures, violation of court orders, and comparison to Nazi Germany which may indicate conditions that may cause people to leave the country",article,4
20220102,841,,POLICE,https://www.hoydiariodelmagdalena.com.co/archivos/613756,unclear,URL appears to be an article ID and does not contain any clear migration-related tokens,mistral:7b,,,,"En diálogo con Enrique Gómez Martínez, abogado de la familia y sobrino del asesinado líder conservador Álvaro Gómez Hurtado, explicó en La FM los pormenores de los documentos del archivo de vigilancia del (Departamento Administrativo de Seguridad) DAS, a los que recientemente lograron acceder y que daría más luces para esclarecer los hechos que rodean el magnicidio ejecutado el 2 de noviembre de 1995.

Gómez Martínez relató que desde hace 5 años se ha librado una lucha compleja para que se revelen en su totalidad los archivos de vigilancia del DAS y tras ganar una tutela que permitió el acceso a esa documentación se logró encontrar varias referencias relacionadas sobre la investigación de la muerte de Álvaro Gómez Hurtado.

El abogado sostiene que hay varias evidencias sobre diferentes perfilamientos sistemáticos que ejecutó la división de inteligencia a todos los opositores y críticos del entonces presidente Enrique Samper Pizano y entre estas personas figura Gómez Hurtado.

«Estamos esperando poder confirmar la época en que fueron realizados estos seguimientos y queremos establecer si en esos seguimientos hubo interceptaciones telefónicas».

De igual manera, Enrique Gómez Martínez sostiene que halló evidencia que demuestra que en ninguno de los diferentes boletines que el DAS generaba para el presidente Samper, se habló sobre una presunta conspiración militar o golpista en su contra.

El abogado precisó que en dichos documentos también se descartó que la muerte de Álvaro Gómez Hurtado estuviese relacionada con un supuesto golpe de estado.

«El DAS descartó en 1995 la hipótesis que indica que la muerte de Álvaro Gómez se produjo en un fallido golpe de estado, Ramiro Bejarano durante años ha venido diciendo mentiras al país, estos informes deben ser puestos en conocimiento entre las partes del caso».

“Eso dio lugar a dos tutelas y de ahí vimos como la administración Santos con la asesoría de Ramiro Bejarano (director del DAS en la época en la que ocurrió el asesinato de Gómez Hurtado), desmontó los archivos del DAS; pero por cosas de la vida, la verdad siempre brilla y brota, han aparecido los archivos de seguimiento del DAS (…)”.

Gómez Martínez también señaló que la mafia también estuvo relacionada con la muerte de Gómez Hurtado, pues a Orlando Heano, jefe del cartel del Norte del Valle, se le solicitó que asesinara a Álvaro Gómez Hurtado a cambio de mejores beneficios en su proceso de entrega a las autoridades.

«Heano accedió y esta operación contó con la participación del entonces director del Gaula, Danilo Alfonso González».

La siniestra nota de Laude Fernández

El exdirector de inteligencia del DAS Laude Fernández, también está siendo investigado por su supuesta participación en interceptaciones ilegales a integrantes del sindicato de Avianca.

El abogado de la familia del político conservador aseguró que, Fernández también habría estado involucrado con los perfilamientos de los que fue objeto la víctima.

“Ya habíamos encontrado una siniestra nota de Laude Fernández, director de inteligencia de Ramiro Bejarano (no sé si el país recuerda porque está preso y cómo ha participado durante décadas, en todos los desarrollos del antiguo DAS), donde el primero de noviembre en una entrevista que Álvaro Gómez Hurtado, le concedió a la revista Diners, Laude Fernández, de alguna manera vaticinaba lo que iba a ocurrir al día siguiente, diciendo en su nota de comentario de revisión – Al que no quiere caldo se le dan dos tazas (…) – ”, dijo el abogado.

El abogado Gómez Martínez añadió que, se están agregando más pruebas al proceso por el crimen que fue considerado como de lesa humanidad.

“La extensión del tiempo no se ha determinado pero eran seguimientos personales; de inteligencia humana, seguimientos de inteligencia electrónica o lo que llamamos hoy día, ‘chuzadas’; lo que es claro es que había un trabajo de seguimiento personal”, añadió el jurista.

“Otros testigos que han declarado acreditan que en su momento, Danilo González, comandante del Gaula en el Gobierno de Ernesto Samper, recibió la orden de adelantar el homicidio pero parece que transcurrió muy poco tiempo entre el momento que recibió la orden y la puso en práctica, con la ayuda de Wilber Alirio Varela alias ‘Jabón’”, manifestó el abogado.

Agregó que, “me ha quedado la inquietud con base en qué inteligencia sabían el día, la hora y el lugar en que Álvaro Gómez Hurtado, dictaba sus clases en la Universidad Sergio Arboleda, aquel fatídico 2 de noviembre”.

Señaló que una de las hipótesis es que, desde el Gobierno se entregó información para facilitar que se cometiera el crimen.

“Pareciera que la respuesta es que posiblemente el Gobierno de Samper, le haya filtrado al cartel del Norte del Valle estos seguimientos para facilitar el homicidio”, sentenció.

Corte Suprema de Justicia

El abogado también anunció que ante el alto tribunal presentará las pruebas contra Horario Serpa Uribe quien para la época de los hechos, ocupaba el cargo de Ministro del Gobierno de Samper.

“Vamos a pedir la resolución de acusación contra Horacio Serpa, ahora la Corte Suprema de Justicia conoce el proceso en su contra a través de la Fiscalía delegada porque él, era aforado como exministro del Interior del Gobierno de Ernesto Samper y trasladaremos esas pruebas ante la Comisión de Acusaciones”, dijo.

Manifestó que, “queremos que al cumplirse 25 años de impunidad que se conmemoran en noviembre; se lleven a juicio esas pruebas”.

Aseguró, que no busca que el expresidente Ernesto Samper sea condenado pero que sí, se conozcan las pruebas.

“Querían enterrar estas pruebas con la complicidad de fiscales patrocinados por Ernesto Samper y que no se pudieran conocer: cuatro casas criminales confirmando la realización del homicidio por parte de Orlando Henao a solicitud de Ernesto Samper y Horacio Serpa, esas pruebas deben ir a juicio”, aseguró en su entrevista.

El abogado Gómez Martínez también cuestionó el trino de la exsenadora Piedad Córdoba, en el que advierte que la reunión entre el expresidente Juan Manuel Santos, exministro Cristo, senador Cepeda, Rodrigo Londoño ‘Timochenko’ y Carlos Lozada, permitirá descubrir qué sucedió con el crimen del destacado político conservador.

Fuente: LA FM

You can use this method to make deposits in instant Bank Transfer casino NZ. In most cases, you can do so by supplying your bank details. If you don’t have an account in NZ, you may be required to pay an additional fee. Once you’ve made the deposit, you can play! In some cases, the minimum deposit for this method is NZ$10, although it can range from $10 to $50. Depending on your bank, the withdrawal time can take two to seven days.",unclear,The article does not provide clear information about migration-driving conditions related to any specific country or population.,mistral:7b,unclear,The article does not provide clear information about migration-driving conditions related to any specific country or population.,article,4
20220102,36,,SCHOOL,https://olhardireto.com.br/noticias/exibir.asp?id=496488&noticia=porto-relembra-dificuldades-com-45-dos-estudantes-sem-internet-e-projeta-2022-como-melhor-ano-letivo-da-historia,neutral,None of the URL tokens indicate clear migration-related conditions,mistral:7b,,,,,,,mistral:7b,neutral,None of the URL tokens indicate clear migration-related conditions,url_1,4
20220102,42,,SCHOOL,https://olhardireto.com.br/noticias/exibir.asp?id=496488&noticia=porto-relembra-dificuldades-com-45-dos-estudantes-sem-internet-e-projeta-2022-como-melhor-ano-letivo-da-historia,neutral,URL is identical to row_id=154 and does not contain any clear migration-related tokens,mistral:7b,,,,,,,mistral:7b,neutral,URL is identical to row_id=154 and does not contain any clear migration-related tokens,url_1,4
20220102,42,,FRANCE,https://www.mdzol.com/deportes/2022/1/2/cuando-vuelve-lionel-messi-su-posible-debut-con-el-psg-en-2022-212536.html,unclear,URL is about Lionel Messi's potential return to PSG and does not contain any clear migration-related tokens,mistral:7b,,,,"¿Cuándo vuelve? Lionel Messi y su posible debut con el PSG en 2022 Presenta: Últimas noticias Últimas noticias Argentina Últimas noticias Mendoza Política Economía Sociedad Policiales Deportes Mundo Energía Espectáculos y Cultura Estilo y Tendencias Estilo Estilo Gastronomía Vinos Viajes Sociales Consumidores MDZ Autos Newsletter Servicios Clima Horóscopo Juegos MDZ Radio Licitaciones Mediakit Publicidad Políticas de seguridad y privacidad Términos y condiciones Deportes | Paris Saint-Germain ¿Cuándo vuelve? Lionel Messi y su posible debut con el PSG en 2022 El astro argentino fue diagnosticado con coronavirus y se encuentra en Rosario realizando la cuarentena. El astro argentino fue diagnosticado con coronavirus y se encuentra en Rosario realizando la cuarentena. MDZ Deportes 2 de enero de 2022 · 20:15 hs + Seguir en El rosarino espera para poder sumarse al resto de sus compañeros. Foto: EFE Lionel Messi fue diagnosticado con coronavirus tras arrojar resultado positivo en los testeos que se realizó antes de intentar viajar a Francia , para sumarse a los entrenamientos del Paris Saint Germain . El rosarino realizará la cuarentena en su ciudad natal junto al resto de su familia y viajará a Europa con los resultados del PCR le den negativo. Te puede interesar Dibu Martínez, bajo investigación en Inglaterra: por qué la FA podría sancionarlo Según el periodista Christian Martin , que sigue los pasos del astro argentino en tierras francesas, la Pulga se encuentra en buen estado de salud y cumpliendo con el aislamiento protocolar. La noticia causó un fuerte impacto en el mundo del deporte y se esperan más novedades al respecto. Por el momento, Leo no se pronunció al respecto. De no mediar mayores inconvenientes, el mejor jugador del mundo se perdería los partidos ante Vannes Olympique Club , por los 16avos de la Copa de Francia (se juega el lunes 3 de enero) y contra Lyon , por la Ligue 1 (el domingo 9 de enero). Posteriormente, el sábado 15 de enero, el PSG recibirá en el estadio Parque de los Príncipes a Stade Brestois en el marco de la fecha 21. Para dicho encuentro Mauricio Pochettino , director técnico de los parisinos, podría contar con la Pulga para que dispute su primer partido del 2022. Con la camiseta de la Selección argentina, ya clasificada al próximo Mundial de Qatar , verá acción en los últimos cuatro partidos de las Eliminatorias : 27 de enero: Chile vs. Argentina 1 de febrero: Argentina vs. Colombia 24 de marzo: Argentina vs. Venezuela 27 de marzo: Ecuador vs. Argentina Archivado en Paris Saint-Germain Lionel Messi Las más Leídas Notas Relacionadas Inesperado River echó a La Roca, el histórico jefe de seguridad del plantel profesional: el motivo A gestionar Valentín Carboni fue operado con éxito y Racing ya trabaja para retenerlo: ¿sigue en 2027? San Martín San Martín busca marcar territorio en el Federal A y ser un rival difícil Secciones Últimas noticias Economía Policiales Mundo Estilo Vinos Sociales Política Sociedad Deportes Espectáculos y Cultura Estilo Gastronomía Viajes MDZ Autos Newsletter Servicios Clima Horóscopo MDZ Radio Juegos MDZ Tech Napsix INSTITUCIONAL Publicidad Contacto Políticas de seguridad y privacidad Términos y condiciones Domicilio legal: Coronel Rodríguez 1260, Mendoza, Argentina. Director Editorial Responsable: Rubén Rabanal | Propietario: Territorio Digital S.A. | Registro DNDA N°11804985 | Nº de Edición 6788 | 10 de marzo de 2026 Copyright 2026 MDZol. Todos los derechos reservados.",neutral,"The article is not clearly about migration-driving conditions, it's about Lionel Messi's possible return to play for Paris Saint-Germain after being diagnosed with COVID-19.",mistral:7b,neutral,"The article is not clearly about migration-driving conditions, it's about Lionel Messi's possible return to play for Paris Saint-Germain after being diagnosed with COVID-19.",article,4
20220102,42,,FRANCE,https://www.mdzol.com/deportes/2022/1/2/cuando-vuelve-lionel-messi-su-posible-debut-con-el-psg-en-2022-212536.html,unclear,URL is identical to row_id=156 and does not contain any clear migration-related tokens,mistral:7b,,,,"¿Cuándo vuelve? Lionel Messi y su posible debut con el PSG en 2022 Presenta: Últimas noticias Últimas noticias Argentina Últimas noticias Mendoza Política Economía Sociedad Policiales Deportes Mundo Energía Espectáculos y Cultura Estilo y Tendencias Estilo Estilo Gastronomía Vinos Viajes Sociales Consumidores MDZ Autos Newsletter Servicios Clima Horóscopo Juegos MDZ Radio Licitaciones Mediakit Publicidad Políticas de seguridad y privacidad Términos y condiciones Deportes | Paris Saint-Germain ¿Cuándo vuelve? Lionel Messi y su posible debut con el PSG en 2022 El astro argentino fue diagnosticado con coronavirus y se encuentra en Rosario realizando la cuarentena. El astro argentino fue diagnosticado con coronavirus y se encuentra en Rosario realizando la cuarentena. MDZ Deportes 2 de enero de 2022 · 20:15 hs + Seguir en El rosarino espera para poder sumarse al resto de sus compañeros. Foto: EFE Lionel Messi fue diagnosticado con coronavirus tras arrojar resultado positivo en los testeos que se realizó antes de intentar viajar a Francia , para sumarse a los entrenamientos del Paris Saint Germain . El rosarino realizará la cuarentena en su ciudad natal junto al resto de su familia y viajará a Europa con los resultados del PCR le den negativo. Te puede interesar Dibu Martínez, bajo investigación en Inglaterra: por qué la FA podría sancionarlo Según el periodista Christian Martin , que sigue los pasos del astro argentino en tierras francesas, la Pulga se encuentra en buen estado de salud y cumpliendo con el aislamiento protocolar. La noticia causó un fuerte impacto en el mundo del deporte y se esperan más novedades al respecto. Por el momento, Leo no se pronunció al respecto. De no mediar mayores inconvenientes, el mejor jugador del mundo se perdería los partidos ante Vannes Olympique Club , por los 16avos de la Copa de Francia (se juega el lunes 3 de enero) y contra Lyon , por la Ligue 1 (el domingo 9 de enero). Posteriormente, el sábado 15 de enero, el PSG recibirá en el estadio Parque de los Príncipes a Stade Brestois en el marco de la fecha 21. Para dicho encuentro Mauricio Pochettino , director técnico de los parisinos, podría contar con la Pulga para que dispute su primer partido del 2022. Con la camiseta de la Selección argentina, ya clasificada al próximo Mundial de Qatar , verá acción en los últimos cuatro partidos de las Eliminatorias : 27 de enero: Chile vs. Argentina 1 de febrero: Argentina vs. Colombia 24 de marzo: Argentina vs. Venezuela 27 de marzo: Ecuador vs. Argentina Archivado en Paris Saint-Germain Lionel Messi Las más Leídas Notas Relacionadas Inesperado River echó a La Roca, el histórico jefe de seguridad del plantel profesional: el motivo A gestionar Valentín Carboni fue operado con éxito y Racing ya trabaja para retenerlo: ¿sigue en 2027? San Martín San Martín busca marcar territorio en el Federal A y ser un rival difícil Secciones Últimas noticias Economía Policiales Mundo Estilo Vinos Sociales Política Sociedad Deportes Espectáculos y Cultura Estilo Gastronomía Viajes MDZ Autos Newsletter Servicios Clima Horóscopo MDZ Radio Juegos MDZ Tech Napsix INSTITUCIONAL Publicidad Contacto Políticas de seguridad y privacidad Términos y condiciones Domicilio legal: Coronel Rodríguez 1260, Mendoza, Argentina. Director Editorial Responsable: Rubén Rabanal | Propietario: Territorio Digital S.A. | Registro DNDA N°11804985 | Nº de Edición 6788 | 10 de marzo de 2026 Copyright 2026 MDZol. Todos los derechos reservados.",neutral,"Article is about the return of Lionel Messi to Paris Saint-Germain after testing positive for COVID-19 and his potential debut, not migration",mistral:7b,neutral,"Article is about the return of Lionel Messi to Paris Saint-Germain after testing positive for COVID-19 and his potential debut, not migration",article,4
20220102,141,,THE UK,https://www.clarin.com/opinion/malvinas-pasado-presente-conflicto_0_4JQu1pJwH.html,unclear,URL refers to the Malvinas conflict but does not contain any clear migration-related tokens,mistral:7b,,,,"Este año se cumple el 40° aniversario del conflicto armado del Atlántico Sur. No es una fecha para celebrar, sino para recordar y honrar la memoria de los héroes y heroínas que hicieron el máximo sacrificio en defensa de nuestra soberanía y a aquéllos que llevan sobre sus mentes y sus cuerpos las marcas de esos días.

Malvinas no es sólo el conflicto del ‘82. Sin dudas, fue un momento importante en los más de 500 años de historia del archipiélago, pero no ha cambiado la cuestión central de la soberanía. No son 40 años de Malvinas, sino 40 años de aquel conflicto, que marcó y que ha modificado la vida de miles de personas.

Respecto a lo sucedido entre abril y junio de 1982, está claro que el gobierno de facto argentino de entonces fue el mayor responsable, pero tampoco hay que olvidar que el gobierno británico hizo todo lo posible para, una vez iniciado el conflicto, torpedear toda salida pacífica. También le incumbe una gran responsabilidad sobre los hechos.

1982 no fue la primera vez que se usó la fuerza en los más de cinco siglos de historia malvinense. Hace 189 años el Reino Unido en el marco de su política de dominación colonial, comercial y marítima, expulsó por la fuerza a las autoridades y parte de la población de un Estado recientemente constituido y que se debatía en una crisis interna, pero que había logrado establecer un asentamiento humano en las islas y demostrar su viabilidad. Se trató de un acto ilícito según el Derecho Internacional de la época.

La obligación de respetar la integridad territorial de los Estados en tiempo de paz es inherente a la existencia de relaciones fundadas en el Derecho Internacional, en cualquier época. Un tratado de amistad regía sus relaciones. No hubo protestas británicas sobre la presencia argentina en Malvinas sino cuando esta demostró su viabilidad e importancia. Sin fundamento jurídico, las limitadas protestas nunca plantearon forma alguna de resolver la disputa abierta por el Reino Unido, ni intimación alguna. El acto de enero de 1833 fue simplemente una muestra de la prepotencia imperial sin derecho y sin crear derecho alguno.

El Reino Unido sabe que no puede invocar la conquista como un argumento para fundar soberanía. A partir del Siglo XVIII (o incluso antes) la conquista como un título valido de soberanía territorial requería de, al menos, dos elementos fundamentales: la existencia de un estado de beligerancia y un tratado de paz posterior con la renuncia del Estado vencido a su territorio.

No había un estado de guerra entre las partes cuando se expulsó a la Argentina de Malvinas y ese acto no implicó su existencia. Menos aún, nunca hubo un tratado de paz por el cual la Argentina renunció a su soberanía.

Este acto de fuerza configura el vicio de origen de la posesión británica y de la presencia de la población actual en Malvinas. La existencia de la controversia de soberanía hasta el día de hoy, motivada por la negativa británica a resolverla y el control de la política migratoria por parte de Londres hacen que el derecho a la libre determinación no sea aplicable a los actuales habitantes. Si hay un pueblo víctima del colonialismo en Malvinas, es el pueblo argentino.

Desde aquel primer momento, Argentina nunca consintió el despojo británico ni cesó de reclamar por sus derechos, incluso ofreciendo en varias oportunidades la solución pacífica por medio del arbitraje frente a la intransigencia británica. Eso puso siempre a los pueblos hermanos de Latinoamérica del lado nacional. Por ejemplo, Perú envío documentación de fundamental importancia para la protesta argentina, Brasil informó a sus representantes en Europa que apoyaran el reclamo argentino.

Bolivia manifestó que “el ultraje hecho a la República Argentina (…) envuelve [el desprecio] hacia las demás naciones americanas” y que “la conducta del Gabinete británico en las Malvinas, aunque sea perjudicial esencialmente al gobierno que se siente despojado de su posesión, es ofensivo y demasiado injurioso a todas las repúblicas americanas”.

En 189 años el Reino Unido nunca se avino a negociar y discutir la cuestión de la soberanía salvo por un breve periodo de 17 años luego de la adopción de la resolución 2065 (XX) de 1965.

A 189 años de aquel uso de la fuerza británico que expulsó a hombres, mujeres y niños que tenían en Malvinas una vida y un futuro bajo las leyes y la soberanía argentina, y en el año del 40º aniversario del conflicto del Atlántico Sur, es imperioso que el Reino Unido adopte una actitud responsable para con las generaciones actuales y futuras. Debe cumplir con su obligación de resolver las disputas por medios pacíficos y poner fin al colonialismo en todas sus formas. La solución definitiva de la controversia será el mejor homenaje para todos los que vieron truncadas sus vidas en 1982.

Mirá también Mirá también Algunas claves para moverse en un año imprevisible",push,"The article discusses the expulsion of Argentinian authorities and part of the population from the Malvinas Islands by the British government 189 years ago, which is considered an illegal act according to the International Law of the time. The British government's refusal to negotiate and discuss the sovereignty issue since then, and their control over immigration policy, are push factors as they prevent the application of the right to self-determination for the current inhabitants.",mistral:7b,push,"The article discusses the expulsion of Argentinian authorities and part of the population from the Malvinas Islands by the British government 189 years ago, which is considered an illegal act according to the International Law of the time. The British government's refusal to negotiate and discuss the sovereignty issue since then, and their control over immigration policy, are push factors as they prevent the application of the right to self-determination for the current inhabitants.",article,4
20220102,42,,UNITED KINGDOM,https://www.elbotola.com/article/2022-01-02-22-03-111.html,unclear,URL is an article ID and does not contain any clear migration-related tokens,mistral:7b,,,,"المنتخب الوطني يبرمج أولى حصصه التدريبية في الكاميرون غدا الإثنين استعدادا لودية بوركينا فاسو و""رحلة الكان""

حدد الطاقم التقني للناخب الوطني وحيد خليلوزيتش، برنامج ""الأسود"" في الكاميرون، قبل مواجهة غانا، لحساب الجولة الأولى من دور المجموعات لكأس أمم أفريقيا 2021.





ومن المقرر أن يخوض المنتخب الوطني يوم غد الإثنين، أولى حصصه التدريبية استعدادا لودية بوركينا فاسو، المبرمجة يوم الخميس 6 يناير الجاري.





ويدشن رفاق أشرف حكيمي، رحلتهم القارية، بمواجهة غانا، يوم الإثنين 10 يناير، بداية من الساعة الخامسة عصرا (17:00 غرينيتش +1)، بملعب ""أحمدو أهيدجو"" في مدينة ياوندي الكاميرونية.





وحطت بعثة المنتخب المغربي، يومه الأحد، الرحال في الكاميرون، إذ وجدت في استقبالها سفير المملكة هناك، مصطفى بوه.





يذكر أن المغرب يتواجد في المجموعة الثالثة، رفقة منتخبات غانا والغابون وجزر القمر.",neutral,"The article is about a football team preparing for a match in Cameroon, not conditions that would cause people to leave or arrive in the country",mistral:7b,neutral,"The article is about a football team preparing for a match in Cameroon, not conditions that would cause people to leave or arrive in the country",article,4
20220102,42,,UNITED KINGDOM,https://www.elbotola.com/article/2022-01-02-22-03-111.html,unclear,<12 tokens: Too short and generic>,mistral:7b,,,,"المنتخب الوطني يبرمج أولى حصصه التدريبية في الكاميرون غدا الإثنين استعدادا لودية بوركينا فاسو و""رحلة الكان""

حدد الطاقم التقني للناخب الوطني وحيد خليلوزيتش، برنامج ""الأسود"" في الكاميرون، قبل مواجهة غانا، لحساب الجولة الأولى من دور المجموعات لكأس أمم أفريقيا 2021.





ومن المقرر أن يخوض المنتخب الوطني يوم غد الإثنين، أولى حصصه التدريبية استعدادا لودية بوركينا فاسو، المبرمجة يوم الخميس 6 يناير الجاري.





ويدشن رفاق أشرف حكيمي، رحلتهم القارية، بمواجهة غانا، يوم الإثنين 10 يناير، بداية من الساعة الخامسة عصرا (17:00 غرينيتش +1)، بملعب ""أحمدو أهيدجو"" في مدينة ياوندي الكاميرونية.





وحطت بعثة المنتخب المغربي، يومه الأحد، الرحال في الكاميرون، إذ وجدت في استقبالها سفير المملكة هناك، مصطفى بوه.





يذكر أن المغرب يتواجد في المجموعة الثالثة، رفقة منتخبات غانا والغابون وجزر القمر.",neutral,"The article discusses a football team's training preparations for an upcoming match in Cameroon and the arrival of Moroccan team, not clearly about migration-driving conditions",mistral:7b,neutral,"The article discusses a football team's training preparations for an upcoming match in Cameroon and the arrival of Moroccan team, not clearly about migration-driving conditions",article,4
20220102,40,,KINGDOM,https://alghad.com/%D9%88%D8%B2%D9%8A%D8%B1-%D8%A7%D9%84%D8%AE%D8%A7%D8%B1%D8%AC%D9%8A%D8%A9-%D8%A7%D9%84%D8%B3%D8%B9%D9%88%D8%AF%D9%8A-%D9%81%D9%8A-%D8%B9%D9%85%D8%A7%D9%86/,pull,'Saudi expatriates in Oman',mistral:7b,,,,,,,mistral:7b,pull,'الخارجية السعودية في عمان' (Saudi expatriates in Oman),url_1,4
20220102,46,,MINIST,https://alghad.com/%D9%88%D8%B2%D9%8A%D8%B1-%D8%A7%D9%84%D8%AE%D8%A7%D8%B1%D8%AC%D9%8A%D8%A9-%D8%A7%D9%84%D8%B3%D8%B9%D9%88%D8%AF%D9%8A-%D9%81%D9%8A-%D8%B9%D9%85%D8%A7%D9%86/,pull,'Saudi expatriates in Oman',mistral:7b,,,,,,,mistral:7b,pull,'الخارجية السعودية في عمان' (Saudi expatriates in Oman),url_1,4
20220102,46,,KINGDOM,https://alghad.com/%D9%88%D8%B2%D9%8A%D8%B1-%D8%A7%D9%84%D8%AE%D8%A7%D8%B1%D8%AC%D9%8A%D8%A9-%D8%A7%D9%84%D8%B3%D8%B9%D9%88%D8%AF%D9%8A-%D9%81%D9%8A-%D8%B9%D9%85%D8%A7%D9%86/,pull,'Saudi expatriates in Oman',mistral:7b,,,,,,,mistral:7b,pull,'الخارجية السعودية في عمان' (Saudi expatriates in Oman),url_1,4
20220102,57,,GOVERNMENT,https://www.cas.sk/clanok/2626553/predseda-civilnej-vlady-v-sudane-oznamil-svoju-rezignaciu-snazil-som-sa-zo-vsetkych-sil/,push,'the president of the civil government in Sudan announced his resignation and tried to leave with all his strength' (The president of the civil government in Sudan announced his resignation and tried to leave with all his strength),mistral:7b,,,,,,,mistral:7b,push,'predseda-civilnej-vlady-v-sudane-oznamil-svoju-rezignaciu-snazil-som-sa-zo-vsetkych-sil' (The president of the civil government in Sudan announced his resignation and tried to leave with all his strength),url_1,4
20220102,84,,PRESIDENT,https://www.lematin.ch/story/lhomme-fort-du-parti-ennahdha-hospitalise-dans-un-etat-critique-474086927675,push,'The strong man of the Ennahdha party hospitalized in a critical state',mistral:7b,,,,,,,mistral:7b,push,'The strong man of the Ennahdha party hospitalized in a critical state',url_1,4
20220102,141,,AUTHORITIES,http://lratvakan.com/news/76958.html,unclear,<12 tokens: Too short and generic>,mistral:7b,,,,"Участники акции протеста в центре Киева пошли на штурм кордонов, которые выставлены вокруг квартала правительственных зданий.

На улице Грушевского в Киеве не утихают столкновения протестующих и правоохранителей. На улице стоят несколько разбитых автобусов милиции, один автобус подожгли. Силовики регулярно бросают в толпу дымовые шашки, используют слезоточивый газ.

Ожидается приезд водометов. Об этом сообщают местные СМИ. Использование водометов на морозе угрожает смертями протестующим. При таком температуре может наступить переохлаждение от воды за несколько минут.

Помимо этого, протестующие захватили пять пустых милицейских автобусов. Лидер партии «УДАР» Виталий Кличко призвал протестующих отказаться от силовых действий в отношении правоохранителей, заявив, что это наверняка вызовет ответную реакцию со стороны «Беркута». Политик пообещал договориться о том, чтобы людям открыли проход к зданию Верховной Рады.

Столкновения активистов с милицией начались после так называемого народного вече на Майдане Незалежности, в котором приняли участие несколько сотен тысяч человек. Собравшиеся протестовали против политики действующих властей страны.",push,"war (protests and violence between protesters and police), repression (police using tear gas and fire trucks against protesters)",mistral:7b,push,"war (protests and violence between protesters and police), repression (police using tear gas and fire trucks against protesters)",article,4
20220102,141,,AUTHORITIES,https://lugradar.net/2022/01/337334,unclear,<12 tokens: Too short and generic>,mistral:7b,,,,"Содержание:

Пари Матч представляет собой гиганта в сфере организации азартных развлечений. Проект имеет колоссальный опыт в гемблинге. БК Париматч взял свое начало еще в далеком 1994 году и очень быстро завоевал расположение не только ценителей спорта, но и любителей азартных игр. Сегодня бренд является одной из самых популярных площадок на рынке Украины и за рубежом. Партнерами букмекера являются разработчики игрального софта с мировым именем, благодаря чему пользователи Parimatch получают только качественные и безопасные услуги. Parimatch имеет лицензию от правительства Кюрасао (no. 157), что позволяет предоставлять услуги онлайн-казино и ставок на спорт на международном уровне.

⚠️ Некоторые ссылки на сайте являются партнёрскими. Это значит, что мы можем получать комиссию, если вы зарегистрируетесь или сделаете депозит по одной из них. Это не влияет на содержание и оценки, но помогает развивать проект.

Преимущества Parimatch

Преимущество Описание 🔒 Надежность и безопасность Современные технологии шифрования обеспечивают защиту данных и честность игр. 🎲 Широкий выбор азартных игр и ставок Большой ассортимент спортивных событий, казино, покера и других развлечений. 💳 Простая и удобная система ввода и вывода средств Быстрые транзакции через популярные платежные системы. 🎁 Щедрые бонусы и интересные турниры Программы лояльности, кэшбэки и розыгрыши для активных пользователей. 📱 Мгновенный доступ с любого устройства Удобные мобильные приложения и адаптивный веб-сайт. 🛎️ Квалифицированная поддержка 24/7 Оперативные ответы через чат, email и телефон. ✅ Сертифицированные игры от мировых брендов Все слоты и лайв-игры проходят независимое тестирование (например, eCOGRA) на честность и соответствие заявленному RTP. 🧾 Лицензия Curaçao Gaming Authority under the National Ordinance on Games of Chance (LOK), P.B. 2024, no. 157

⚠️ Азартные игры могут вызывать зависимость. Перед тем как начать — оцените свои риски. Рекомендуем ознакомиться с разделом ""Ответственная игра"".

Parimatch — это платформа, которая сочетает высококлассный сервис с комфортом для каждого пользователя. Присоединяйтесь к миру развлечений и испытайте удачу с лучшими играми и ставками на спорт!

Регистрация в БК Париматч

Создание учетной записи занимает немного больше времени нежели авторизация, но эта процедура является одноразовой. Для создания профиля на сайте Pari Match может быть использован как номер мобильного телефона, так и адрес электронной почты. Не смотря на возможность выбора рекомендуется указать в личной анкете пользователя всю информацию, так как ее объем позволит пройти верификацию личности гораздо быстрее. Перед созданием профиля на сайте, рекомендуется внимательно ознакомиться с правилами проекта во избежание неприятных сюрпризов.

Чтобы создать аккаунт придерживайтесь простых шагов:

Зайдите на сайт беттинг-компании с использованием любого удобного устройства. Далее найдите кнопку ""Регистрация"", которая расположена в верхнем углу. После ее нажатия откроется форма, которую нужно заполнить, для создания персонального аккаунта. Укажите в первом поле свой e-mail. В следующей ячейке пропишите пароль, чтобы сделать его надежным, нужно следовать рекомендациям организатора.

После заполнения формы нажмите кнопку ""Зарегистрироваться"", это действие запускает отправку данных на сервер, где информация будет закреплена за конкретным игроком.

Чтобы иметь возможность играть на деньги, необходимо подтвердить свою личность с помощью документа. Для прохождения верификации потребуется зайти в личный кабинет и перейти в раздел ""Подтвердить учетную запись"". Далее нужно выбрать подходящий тип документа и загрузить его фотографии.

Вход в Париматч

Создание учетной записи необходимо не только для организатора, но и для самого пользователя. Благодаря персональному аккаунту, помимо прочего, игрок получает важную возможность вести учет своих действий и контролировать свои траты на развлечения. Организатору такой подход позволяет вести учет пользователей и отчитываться перед регулятором о своей деятельности. Учетная запись в казино также позволяет геймеру защитить свои интересы, так как в случае каких-либо споров между игроком и организатором, регулятор помогает в разрешении подобных ситуаций с учетом интересов обеих сторон.

Вход в Пари Матч доступен с различных устройств и имеет простой алгоритм действий:

Мобильная версия Parimatch

Если вы хотите войти в личный кабинет Париматч без использования специального приложения, то необходимо придерживаться следующей инструкции:

Откройте браузер на мобильном телефоне. С помощью него зайдите на сайт Париматч. В правом верхнем углу найдите кнопку ""Войти"". После ее нажатия откроется новое окно с формой для входа. Выберите один из доступных способов для авторизации: номер телефона, номер счета и электронная почта. В соответствии с выбранной вкладкой укажите данные в первом поле. Далее впишите пароль от учетной записи. Перед завершением авторизации необходимо проверить правильность введенных данных. Завершить процедуру входа можно клавишей ""Войти"".

💡 Совет от пользователей: если не приходит SMS-код — проверьте правильность номера и повторите попытку через 2 минуты. Если проблема сохраняется, обратитесь в поддержку через онлайн-чат.

Приложение Париматч

Процедура авторизации с помощью мобильного приложения идентична мобильной версии сайта, но прежде чем войти в свой аккаунт, необходимо скачать программу на устройство. Приложение доступно на гаджетах с любой операционной системой. Чтобы его скачать, необходимо зайти на официальный сайт Parimatch и на главной странице найти кнопку ""Скачать приложение"", далее откроется новая страница, на которой нужно выбрать тип своей операционной системы, после чего начнется загрузка. В случае, если загрузка не началась, рекомендуется проверить настройки и при необходимости дать разрешение на загрузку и установку приложений через браузер. Когда настройки будут изменены, необходимо повторить попытку. После того как приложение загрузилось на устройство, нужно установить его и перейти к авторизации.

Запустите приложение и укажите логин и пароль от своего аккаунта, подтвердите ввод с помощью кнопки ""Войти"".

Вход на сайт Париматч через компьютер

Концепт авторизации с помощью компьютера практически не отличается своим алгоритмом. Для этого нужно зайти на сайт Parimatch используя браузер своего компьютера, а далее указать данные от своего аккаунта.

Личный кабинет Париматч

После создания персонального аккаунта в БК Пари-Матч игрок получает доступ к расширенному функционалу и виртуальному игровому счету. В меню личного кабинета доступны следующие функции:

пополнение игрового счета и вывод средств;

выбор и активация бонусов;

статистика использованных поощрений от букмекера;

финансовая отчетность с возможностью фильтра по дате;

изменение персональных данных пользователя;

прохождение верификации;

помощь менеджера;

настройки аккаунта.

Профиль игрока Париматч дает возможность полноценно использовать функционал букмекерской конторы и раздела с играми казино.

Париматч является лидером среди организаторов азартных развлечений. Чтобы присоединиться к сообществу беттеров проекта важно пройти регистрацию, внимательно ознакомиться с условиями проекта и предоставить максимально правдивую информацию о себе. Каждый пользователь бренда Pari Match получает уникальную возможность насладиться высококлассным контентом и улучшить свое финансовое положение получая при этом удовольствие от любимых игр. Персональные данные полученные от пользователей проектом подвергаются шифрованию и хранятся на защищенных серверах. Благодаря чему Пари Матч входит в топ самых безопасных и конфиденциальных игровых проектов.

Проблемы со входом в Париматч

Рассмотрим популярные ситуации, которые могут возникнуть на этапе авторизации в личный кабинет Parimatch. Одна из самых распространенных проблем- это блокировка ресурса. Причин для блокировки может быть много, но чаще всего это связано с территориальными ограничениями. В некоторых странах и регионах азартные развлечения запрещены на законодательном уровне. В таком случае рекомендуется воспользоваться дополнительными инструментами для беспрепятственного доступа к учетной записи, такими как VPN и Proxy. Они работают по принципу смены id игрока, благодаря чему позволяют получить доступ к игровой площадке.

Вторая сложность, которая может возникнуть, это потеря доступа к аккаунту. В таком случае стоит убедиться, что все данные для входа указаны корректно. Если войти так и не удалось, то варианта два: сброс пароля и помощь специалиста Париматч.

Чтобы сбросить пароль необходимо воспользоваться специальной формой нажав кнопку ""Забыл пароль"", после чего нужно указать электронную почту или номер телефона, и следовать дальнейшей инструкции организатора.

Чтобы обратиться за помощью к менеджеру нужно нажать соответствующую кнопку и описать свою проблему. Специалисты Parimatch работают круглосуточно и владеют всей необходимой информацией для решения любого рода сложностей.

Казино Parimatch

П",neutral,"The article is about an online gaming and betting platform, not directly related to migration",mistral:7b,neutral,"The article is about an online gaming and betting platform, not directly related to migration",article,4
20220102,42,,UNITED NATIONS,http://www.hispantv.com/noticias/palestina/535010/preso-israel-huelga-hambre,push,'preso-israel' (prisoner in Israel),mistral:7b,,,,,,,mistral:7b,push,'preso-israel' (prisoner in Israel),url_1,4
20220102,14,,ISRAELI,https://itongadol.com/coronavirus/coronavirus-en-israel-se-espera-que-tres-millones-de-israelies-se-infecten-con-el-virus,push,'coronavirus-en-israel-se-espera-que-tres-milliones-de-israelies-se-infecten-con-el-virus' (It is expected that three million Israelis will be infected with the virus in Israel),mistral:7b,,,,,,,mistral:7b,push,'coronavirus-en-israel-se-espera-que-tres-millones-de-israelies-se-infecten-con-el-virus' (It is expected that three million Israelis will be infected with the virus in Israel),url_1,4
20220102,51,,ISRAEL,http://www.hispantv.com/noticias/palestina/535010/preso-israel-huelga-hambre,push,'hunger strike',mistral:7b,,,,,,,mistral:7b,push,'huelga hambre' (hunger strike),url_1,4
20220102,53,,ISRAEL,http://www.hispantv.com/noticias/palestina/535010/preso-israel-huelga-hambre,push,'hunger strike',mistral:7b,,,,,,,mistral:7b,push,'huelga hambre' (hunger strike),url_1,4
20220102,43,,JORDAN,https://alghad.com/%D9%85%D8%B9%D8%B1%D8%B6-%D8%A3%D8%B1%D8%AF%D9%86%D9%8A-%D9%84%D9%84%D8%AA%D8%AC%D8%A7%D8%B1%D8%A9-%D9%88%D8%A7%D9%84%D8%AE%D8%AF%D9%85%D8%A7%D8%AA-%D9%8A%D9%86%D8%B7%D9%84%D9%82-%D9%81%D9%8A-%D8%B3/,unclear,"URL too short, generic",mistral:7b,,,,,unclear,,mistral:7b,unclear,,article,4
20220102,130,,LAWYER,https://www.vesti-online.com/stopiran-otkaz-za-nevakcinisanog-cuvara-reda/,push,'stop refusal' (Iran stop refusal),mistral:7b,,,,,,,mistral:7b,push,'stop refusal' (Iran stop refusal),url_1,4
20220102,42,,ANTANANARIVO,http://www.taringa.net/+salud_bienestar/la-proxima-gran-pandemia-la-resistencia-a-antibioticos-ya-esta-aqui_4zonot/,unclear,"URL too short, generic",mistral:7b,,,,Taringa! - Inteligencia Colectiva,unclear,,mistral:7b,unclear,,article,4
20220102,71,,OAXACA,https://oaxaca.eluniversal.com.mx/estatal/aumenta-congreso-de-oaxaca-presupuesto-de-comision-forestal-en-14-mdp,neutral,No clear migration-related tokens,mistral:7b,,,,,,,mistral:7b,neutral,No clear migration-related tokens,url_1,4
20220102,43,,MACHU PICCHU,https://www.segnidalcielo.it/peru-un-turista-fotografa-un-ufo-sullantica-citta-di-machu-picchu/,unclear,"URL too short, generic",mistral:7b,,,,,unclear,,mistral:7b,unclear,,article,4
20220102,53,,PALESTINE,http://www.hispantv.com/noticias/palestina/535010/preso-israel-huelga-hambre,push,'hunger strike',mistral:7b,,,,,,,mistral:7b,push,'huelga hambre' (hunger strike),url_1,4
20220102,51,,PALESTINE,http://www.hispantv.com/noticias/palestina/535010/preso-israel-huelga-hambre,push,'hunger strike',mistral:7b,,,,,,,mistral:7b,push,'huelga hambre' (hunger strike),url_1,4
20220102,53,,PALESTINE,http://www.hispantv.com/noticias/palestina/535010/preso-israel-huelga-hambre,push,'hunger strike',mistral:7b,,,,,,,mistral:7b,push,'hunger strike',url_1,4
20220102,43,,SAINT,https://g1.globo.com/sp/santos-regiao/porto-mar/noticia/2022/01/02/anvisa-reforca-urgencia-em-acabar-com-temporada-de-cruzeiros-e-fala-em-risco-a-saude-publica.ghtml,push,'anvisa-reforca-urgencia',mistral:7b,,,,,,,mistral:7b,push,'anvisa-reforca-urgencia',url_1,4
20220102,51,,SETTLER,https://www.eluniversal.com.mx/ciencia-y-salud/tras-aparente-extincion-el-pez-picote-tequila-fue-reintegrado-su-habitat,neutral,,mistral:7b,,,,,,,mistral:7b,neutral,,url_1,4
20220102,20,,TURKEY,https://eleftherostypos.gr/ellinotourkika/880814-empristikos-o-akar-ebale-xio-samo-kai-oinousses-sto-stoma-tis-tourkias/,unclear,,mistral:7b,,,,,unclear,,mistral:7b,unclear,,article,4
20220102,36,,THE WHITE HOUSE,https://pronedra.ru/v21-pervye-pervye-simptomy-pnevmonii-pomogut-svoevremenno-nachat-lechenie-i-soxranit-zhizn-439639.html,neutral,,mistral:7b,,,,,,,mistral:7b,neutral,,url_1,4
20220102,41,,THE WHITE HOUSE,https://pronedra.ru/v21-pervye-pervye-simptomy-pnevmonii-pomogut-svoevremenno-nachat-lechenie-i-soxranit-zhizn-439639.html,neutral,,mistral:7b,,,,,,,mistral:7b,neutral,,url_1,4
20220102,112,FARMER,MINIST OF ENVIRONMENT,https://www.diariolibre.com/actualidad/sucesos/2022/01/02/acusan-ganaderos-de-provocar-incendios-en-sierra-de-bahoruco/1563459,push,'livestock-raisers-accused-of-causing-fires',mistral:7b,,,,,,,mistral:7b,push,'acusan-ganaderos-de-provocar-incendios',url_1,4
20220102,356,ARGENTINIAN,,https://www.clarin.com/opinion/malvinas-primeros-200-anos-_0_7SMJC2Ult.html,unclear,,mistral:7b,,,,"La de Malvinas fue desde siempre una historia de impotencia para los argentinos. Malo entonces, ahora se agregó la disputa por el mismo territorio antártico. Argentina debiera consolidar adentro una política de estado y, afuera, el apoyo de aliados confiables. La concesión de una base patagónica a China, en abierto desafío a la OTAN, no parece precisamente una ayuda en esa dirección.

La patética oquedad de los Secretarios Generales de la ONU ejemplifica sin afeites nuestra creciente soledad universal. En esa perspectiva, los gobernantes que prefieren intercambiar agravios terminan, de ambos lados, halagando el oído de sus clientelas electorales, pero dejan al garete a la solución del conflicto.

La política tradicional sobre Malvinas siempre fue juridicista. Inteligente, porque nuestros títulos son mejores. Insuficiente, porque el mundo no se rige todavía en base al derecho. Así, apelando solo al reclamo jurídico, los argentinos terminamos quedándonos con la razón y los ingleses con las islas. Intoxicados de juridicismo, derivamos hacia otra forma de la impotencia: la mera retórica. Una de las ventajas de la retórica es que su vinculación con la realidad no tiene por qué ser muy estricta: el discurso tonante y la imprecación patria suelen ocultar eficazmente la incapacidad de conseguir nada.

La otra fecha amarga para la causa argentina fue la de nuestro desembarco en las islas. Aparte de su utilización bastarda por parte de un régimen por todos condenado, de entre sus varios significados, el 2 de abril quedará seguramente en la Historia como una exasperada expresión de impotencia ante una realidad que en 189 años no se consiguió cambiar, un intento agónico de hacer valer un derecho de la peor manera posible: con sacrificio irremediable de vidas heroicas, cuando no había chance alguna de imponerse.

Si no se cambia, seguiremos con la política exterior tradicional, la misma de los Kirchner: eternos campeones morales, nosotros nos quedamos con la razón y otros con las Islas, o las pasteras, y así siempre. No hay un plan maestro, tenemos políticas de gobierno, no de Estado.

Porque algunos gobernantes aún no comprenden lo que cualquier piquetero sabe desde hace años: “Es la opinión pública, estúpido”. Eso que ha permitido a la sociedad, desgraciadamente no a la clase política, generar la conciencia de que necesitamos una política de Estado En poco tiempo histórico, los ingleses podrían replicar en la Antártida el despojo que nos hicieron en Malvinas. Y la absurda división entre los argentinos impide formar un frente común ante el peligro extranjero. Mientras tanto, el Observatorio Malvinas del Congreso navega en la intrascendencia previsible de todo tinglado que se monta para favorecer a políticas oficiales. La Cancillería argentina? Bien, gracias.

Hace años, con el tan recordado Dante Caputo publicamos en Clarín que “con Gran Bretaña podríamos trabajar cooperativamente explotando conjunta o coordinadamente los recursos y -con la debida reserva de nuestros derechos- suspender todo enfrentamiento, con el acuerdo de que dentro de 15 o 20 años ambas partes evaluarán el comienzo de la discusión sobre la soberanía. No sería ilusorio: Londres, en 1976, y la mismísima Thatcher, en 1981, ofrecieron soberanía inmediata semejante a Hong Kong, y nosotros la descartamos.” Algo distinto hay que hacer. No para reemplazar a la política tradicional, sino para apuntalarla, fortalecerla, ayudarla a dar el salto cualitativo que la hiciera pasar del mero reclamo a la acción en el terreno. Si no trabajamos en esa dirección, seguiremos condenados a perpetuar la advertencia de Séneca: ningún viento es favorable para el que no sabe adónde va.

Negarse al diálogo con la oposición adentro y con Londres afuera configura un costoso derivado más de la cultura de figuración o muerte: quedémonos con la razón aunque los ingleses se queden con las islas. En Malvinas, mejor vayamos por las piedras.

Pero, para eso, deberemos encontrarnos gobernados por estadistas, no por CEOS, dinastías o militantes. En Malvinas, los ingleses son solo la mitad del problema: la otra mitad somos nosotros.

La solución llegará recién cuando Argentina vuelva a ser un país con un PBI importante, aliada con potencias que se nos parezcan y, sobre todo, cuando el mundo verifique que somos un país civilizado, donde no nos odiamos unos a otros, ya sin la paranoia de amigo/enemigo y llevemos décadas en democracia republicana, con mucha más equidad social y una Justicia eficiente. Seremos afuera lo que seamos adentro.Pero no será hoy, y no será pronto.

El reconocimiento de los derechos argentinos sobrevendrá cuando nuestro país ordene su vida interna, se reinserte con peso propio en el escenario regional y haga valer el prestigio que gane en consecuencia, aumentando el contacto directo de nuestra población con la de las islas, persona a persona.

Porque la solución definitiva de esta disputa devendrá mucho más de la interacción entre nuestras sociedades, de la gente del común, que de guerras inganables o las astucias de diplomáticos y juristas.

Mirá también Mirá también Malvinas: pasado y presente del conflicto",push,"The article discusses the historical and current struggles of Argentina to claim the Falkland Islands, which are disputed with England. This dispute has been a source of impotence for Argentinians and an exasperated expression of their inability to change the status quo established 189 years ago.",mistral:7b,push,"The article discusses the historical and current struggles of Argentina to claim the Falkland Islands, which are disputed with England. This dispute has been a source of impotence for Argentinians and an exasperated expression of their inability to change the status quo established 189 years ago.",article,4
20220102,36,BUENOS AIRES,,https://urgente24.com/actualidad/tragedia-palermo-asesino-al-volante-alcohol-y-muerte-n531977,push,'alcohol',mistral:7b,,,,,,,mistral:7b,push,'alcohol',url_1,4
20220102,80,ARGENTINA,,https://www.clarin.com/opinion/malvinas-pasado-presente-conflicto_0_4JQu1pJwH.html,unclear,,mistral:7b,,,,"Este año se cumple el 40° aniversario del conflicto armado del Atlántico Sur. No es una fecha para celebrar, sino para recordar y honrar la memoria de los héroes y heroínas que hicieron el máximo sacrificio en defensa de nuestra soberanía y a aquéllos que llevan sobre sus mentes y sus cuerpos las marcas de esos días.

Malvinas no es sólo el conflicto del ‘82. Sin dudas, fue un momento importante en los más de 500 años de historia del archipiélago, pero no ha cambiado la cuestión central de la soberanía. No son 40 años de Malvinas, sino 40 años de aquel conflicto, que marcó y que ha modificado la vida de miles de personas.

Respecto a lo sucedido entre abril y junio de 1982, está claro que el gobierno de facto argentino de entonces fue el mayor responsable, pero tampoco hay que olvidar que el gobierno británico hizo todo lo posible para, una vez iniciado el conflicto, torpedear toda salida pacífica. También le incumbe una gran responsabilidad sobre los hechos.

1982 no fue la primera vez que se usó la fuerza en los más de cinco siglos de historia malvinense. Hace 189 años el Reino Unido en el marco de su política de dominación colonial, comercial y marítima, expulsó por la fuerza a las autoridades y parte de la población de un Estado recientemente constituido y que se debatía en una crisis interna, pero que había logrado establecer un asentamiento humano en las islas y demostrar su viabilidad. Se trató de un acto ilícito según el Derecho Internacional de la época.

La obligación de respetar la integridad territorial de los Estados en tiempo de paz es inherente a la existencia de relaciones fundadas en el Derecho Internacional, en cualquier época. Un tratado de amistad regía sus relaciones. No hubo protestas británicas sobre la presencia argentina en Malvinas sino cuando esta demostró su viabilidad e importancia. Sin fundamento jurídico, las limitadas protestas nunca plantearon forma alguna de resolver la disputa abierta por el Reino Unido, ni intimación alguna. El acto de enero de 1833 fue simplemente una muestra de la prepotencia imperial sin derecho y sin crear derecho alguno.

El Reino Unido sabe que no puede invocar la conquista como un argumento para fundar soberanía. A partir del Siglo XVIII (o incluso antes) la conquista como un título valido de soberanía territorial requería de, al menos, dos elementos fundamentales: la existencia de un estado de beligerancia y un tratado de paz posterior con la renuncia del Estado vencido a su territorio.

No había un estado de guerra entre las partes cuando se expulsó a la Argentina de Malvinas y ese acto no implicó su existencia. Menos aún, nunca hubo un tratado de paz por el cual la Argentina renunció a su soberanía.

Este acto de fuerza configura el vicio de origen de la posesión británica y de la presencia de la población actual en Malvinas. La existencia de la controversia de soberanía hasta el día de hoy, motivada por la negativa británica a resolverla y el control de la política migratoria por parte de Londres hacen que el derecho a la libre determinación no sea aplicable a los actuales habitantes. Si hay un pueblo víctima del colonialismo en Malvinas, es el pueblo argentino.

Desde aquel primer momento, Argentina nunca consintió el despojo británico ni cesó de reclamar por sus derechos, incluso ofreciendo en varias oportunidades la solución pacífica por medio del arbitraje frente a la intransigencia británica. Eso puso siempre a los pueblos hermanos de Latinoamérica del lado nacional. Por ejemplo, Perú envío documentación de fundamental importancia para la protesta argentina, Brasil informó a sus representantes en Europa que apoyaran el reclamo argentino.

Bolivia manifestó que “el ultraje hecho a la República Argentina (…) envuelve [el desprecio] hacia las demás naciones americanas” y que “la conducta del Gabinete británico en las Malvinas, aunque sea perjudicial esencialmente al gobierno que se siente despojado de su posesión, es ofensivo y demasiado injurioso a todas las repúblicas americanas”.

En 189 años el Reino Unido nunca se avino a negociar y discutir la cuestión de la soberanía salvo por un breve periodo de 17 años luego de la adopción de la resolución 2065 (XX) de 1965.

A 189 años de aquel uso de la fuerza británico que expulsó a hombres, mujeres y niños que tenían en Malvinas una vida y un futuro bajo las leyes y la soberanía argentina, y en el año del 40º aniversario del conflicto del Atlántico Sur, es imperioso que el Reino Unido adopte una actitud responsable para con las generaciones actuales y futuras. Debe cumplir con su obligación de resolver las disputas por medios pacíficos y poner fin al colonialismo en todas sus formas. La solución definitiva de la controversia será el mejor homenaje para todos los que vieron truncadas sus vidas en 1982.

Mirá también Mirá también Algunas claves para moverse en un año imprevisible",push,"The article discusses historical conflicts and the British expulsion of Argentine authorities and part of the population from the Falkland Islands (Malvinas) in 1833 and 1982, which are considered acts of force and illegitimate conquests.",mistral:7b,push,"The article discusses historical conflicts and the British expulsion of Argentine authorities and part of the population from the Falkland Islands (Malvinas) in 1833 and 1982, which are considered acts of force and illegitimate conquests.",article,4
20220102,160,ARGENTINA,FALKLANDS,https://www.clarin.com/opinion/malvinas-pasado-presente-conflicto_0_4JQu1pJwH.html,unclear,,mistral:7b,,,,"Este año se cumple el 40° aniversario del conflicto armado del Atlántico Sur. No es una fecha para celebrar, sino para recordar y honrar la memoria de los héroes y heroínas que hicieron el máximo sacrificio en defensa de nuestra soberanía y a aquéllos que llevan sobre sus mentes y sus cuerpos las marcas de esos días.

Malvinas no es sólo el conflicto del ‘82. Sin dudas, fue un momento importante en los más de 500 años de historia del archipiélago, pero no ha cambiado la cuestión central de la soberanía. No son 40 años de Malvinas, sino 40 años de aquel conflicto, que marcó y que ha modificado la vida de miles de personas.

Respecto a lo sucedido entre abril y junio de 1982, está claro que el gobierno de facto argentino de entonces fue el mayor responsable, pero tampoco hay que olvidar que el gobierno británico hizo todo lo posible para, una vez iniciado el conflicto, torpedear toda salida pacífica. También le incumbe una gran responsabilidad sobre los hechos.

1982 no fue la primera vez que se usó la fuerza en los más de cinco siglos de historia malvinense. Hace 189 años el Reino Unido en el marco de su política de dominación colonial, comercial y marítima, expulsó por la fuerza a las autoridades y parte de la población de un Estado recientemente constituido y que se debatía en una crisis interna, pero que había logrado establecer un asentamiento humano en las islas y demostrar su viabilidad. Se trató de un acto ilícito según el Derecho Internacional de la época.

La obligación de respetar la integridad territorial de los Estados en tiempo de paz es inherente a la existencia de relaciones fundadas en el Derecho Internacional, en cualquier época. Un tratado de amistad regía sus relaciones. No hubo protestas británicas sobre la presencia argentina en Malvinas sino cuando esta demostró su viabilidad e importancia. Sin fundamento jurídico, las limitadas protestas nunca plantearon forma alguna de resolver la disputa abierta por el Reino Unido, ni intimación alguna. El acto de enero de 1833 fue simplemente una muestra de la prepotencia imperial sin derecho y sin crear derecho alguno.

El Reino Unido sabe que no puede invocar la conquista como un argumento para fundar soberanía. A partir del Siglo XVIII (o incluso antes) la conquista como un título valido de soberanía territorial requería de, al menos, dos elementos fundamentales: la existencia de un estado de beligerancia y un tratado de paz posterior con la renuncia del Estado vencido a su territorio.

No había un estado de guerra entre las partes cuando se expulsó a la Argentina de Malvinas y ese acto no implicó su existencia. Menos aún, nunca hubo un tratado de paz por el cual la Argentina renunció a su soberanía.

Este acto de fuerza configura el vicio de origen de la posesión británica y de la presencia de la población actual en Malvinas. La existencia de la controversia de soberanía hasta el día de hoy, motivada por la negativa británica a resolverla y el control de la política migratoria por parte de Londres hacen que el derecho a la libre determinación no sea aplicable a los actuales habitantes. Si hay un pueblo víctima del colonialismo en Malvinas, es el pueblo argentino.

Desde aquel primer momento, Argentina nunca consintió el despojo británico ni cesó de reclamar por sus derechos, incluso ofreciendo en varias oportunidades la solución pacífica por medio del arbitraje frente a la intransigencia británica. Eso puso siempre a los pueblos hermanos de Latinoamérica del lado nacional. Por ejemplo, Perú envío documentación de fundamental importancia para la protesta argentina, Brasil informó a sus representantes en Europa que apoyaran el reclamo argentino.

Bolivia manifestó que “el ultraje hecho a la República Argentina (…) envuelve [el desprecio] hacia las demás naciones americanas” y que “la conducta del Gabinete británico en las Malvinas, aunque sea perjudicial esencialmente al gobierno que se siente despojado de su posesión, es ofensivo y demasiado injurioso a todas las repúblicas americanas”.

En 189 años el Reino Unido nunca se avino a negociar y discutir la cuestión de la soberanía salvo por un breve periodo de 17 años luego de la adopción de la resolución 2065 (XX) de 1965.

A 189 años de aquel uso de la fuerza británico que expulsó a hombres, mujeres y niños que tenían en Malvinas una vida y un futuro bajo las leyes y la soberanía argentina, y en el año del 40º aniversario del conflicto del Atlántico Sur, es imperioso que el Reino Unido adopte una actitud responsable para con las generaciones actuales y futuras. Debe cumplir con su obligación de resolver las disputas por medios pacíficos y poner fin al colonialismo en todas sus formas. La solución definitiva de la controversia será el mejor homenaje para todos los que vieron truncadas sus vidas en 1982.

Mirá también Mirá también Algunas claves para moverse en un año imprevisible",push,"The article discusses the expulsion of Argentinian authorities and part of the population from Malvinas (Falkland Islands) by the United Kingdom 189 years ago, which is considered an illegal act according to international law. This event is described as a 'violence' that led to British possession of the islands.",mistral:7b,push,"The article discusses the expulsion of Argentinian authorities and part of the population from Malvinas (Falkland Islands) by the United Kingdom 189 years ago, which is considered an illegal act according to international law. This event is described as a 'violence' that led to British possession of the islands.",article,4
20220102,190,BELGIAN,BELGIUM,https://geeko.lesoir.be/2022/01/02/une-entreprise-belge-lutte-contre-contre-le-gaspillage-pharmaceutique/,neutral,No clear migration-related tokens,mistral:7b,,,,,,,mistral:7b,neutral,No clear migration-related tokens,url_1,4
20220102,190,BELGIAN,,https://geeko.lesoir.be/2022/01/02/une-entreprise-belge-lutte-contre-contre-le-gaspillage-pharmaceutique/,neutral,No clear migration-related tokens,mistral:7b,,,,,,,mistral:7b,neutral,No clear migration-related tokens,url_1,4
20220102,112,BELARUSIAN,BELARUS,http://www.kvir.ru/author/andre-galinin/,unclear,"URL too short, generic, ID-like",mistral:7b,,,,,unclear,,mistral:7b,unclear,,article,4
20220102,190,BELARUSIAN,BELARUS,http://www.kvir.ru/author/andre-galinin/,unclear,"URL too short, generic, ID-like",mistral:7b,,,,,unclear,,mistral:7b,unclear,,article,4
20220102,51,BRAZIL,ARGENTINE,https://www.clarin.com/opinion/malvinas-pasado-presente-conflicto_0_4JQu1pJwH.html,push,Malvinas (historical conflict),mistral:7b,,,,,,,mistral:7b,push,Malvinas (historical conflict),url_1,4
20220102,10,BRAZIL,BRAZIL,https://www.clarin.com/opinion/malvinas-pasado-presente-conflicto_0_4JQu1pJwH.html,pull,jobs,mistral:7b,,,,,,,mistral:7b,pull,jobs,url_1,4
20220102,10,BRAZIL,BRAZIL,https://www.clarin.com/opinion/malvinas-pasado-presente-conflicto_0_4JQu1pJwH.html,push,Malvinas (historical conflict),mistral:7b,,,,,,,mistral:7b,push,Malvinas (historical conflict),url_1,4
20220102,12,TYCOON,,https://revistamonet.globo.com/Celebridades/noticia/2022/01/look-de-jeff-bezos-um-dos-homens-mais-ricos-do-mundo-no-reveillon-rende-piadas-nas-redes-meio-vin-diesel-meio-agostinho-carrara.html,neutral,No clear migration-related tokens,mistral:7b,,,,,,,mistral:7b,neutral,No clear migration-related tokens,url_1,4
20220102,90,COMPANY,,https://e24.no/ledige-stillinger/s/Kzeo24/har-du-inkasso-erfaring-men-kan-tenke-deg-strre-ansvar,pull,jobs,mistral:7b,,,,,,,mistral:7b,pull,jobs,url_1,4
20220102,145,BUSINESS,,https://www.limburger.nl/cnt/dmf20220102_97854382,unclear,"URL too short, generic, ID-like",mistral:7b,,,,"Gestolen GPS-tracker verraadt locatie verdachten inbraak: twee aanhoudingen in woning Maastricht | De Limburger Menu Digitale krant Puzzels Nieuwsbrieven Tip ons Voordelen Klantenservice Abonneren Aanmelden Verkiezingen Net binnen Regio Sport Media & Cultuur Economie Abonneren Gestolen GPS-tracker verraadt locatie verdachten inbraak: twee aanhoudingen in woning Maastricht Redactie 02-01-2022, 22:45 Delen © Politie Basisteam Maastricht/Facebook Net binnen 21:00 Premium Hafid Bendaouid wil dat heilige vuur bij Lindenheuvel weer ontbrandt; DVO heeft wél het momentum: ‘Ik praat niet meer over de titel’ 21:00 Premium Heuvellandderby tussen SNC’14 en BMR: ‘Iedereen kent elkaar, geen sprake van sentiment’ 20:41 Premium Nooit te oud om te rennen, maar niet te snel alsjeblieft 20:10 Premium De trend doorbreken: vallen hoeft niet bij het ouder worden te horen 19:45 Premium Hakenkruizen, vernielingen, aanval op straat: wie durft er nog de lokale politiek in te gaan? ‘Alles is zoveel grimmiger geworden’ 19:40 Premium Gelaten zien omwonenden hoe de politie met een drone en machinegeweren een van hun buren overmeestert in Kerkrade: ‘Van hem had ik het niet verwacht’ Lees ook lang leve de limburgers serie Premium Nooit te oud om te rennen, maar niet te snel alsjeblieft Op je 55ste nog beginnen met hardlopen, is dat wel zo’n goed idee? Zeker als je al jarenlang een zittend beroep hebt en extra kilo’s met je meetorst, lijkt het een recept voor ongelukken. Valpreventie Premium De trend doorbreken: vallen hoeft niet bij het ouder worden te horen De Zuid-Limburgse Trendbreuk-aanpak om gezondheidsachterstand in te halen bij kinderen wordt nu ook bij volwassenen toegepast. Een goed voorbeeld hiervan is valpreventie. Gemeenteraadsverkiezingen serie Premium Joke (81) is dolblij met elektrische rolstoel en poetshulp van gemeente, maar Wmo kraakt in Landgraaf: ‘Een wereld van verschil’ Boodschappen doen wordt voor Joke Hebert (81) uit Landgraaf weer leuk dankzij de elektrische rolstoel die ze via de Wmo kreeg. Met wat gemeentelijke poetshulp is haar appartement om door een ringetje te halen. Maar de Wet maatschappelijke ondersteuning (Wmo) staat in Landgraaf onder druk. Speciaal voor jou Meest gelezen 112 Schietincident in Kerkrade: verdachte (62) uit woning gehaald door arrestatieteam De hulpdiensten zijn maandagochtend uitgerukt voor een schietincident in Kerkrade. Niemand raakte gewond. De verdachte, een 62-jarige man, verschanste zich na het incident in een woning, maar is inmiddels door een arrestatieteam uit het pand gehaald. 112 Steekpartij op VMBO Maastricht: minderjarige verdachte aangehouden Op de middelbare school VMBO Maastricht heeft maandagochtend een steekincident plaatsgevonden, waarbij een persoon lichtgewond is geraakt. De minderjarige verdachte is aangehouden. Incident reportage Premium 17-jarige Maastrichtenaar snijdt medeleerling met scheermes in wang, in gebouw van andere school: ‘Nooit eerder problemen geweest’ Een 17-jarige jongen heeft maandag in Maastricht op school een medeleerling met een scheermes in de wang gesneden. Opmerkelijk: het gebeurde in het gebouw van een andere school. Net binnen Derde klasse H Premium Hafid Bendaouid wil dat heilige vuur bij Lindenheuvel weer ontbrandt; DVO heeft wél het momentum: ‘Ik praat niet meer over de titel’ Derdeklasser DVO is bezig aan een opmars, getuige het feit dat de laatste vijf duels werden gewonnen. Dat kan niet worden gezegd van Lindenheuvel-Heidebloem Combinatie, dat de concurrentie na twee verliespartijen op rij langzaam uit het zicht ziet verdwijnen. Zondag gaat de ploeg op bezoek bij DVO. Vierde klasse A Premium Heuvellandderby tussen SNC’14 en BMR: ‘Iedereen kent elkaar, geen sprake van sentiment’ SNC’14 en BMR staan naast elkaar in de subtop van 4A, met elk 25 punten. SNC’14 ging afgelopen weekend onverwacht tegen Keer onderuit, BMR poetste twee keer een achterstand weg om de derby tegen Geertruidse Boys uiteindelijk nog ruim te winnen. Zondag opnieuw een derby in het Heuvelland, als BMR bij SNC’14 op bezoek gaat. lang leve de limburgers serie Premium Nooit te oud om te rennen, maar niet te snel alsjeblieft Op je 55ste nog beginnen met hardlopen, is dat wel zo’n goed idee? Zeker als je al jarenlang een zittend beroep hebt en extra kilo’s met je meetorst, lijkt het een recept voor ongelukken. Valpreventie Premium De trend doorbreken: vallen hoeft niet bij het ouder worden te horen De Zuid-Limburgse Trendbreuk-aanpak om gezondheidsachterstand in te halen bij kinderen wordt nu ook bij volwassenen toegepast. Een goed voorbeeld hiervan is valpreventie. Zoeken... Verkiezingen Crime 112 Amateurvoetbal Home Regio Sport Video Podcasts Puzzels Economie Media & Cultuur Binnenland Buitenland Columns & Opinie Weer Digitale krant Lees de krant op de vertrouwde manier Overlijdensberichten Webshop VIA Ondernemen in Limburg Voilà Limburgvac Uittipslimburg Reizen Algemeen Nieuwsapp Krantenapp Vacatures Partnerberichten Klantenservice Voor abonnees Abonneren Adverteren Klantenservice Veelgestelde vragen Contact Privacy en Legal Artikel overnemen Auteursrecht Gebruikersvoorwaarden Privacyverklaring Cookieverklaring Privacy voorkeuren beheren Leveringsvoorwaarden European Media Freedom Act Share this with facebook Share this with instagram Share this with linkedin Share this with tiktok Over ons Wie we zijn Gedragscode Ombudsman Tip ons Tip ons (anoniem) Colofon Copyright Mediahuis NV - Alle Rechten voorbehouden",unclear,"The article discusses a variety of topics including local sports, crime incidents, and health initiatives but does not directly address conditions that may cause people to leave or arrive in the country.",mistral:7b,unclear,"The article discusses a variety of topics including local sports, crime incidents, and health initiatives but does not directly address conditions that may cause people to leave or arrive in the country.",article,4
20220102,160,AIRLINE,,https://es.investing.com/news/stock-market-news/disrupciones-relacionadas-con-omicron-provocan-mas-de-4000-cancelaciones-de-vuelos-en-inicio-de-2022-2199117,neutral,No clear migration-related tokens,mistral:7b,,,,,,,mistral:7b,neutral,No clear migration-related tokens,url_1,4
20220102,190,TYCOON,,https://revistamonet.globo.com/Celebridades/noticia/2022/01/look-de-jeff-bezos-um-dos-homens-mais-ricos-do-mundo-no-reveillon-rende-piadas-nas-redes-meio-vin-diesel-meio-agostinho-carrara.html,unclear,No clear migration-related tokens,mistral:7b,,,,"Jeff Bezos e a namorada (Foto: Reprodução/Instagram)

Jeff Bezos, um dos homens mais ricos do mundo, começou 2022 inspirando piadas e memes nas redes sociais com seu look para a festa de Réveillon acompanhado de amigos e da namorada, a apresentadora de TV Lauren Sanchez.



O megaempresário tem chamado atenção nos últimos tempos pelo físico 'bombadão' e usou uma camisa colorida que ornou com a festa temática dos anos 1970 que promoveu para celebrar a chegada do Ano Novo.

Na legenda do seu post, ele compartilhou uma reflexão sobre a virada de 21 para 22. ""Nós nos divertimos muito na noite passada celebrando com uma festa louca de discoteca com a família, mas o Ano Novo também é um ótimo momento para fazer um balanço e focar no crescimento pessoal, renovação, renascimento e prestar atenção a cada momento de sua vida. Os bons e os maus. Tudo. Comemore e cresça"", escreveu.

saiba mais Ex de Kanye e eterna rival de Kim Kardashian desafia Insta ao postar foto completamente nua Ex de Kanye e eterna rival de Kim Kardashian desafia Insta ao postar foto completamente nua

Os internautas, tanto nos EUA quanto no Brasil, não perderam a piada. ""Jeff Bezos está a poucos centímetros de se transformar em Pitbull"", comentou uma usuária, fazendo referência ao músico de ascendência cubana. ""A transformação física de Jeff Bezos parece uma dessa história de origens de vilões do Homem-Aranha"", brincou outro.

Já um brasileiro foi mortal ao resumir tudo em um inusitado mash-up do astro de 'Velozes e Furiosos e o personagem de Pedro Cardoso na série 'A Grande Família': ""Jeff Bezos passou a virada com um look meio Vin Diesel, meio Agostinho Carrara.""

Houve também usuários que repararam nos dedos desproporcionais da namorada no clique principal. ""Não consigo parar de olhar"", afirmou um.

saiba mais Filha de Steve Jobs se despede de 2021 e dá boas vindas para 2022 em fotos com biquíni minúsculo Filha de Steve Jobs se despede de 2021 e dá boas vindas para 2022 em fotos com biquíni minúsculo

Pedro Cardoso em A Grande Família (Foto: Divulgação)

Vin Diesel em Velozes e Furiosos 9 (2021) (Foto: Divulgação)

Pitbull (Foto: Divulgação)

saiba mais Hilary Duff surpreende fãs com sequência de selfies de topless na banheira Hilary Duff surpreende fãs com sequência de selfies de topless na banheira

Claro que também apareceu quem achasse o figurino do magnata da Amazon de gosto duvidoso e que destoa com um sujeito com mais de 190 bilhões de dólares em propriedades (o que ultrapassa a marca de 1 trilhão de reais pela cotação atual). ""Jeff Bezos, sendo o homem mais rico do mundo, se veste como um sujeito que perdeu tudo em criptomoedas"", brincou um. ""Mais dinheiro não necessariamente é uma coisa boa"", complementou outro.

Jeff Bezos e Lauren Sanchez estão juntos desde o fim de 2018 e tornaram público seu namoro no início de 2019. O relacionamento tomou de assalto inclusive as editorias voltadas a celebridades e gossip por que resultou no término do casamento de 25 anos de Bezos com MacKenzie Bezos, mãe de seus quatro filhos. Já Sanchez era casada com o também empresário Patrick Whitesell, ex-amigo de Bezos.

Abaixo, confira mais fotos de Bezos na sua festa de Réveillon.

Jeff Bezos, a namorada e amiga (Foto: Reprodução/Instagram)",neutral,Article is not clearly about migration-driving conditions,mistral:7b,neutral,Article is not clearly about migration-driving conditions,article,4
20220102,20,AIRLINE,EMPLOYEE,https://es.investing.com/news/stock-market-news/disrupciones-relacionadas-con-omicron-provocan-mas-de-4000-cancelaciones-de-vuelos-en-inicio-de-2022-2199117,neutral,No clear migration-related tokens,mistral:7b,,,,,,,mistral:7b,neutral,No clear migration-related tokens,url_1,4
20220102,30,BUSINESS,,https://www.eluniversal.com.mx/nacion/tras-vacaciones-de-invierno-sep-se-declara-lista-para-retorno-actividades-escolares-presenciales,neutral,No clear migration-related tokens,mistral:7b,,,,,,,mistral:7b,neutral,No clear migration-related tokens,url_1,4
20220102,173,CALGARY,CALGARY,https://www.journaldemontreal.com/2022/01/02/manifestations-anti-covid-un-pasteur-et-son-frere-arretes-par-calgary,unclear,No clear migration-related tokens,mistral:7b,,,,"Un pasteur connu pour ses positions anti-mesures sanitaires et son frère ont été arrêtés et accusés, samedi, après avoir manifesté sur le terrain du ministre de la Santé de l’Alberta.

• À lire aussi: L’exaspération se fait ressentir aux centres de dépistage

Le pasteur Artur Pawlowski et son frère Dawid, qui ont déjà fait face à la justice pour avoir défié les règles sanitaires par le passé, ont rejoint une cinquantaine de manifestants devant la demeure du ministre Jason Copping.

La police de Calgary a confirmé qu'elle a arrêté deux manifestants parce qu'ils violaient une ordonnance de la cour, sans dévoiler leurs noms. Cependant, une vidéo publiée sur la page Facebook du pasteur controversé montre l’arrestation de ce dernier et de son frère peu de temps après la manifestation, alors qu’ils se trouvent en voiture.

«C’est ce qui se produit lorsque vous vivez au China-da, s’est insurgé Artur en se filmant. Vous allez vous faire arrêter par la Gestapo.»

La vidéo, d’une durée d’un peu plus de sept minutes, recèle un vaste éventail de références au nazisme, le pasteur allant jusqu’à rebaptiser le premier ministre Jason Kenney du nom de «Adolf Kenney».

Plus tard, au cours de l’arrestation des deux frères, on entend une troisième personne dans le véhicule, qui filme toute la scène, traiter les policiers de Calgary de «nazis» et se moquer d’eux.

L’avocate des deux frères, Sarah Miller, a confirmé au Calgary Herald que les Pawlowski ont été accusés de bris d’ordonnance.

Le premier ministre s’est désolé de la tournure de cette soirée du jour de l’An. «Tous les Albertains ont le droit de manifester pacifiquement. Ce droit ne permet pas d’empiéter sur les terrains de maisons privées et de harceler les familles des gens du service public», s’est-il insurgé sur Twitter.

«Malheureusement, ce n’est pas la première fois que cette portion des conspirationnistes antivaccins tente d’intimider des élus du gouvernement de cette façon. Je suis certain que la majorité des Albertains rejettent cette forme d’extrémisme», a-t-il ajouté.

À VOIR AUSSI",push,"protests against health measures, violation of court orders, nazi references",mistral:7b,push,"protests against health measures, violation of court orders, nazi references",article,4
20220102,175,CALGARY,DEMONSTRATOR,https://www.journaldemontreal.com/2022/01/02/manifestations-anti-covid-un-pasteur-et-son-frere-arretes-par-calgary,unclear,No clear migration-related tokens,mistral:7b,,,,"Un pasteur connu pour ses positions anti-mesures sanitaires et son frère ont été arrêtés et accusés, samedi, après avoir manifesté sur le terrain du ministre de la Santé de l’Alberta.

• À lire aussi: L’exaspération se fait ressentir aux centres de dépistage

Le pasteur Artur Pawlowski et son frère Dawid, qui ont déjà fait face à la justice pour avoir défié les règles sanitaires par le passé, ont rejoint une cinquantaine de manifestants devant la demeure du ministre Jason Copping.

La police de Calgary a confirmé qu'elle a arrêté deux manifestants parce qu'ils violaient une ordonnance de la cour, sans dévoiler leurs noms. Cependant, une vidéo publiée sur la page Facebook du pasteur controversé montre l’arrestation de ce dernier et de son frère peu de temps après la manifestation, alors qu’ils se trouvent en voiture.

«C’est ce qui se produit lorsque vous vivez au China-da, s’est insurgé Artur en se filmant. Vous allez vous faire arrêter par la Gestapo.»

La vidéo, d’une durée d’un peu plus de sept minutes, recèle un vaste éventail de références au nazisme, le pasteur allant jusqu’à rebaptiser le premier ministre Jason Kenney du nom de «Adolf Kenney».

Plus tard, au cours de l’arrestation des deux frères, on entend une troisième personne dans le véhicule, qui filme toute la scène, traiter les policiers de Calgary de «nazis» et se moquer d’eux.

L’avocate des deux frères, Sarah Miller, a confirmé au Calgary Herald que les Pawlowski ont été accusés de bris d’ordonnance.

Le premier ministre s’est désolé de la tournure de cette soirée du jour de l’An. «Tous les Albertains ont le droit de manifester pacifiquement. Ce droit ne permet pas d’empiéter sur les terrains de maisons privées et de harceler les familles des gens du service public», s’est-il insurgé sur Twitter.

«Malheureusement, ce n’est pas la première fois que cette portion des conspirationnistes antivaccins tente d’intimider des élus du gouvernement de cette façon. Je suis certain que la majorité des Albertains rejettent cette forme d’extrémisme», a-t-il ajouté.

À VOIR AUSSI",push,"The article discusses protests against health measures, violation of court orders and comparison to Nazi regime.",mistral:7b,push,"The article discusses protests against health measures, violation of court orders and comparison to Nazi regime.",article,4
20220102,51,ORTHODOX CHRISTIAN,SAINT,https://www.mngz.ru/russia-world-sensation/2464160-v-vargashinskom-rayone-sotrudniki-policii-proveli-20-profilakticheskih-besed-so-shkolnikami.html,neutral,No clear migration-related tokens,mistral:7b,,,,,,,mistral:7b,neutral,No clear migration-related tokens,url_1,4
20220102,51,ORTHODOX CHRISTIAN,SAINT,https://pronedra.ru/pozdravleniya-ko-dnyu-svyatoj-anastasii-4-yanvarya-tradiczii-prazdnika-630226.html,neutral,No clear migration-related tokens,mistral:7b,,,,,,,mistral:7b,neutral,No clear migration-related tokens,url_1,4
20220102,90,POLICE,,https://www.noviny.sk/krimi/652963-mrtvy-muz-v-aute-telo-hladaneho-slovenskeho-policajta-nasli-v-polsku,unclear,No clear migration-related tokens,mistral:7b,,,,"Mŕtvy muž v aute: Telo hľadaného slovenského policajta našli v Poľsku JOJ24.SK TOPSTAR 24 podcast Zdravie Krimi Šport TV program ZPH 2026 ZOH 2026 Epsteinove spisy Slovensko - aktuality Zahraničie Počasie Politika Ekonomika Horoskopy Slováci v EÚ Koronavírus SME CHLAPI History Rozhovory 12 PLUS PR správy MS v hokeji Eurovoľby 2024 NA HRANE TV JOJ Darované Vianoce Náš tím 5° Bratislava Bronislav, Bruno, Branislav 10.3.2026 Ďalšie od TV JOJ Späť Noviny.sk JOJ JOJ PLAY JOJ ŠPORT JOJ CZ JOJ GROUP Šport Ženské TopStar Sme chlapi Videonoviny Ranné noviny NA HRANE TV JOJ Zdravie 24 podcast joj24.sk History eunoviny.sk Copyright 2026 Československá filmová společnost, s.r.o. · Webdesign by Kennymax JOJ24.SK TOPSTAR 24 podcast Zdravie Krimi Šport TV program ZPH 2026 ZOH 2026 Epsteinove spisy Slovensko - aktuality Bratislava Trnava Trenčín Nitra Žilina Banská Bystrica Prešov Košice Zahraničie Počasie Úvod Mestá Dovolenkové destinácie Svetové metropoly Politika Ekonomika Horoskopy Slováci v EÚ Koronavírus SME CHLAPI History Rozhovory 12 PLUS PR správy MS v hokeji Eurovoľby 2024 NA HRANE TV JOJ Darované Vianoce Náš tím Trump telefonoval s Putinom. Témami bol Irán i vojna na Ukrajine Unikátne hniezdo bocianov preložili na nový stĺp kvôli bezpečnosti Kto chráni slovenské nebo pred konfliktom na Blízkom východe? Nové systémy stoja na letisku Slovenská astrobiologička Musilová povedie štvorčlenný tím na simulačnú stanicu na Floride Mŕtvy muž v aute: Telo hľadaného slovenského policajta našli v Poľsku Zdielať Zdielať na Peter Dzurilla redakcia/KK 2.1.2022 Krimi Mŕtvy muž v aute: Telo hľadaného slovenského policajta našli v Poľsku Máte vypnuté reklamy Vďaka financiám z reklamy prinášame kvalitné a objektívne informácie. Povoľte si prosím zobrazovanie reklamy na našom webe. Ďakujeme, že podporujete kvalitnú žurnalistiku. Embed kód NOVÝ TARG / POĽSKO / Z Poľska k nám dorazila smutná správa. Pátranie po 40-ročnom policajtovi z Nitry sa skončilo tragicky. Počas Silvestrovskej noci našli jeho auto v poľskej obci Ludmiež pri Novom Targu. Telo muža so strelnou ranou bolo v batožinovom priestore. Pátracia akcia bola rozsiahla Keďže po mužovi nebolo ani stopy, rozbehla sa rozsiahla pátracia akcia. Muž mal so svojím autom odísť z domu ešte 20. decembra a odvtedy sa nikomu neozval. Slovenskí policajti po ňom vyhlásili pátranie. Poľskí policajti s hasičmi prehľadávali terén v okolí miesta, kde našli auto. ""Niekoľko hodín policajti, hasiči a ďalší prehľadávali okolitý terén, avšak muža sa nepodarilo nájsť. Nakoniec sa policajti rozhodli odtiahnuť auto,"" informovala poľská novinárka Teresa Gut. Poľskí policajti objavili telo muža až po tom, ako auto odtiahli na policajné záchytné parkovisko. ""Miestni policajti skúmali auto z dôvodu podozrenia z krádeže. Počas snímania odtlačkov prstov bolo v batožinovom priestore objavené telo muža so strelným zranením a vedľa neho ležala pištoľ,"" poznamenal hovorca polície v Krakove Bartosz Izdebski. Išlo o príslušníka polície To však nebolo všetko. Podľa informácií TV JOJ má ísť o príslušníka Policajného zboru Slovenskej republiky a jeho služobnú zbraň. Tomu majú nasvedčovať aj osobné veci nájdené v aute. ""Vedľa muža sa nachádzala aj služobná legitimácia a dokumenty potvrdzujúceho jeho totožnosť. Išlo o 40-ročného obyvateľa Slovenska,"" doplnila Gut. Veľmi podozrivá okolnosť Podozrivé je, že telo muža sa nachádzalo v zamknutom kufri auta. Policajti z kriminalisticko-expertízneho útvaru v Krakove prišli na miesto v priebehu niekoľkých hodín. ""Strelná rana, ktorú mal nájdený muž, veľmi znepokojila policajtov, nakoľko v danej chvíli nemohli nič vylúčiť. Celú noc boli vykonávané procesné činnosti,"" uviedol Izdebski. Cudzie zavinenie je nateraz mimo hru Spôsob, akým bolo telo muža objavené, vzbudzuje pochybnosti. Polícia nateraz vylúčila cudzie zavinenie. ""Z prvých informácií, ktoré máme k dispozícii vyplýva, že pravdepodobne mohlo dôjsť k samovražde. Poľská polícia nateraz vylúčila cudzie zavinenie,"" upresnil Izdebski. ""Na objasnení okolností tohto prípadu intenzívne spolupracujeme s poľskou políciou. Nateraz nemôžme poskytnúť verejnosti viac informácií,"" uviedla hovorkyňa krajského riaditeľstva Policajného zboru v Nitre Renáta Čuháková. Peter Dzurilla redakcia/KK publikované 2.1.2022 o 18:45 · zdroj noviny.sk/TVJOJ Tagy: Samovražda strelná rana Poľsko pátracia akcia Policajti mŕtvy muž Zdielať na Vložte si video na vlastnú stránku 640x360 860x480 960x540 1280x720 Súvisiace články Tragédia v Bratislave: Podľa informácií TV JOJ mala pod vlak skočiť žena Krimi Na zelenú transformáciu nemáme v EÚ dostatok surovín. Sme závislí od Číny a iných krajín Slováci v EÚ Najčítanejšie správy Dnes 7 dní 30 dní Tragická nehoda: Auto zrazilo malého chlapca. Za volantom sedel jeho otec Vlak zrazil muža sediaceho na koľajniciach. Mal pri sebe fľašu alkoholu Žena po útoku ostrým predmetom zomrela. Polícia zadržala podozrivú osobu Policajné auto sa zrazilo s osobným vozidlom, troch ľudí previezli do nemocnice Po rokoch práce končia. Upratovačky na polícii nahradí firma za milióny Hasiči zasahovali pri požiari s tragickým koncom. Zomrel pri ňom 100-ročný starček Na Dunaji pri Medveďove sa potápal šlep s tisíc tonami pšenice Tragická nehoda: Auto zrazilo malého chlapca. Za volantom sedel jeho otec Na Dunaji pri Medveďove sa potápal šlep s tisíc tonami pšenice Muž sa na parkovisku vyzliekol do naha a dobodal sa. Na mieste vykrvácal Matka sa nevedela dovolať dcére, v byte ju našli mŕtvu. Podozrivý sedel opitý pred dverami Čurillovci v putách: Viacerých policajtov priviedli na výsluch kukláči Na ulici v Nitre lietalo 900 eur. Majiteľ zabudol peňaženku na streche auta V byte v Bratislave našli mŕtvy manželský pár. Polícia zadržala ich syna Tragická nehoda: Auto zrazilo malého chlapca. Za volantom sedel jeho otec Západné Slovensko zasiahlo zemetrasenie s magnitúdou 4,3 Prenajali si byt na noc, do rána z neho zmizlo všetko. Bratislavou sa šíri nový, drzejší spôsob vykrádania Vlak narazil do auta, dvaja ľudia neprežili. Medzi obeťami je otec Romana z Parchovian Na Dunaji pri Medveďove sa potápal šlep s tisíc tonami pšenice Nočná tragédia pri Liptovskej Osade: Autobus po zrážke začal horieť, vodič neprežil Zásielky miznú a menia obsah. ""Je to bohapustá krádež, "" hovorí poškodená Odporúčame Dodávka narazila do auta s otcom a deťmi. Auto s deťmi sa po náraze prevrátilo Krimi Vlak zrazil muža sediaceho na koľajniciach. Mal pri sebe fľašu alkoholu Krimi V byte našli mŕtvu dvojicu, ich syn skončil v putách. O jeho osude rozhodol súd Krimi Smrteľná nehoda pri cintoríne vo Vrakuni: Vodič motocykla narazil do stĺpa, zraneniam podľahol Krimi ONLINE: Vojna proti Iránu je takmer úplne ukončená, vyhlásil Trump Zahraničie Hasiči zasahovali pri požiari s tragickým koncom. Zomrel pri ňom 100-ročný starček Krimi Noviny.sk Seniorov obrali o viac než štvrť milióna eur. Obžalobe čelí osem ľudí Krimi Chodca (†37) zrazilo auto pri Brekove. Podľa svedkov nemal reflexné prvky Krimi Oheň pod lupou: Ako vyzerá 24 hodín v službe hasičov? Krimi Riadime sa kódexom JOJ.SK JOJ JOJ PLAY JOJ ŠPORT JOJ CZ JOJ GROUP Šport Ženské TopStar Sme chlapi Zdravie History Počasie SPRAVODAJSTVO Noviny.sk joj24.sk Noviny PLUS Videonoviny Ranné noviny NA HRANE TV JOJ 24 podcast Slovensko - aktuality Zahraničie Krimi Politika Ekonomika Slováci v EÚ NEPREHLIADNITE Reklama Kontakt Podmienky pre spracovanie osobnych udajov Cookies Nastavenia súkromia © Copyright 2026 Slovenská produkčná, a.s. Webdesign by Kennymax Developed by eFabrica",unclear,"The article is about the death of a Slovak policeman in Poland, but it does not provide enough context to definitively classify it as push or pull.",mistral:7b,unclear,"The article is about the death of a Slovak policeman in Poland, but it does not provide enough context to definitively classify it as push or pull.",article,4
20220102,192,POLICE OFFICER,,https://www.hoydiariodelmagdalena.com.co/archivos/613776,unclear,No clear migration-related tokens,mistral:7b,,,,"En diálogo con Enrique Gómez Martínez, abogado de la familia y sobrino del asesinado líder conservador Álvaro Gómez Hurtado, explicó en La FM los pormenores de los documentos del archivo de vigilancia del (Departamento Administrativo de Seguridad) DAS, a los que recientemente lograron acceder y que daría más luces para esclarecer los hechos que rodean el magnicidio ejecutado el 2 de noviembre de 1995.

Gómez Martínez relató que desde hace 5 años se ha librado una lucha compleja para que se revelen en su totalidad los archivos de vigilancia del DAS y tras ganar una tutela que permitió el acceso a esa documentación se logró encontrar varias referencias relacionadas sobre la investigación de la muerte de Álvaro Gómez Hurtado.

El abogado sostiene que hay varias evidencias sobre diferentes perfilamientos sistemáticos que ejecutó la división de inteligencia a todos los opositores y críticos del entonces presidente Enrique Samper Pizano y entre estas personas figura Gómez Hurtado.

«Estamos esperando poder confirmar la época en que fueron realizados estos seguimientos y queremos establecer si en esos seguimientos hubo interceptaciones telefónicas».

De igual manera, Enrique Gómez Martínez sostiene que halló evidencia que demuestra que en ninguno de los diferentes boletines que el DAS generaba para el presidente Samper, se habló sobre una presunta conspiración militar o golpista en su contra.

El abogado precisó que en dichos documentos también se descartó que la muerte de Álvaro Gómez Hurtado estuviese relacionada con un supuesto golpe de estado.

«El DAS descartó en 1995 la hipótesis que indica que la muerte de Álvaro Gómez se produjo en un fallido golpe de estado, Ramiro Bejarano durante años ha venido diciendo mentiras al país, estos informes deben ser puestos en conocimiento entre las partes del caso».

“Eso dio lugar a dos tutelas y de ahí vimos como la administración Santos con la asesoría de Ramiro Bejarano (director del DAS en la época en la que ocurrió el asesinato de Gómez Hurtado), desmontó los archivos del DAS; pero por cosas de la vida, la verdad siempre brilla y brota, han aparecido los archivos de seguimiento del DAS (…)”.

Gómez Martínez también señaló que la mafia también estuvo relacionada con la muerte de Gómez Hurtado, pues a Orlando Heano, jefe del cartel del Norte del Valle, se le solicitó que asesinara a Álvaro Gómez Hurtado a cambio de mejores beneficios en su proceso de entrega a las autoridades.

«Heano accedió y esta operación contó con la participación del entonces director del Gaula, Danilo Alfonso González».

La siniestra nota de Laude Fernández

El exdirector de inteligencia del DAS Laude Fernández, también está siendo investigado por su supuesta participación en interceptaciones ilegales a integrantes del sindicato de Avianca.

El abogado de la familia del político conservador aseguró que, Fernández también habría estado involucrado con los perfilamientos de los que fue objeto la víctima.

“Ya habíamos encontrado una siniestra nota de Laude Fernández, director de inteligencia de Ramiro Bejarano (no sé si el país recuerda porque está preso y cómo ha participado durante décadas, en todos los desarrollos del antiguo DAS), donde el primero de noviembre en una entrevista que Álvaro Gómez Hurtado, le concedió a la revista Diners, Laude Fernández, de alguna manera vaticinaba lo que iba a ocurrir al día siguiente, diciendo en su nota de comentario de revisión – Al que no quiere caldo se le dan dos tazas (…) – ”, dijo el abogado.

El abogado Gómez Martínez añadió que, se están agregando más pruebas al proceso por el crimen que fue considerado como de lesa humanidad.

“La extensión del tiempo no se ha determinado pero eran seguimientos personales; de inteligencia humana, seguimientos de inteligencia electrónica o lo que llamamos hoy día, ‘chuzadas’; lo que es claro es que había un trabajo de seguimiento personal”, añadió el jurista.

“Otros testigos que han declarado acreditan que en su momento, Danilo González, comandante del Gaula en el Gobierno de Ernesto Samper, recibió la orden de adelantar el homicidio pero parece que transcurrió muy poco tiempo entre el momento que recibió la orden y la puso en práctica, con la ayuda de Wilber Alirio Varela alias ‘Jabón’”, manifestó el abogado.

Agregó que, “me ha quedado la inquietud con base en qué inteligencia sabían el día, la hora y el lugar en que Álvaro Gómez Hurtado, dictaba sus clases en la Universidad Sergio Arboleda, aquel fatídico 2 de noviembre”.

Señaló que una de las hipótesis es que, desde el Gobierno se entregó información para facilitar que se cometiera el crimen.

“Pareciera que la respuesta es que posiblemente el Gobierno de Samper, le haya filtrado al cartel del Norte del Valle estos seguimientos para facilitar el homicidio”, sentenció.

Corte Suprema de Justicia

El abogado también anunció que ante el alto tribunal presentará las pruebas contra Horario Serpa Uribe quien para la época de los hechos, ocupaba el cargo de Ministro del Gobierno de Samper.

“Vamos a pedir la resolución de acusación contra Horacio Serpa, ahora la Corte Suprema de Justicia conoce el proceso en su contra a través de la Fiscalía delegada porque él, era aforado como exministro del Interior del Gobierno de Ernesto Samper y trasladaremos esas pruebas ante la Comisión de Acusaciones”, dijo.

Manifestó que, “queremos que al cumplirse 25 años de impunidad que se conmemoran en noviembre; se lleven a juicio esas pruebas”.

Aseguró, que no busca que el expresidente Ernesto Samper sea condenado pero que sí, se conozcan las pruebas.

“Querían enterrar estas pruebas con la complicidad de fiscales patrocinados por Ernesto Samper y que no se pudieran conocer: cuatro casas criminales confirmando la realización del homicidio por parte de Orlando Henao a solicitud de Ernesto Samper y Horacio Serpa, esas pruebas deben ir a juicio”, aseguró en su entrevista.

El abogado Gómez Martínez también cuestionó el trino de la exsenadora Piedad Córdoba, en el que advierte que la reunión entre el expresidente Juan Manuel Santos, exministro Cristo, senador Cepeda, Rodrigo Londoño ‘Timochenko’ y Carlos Lozada, permitirá descubrir qué sucedió con el crimen del destacado político conservador.

Fuente: LA FM

You can use this method to make deposits in instant Bank Transfer casino NZ. In most cases, you can do so by supplying your bank details. If you don’t have an account in NZ, you may be required to pay an additional fee. Once you’ve made the deposit, you can play! In some cases, the minimum deposit for this method is NZ$10, although it can range from $10 to $50. Depending on your bank, the withdrawal time can take two to seven days.",push,"Article discusses systemic profiling and surveillance of political opponents, illegal interceptions, involvement of criminal organizations in the murder of Álvaro Gómez Hurtado, and possible government complicity in facilitating the crime.",mistral:7b,push,"Article discusses systemic profiling and surveillance of political opponents, illegal interceptions, involvement of criminal organizations in the murder of Álvaro Gómez Hurtado, and possible government complicity in facilitating the crime.",article,4
20220102,193,POLICE OFFICER,,https://www.ensonhaber.com/3-sayfa/adanada-silahli-kavgaya-mudahale-eden-polis-vuruldu,push,police officer who intervened in a gun fight,mistral:7b,,,,,,,mistral:7b,push,silahli kavgaya mudahale eden polis,url_1,4
20220102,190,POLICE,ACTIVIST,http://lratvakan.com/news/76958.html,unclear,unclear tokens,mistral:7b,,,,"Участники акции протеста в центре Киева пошли на штурм кордонов, которые выставлены вокруг квартала правительственных зданий.

На улице Грушевского в Киеве не утихают столкновения протестующих и правоохранителей. На улице стоят несколько разбитых автобусов милиции, один автобус подожгли. Силовики регулярно бросают в толпу дымовые шашки, используют слезоточивый газ.

Ожидается приезд водометов. Об этом сообщают местные СМИ. Использование водометов на морозе угрожает смертями протестующим. При таком температуре может наступить переохлаждение от воды за несколько минут.

Помимо этого, протестующие захватили пять пустых милицейских автобусов. Лидер партии «УДАР» Виталий Кличко призвал протестующих отказаться от силовых действий в отношении правоохранителей, заявив, что это наверняка вызовет ответную реакцию со стороны «Беркута». Политик пообещал договориться о том, чтобы людям открыли проход к зданию Верховной Рады.

Столкновения активистов с милицией начались после так называемого народного вече на Майдане Незалежности, в котором приняли участие несколько сотен тысяч человек. Собравшиеся протестовали против политики действующих властей страны.",push,"violence, repression, unsafe conditions",mistral:7b,push,"violence, repression, unsafe conditions",article,4
20220102,10,PERPETRATOR,CREATIVITY,https://www.hespress.com/%D8%AA%D8%AC%D8%A7%D9%88%D8%B2-%D9%88%D8%B1%D8%B7%D8%A9-%D8%B9%D8%B5%D8%B1-%D8%A7%D9%84%D8%B9%D8%AA%D9%85%D8%A9-925188.html,neutral,no clear migration-related tokens,mistral:7b,,,,,,,mistral:7b,neutral,no clear migration-related tokens,url_1,4
20220102,172,VILLAGE,,https://www.volynnews.com/news/all/cherez-novorichni-feyerverky-v-chernivtsiakh-zahynuly-desiatky-ptakhiv/,push,zahynuly desiatky ptakhiv,mistral:7b,,,,,,,mistral:7b,push,zahynuly desiatky ptakhiv,url_1,4
20220102,10,COMMUNITY,POLICE,https://www.hoydiariodelmagdalena.com.co/archivos/613752,unclear,unclear tokens,mistral:7b,,,,"En diálogo con Enrique Gómez Martínez, abogado de la familia y sobrino del asesinado líder conservador Álvaro Gómez Hurtado, explicó en La FM los pormenores de los documentos del archivo de vigilancia del (Departamento Administrativo de Seguridad) DAS, a los que recientemente lograron acceder y que daría más luces para esclarecer los hechos que rodean el magnicidio ejecutado el 2 de noviembre de 1995.

Gómez Martínez relató que desde hace 5 años se ha librado una lucha compleja para que se revelen en su totalidad los archivos de vigilancia del DAS y tras ganar una tutela que permitió el acceso a esa documentación se logró encontrar varias referencias relacionadas sobre la investigación de la muerte de Álvaro Gómez Hurtado.

El abogado sostiene que hay varias evidencias sobre diferentes perfilamientos sistemáticos que ejecutó la división de inteligencia a todos los opositores y críticos del entonces presidente Enrique Samper Pizano y entre estas personas figura Gómez Hurtado.

«Estamos esperando poder confirmar la época en que fueron realizados estos seguimientos y queremos establecer si en esos seguimientos hubo interceptaciones telefónicas».

De igual manera, Enrique Gómez Martínez sostiene que halló evidencia que demuestra que en ninguno de los diferentes boletines que el DAS generaba para el presidente Samper, se habló sobre una presunta conspiración militar o golpista en su contra.

El abogado precisó que en dichos documentos también se descartó que la muerte de Álvaro Gómez Hurtado estuviese relacionada con un supuesto golpe de estado.

«El DAS descartó en 1995 la hipótesis que indica que la muerte de Álvaro Gómez se produjo en un fallido golpe de estado, Ramiro Bejarano durante años ha venido diciendo mentiras al país, estos informes deben ser puestos en conocimiento entre las partes del caso».

“Eso dio lugar a dos tutelas y de ahí vimos como la administración Santos con la asesoría de Ramiro Bejarano (director del DAS en la época en la que ocurrió el asesinato de Gómez Hurtado), desmontó los archivos del DAS; pero por cosas de la vida, la verdad siempre brilla y brota, han aparecido los archivos de seguimiento del DAS (…)”.

Gómez Martínez también señaló que la mafia también estuvo relacionada con la muerte de Gómez Hurtado, pues a Orlando Heano, jefe del cartel del Norte del Valle, se le solicitó que asesinara a Álvaro Gómez Hurtado a cambio de mejores beneficios en su proceso de entrega a las autoridades.

«Heano accedió y esta operación contó con la participación del entonces director del Gaula, Danilo Alfonso González».

La siniestra nota de Laude Fernández

El exdirector de inteligencia del DAS Laude Fernández, también está siendo investigado por su supuesta participación en interceptaciones ilegales a integrantes del sindicato de Avianca.

El abogado de la familia del político conservador aseguró que, Fernández también habría estado involucrado con los perfilamientos de los que fue objeto la víctima.

“Ya habíamos encontrado una siniestra nota de Laude Fernández, director de inteligencia de Ramiro Bejarano (no sé si el país recuerda porque está preso y cómo ha participado durante décadas, en todos los desarrollos del antiguo DAS), donde el primero de noviembre en una entrevista que Álvaro Gómez Hurtado, le concedió a la revista Diners, Laude Fernández, de alguna manera vaticinaba lo que iba a ocurrir al día siguiente, diciendo en su nota de comentario de revisión – Al que no quiere caldo se le dan dos tazas (…) – ”, dijo el abogado.

El abogado Gómez Martínez añadió que, se están agregando más pruebas al proceso por el crimen que fue considerado como de lesa humanidad.

“La extensión del tiempo no se ha determinado pero eran seguimientos personales; de inteligencia humana, seguimientos de inteligencia electrónica o lo que llamamos hoy día, ‘chuzadas’; lo que es claro es que había un trabajo de seguimiento personal”, añadió el jurista.

“Otros testigos que han declarado acreditan que en su momento, Danilo González, comandante del Gaula en el Gobierno de Ernesto Samper, recibió la orden de adelantar el homicidio pero parece que transcurrió muy poco tiempo entre el momento que recibió la orden y la puso en práctica, con la ayuda de Wilber Alirio Varela alias ‘Jabón’”, manifestó el abogado.

Agregó que, “me ha quedado la inquietud con base en qué inteligencia sabían el día, la hora y el lugar en que Álvaro Gómez Hurtado, dictaba sus clases en la Universidad Sergio Arboleda, aquel fatídico 2 de noviembre”.

Señaló que una de las hipótesis es que, desde el Gobierno se entregó información para facilitar que se cometiera el crimen.

“Pareciera que la respuesta es que posiblemente el Gobierno de Samper, le haya filtrado al cartel del Norte del Valle estos seguimientos para facilitar el homicidio”, sentenció.

Corte Suprema de Justicia

El abogado también anunció que ante el alto tribunal presentará las pruebas contra Horario Serpa Uribe quien para la época de los hechos, ocupaba el cargo de Ministro del Gobierno de Samper.

“Vamos a pedir la resolución de acusación contra Horacio Serpa, ahora la Corte Suprema de Justicia conoce el proceso en su contra a través de la Fiscalía delegada porque él, era aforado como exministro del Interior del Gobierno de Ernesto Samper y trasladaremos esas pruebas ante la Comisión de Acusaciones”, dijo.

Manifestó que, “queremos que al cumplirse 25 años de impunidad que se conmemoran en noviembre; se lleven a juicio esas pruebas”.

Aseguró, que no busca que el expresidente Ernesto Samper sea condenado pero que sí, se conozcan las pruebas.

“Querían enterrar estas pruebas con la complicidad de fiscales patrocinados por Ernesto Samper y que no se pudieran conocer: cuatro casas criminales confirmando la realización del homicidio por parte de Orlando Henao a solicitud de Ernesto Samper y Horacio Serpa, esas pruebas deben ir a juicio”, aseguró en su entrevista.

El abogado Gómez Martínez también cuestionó el trino de la exsenadora Piedad Córdoba, en el que advierte que la reunión entre el expresidente Juan Manuel Santos, exministro Cristo, senador Cepeda, Rodrigo Londoño ‘Timochenko’ y Carlos Lozada, permitirá descubrir qué sucedió con el crimen del destacado político conservador.

Fuente: LA FM

You can use this method to make deposits in instant Bank Transfer casino NZ. In most cases, you can do so by supplying your bank details. If you don’t have an account in NZ, you may be required to pay an additional fee. Once you’ve made the deposit, you can play! In some cases, the minimum deposit for this method is NZ$10, although it can range from $10 to $50. Depending on your bank, the withdrawal time can take two to seven days.",push,"Investigations into political assassination, involvement of criminal organizations, and potential government complications in the crime.",mistral:7b,push,"Investigations into political assassination, involvement of criminal organizations, and potential government complications in the crime.",article,4
20220102,42,GERMAN,LISBON,https://naslovi.net/2022-01-03/blic/zarobljeni-u-luci-nemacki-kruzer-usidren-do-daljeg-u-lisabonu-zbog-izbijanja-epidemije-korona-virusa/29657724,push,captured in the harbor German cruiser anchored until further in Lisbon,mistral:7b,,,,,,,mistral:7b,push,captured in the harbor German cruiser anchored until further in Lisbon,url_1,4
20220102,42,GERMAN,LISBON,https://naslovi.net/2022-01-03/blic/zarobljeni-u-luci-nemacki-kruzer-usidren-do-daljeg-u-lisabonu-zbog-izbijanja-epidemije-korona-virusa/29657724,repeat,repeat of row_id: 215 tokens,mistral:7b,,,,,,,mistral:7b,repeat,repeat of row_id: 215 tokens,url_1,4
20220102,10,UNIVERSITY,,https://www.elmanana.com/cae-ex-rector-de-la-uabjo-por-fraude/5475695,neutral,no clear migration-related tokens,mistral:7b,,,,,,,mistral:7b,neutral,no clear migration-related tokens,url_1,4
20220102,36,STUDENT,,https://olhardireto.com.br/noticias/exibir.asp?id=496488&noticia=porto-relembra-dificuldades-com-45-dos-estudantes-sem-internet-e-projeta-2022-como-melhor-ano-letivo-da-historia,neutral,no clear migration-related tokens,mistral:7b,,,,,,,mistral:7b,neutral,no clear migration-related tokens,url_1,4
20220102,36,SCHOOL,,https://olhardireto.com.br/noticias/exibir.asp?id=496488&noticia=porto-relembra-dificuldades-com-45-dos-estudantes-sem-internet-e-projeta-2022-como-melhor-ano-letivo-da-historia,repeat,repeat of row_id: 218 tokens,mistral:7b,,,,,,,mistral:7b,repeat,repeat of row_id: 218 tokens,url_1,4
20220102,43,SCHOOL,,https://olhardireto.com.br/noticias/exibir.asp?id=496488&noticia=porto-relembra-dificuldades-com-45-dos-estudantes-sem-internet-e-projeta-2022-como-melhor-ano-letivo-da-historia,neutral,no clear migration-related tokens,mistral:7b,,,,,,,mistral:7b,neutral,no clear migration-related tokens,url_1,4
20220102,1721,SCHOOL,,https://itongadol.com/coronavirus/coronavirus-en-israel-se-espera-que-tres-millones-de-israelies-se-infecten-con-el-virus,pull,three million Israelis expected to be infected with the virus,mistral:7b,,,,,,,mistral:7b,pull,three million Israelis expected to be infected with the virus,url_1,4
20220102,42,STUDENT,OAXACA,https://oaxaca.eluniversal.com.mx/sociedad/regresan-clases-mas-de-874-mil-estudiantes-de-oaxaca-este-3-de-enero,neutral,no clear migration-related tokens,mistral:7b,,,,,,,mistral:7b,neutral,no clear migration-related tokens,url_1,4
20220102,71,ACTOR,,https://bagikanberita.pikiran-rakyat.com/bisnis/pr-683379835/rezeki-senin-ceria-khusus-wanita-berjiwa-entrepreneur-dapat-pinjaman-tanpa-agunan-rp25-juta-di-pnm-mekaar-plus,pull,IDR 25 million unsecured loan at PNM Mekaar Plus,mistral:7b,,,,,,,mistral:7b,pull,pinjaman tanpa agunan rp25 juta di pnm mekaar plus,url_1,4
20220102,1821,ACTOR,BANDUNG,https://www.pikiran-rakyat.com/nasional/pr-013379874/genting-susi-pudjiastuti-desak-ruu-pks-disahkan-perlu-berapa-banyak-lagi-korban,neutral,no clear migration-related tokens,mistral:7b,,,,,,,mistral:7b,neutral,no clear migration-related tokens,url_1,4
20220102,10,MADRID,,https://es.euronews.com/2022/01/02/espana-dice-no-a-la-propuesta-de-bruselas-de-incluir-la-energia-nuclear-y-el-gas-en-su-pla,push,Spain says no to the Brussels proposal to include nuclear energy and gas in its plan,mistral:7b,,,,,,,mistral:7b,push,Spain says no to the Brussels proposal to include nuclear energy and gas in its plan,url_1,4
20220102,111,EUROPEAN,,https://1prime.ru/business/20220103/835674504.html,unclear,no clear migration-related tokens,mistral:7b,,,,"По его словам, ожидается, что на рынке будет сохраняться дефицит. ""В среднем, автомобили подорожают в 2022 году. Но с учетом того, что спрос будет падать, не будет спекулятивных эффектов, которые были в 2021 году, поэтому цены будут относительно спокойнее расти"", — сказал эксперт.

Он отметил, что в 2022 году борьба между производителями обострится. ""Будут производители, которые захотят увеличить долю рынка и сумеют решить проблемы с логистикой и доставкой автомобилей, в частности китайские бренды. Они будут усиливать долю рынка и давать хорошее соотношение цены и качества на рынке автомобилей. А европейские марки столкнутся с дефицитом, связанным с проблемами производства, потому что никуда не девается проблема полупроводников, логистические проблемы и ковидные ограничения, которые еще есть в разных странах"", — сказал Мигаль.",neutral,"The article is about the expected rise in car prices and competition among manufacturers in 2022, not clearly related to migration-driving conditions.",mistral:7b,neutral,"The article is about the expected rise in car prices and competition among manufacturers in 2022, not clearly related to migration-driving conditions.",article,4
20220102,20,FINNISH,RUSSIA,https://www.geopolitica.ru/news/vlasti-finlyandii-zagovorili-o-vstuplenii-v-nato,pull,vstuplenii v nato,mistral:7b,,,,,,,mistral:7b,pull,vstuplenii v nato,url_1,4
20220102,42,UNITED KINGDOM,UNITED KINGDOM,https://www.elbotola.com/article/2022-01-02-22-03-111.html,push,no clear migration-related tokens,mistral:7b,,,,,,,mistral:7b,push,no clear migration-related tokens,url_1,4
20220102,42,UNITED KINGDOM,UNITED KINGDOM,https://www.elbotola.com/article/2022-01-02-22-03-111.html,unclear,no clear migration-related tokens,mistral:7b,,,,"المنتخب الوطني يبرمج أولى حصصه التدريبية في الكاميرون غدا الإثنين استعدادا لودية بوركينا فاسو و""رحلة الكان""

حدد الطاقم التقني للناخب الوطني وحيد خليلوزيتش، برنامج ""الأسود"" في الكاميرون، قبل مواجهة غانا، لحساب الجولة الأولى من دور المجموعات لكأس أمم أفريقيا 2021.





ومن المقرر أن يخوض المنتخب الوطني يوم غد الإثنين، أولى حصصه التدريبية استعدادا لودية بوركينا فاسو، المبرمجة يوم الخميس 6 يناير الجاري.





ويدشن رفاق أشرف حكيمي، رحلتهم القارية، بمواجهة غانا، يوم الإثنين 10 يناير، بداية من الساعة الخامسة عصرا (17:00 غرينيتش +1)، بملعب ""أحمدو أهيدجو"" في مدينة ياوندي الكاميرونية.





وحطت بعثة المنتخب المغربي، يومه الأحد، الرحال في الكاميرون، إذ وجدت في استقبالها سفير المملكة هناك، مصطفى بوه.





يذكر أن المغرب يتواجد في المجموعة الثالثة، رفقة منتخبات غانا والغابون وجزر القمر.",neutral,"The article is about a Cameroon football team's preparation for a match and Morocco's arrival, which indicates neither push nor pull factors related to migration.",mistral:7b,neutral,"The article is about a Cameroon football team's preparation for a match and Morocco's arrival, which indicates neither push nor pull factors related to migration.",article,4
20220102,43,UNITED KINGDOM,,https://www.elbotola.com/article/2022-01-02-22-03-111.html,unclear,<URL too short>,mistral:7b,,,,"المنتخب الوطني يبرمج أولى حصصه التدريبية في الكاميرون غدا الإثنين استعدادا لودية بوركينا فاسو و""رحلة الكان""

حدد الطاقم التقني للناخب الوطني وحيد خليلوزيتش، برنامج ""الأسود"" في الكاميرون، قبل مواجهة غانا، لحساب الجولة الأولى من دور المجموعات لكأس أمم أفريقيا 2021.





ومن المقرر أن يخوض المنتخب الوطني يوم غد الإثنين، أولى حصصه التدريبية استعدادا لودية بوركينا فاسو، المبرمجة يوم الخميس 6 يناير الجاري.





ويدشن رفاق أشرف حكيمي، رحلتهم القارية، بمواجهة غانا، يوم الإثنين 10 يناير، بداية من الساعة الخامسة عصرا (17:00 غرينيتش +1)، بملعب ""أحمدو أهيدجو"" في مدينة ياوندي الكاميرونية.





وحطت بعثة المنتخب المغربي، يومه الأحد، الرحال في الكاميرون، إذ وجدت في استقبالها سفير المملكة هناك، مصطفى بوه.





يذكر أن المغرب يتواجد في المجموعة الثالثة، رفقة منتخبات غانا والغابون وجزر القمر.",neutral,"The article is about a Cameroonian football team preparing for a match, and the arrival of a Moroccan team in Cameroon. There are no obvious conditions suggesting migration pressure (push or pull) mentioned in the text.",mistral:7b,neutral,"The article is about a Cameroonian football team preparing for a match, and the arrival of a Moroccan team in Cameroon. There are no obvious conditions suggesting migration pressure (push or pull) mentioned in the text.",article,4
20220102,43,UNITED KINGDOM,,https://www.elbotola.com/article/2022-01-02-22-03-111.html,unclear,<URL too short>,mistral:7b,,,,"المنتخب الوطني يبرمج أولى حصصه التدريبية في الكاميرون غدا الإثنين استعدادا لودية بوركينا فاسو و""رحلة الكان""

حدد الطاقم التقني للناخب الوطني وحيد خليلوزيتش، برنامج ""الأسود"" في الكاميرون، قبل مواجهة غانا، لحساب الجولة الأولى من دور المجموعات لكأس أمم أفريقيا 2021.





ومن المقرر أن يخوض المنتخب الوطني يوم غد الإثنين، أولى حصصه التدريبية استعدادا لودية بوركينا فاسو، المبرمجة يوم الخميس 6 يناير الجاري.





ويدشن رفاق أشرف حكيمي، رحلتهم القارية، بمواجهة غانا، يوم الإثنين 10 يناير، بداية من الساعة الخامسة عصرا (17:00 غرينيتش +1)، بملعب ""أحمدو أهيدجو"" في مدينة ياوندي الكاميرونية.





وحطت بعثة المنتخب المغربي، يومه الأحد، الرحال في الكاميرون، إذ وجدت في استقبالها سفير المملكة هناك، مصطفى بوه.





يذكر أن المغرب يتواجد في المجموعة الثالثة، رفقة منتخبات غانا والغابون وجزر القمر.",neutral,"The article is about a football team preparing for matches in Cameroon and Morocco, not migration-driving conditions",mistral:7b,neutral,"The article is about a football team preparing for matches in Cameroon and Morocco, not migration-driving conditions",article,4
20220102,43,UNITED KINGDOM,UNITED KINGDOM,https://www.elbotola.com/article/2022-01-02-22-03-111.html,unclear,<URL too short>,mistral:7b,,,,"المنتخب الوطني يبرمج أولى حصصه التدريبية في الكاميرون غدا الإثنين استعدادا لودية بوركينا فاسو و""رحلة الكان""

حدد الطاقم التقني للناخب الوطني وحيد خليلوزيتش، برنامج ""الأسود"" في الكاميرون، قبل مواجهة غانا، لحساب الجولة الأولى من دور المجموعات لكأس أمم أفريقيا 2021.





ومن المقرر أن يخوض المنتخب الوطني يوم غد الإثنين، أولى حصصه التدريبية استعدادا لودية بوركينا فاسو، المبرمجة يوم الخميس 6 يناير الجاري.





ويدشن رفاق أشرف حكيمي، رحلتهم القارية، بمواجهة غانا، يوم الإثنين 10 يناير، بداية من الساعة الخامسة عصرا (17:00 غرينيتش +1)، بملعب ""أحمدو أهيدجو"" في مدينة ياوندي الكاميرونية.





وحطت بعثة المنتخب المغربي، يومه الأحد، الرحال في الكاميرون، إذ وجدت في استقبالها سفير المملكة هناك، مصطفى بوه.





يذكر أن المغرب يتواجد في المجموعة الثالثة، رفقة منتخبات غانا والغابون وجزر القمر.",neutral,Article is about a football team preparing for a match and not clearly about migration-driving conditions,mistral:7b,neutral,Article is about a football team preparing for a match and not clearly about migration-driving conditions,article,4
20220102,43,UNITED KINGDOM,UNITED KINGDOM,https://www.elbotola.com/article/2022-01-02-22-03-111.html,unclear,<URL too short>,mistral:7b,,,,"المنتخب الوطني يبرمج أولى حصصه التدريبية في الكاميرون غدا الإثنين استعدادا لودية بوركينا فاسو و""رحلة الكان""

حدد الطاقم التقني للناخب الوطني وحيد خليلوزيتش، برنامج ""الأسود"" في الكاميرون، قبل مواجهة غانا، لحساب الجولة الأولى من دور المجموعات لكأس أمم أفريقيا 2021.





ومن المقرر أن يخوض المنتخب الوطني يوم غد الإثنين، أولى حصصه التدريبية استعدادا لودية بوركينا فاسو، المبرمجة يوم الخميس 6 يناير الجاري.





ويدشن رفاق أشرف حكيمي، رحلتهم القارية، بمواجهة غانا، يوم الإثنين 10 يناير، بداية من الساعة الخامسة عصرا (17:00 غرينيتش +1)، بملعب ""أحمدو أهيدجو"" في مدينة ياوندي الكاميرونية.





وحطت بعثة المنتخب المغربي، يومه الأحد، الرحال في الكاميرون، إذ وجدت في استقبالها سفير المملكة هناك، مصطفى بوه.





يذكر أن المغرب يتواجد في المجموعة الثالثة، رفقة منتخبات غانا والغابون وجزر القمر.",neutral,"Article is about a Cameroonian football team preparing for matches and receiving other teams, not clearly related to migration-driving conditions",mistral:7b,neutral,"Article is about a Cameroonian football team preparing for matches and receiving other teams, not clearly related to migration-driving conditions",article,4
20220102,10,AUTHORITIES,,https://www.telemundo.com/noticias/noticias-telemundo/clima/no-esto-no-es-una-broma-llovieron-peces-en-texas-poco-antes-de-fin-de-rcna10639,neutral,no clear migration-related tokens,mistral:7b,,,,,,,mistral:7b,neutral,no clear migration-related tokens,url_1,4
20220102,12,SECRETARIAT,,https://olhardireto.com.br/noticias/exibir.asp?id=496488&noticia=porto-relembra-dificuldades-com-45-dos-estudantes-sem-internet-e-projeta-2022-como-melhor-ano-letivo-da-historia,unclear,no clear migration-related tokens,mistral:7b,,,,"Leia também:

Olhar Direto

Olhar Direto – Vamos começar fazendo um balanço assim desse ano? O senhor assumiu no meio de um Furacão da pandemia, em que a área da educação foi uma das mais afetadas. Como o senhor recebeu a pasta e como está terminando o ano?

OD - E a meta vai ser avaliada por meio da de todas essas avaliações que o senhor falou?

Olhar Direto – Uma polêmica envolvendo a própria Seduc, que nesse ano foi muito falada, foi em relação à municipalização do ensino. Teve professor até fazendo greve de fome, falando que eram fechamento de escolas, e o senhor sempre falando que não era o fechamento. Porque que o senhor acha que existe essa resistência de alguns professores e do Sintep em relação a esse programa da municipalização?



OD - O próprio ‘Alfabetiza MT’ também foi criticado, inclusive pelo deputado Lúdio, enfim, com o argumento de que a ideia meritocrática de premiar as escolas que mais alfabetizarem não leva em conta as diferenças... que não daria pra comparar digamos, uma escola de Cuiabá com uma escola do interior. Como que o senhor rebate essas críticas?

OD - Em relação às escolas militares. A gente tem visto algumas sendo inauguradas e elas sempre tem bons índices de rendimento dos alunos. O que eu queria questionar é se as escolas militares têm investimento financeiro que as outras, se a diferença para ter esse melhor rendimento está só no modelo militar ou se elas têm um investimento diferente, se tem alguma coisa diferente em relação a outras escolas.

""O deputado Lúdio desconhece da educação, ele não está preocupado com a qualidade""

OD - Secretário, na Assembleia tem corrido alguns projetos também polêmicos em relação à educação. Um, por exemplo, foi de proibir de filmar o professor, que é um projeto do [deputado] Valdir Barranco [PT]. Um outro do [depitado] Gilberto Cattani [PSL] para proibir o uso do pronome neutro nas escolas. Queria que o senhor falasse um pouco sobre esse projeto, se o senhor acha que eles são importantes mesmo, ou se há coisas mais importantes para serem discutidas na Assembleia Legislativa em relação à educação?

Olhar Direto - Então voltando para a Seduc. A gente teve umas críticas em relação ao processo seletivo que foi aberto recentemente e uma das críticas foi de não incluir pessoas do grupo de risco, que não poderiam nesse processo seletivo. Isso é verdade, e por que essa opção de não abrir pra pessoas do grupo de risco?

OD - Mas então no processo seletivo não fala que grupo de risco não pode se inscrever...

OD - E porque a opção por fazer a prova e não fazer como era feito antes pela contagem de pontos?

OD - Pessoalmente secretário, o senhor ganhou notoriedade nesse último ano à frente da Seduc. Pretende continuar à frente da secretaria, tem planos de se candidatar ano que vem, como que está isso aí?

OD - Para finalizar, queria que o senhor falasse um pouco dos desafios de estar à frente da Seduc, porque é uma pasta que tem muitos servidores naturalmente, uma pasta que tem um sindicato muito forte, atuante, está sempre ali “pegando no pé” da secretaria. Queria que o senhor falasse um pouco dos desafios no geral.

OD - Esse novo ensino médio terá uma formação mais técnica?

Quando recebeu o posto de secretário de Estado de Educação, substituindo a professora Marioneide Kliemaschewsk, em novembro de 2020, Alan Porto já conhecia a Seduc “de dentro” desde 2017. Talvez não imaginasse, no entanto, o tamanho das dificuldades que viria a enfrentar. Ele esteve à frente da pasta no pior momento da pandemia de Covid-19, em uma realidade de aulas remotas em que 45% dos estudantes do estado não tinham acesso à internet. Lançou programas polêmicos e tomou decisões que desagradaram servidores e o atuante Sindicato dos Trabalhadores do Ensino Público (Sintep) e resultaram em críticas públicas, seja nos autofalantes de manifestações ou no plenário da Assembleia Legislativa, pela voz de deputados da oposição como os petistas Lúdio Cabral e Valdir Barranco.Em entrevista ao, o gestor fala de sua experiência à frente do que considera “ secretaria mais importante do Estado”, e projeta o “melhor ano letivo da história do estado de Mato Grosso em 2022”. Além disso, rebate as críticas e fala sobre o início do ‘Novo Ensino Médio’, de caráter mais técnico e profissionalizante, que deve começar a ser implantado no próximo ano. Ainda nega que tenha pretensões eleitorais e afirma que pretende continuar à frente da Pasta até o final do mandato do governador Mauro Mendes. Leia a íntegra da entrevista:Bom, vamos lá, eu estou na Secretaria de Estado de Educação desde 2017. Entrei como secretário adjunto de infraestrutura, em 2019 como secretário executivo e no dia três de novembro de 2020 eu assumi como secretário da pasta. E um grande desafio por conta desse processo da pandemia. No mês de março de 2020 nós tivemos as aulas suspensas, depois de um esforço grande por parte da Seduc e do Governo de colocar as contas em dia. Como todo Governo tinham contratos que estavam em atraso, tinha problemas de repasse de [Programa de Desenvolvimento da Escola] PDE, de alimentação escolar, transporte escolar. Então, depois que a gente equacionou todas essas contas da Seduc, a gente [ia] colocar o nosso programa e o nosso planejamento para a recuperação da aprendizagem - que eu falo para gente a melhorar a aprendizagem e a qualidade da educação - veio aí a pandemia. E essa pandemia pegou o estado de Mato Grosso, Brasil, todo mundo de surpresa e tivemos que suspender as atividades. E aí começou essa corrida contra o tempo para a gente trabalhar as aulas remotas, [com] dificuldade de internet, material apostilado que teve que chegar para todos os estudantes, a gente está falando de 45% dos estudantes que não tem acesso à internet. Por mais que a gente fizesse um esforço de chegar conectividade nas escolas, a gente estava impedindo de os alunos irem até as unidades. Então um problema de conectividade mesmo por questões financeiras... não só conectividade, mas também o device, o computador ou smartphone, ou desktop. Então todas essas dificuldades a gente enfrentou também. Mas a gente não desistiu, claro! O material apostilado chegou até os nossos estudantes, todo o processo de formação continuada dos nossos profissionais, mais de trinta e sete mil profissionais passaram por formação, sejam eles do estado ou sejam do município - a gente não fez essa distinção de profissionais da educação. Bom, começamos toda essa luta, né? Passou o processo de ensino remoto, nós começamos as nossas atividades híbridas. Começamos com o plantão pedagógico nas unidades escolares para os alunos tirarem dúvidas, depois a gente deu mais um passo que foi 50% da capacidade da sala de aula e no dia 18 de outubro a gente iniciou 100% das nossas atividades na modalidade presencial. E com o grande desafio de recuperar a aprendizagem dos nossos estudantes. E nesse processo de recuperação a gente fez uma avaliação diagnóstica para a gente medir como que está o nível de aprendizado dos nossos estudantes. Tanto dos anos iniciais, dos anos finais do ensino fundamental e do ensino médio. Medimos como que nós estamos e a gente trabalhou o laboratório de aprendizagem, que são asaulas de reforço. O estado contratou 1500 profissionais da educação, professores, e com base naqueles descritores que são os principais problemas de aprendizagem que a gente tem, nós trabalhamos o material, orientamos todas as nossas escolas a trabalhar nessa recuperação e nessa aula de reforço. Então esse trabalho está em andamento. A gente finaliza o nosso ano letivo no dia 20 de dezembro e ano que vem a gente quer ter o melhor ano letivo da história do estado de Mato Grosso. Com todo um investimento na parte pedagógica, investimento na estruturação física das unidades, investimento tecnológico, equipamento chegando para todos os professores –[por]que chegou os notebooks - e agora também equipamentos que vão chegar para todos os estudantes e para todas as escolas do estado de Mato Grosso. Então serão grandes investimentos que vão acontecer para a gente motivar e recuperar o vínculo do aluno com a escola. Como todos os estados passaram por uma evasão grande, abandono por conta da pandemia, a gente está fazendo um processo de busca ativa, busca escolar em parceria com os municípios, em parceria com a [Associação Mato-Grossense dos Municípios] AMM, com o Tribunal de Contas do Estado, com o Ministério Público, enfim, motivando as nossas escolas para que o nosso aluno venha pra dentro da das unidades escolares. E vários programas que eu tenho certeza que a gente vai estar falando, do Alfabetiza MT, do Mais MT Muxirum, do novo ensino médio, que já começa a partir do ano que vem, então tem muita coisa boa para acontecer (...) O estado também terá um sistema de avaliação própria que é o ‘Avalia MT’. Nós já iniciamos fazendo a avaliação de fluência e leitura para os anos iniciais. Ano que vem nós vamos fazer outra avaliação diagnóstica, vai ter avaliação formativa, avaliação somativa, en",push,"pandemic causing issues with online education, budget issues affecting internet and device access for students, criticism from teachers union",mistral:7b,push,"pandemic causing issues with online education, budget issues affecting internet and device access for students, criticism from teachers union",article,4
20220102,14,MINISTRY,,https://tsn.ua/ru/svit/izrail-odobril-chetvertuyu-covid-privivku-dlya-medrabotnikov-i-lyudey-ot-60-let-1945456.html,neutral,no clear migration-related tokens,mistral:7b,,,,,,,mistral:7b,neutral,no clear migration-related tokens,url_1,4
20220102,40,KINGDOM,,https://alghad.com/%D9%88%D8%B2%D9%8A%D8%B1-%D8%A7%D9%84%D8%AE%D8%A7%D8%B1%D8%AC%D9%8A%D8%A9-%D8%A7%D9%84%D8%B3%D8%B9%D9%88%D8%AF%D9%8A-%D9%81%D9%8A-%D8%B9%D9%85%D8%A7%D9%86/,unclear,"<URL in Arabic, no clear migration-related tokens>",mistral:7b,,,,,unclear,,mistral:7b,unclear,,article,4
20220102,40,KINGDOM,,https://alghad.com/%D9%88%D8%B2%D9%8A%D8%B1-%D8%A7%D9%84%D8%AE%D8%A7%D8%B1%D8%AC%D9%8A%D8%A9-%D8%A7%D9%84%D8%B3%D8%B9%D9%88%D8%AF%D9%8A-%D9%81%D9%8A-%D8%B9%D9%85%D8%A7%D9%86/,unclear,"<URL in Arabic, no clear migration-related tokens>",mistral:7b,,,,,unclear,,mistral:7b,unclear,,article,4
20220102,46,MINIST,,https://alghad.com/%D9%88%D8%B2%D9%8A%D8%B1-%D8%A7%D9%84%D8%AE%D8%A7%D8%B1%D8%AC%D9%8A%D8%A9-%D8%A7%D9%84%D8%B3%D8%B9%D9%88%D8%AF%D9%8A-%D9%81%D9%8A-%D8%B9%D9%85%D8%A7%D9%86/,unclear,"<URL in Arabic, no clear migration-related tokens>",mistral:7b,,,,,unclear,,mistral:7b,unclear,,article,4
20220102,46,KINGDOM,,https://alghad.com/%D9%88%D8%B2%D9%8A%D8%B1-%D8%A7%D9%84%D8%AE%D8%A7%D8%B1%D8%AC%D9%8A%D8%A9-%D8%A7%D9%84%D8%B3%D8%B9%D9%88%D8%AF%D9%8A-%D9%81%D9%8A-%D8%B9%D9%85%D8%A7%D9%86/,push,الخارجية,mistral:7b,,,,,,,mistral:7b,push,الخارجية,url_1,4
20220102,57,GOVERNMENT,,https://www.cas.sk/clanok/2626553/predseda-civilnej-vlady-v-sudane-oznamil-svoju-rezignaciu-snazil-som-sa-zo-vsetkych-sil/,unclear,no clear migration related tokens,mistral:7b,,,,"Predseda civilnej vlády v Sudáne oznámil svoju rezignáciu: Snažil som sa zo všetkých síl Preskočiť na hlavný obsah Správy PREMIUM PROMINENTI ŠPORTOVÝ ČAS TIP OD VÁS KVÍZY VIDEO HOROSKOP 0 Hľadať ... Predplatné Digitálne predplatné Printové predplatné 0 Reklama Predseda civilnej vlády v Sudáne oznámil svoju rezignáciu: Snažil som sa zo všetkých síl 2. 1. 2022, 23:25 Zdroj: TASR/AP Reklama Logo Nový Čas Logo Nový Čas Redakcia Nový Čas Predseda sudánskej civilnej vlády Abdallá Hamdúk oznámil v nedeľu večer svoju rezignáciu, viac než dva mesiace po tom, čo v krajine došlo k vojenskému prevratu. Informovala o tom agentúra AFP. "" Zo všetkých síl som sa snažil zabrániť katastrofe ,"" povedal Hamdúk v prejave v štátnej televízii. ""Vzhľadom na fragmentáciu politických strán a konflikty medzi (vojenskými a civilnými) zložkami prechodnej (vlády)... napriek všetkým snahám dosiahnuť konsenzus... sa tak nestalo ,"" pokračoval Hamdúk. Sudán sa podľa odchádzajúceho premiéra nachádza v ""zlomovom okamihu"", ktorý ohrozuje ""jeho existenciu"". Hamdúk sa stal predsedom civilnej vlády Sudánu v auguste 2019, keď vznikla Zvrchovaná rada Sudánu, ktorá nahradila dovtedy vládnucu vojenskú radu. Toto civilno-vojenské vládnuce teleso malo dohliadať na prechod krajiny k civilnej vláde. Ďalší olej do ohňa nemecko-ruských vzťahov, Nečajev si je istý: Rusko bude reagovať Celý článok V októbri 2021 však došlo k vojenskému prevratu a predseda Zvrchovanej rady Sudánu generál Abdal Fattáh Burhán rozpustil tento orgán fungujúci ako kolektívna hlava štátu, ako aj vládny kabinet a zároveň zosadil Hamdúka. Burhán a Hamdúk podpísali takmer mesiac po prevrate v novembri 2021 dohodu o obnovení prechodu na civilnú vládu , ktorá zabezpečila opätovné dosadenie Hamdúka do funkcie premiéra a prepustenie väznených civilných vodcov. Tento krok nahneval mnohých stúpencov prodemokratického hnutia , podľa ktorých Hamdúk týmto spôsobom poskytol pučistom zdanie legality. Sudánske bezpečnostné sily podľa miestnych zdravotníkov zabili počas nedeľňajších protivládnych demonštrácií ďalších dvoch ľudí. Bezpečnostné sily zároveň opäť zablokovali mosty cez rieku Níl prepravnými kontajnermi, aby hlavné mesto Chartúm odrezali od severných predmestí a susedného mesta Omdurmán. Prodemokratickí aktivisti vytrvalo protestujú proti vojenskému prevratu už dva mesiace aj napriek násilným represáliám, v rámci ktorých – podľa nezávislého výboru lekárov – zahynulo už najmenej 56 ľudí a ďalšie stovky utrpeli zranenia. Spánok vodiča autobusu si vyžiadal svoju daň: Rusko hlási 5 mŕtvych, žiaľ, zraneniam sa nevyhli ani deti Celý článok Autor: TASR Reklama Zdieľať Diskusia ( 0 ) Krátke videá JE TO TU! Štartuje nová séria tanečnej šou Let's Dance! Simona Leskovská zažiarila na červenom koberci prvého tanečného kola LET´S DANCE! Mirka Dobiš na červenom koberci prvého tanečného kola Let´s Dance! Banáš: Bez žien by som nebol manželom ani spisovateľom Michael Kováčik spojil sily s prestížnym krajčírstvom. Výsledok? Elegancia na mieru! Máte ich doma? Tieto izbové rastliny môžu zlepšiť spánok aj náladu Vyprážaný syr. Takto oslavuje MDŽ známy foodbloger Cvičko s BEOU: Bolí vás pri klasických brušákoch krčná chrbtica? O spoločnosti Etický kódex ABC Audit Kontakt Predplatné Inzercia Zamestnanie GDPR Nariadenie DSA Žiadosť o opravu Vyhlásenie o prístupnosti Nastavenie cookies Zoznam cookies © 2026 News and Media Holding, a.s. Autorské práva sú vyhradené a vykonáva ich vydavateľ. Akékoľvek rozmnožovanie časti alebo celku textov, fotografií, videí, zvukov, grafov akýmkoľvek spôsobom, v slovenskom, ale aj v inom jazyku bez písomného súhlasu vydavateľa je zakázané. Rovnako je zakázaný prístup na web, zakázané akékoľvek spracovanie, využitie akéhokoľvek obsahu (text, foto, video, zvuk) a v akomkoľvek rozsahu na účely trénovania, učenia, sumarizácie alebo alebo iného rozvoja modelov umelej inteligencie vrátane jazykových, obrazových, zvukových, video alebo multimodálnych systémov či modelov strojového učenia, či už komerčných alebo nekomerčných, bez predchádzajúceho písomného súhlasu vydavateľa. EV 24/22/SWP",push,"violence, repression, displacement",mistral:7b,push,"violence, repression, displacement",article,4
20220102,73,AUTHORITIES,,https://www.mbl.is/frettir/erlent/2022/01/02/heilbrigdisstarfsmenn_fa_fjorda_skammtinn/,neutral,no clear migration related tokens,mistral:7b,,,,,,,mistral:7b,neutral,no clear migration related tokens,url_1,4
20220102,90,GOVERNMENT,,https://newpost.gr/kosmos/61d20c59922542136ad20343/italia-koronoios-i-kyvernisi-exetazei-to-endehomeno-ypohreotikoy-emvoliasmoy-gia-oloys-toys-ano-ton-18-eton,pull,vaccination,mistral:7b,,,,,,,mistral:7b,pull,emvoliasmoy,url_1,4
20220102,160,GOVERNMENT,INDUSTRY,https://www.rp.pl/praca/art19248621-wielka-brytania-przedluza-program-wizowy-dla-pracownikow-z-ue,push,visa,mistral:7b,,,,,,,mistral:7b,push,wizowy,url_1,4
20220102,90,AUTHORITIES,CRIMINAL,https://sledcom.ru/news/item/1645072/,unclear,no clear migration related tokens,mistral:7b,,,,,unclear,,mistral:7b,unclear,,article,4
20220102,14,DIRECTOR GENERAL,ISRAELI,https://itongadol.com/coronavirus/coronavirus-en-israel-se-espera-que-tres-millones-de-israelies-se-infecten-con-el-virus,pull,three-million-israelis,mistral:7b,,,,,,,mistral:7b,pull,tres-millones-de-israelies,url_1,4
20220102,43,GOVERNMENT,DEMONSTRATOR,http://lratvakan.com/news/76958.html,unclear,no clear migration related tokens,mistral:7b,,,,"Участники акции протеста в центре Киева пошли на штурм кордонов, которые выставлены вокруг квартала правительственных зданий.

На улице Грушевского в Киеве не утихают столкновения протестующих и правоохранителей. На улице стоят несколько разбитых автобусов милиции, один автобус подожгли. Силовики регулярно бросают в толпу дымовые шашки, используют слезоточивый газ.

Ожидается приезд водометов. Об этом сообщают местные СМИ. Использование водометов на морозе угрожает смертями протестующим. При таком температуре может наступить переохлаждение от воды за несколько минут.

Помимо этого, протестующие захватили пять пустых милицейских автобусов. Лидер партии «УДАР» Виталий Кличко призвал протестующих отказаться от силовых действий в отношении правоохранителей, заявив, что это наверняка вызовет ответную реакцию со стороны «Беркута». Политик пообещал договориться о том, чтобы людям открыли проход к зданию Верховной Рады.

Столкновения активистов с милицией начались после так называемого народного вече на Майдане Незалежности, в котором приняли участие несколько сотен тысяч человек. Собравшиеся протестовали против политики действующих властей страны.",push,"war (violence, clashes with law enforcement), repression (use of tear gas, stun grenades, threat of water cannons on freezing temperatures)",mistral:7b,push,"war (violence, clashes with law enforcement), repression (use of tear gas, stun grenades, threat of water cannons on freezing temperatures)",article,4
20220102,43,GOVERNMENT,DEMONSTRATOR,https://lugradar.net/2022/01/337334,neutral,no clear migration related tokens,mistral:7b,,,,,,,mistral:7b,neutral,no clear migration related tokens,url_1,4
20220102,46,MINIST,DEMONSTRATOR,https://www.journaldemontreal.com/2022/01/02/manifestations-anti-covid-un-pasteur-et-son-frere-arretes-par-calgary,push,arretes-par-calgary,mistral:7b,,,,,,,mistral:7b,push,arretes-par-calgary,url_1,4
20220102,30,GOVERNMENT,GUERRILLA,https://www.hoydiariodelmagdalena.com.co/archivos/613800,unclear,<URL too short>,mistral:7b,,,,"En diálogo con Enrique Gómez Martínez, abogado de la familia y sobrino del asesinado líder conservador Álvaro Gómez Hurtado, explicó en La FM los pormenores de los documentos del archivo de vigilancia del (Departamento Administrativo de Seguridad) DAS, a los que recientemente lograron acceder y que daría más luces para esclarecer los hechos que rodean el magnicidio ejecutado el 2 de noviembre de 1995.

Gómez Martínez relató que desde hace 5 años se ha librado una lucha compleja para que se revelen en su totalidad los archivos de vigilancia del DAS y tras ganar una tutela que permitió el acceso a esa documentación se logró encontrar varias referencias relacionadas sobre la investigación de la muerte de Álvaro Gómez Hurtado.

El abogado sostiene que hay varias evidencias sobre diferentes perfilamientos sistemáticos que ejecutó la división de inteligencia a todos los opositores y críticos del entonces presidente Enrique Samper Pizano y entre estas personas figura Gómez Hurtado.

«Estamos esperando poder confirmar la época en que fueron realizados estos seguimientos y queremos establecer si en esos seguimientos hubo interceptaciones telefónicas».

De igual manera, Enrique Gómez Martínez sostiene que halló evidencia que demuestra que en ninguno de los diferentes boletines que el DAS generaba para el presidente Samper, se habló sobre una presunta conspiración militar o golpista en su contra.

El abogado precisó que en dichos documentos también se descartó que la muerte de Álvaro Gómez Hurtado estuviese relacionada con un supuesto golpe de estado.

«El DAS descartó en 1995 la hipótesis que indica que la muerte de Álvaro Gómez se produjo en un fallido golpe de estado, Ramiro Bejarano durante años ha venido diciendo mentiras al país, estos informes deben ser puestos en conocimiento entre las partes del caso».

“Eso dio lugar a dos tutelas y de ahí vimos como la administración Santos con la asesoría de Ramiro Bejarano (director del DAS en la época en la que ocurrió el asesinato de Gómez Hurtado), desmontó los archivos del DAS; pero por cosas de la vida, la verdad siempre brilla y brota, han aparecido los archivos de seguimiento del DAS (…)”.

Gómez Martínez también señaló que la mafia también estuvo relacionada con la muerte de Gómez Hurtado, pues a Orlando Heano, jefe del cartel del Norte del Valle, se le solicitó que asesinara a Álvaro Gómez Hurtado a cambio de mejores beneficios en su proceso de entrega a las autoridades.

«Heano accedió y esta operación contó con la participación del entonces director del Gaula, Danilo Alfonso González».

La siniestra nota de Laude Fernández

El exdirector de inteligencia del DAS Laude Fernández, también está siendo investigado por su supuesta participación en interceptaciones ilegales a integrantes del sindicato de Avianca.

El abogado de la familia del político conservador aseguró que, Fernández también habría estado involucrado con los perfilamientos de los que fue objeto la víctima.

“Ya habíamos encontrado una siniestra nota de Laude Fernández, director de inteligencia de Ramiro Bejarano (no sé si el país recuerda porque está preso y cómo ha participado durante décadas, en todos los desarrollos del antiguo DAS), donde el primero de noviembre en una entrevista que Álvaro Gómez Hurtado, le concedió a la revista Diners, Laude Fernández, de alguna manera vaticinaba lo que iba a ocurrir al día siguiente, diciendo en su nota de comentario de revisión – Al que no quiere caldo se le dan dos tazas (…) – ”, dijo el abogado.

El abogado Gómez Martínez añadió que, se están agregando más pruebas al proceso por el crimen que fue considerado como de lesa humanidad.

“La extensión del tiempo no se ha determinado pero eran seguimientos personales; de inteligencia humana, seguimientos de inteligencia electrónica o lo que llamamos hoy día, ‘chuzadas’; lo que es claro es que había un trabajo de seguimiento personal”, añadió el jurista.

“Otros testigos que han declarado acreditan que en su momento, Danilo González, comandante del Gaula en el Gobierno de Ernesto Samper, recibió la orden de adelantar el homicidio pero parece que transcurrió muy poco tiempo entre el momento que recibió la orden y la puso en práctica, con la ayuda de Wilber Alirio Varela alias ‘Jabón’”, manifestó el abogado.

Agregó que, “me ha quedado la inquietud con base en qué inteligencia sabían el día, la hora y el lugar en que Álvaro Gómez Hurtado, dictaba sus clases en la Universidad Sergio Arboleda, aquel fatídico 2 de noviembre”.

Señaló que una de las hipótesis es que, desde el Gobierno se entregó información para facilitar que se cometiera el crimen.

“Pareciera que la respuesta es que posiblemente el Gobierno de Samper, le haya filtrado al cartel del Norte del Valle estos seguimientos para facilitar el homicidio”, sentenció.

Corte Suprema de Justicia

El abogado también anunció que ante el alto tribunal presentará las pruebas contra Horario Serpa Uribe quien para la época de los hechos, ocupaba el cargo de Ministro del Gobierno de Samper.

“Vamos a pedir la resolución de acusación contra Horacio Serpa, ahora la Corte Suprema de Justicia conoce el proceso en su contra a través de la Fiscalía delegada porque él, era aforado como exministro del Interior del Gobierno de Ernesto Samper y trasladaremos esas pruebas ante la Comisión de Acusaciones”, dijo.

Manifestó que, “queremos que al cumplirse 25 años de impunidad que se conmemoran en noviembre; se lleven a juicio esas pruebas”.

Aseguró, que no busca que el expresidente Ernesto Samper sea condenado pero que sí, se conozcan las pruebas.

“Querían enterrar estas pruebas con la complicidad de fiscales patrocinados por Ernesto Samper y que no se pudieran conocer: cuatro casas criminales confirmando la realización del homicidio por parte de Orlando Henao a solicitud de Ernesto Samper y Horacio Serpa, esas pruebas deben ir a juicio”, aseguró en su entrevista.

El abogado Gómez Martínez también cuestionó el trino de la exsenadora Piedad Córdoba, en el que advierte que la reunión entre el expresidente Juan Manuel Santos, exministro Cristo, senador Cepeda, Rodrigo Londoño ‘Timochenko’ y Carlos Lozada, permitirá descubrir qué sucedió con el crimen del destacado político conservador.

Fuente: LA FM

You can use this method to make deposits in instant Bank Transfer casino NZ. In most cases, you can do so by supplying your bank details. If you don’t have an account in NZ, you may be required to pay an additional fee. Once you’ve made the deposit, you can play! In some cases, the minimum deposit for this method is NZ$10, although it can range from $10 to $50. Depending on your bank, the withdrawal time can take two to seven days.",push,"The article discusses a complex struggle to reveal documents from the Department Administrativo de Seguridad (DAS) that were used for systematic profiling and surveillance of opponents and critics of former president Enrique Samper Pizano, including Álvaro Gómez Hurtado who was assassinated in 1995. The article also mentions that Orlando Heano, jefe del cartel del Norte del Valle, was asked to assassinate Álvaro Gómez Hurtado, suggesting a connection between the mafia and the murder.",mistral:7b,push,"The article discusses a complex struggle to reveal documents from the Department Administrativo de Seguridad (DAS) that were used for systematic profiling and surveillance of opponents and critics of former president Enrique Samper Pizano, including Álvaro Gómez Hurtado who was assassinated in 1995. The article also mentions that Orlando Heano, jefe del cartel del Norte del Valle, was asked to assassinate Álvaro Gómez Hurtado, suggesting a connection between the mafia and the murder.",article,4
20220102,20,AUTHORITIES,RUSSIAN FEDERATION,https://lugradar.net/2022/01/337336,pull,hiring,mistral:7b,,,,,,,mistral:7b,pull,hiring,url_1,4
20220102,20,AUTHORITIES,RUSSIAN FEDERATION,https://lugradar.net/2022/01/337319,pull,jobs,mistral:7b,,,,,,,mistral:7b,pull,jobs,url_1,4
20220102,40,PRESIDENT,RUSSIA,https://tsn.ua/ru/politika/bayden-i-zelenskiy-proveli-telefonnye-peregovory-chto-izvestno-1945450.html,unclear,<URL too short>,mistral:7b,,,,"Байден и Зеленский провели телефонные переговоры: что известно — Политика ТСН в социальных сетях facebook youtube tiktok instagram telegram viber x ru Язык сайта ua en Меню Сегодня: втр, 10 марта Курс валют: $43.70 €50.46 Погода: +17° Локация: Киев Все публикации Лучшее с YouTube Эксклюзив ТСН Украина Политика Война Гламур Проспорт Леди Здоровье Астрология Видео Рецепты Экономика Киев Львов Курьезы Популярные теги Выпуски ТСН Мир Туризм Авто Наука и IT Помощь Другое Редакция Еще Live поиск Live Все публикации Лучшее с YouTube Эксклюзив ТСН Украина Политика Война Гламур Проспорт Леди Здоровье Астрология Видео Рецепты Экономика Киев Львов Курьезы Популярные теги Выпуски ТСН Мир Туризм Авто Наука и IT Помощь Другое Редакция Локация: Киев ТСН в социальных сетях facebook youtube tiktok instagram telegram viber x ТСН Политика Дата публикации 00:33, 03.01.22 Категория Политика Количество просмотров 37k Время на прочтение 2 мин Байден и Зеленский провели телефонные переговоры: что известно Байден подчеркнул, что в случае вторжения в Украину РФ получит ""решительный ответ"" от США и их союзников и партнеров. Автор публикации Оксана Сопрович Поделиться Поделиться: Facebook X Whatsapp Telegram Viber Скопировать ссылку © Associated Press Реклама Президент США Джо Байден в воскресенье, 2 января, провел телефонные переговоры с украинским лидером Владимиром Зеленским. Об этом сообщается на сайте Белого дома . Отмечается, что во время переговоров американский лидер четко дал понять, что в случае вторжения в Украину Россия получит ""решительный ответ"" от США и их союзников и партнеров. Реклама Читайте также Дата публикации 03:40, 31.12.21 Категория Политика Количество просмотров 3422 Стало известно, кто возглавит делегацию США на переговорах с РФ: подробности Автор публикации Елена Кузьмич ""Президент Байден выразил приверженность США, их союзников и партнеров принципу ""ничего о вас без вас"", — говорится в заявлении пресс-секретаря Белого дома Джен Псаки. Кроме того, американский лидер ""выразил поддержку мерам по укреплению доверия для деэскалации напряженности на Донбассе и активной дипломатии для продвижения имплементации Минских договоренностей в поддержку Нормандского формата"". Указывается, что Байден подтвердил приверженность США суверенитету и территориальной целостности Украины. Читайте также Дата публикации 02:48, 31.12.21 Категория Политика Количество просмотров 4039 Откровенный и деловой разговор о безопасности: что заявили в Кремле о переговорах президентов США и России Автор публикации Елена Кузьмич ""Лидеры также выразили поддержку дипломатическим усилиям, которые начнутся на следующей неделе по двустороннему диалогу о стратегической стабильности в НАТО через Совет Россия-НАТО и в Организации по безопасности и сотрудничеству в Европе"", — добавили в сообщении. Реклама Тем временем президент Украины Владимир Зеленский в своем микроблоге в Twitter подчеркнул , что первый международный разговор года с Джо Байденом ""доказывает особый характер"" дипломатических отношений между нашей страной и США. ""Обсудили общие действия Украины, США и партнеров по сохранению мира в Европе и недопущению дальнейшей эскалации, реформы и деолигархизацию. Ценим непреклонную поддержку Украины"", — написал украинский лидер. Напомним: Президент Джо Байден разговаривал по телефону с президентом России Владимиром Путиным . Глава американского государства призвал Россию к деэскалации напряженности с Украиной. Госсекретарь США Энтони Блинкен и министр иностранных дел Канады Мелани Жоли скоординировали свои действия в случае новой агрессии России против Украины. Ранее российский МИД обнародовал так называемый проект договора между Москвой и Вашингтоном о ""гарантиях безопасности"", где есть несколько пунктов, касающихся непосредственно Украины и ее интеграции в европейские и евроатлантические структуры. Также президенты России Владимир Путин и США Джо Байден договорились, что переговоры по безопасности состоятся в Женеве в январе. Дата публикации 07:16, 31.12.21 Количество просмотров 2538 Беседа Байдена и Путина: Россия разорвет отношения с США в случае введения санкций | Новости мира Новости партнеров Новости партнеров Реклама Дата публикации 00:33, 03.01.22 Количество просмотров 37k Поделиться Поделиться: Facebook X Whatsapp Telegram Viber Скопировать ссылку Дата публикации 23:46, 02.01.22 Категория Эксклюзив ТСН Количество просмотров 13k Время на прочтение 3 мин Избавиться от хлама и излучать спокойствие: как настроиться на 2022 год — год Тигра Главное верить в свои силы, поддерживать настроение, и тогда каждый день года будет успешным и счастливым. Автор публикации Иван Воробьев Поделиться Поделиться: Facebook X Whatsapp Telegram Viber Скопировать ссылку © УНИАН Читать новость полностью → Реклама Реклама Дата публикации 23:16, 02.01.22 Категория Мир Количество просмотров 6290 Время на прочтение 1 мин В США два десятка человек застряли в новогоднюю ночь на канатной дороге и провели там всю ночь Инцидент произошел из-за непогоды — кабели покрылись льдом. Поделиться Поделиться: Facebook X Whatsapp Telegram Viber Скопировать ссылку Читать новость полностью → Дата публикации 23:07, 02.01.22 Категория Астрология Количество просмотров 14k Время на прочтение 3 мин Лунный календарь стрижек на январь-2022: когда стричь, красить и оздоравливать волосы Луна воздействует на все сферы нашей жизни, прежде всего – на состояние волос. Автор публикации Мила Королева Поделиться Поделиться: Facebook X Whatsapp Telegram Viber Скопировать ссылку © Credits Читать новость полностью → Дата публикации 23:06, 02.01.22 Категория Астрология Количество просмотров 6105 Время на прочтение 2 мин Гороскоп болезней для всех знаков Зодиака на 3-9 января: кому на что обратить внимание Звезды могут рассказать нам о состоянии нашего здоровья ничуть не хуже докторов. Автор публикации Мила Королева Поделиться Поделиться: Facebook X Whatsapp Telegram Viber Скопировать ссылку © Credits Читать новость полностью → Лента новостей Дата публикации 05:20, 10.03.26 Количество просмотров 14 ЕС выполнит обязательства по кредиту для Украины — фон дер Ляен Дата публикации 05:00, 10.03.26 Количество просмотров 86 Астрологический прогноз на 10 марта Дата публикации 04:40, 10.03.26 Количество просмотров 234 Трамп рассказал, какую пользу ожидает от Путина Дата публикации 03:59, 10.03.26 Количество просмотров 245 В «Трампе» заявили о возможном возобновлении военного призыва в США Реклама Дата публикации 03:21, 10.03.26 Количество просмотров 613 Эксперт объяснила, для кого Ощадбанк вез изъятые Венгрией золотые слитки Дата публикации 02:40, 10.03.26 Количество просмотров 225 Ночью в Харькове раздался взрыв — СМИ Следующая публикация Погода Война Владимир Зеленский Курс валют Отключение электроэнергии Контакты facebook youtube tiktok instagram telegram viber x PUSH Уведомления RSS Лента Google News Гороскоп Гороскоп на 9 марта для всех знаков Зодиака Зодиакальный гороскоп на март 2026 года Какой сегодня день Какой праздник 9 марта в Украине и мире Животное-покровитель 2026 День ангела сегодня Именины 9 марта 2026 года Привітання з Днем народження Церковный праздник сегодня Церковный праздник 9 марта 2026 года Погода Прогноз погоды на 9 марта 2026 года Курс валют Сколько стоят доллар, евро и злотый на 9 марта 2026 года Курьезы На 4000-летней пирамиде появились новые рисунки В Италии открыли потерянный город Древнего Рима Действительно ли каждый 200-й мужчина — потомок Чингисхана Разное Никогда не выбрасывайте эти старые вещи из бабушкиных квартир Как защитить сад от тли и удвоить урожай Врачи назвали семь категорий людей, которым кофе запрещен Мир Норвегия ужесточает правила въезда для военнообязанных украинцев Телеканалы Грузии распространяют ложь о войне в Украине В Германии презентовали новую военную разработку Популярные теги Владимир Зеленский Дональд Трамп Війна Отключение света Вооружение и армия Сколько стоят ракеты Tomahawk и можно ли их купить Ракеты «Фламинго» - оружие, которое заставит Россию пойти на компромисс Украина показала свою новую ракету «Нептун» Ракета ""Орешник"": все последние новости Советы 4 вещи, которые не стоит брать с собой в новое жилье Привычка, от которой стоит отказаться уже сегодня Новый утренний ритуал может наполнить вас энергией на целый день Онлайн-медиа ТСН. 04080, г. Киев, ул. Кириловская, дом 23. Телефон — 044 490 01 01 . Адрес электронной почты — feedback@tsn.ua . Идентификатор онлайн-медиа в Реестре cубъектов в сфере медиа — R40-05195 Приступая к использованию Сайта, Пользователь этим подтверждает, что достиг 21-летнего возраста. В случае, если Вы не достигли 21-летнего возраста — не начинайте или прекратите пользование Сайтом. Администрация Сайта не несет ответственности за законность использования Сайта и его сервисов Пользователем, не достигшим 21-летнего возраста Все фотографические произведения, размещённые на этом сайте с ссылкой на агентство Getty Images, не подлежат дальнейшему воспроизведению и/или распространению в любой форме без письменного разрешения ООО «ГЛОБАЛ ІМІДЖЕС ЮКРЕЙН».",push,"The article discusses the tension between Ukraine and Russia, with the US president stating that in case of Russian invasion of Ukraine, they will receive a 'resolute response' from the US and its allies.",mistral:7b,push,"The article discusses the tension between Ukraine and Russia, with the US president stating that in case of Russian invasion of Ukraine, they will receive a 'resolute response' from the US and its allies.",article,4
20220102,41,PRESIDENT,RUSSIA,https://tsn.ua/ru/politika/bayden-i-zelenskiy-proveli-telefonnye-peregovory-chto-izvestno-1945450.html,unclear,<URL identical to previous row>,mistral:7b,,,,"Байден и Зеленский провели телефонные переговоры: что известно — Политика ТСН в социальных сетях facebook youtube tiktok instagram telegram viber x ru Язык сайта ua en Меню Сегодня: втр, 10 марта Курс валют: $43.70 €50.46 Погода: +17° Локация: Киев Все публикации Лучшее с YouTube Эксклюзив ТСН Украина Политика Война Гламур Проспорт Леди Здоровье Астрология Видео Рецепты Экономика Киев Львов Курьезы Популярные теги Выпуски ТСН Мир Туризм Авто Наука и IT Помощь Другое Редакция Еще Live поиск Live Все публикации Лучшее с YouTube Эксклюзив ТСН Украина Политика Война Гламур Проспорт Леди Здоровье Астрология Видео Рецепты Экономика Киев Львов Курьезы Популярные теги Выпуски ТСН Мир Туризм Авто Наука и IT Помощь Другое Редакция Локация: Киев ТСН в социальных сетях facebook youtube tiktok instagram telegram viber x ТСН Политика Дата публикации 00:33, 03.01.22 Категория Политика Количество просмотров 37k Время на прочтение 2 мин Байден и Зеленский провели телефонные переговоры: что известно Байден подчеркнул, что в случае вторжения в Украину РФ получит ""решительный ответ"" от США и их союзников и партнеров. Автор публикации Оксана Сопрович Поделиться Поделиться: Facebook X Whatsapp Telegram Viber Скопировать ссылку © Associated Press Реклама Президент США Джо Байден в воскресенье, 2 января, провел телефонные переговоры с украинским лидером Владимиром Зеленским. Об этом сообщается на сайте Белого дома . Отмечается, что во время переговоров американский лидер четко дал понять, что в случае вторжения в Украину Россия получит ""решительный ответ"" от США и их союзников и партнеров. Реклама Читайте также Дата публикации 03:40, 31.12.21 Категория Политика Количество просмотров 3422 Стало известно, кто возглавит делегацию США на переговорах с РФ: подробности Автор публикации Елена Кузьмич ""Президент Байден выразил приверженность США, их союзников и партнеров принципу ""ничего о вас без вас"", — говорится в заявлении пресс-секретаря Белого дома Джен Псаки. Кроме того, американский лидер ""выразил поддержку мерам по укреплению доверия для деэскалации напряженности на Донбассе и активной дипломатии для продвижения имплементации Минских договоренностей в поддержку Нормандского формата"". Указывается, что Байден подтвердил приверженность США суверенитету и территориальной целостности Украины. Читайте также Дата публикации 02:48, 31.12.21 Категория Политика Количество просмотров 4039 Откровенный и деловой разговор о безопасности: что заявили в Кремле о переговорах президентов США и России Автор публикации Елена Кузьмич ""Лидеры также выразили поддержку дипломатическим усилиям, которые начнутся на следующей неделе по двустороннему диалогу о стратегической стабильности в НАТО через Совет Россия-НАТО и в Организации по безопасности и сотрудничеству в Европе"", — добавили в сообщении. Реклама Тем временем президент Украины Владимир Зеленский в своем микроблоге в Twitter подчеркнул , что первый международный разговор года с Джо Байденом ""доказывает особый характер"" дипломатических отношений между нашей страной и США. ""Обсудили общие действия Украины, США и партнеров по сохранению мира в Европе и недопущению дальнейшей эскалации, реформы и деолигархизацию. Ценим непреклонную поддержку Украины"", — написал украинский лидер. Напомним: Президент Джо Байден разговаривал по телефону с президентом России Владимиром Путиным . Глава американского государства призвал Россию к деэскалации напряженности с Украиной. Госсекретарь США Энтони Блинкен и министр иностранных дел Канады Мелани Жоли скоординировали свои действия в случае новой агрессии России против Украины. Ранее российский МИД обнародовал так называемый проект договора между Москвой и Вашингтоном о ""гарантиях безопасности"", где есть несколько пунктов, касающихся непосредственно Украины и ее интеграции в европейские и евроатлантические структуры. Также президенты России Владимир Путин и США Джо Байден договорились, что переговоры по безопасности состоятся в Женеве в январе. Дата публикации 07:16, 31.12.21 Количество просмотров 2538 Беседа Байдена и Путина: Россия разорвет отношения с США в случае введения санкций | Новости мира Новости партнеров Новости партнеров Реклама Дата публикации 00:33, 03.01.22 Количество просмотров 37k Поделиться Поделиться: Facebook X Whatsapp Telegram Viber Скопировать ссылку Дата публикации 23:46, 02.01.22 Категория Эксклюзив ТСН Количество просмотров 13k Время на прочтение 3 мин Избавиться от хлама и излучать спокойствие: как настроиться на 2022 год — год Тигра Главное верить в свои силы, поддерживать настроение, и тогда каждый день года будет успешным и счастливым. Автор публикации Иван Воробьев Поделиться Поделиться: Facebook X Whatsapp Telegram Viber Скопировать ссылку © УНИАН Читать новость полностью → Реклама Реклама Дата публикации 23:16, 02.01.22 Категория Мир Количество просмотров 6290 Время на прочтение 1 мин В США два десятка человек застряли в новогоднюю ночь на канатной дороге и провели там всю ночь Инцидент произошел из-за непогоды — кабели покрылись льдом. Поделиться Поделиться: Facebook X Whatsapp Telegram Viber Скопировать ссылку Читать новость полностью → Дата публикации 23:07, 02.01.22 Категория Астрология Количество просмотров 14k Время на прочтение 3 мин Лунный календарь стрижек на январь-2022: когда стричь, красить и оздоравливать волосы Луна воздействует на все сферы нашей жизни, прежде всего – на состояние волос. Автор публикации Мила Королева Поделиться Поделиться: Facebook X Whatsapp Telegram Viber Скопировать ссылку © Credits Читать новость полностью → Дата публикации 23:06, 02.01.22 Категория Астрология Количество просмотров 6105 Время на прочтение 2 мин Гороскоп болезней для всех знаков Зодиака на 3-9 января: кому на что обратить внимание Звезды могут рассказать нам о состоянии нашего здоровья ничуть не хуже докторов. Автор публикации Мила Королева Поделиться Поделиться: Facebook X Whatsapp Telegram Viber Скопировать ссылку © Credits Читать новость полностью → Лента новостей Дата публикации 05:20, 10.03.26 Количество просмотров 14 ЕС выполнит обязательства по кредиту для Украины — фон дер Ляен Дата публикации 05:00, 10.03.26 Количество просмотров 86 Астрологический прогноз на 10 марта Дата публикации 04:40, 10.03.26 Количество просмотров 234 Трамп рассказал, какую пользу ожидает от Путина Дата публикации 03:59, 10.03.26 Количество просмотров 245 В «Трампе» заявили о возможном возобновлении военного призыва в США Реклама Дата публикации 03:21, 10.03.26 Количество просмотров 613 Эксперт объяснила, для кого Ощадбанк вез изъятые Венгрией золотые слитки Дата публикации 02:40, 10.03.26 Количество просмотров 225 Ночью в Харькове раздался взрыв — СМИ Следующая публикация Погода Война Владимир Зеленский Курс валют Отключение электроэнергии Контакты facebook youtube tiktok instagram telegram viber x PUSH Уведомления RSS Лента Google News Гороскоп Гороскоп на 9 марта для всех знаков Зодиака Зодиакальный гороскоп на март 2026 года Какой сегодня день Какой праздник 9 марта в Украине и мире Животное-покровитель 2026 День ангела сегодня Именины 9 марта 2026 года Привітання з Днем народження Церковный праздник сегодня Церковный праздник 9 марта 2026 года Погода Прогноз погоды на 9 марта 2026 года Курс валют Сколько стоят доллар, евро и злотый на 9 марта 2026 года Курьезы На 4000-летней пирамиде появились новые рисунки В Италии открыли потерянный город Древнего Рима Действительно ли каждый 200-й мужчина — потомок Чингисхана Разное Никогда не выбрасывайте эти старые вещи из бабушкиных квартир Как защитить сад от тли и удвоить урожай Врачи назвали семь категорий людей, которым кофе запрещен Мир Норвегия ужесточает правила въезда для военнообязанных украинцев Телеканалы Грузии распространяют ложь о войне в Украине В Германии презентовали новую военную разработку Популярные теги Владимир Зеленский Дональд Трамп Війна Отключение света Вооружение и армия Сколько стоят ракеты Tomahawk и можно ли их купить Ракеты «Фламинго» - оружие, которое заставит Россию пойти на компромисс Украина показала свою новую ракету «Нептун» Ракета ""Орешник"": все последние новости Советы 4 вещи, которые не стоит брать с собой в новое жилье Привычка, от которой стоит отказаться уже сегодня Новый утренний ритуал может наполнить вас энергией на целый день Онлайн-медиа ТСН. 04080, г. Киев, ул. Кириловская, дом 23. Телефон — 044 490 01 01 . Адрес электронной почты — feedback@tsn.ua . Идентификатор онлайн-медиа в Реестре cубъектов в сфере медиа — R40-05195 Приступая к использованию Сайта, Пользователь этим подтверждает, что достиг 21-летнего возраста. В случае, если Вы не достигли 21-летнего возраста — не начинайте или прекратите пользование Сайтом. Администрация Сайта не несет ответственности за законность использования Сайта и его сервисов Пользователем, не достигшим 21-летнего возраста Все фотографические произведения, размещённые на этом сайте с ссылкой на агентство Getty Images, не подлежат дальнейшему воспроизведению и/или распространению в любой форме без письменного разрешения ООО «ГЛОБАЛ ІМІДЖЕС ЮКРЕЙН».",push,"The article discusses the potential military aggression by Russia towards Ukraine, and the United States' response to this threat, which could lead to an increase in people leaving Ukraine.",mistral:7b,push,"The article discusses the potential military aggression by Russia towards Ukraine, and the United States' response to this threat, which could lead to an increase in people leaving Ukraine.",article,4
20220102,41,PRESIDENT,RUSSIA,https://tsn.ua/ru/politika/bayden-i-zelenskiy-proveli-telefonnye-peregovory-chto-izvestno-1945450.html,unclear,<URL identical to previous row>,mistral:7b,,,,"Байден и Зеленский провели телефонные переговоры: что известно — Политика ТСН в социальных сетях facebook youtube tiktok instagram telegram viber x ru Язык сайта ua en Меню Сегодня: втр, 10 марта Курс валют: $43.70 €50.46 Погода: +17° Локация: Киев Все публикации Лучшее с YouTube Эксклюзив ТСН Украина Политика Война Гламур Проспорт Леди Здоровье Астрология Видео Рецепты Экономика Киев Львов Курьезы Популярные теги Выпуски ТСН Мир Туризм Авто Наука и IT Помощь Другое Редакция Еще Live поиск Live Все публикации Лучшее с YouTube Эксклюзив ТСН Украина Политика Война Гламур Проспорт Леди Здоровье Астрология Видео Рецепты Экономика Киев Львов Курьезы Популярные теги Выпуски ТСН Мир Туризм Авто Наука и IT Помощь Другое Редакция Локация: Киев ТСН в социальных сетях facebook youtube tiktok instagram telegram viber x ТСН Политика Дата публикации 00:33, 03.01.22 Категория Политика Количество просмотров 37k Время на прочтение 2 мин Байден и Зеленский провели телефонные переговоры: что известно Байден подчеркнул, что в случае вторжения в Украину РФ получит ""решительный ответ"" от США и их союзников и партнеров. Автор публикации Оксана Сопрович Поделиться Поделиться: Facebook X Whatsapp Telegram Viber Скопировать ссылку © Associated Press Реклама Президент США Джо Байден в воскресенье, 2 января, провел телефонные переговоры с украинским лидером Владимиром Зеленским. Об этом сообщается на сайте Белого дома . Отмечается, что во время переговоров американский лидер четко дал понять, что в случае вторжения в Украину Россия получит ""решительный ответ"" от США и их союзников и партнеров. Реклама Читайте также Дата публикации 03:40, 31.12.21 Категория Политика Количество просмотров 3422 Стало известно, кто возглавит делегацию США на переговорах с РФ: подробности Автор публикации Елена Кузьмич ""Президент Байден выразил приверженность США, их союзников и партнеров принципу ""ничего о вас без вас"", — говорится в заявлении пресс-секретаря Белого дома Джен Псаки. Кроме того, американский лидер ""выразил поддержку мерам по укреплению доверия для деэскалации напряженности на Донбассе и активной дипломатии для продвижения имплементации Минских договоренностей в поддержку Нормандского формата"". Указывается, что Байден подтвердил приверженность США суверенитету и территориальной целостности Украины. Читайте также Дата публикации 02:48, 31.12.21 Категория Политика Количество просмотров 4039 Откровенный и деловой разговор о безопасности: что заявили в Кремле о переговорах президентов США и России Автор публикации Елена Кузьмич ""Лидеры также выразили поддержку дипломатическим усилиям, которые начнутся на следующей неделе по двустороннему диалогу о стратегической стабильности в НАТО через Совет Россия-НАТО и в Организации по безопасности и сотрудничеству в Европе"", — добавили в сообщении. Реклама Тем временем президент Украины Владимир Зеленский в своем микроблоге в Twitter подчеркнул , что первый международный разговор года с Джо Байденом ""доказывает особый характер"" дипломатических отношений между нашей страной и США. ""Обсудили общие действия Украины, США и партнеров по сохранению мира в Европе и недопущению дальнейшей эскалации, реформы и деолигархизацию. Ценим непреклонную поддержку Украины"", — написал украинский лидер. Напомним: Президент Джо Байден разговаривал по телефону с президентом России Владимиром Путиным . Глава американского государства призвал Россию к деэскалации напряженности с Украиной. Госсекретарь США Энтони Блинкен и министр иностранных дел Канады Мелани Жоли скоординировали свои действия в случае новой агрессии России против Украины. Ранее российский МИД обнародовал так называемый проект договора между Москвой и Вашингтоном о ""гарантиях безопасности"", где есть несколько пунктов, касающихся непосредственно Украины и ее интеграции в европейские и евроатлантические структуры. Также президенты России Владимир Путин и США Джо Байден договорились, что переговоры по безопасности состоятся в Женеве в январе. Дата публикации 07:16, 31.12.21 Количество просмотров 2538 Беседа Байдена и Путина: Россия разорвет отношения с США в случае введения санкций | Новости мира Новости партнеров Новости партнеров Реклама Дата публикации 00:33, 03.01.22 Количество просмотров 37k Поделиться Поделиться: Facebook X Whatsapp Telegram Viber Скопировать ссылку Дата публикации 23:46, 02.01.22 Категория Эксклюзив ТСН Количество просмотров 13k Время на прочтение 3 мин Избавиться от хлама и излучать спокойствие: как настроиться на 2022 год — год Тигра Главное верить в свои силы, поддерживать настроение, и тогда каждый день года будет успешным и счастливым. Автор публикации Иван Воробьев Поделиться Поделиться: Facebook X Whatsapp Telegram Viber Скопировать ссылку © УНИАН Читать новость полностью → Реклама Реклама Дата публикации 23:16, 02.01.22 Категория Мир Количество просмотров 6290 Время на прочтение 1 мин В США два десятка человек застряли в новогоднюю ночь на канатной дороге и провели там всю ночь Инцидент произошел из-за непогоды — кабели покрылись льдом. Поделиться Поделиться: Facebook X Whatsapp Telegram Viber Скопировать ссылку Читать новость полностью → Дата публикации 23:07, 02.01.22 Категория Астрология Количество просмотров 14k Время на прочтение 3 мин Лунный календарь стрижек на январь-2022: когда стричь, красить и оздоравливать волосы Луна воздействует на все сферы нашей жизни, прежде всего – на состояние волос. Автор публикации Мила Королева Поделиться Поделиться: Facebook X Whatsapp Telegram Viber Скопировать ссылку © Credits Читать новость полностью → Дата публикации 23:06, 02.01.22 Категория Астрология Количество просмотров 6105 Время на прочтение 2 мин Гороскоп болезней для всех знаков Зодиака на 3-9 января: кому на что обратить внимание Звезды могут рассказать нам о состоянии нашего здоровья ничуть не хуже докторов. Автор публикации Мила Королева Поделиться Поделиться: Facebook X Whatsapp Telegram Viber Скопировать ссылку © Credits Читать новость полностью → Лента новостей Дата публикации 05:20, 10.03.26 Количество просмотров 14 ЕС выполнит обязательства по кредиту для Украины — фон дер Ляен Дата публикации 05:00, 10.03.26 Количество просмотров 86 Астрологический прогноз на 10 марта Дата публикации 04:40, 10.03.26 Количество просмотров 234 Трамп рассказал, какую пользу ожидает от Путина Дата публикации 03:59, 10.03.26 Количество просмотров 245 В «Трампе» заявили о возможном возобновлении военного призыва в США Реклама Дата публикации 03:21, 10.03.26 Количество просмотров 613 Эксперт объяснила, для кого Ощадбанк вез изъятые Венгрией золотые слитки Дата публикации 02:40, 10.03.26 Количество просмотров 225 Ночью в Харькове раздался взрыв — СМИ Следующая публикация Погода Война Владимир Зеленский Курс валют Отключение электроэнергии Контакты facebook youtube tiktok instagram telegram viber x PUSH Уведомления RSS Лента Google News Гороскоп Гороскоп на 9 марта для всех знаков Зодиака Зодиакальный гороскоп на март 2026 года Какой сегодня день Какой праздник 9 марта в Украине и мире Животное-покровитель 2026 День ангела сегодня Именины 9 марта 2026 года Привітання з Днем народження Церковный праздник сегодня Церковный праздник 9 марта 2026 года Погода Прогноз погоды на 9 марта 2026 года Курс валют Сколько стоят доллар, евро и злотый на 9 марта 2026 года Курьезы На 4000-летней пирамиде появились новые рисунки В Италии открыли потерянный город Древнего Рима Действительно ли каждый 200-й мужчина — потомок Чингисхана Разное Никогда не выбрасывайте эти старые вещи из бабушкиных квартир Как защитить сад от тли и удвоить урожай Врачи назвали семь категорий людей, которым кофе запрещен Мир Норвегия ужесточает правила въезда для военнообязанных украинцев Телеканалы Грузии распространяют ложь о войне в Украине В Германии презентовали новую военную разработку Популярные теги Владимир Зеленский Дональд Трамп Війна Отключение света Вооружение и армия Сколько стоят ракеты Tomahawk и можно ли их купить Ракеты «Фламинго» - оружие, которое заставит Россию пойти на компромисс Украина показала свою новую ракету «Нептун» Ракета ""Орешник"": все последние новости Советы 4 вещи, которые не стоит брать с собой в новое жилье Привычка, от которой стоит отказаться уже сегодня Новый утренний ритуал может наполнить вас энергией на целый день Онлайн-медиа ТСН. 04080, г. Киев, ул. Кириловская, дом 23. Телефон — 044 490 01 01 . Адрес электронной почты — feedback@tsn.ua . Идентификатор онлайн-медиа в Реестре cубъектов в сфере медиа — R40-05195 Приступая к использованию Сайта, Пользователь этим подтверждает, что достиг 21-летнего возраста. В случае, если Вы не достигли 21-летнего возраста — не начинайте или прекратите пользование Сайтом. Администрация Сайта не несет ответственности за законность использования Сайта и его сервисов Пользователем, не достигшим 21-летнего возраста Все фотографические произведения, размещённые на этом сайте с ссылкой на агентство Getty Images, не подлежат дальнейшему воспроизведению и/или распространению в любой форме без письменного разрешения ООО «ГЛОБАЛ ІМІДЖЕС ЮКРЕЙН».",push,President Biden underlined that in case of invasion in Ukraine Russia will get 'resolute response' from USA and their allies and partners.,mistral:7b,push,President Biden underlined that in case of invasion in Ukraine Russia will get 'resolute response' from USA and their allies and partners.,article,4
20220102,10,MINIST OF HEALTH,,https://www.mdzol.com/sociedad/2022/1/2/coronavirus-en-argentina-mas-de-20000-casos-23-fallecidos-212523.html,push,coronavirus,mistral:7b,,,,,,,mistral:7b,push,coronavirus,url_1,4
20220102,10,DOCTOR,,https://pronedra.ru/v21-pervye-pervye-simptomy-pnevmonii-pomogut-svoevremenno-nachat-lechenie-i-soxranit-zhizn-439639.html,pull,asylum,mistral:7b,,,,,,,mistral:7b,pull,asylum,url_1,4
20220102,13,HOSPITAL,,https://pronedra.ru/v21-pervye-pervye-simptomy-pnevmonii-pomogut-svoevremenno-nachat-lechenie-i-soxranit-zhizn-439639.html,pull,asylum,mistral:7b,,,,,,,mistral:7b,pull,asylum,url_1,4
20220102,193,DOCTOR,POLICE OFFICER,https://pronedra.ru/v21-pervye-pervye-simptomy-pnevmonii-pomogut-svoevremenno-nachat-lechenie-i-soxranit-zhizn-439639.html,pull,asylum,mistral:7b,,,,,,,mistral:7b,pull,asylum,url_1,4
20220102,193,DOCTOR,POLICE OFFICER,https://www.mngz.ru/russia-world-sensation/2463989-v-gorode-rezh-sotrudnikami-sledstvennogo-komiteta-vozbuzhdeno-ugolovnoe-delo-po-faktu-ubiystva-iz-revnosti-medic.html,push,murders-out-of-jealousy-medic,mistral:7b,,,,,,,mistral:7b,push,'ubiystva-iz-revnosti-medic',url_1,4
20220102,193,DOCTOR,POLICE OFFICER,https://www.mngz.ru/russia-world-sensation/2463989-v-gorode-rezh-sotrudnikami-sledstvennogo-komiteta-vozbuzhdeno-ugolovnoe-delo-po-faktu-ubiystva-iz-revnosti-medic.html,neutral,unclear,mistral:7b,,,,,,,mistral:7b,neutral,unclear,url_1,4
20220102,172,HAITI,,https://www.diariolibre.com/actualidad/sucesos/2022/01/02/acusan-ganaderos-de-provocar-incendios-en-sierra-de-bahoruco/1563459,push,'cause fires',mistral:7b,,,,,,,mistral:7b,push,'cause fires',url_1,4
20220102,90,THE EUROPEAN UNION,,https://lugradar.net/2022/01/337336,unclear,unclear,mistral:7b,,,,"Содержание:

Пари Матч представляет собой гиганта в сфере организации азартных развлечений. Проект имеет колоссальный опыт в гемблинге. БК Париматч взял свое начало еще в далеком 1994 году и очень быстро завоевал расположение не только ценителей спорта, но и любителей азартных игр. Сегодня бренд является одной из самых популярных площадок на рынке Украины и за рубежом. Партнерами букмекера являются разработчики игрального софта с мировым именем, благодаря чему пользователи Parimatch получают только качественные и безопасные услуги. Parimatch имеет лицензию от правительства Кюрасао (no. 157), что позволяет предоставлять услуги онлайн-казино и ставок на спорт на международном уровне.

⚠️ Некоторые ссылки на сайте являются партнёрскими. Это значит, что мы можем получать комиссию, если вы зарегистрируетесь или сделаете депозит по одной из них. Это не влияет на содержание и оценки, но помогает развивать проект.

Преимущества Parimatch

Преимущество Описание 🔒 Надежность и безопасность Современные технологии шифрования обеспечивают защиту данных и честность игр. 🎲 Широкий выбор азартных игр и ставок Большой ассортимент спортивных событий, казино, покера и других развлечений. 💳 Простая и удобная система ввода и вывода средств Быстрые транзакции через популярные платежные системы. 🎁 Щедрые бонусы и интересные турниры Программы лояльности, кэшбэки и розыгрыши для активных пользователей. 📱 Мгновенный доступ с любого устройства Удобные мобильные приложения и адаптивный веб-сайт. 🛎️ Квалифицированная поддержка 24/7 Оперативные ответы через чат, email и телефон. ✅ Сертифицированные игры от мировых брендов Все слоты и лайв-игры проходят независимое тестирование (например, eCOGRA) на честность и соответствие заявленному RTP. 🧾 Лицензия Curaçao Gaming Authority under the National Ordinance on Games of Chance (LOK), P.B. 2024, no. 157

⚠️ Азартные игры могут вызывать зависимость. Перед тем как начать — оцените свои риски. Рекомендуем ознакомиться с разделом ""Ответственная игра"".

Parimatch — это платформа, которая сочетает высококлассный сервис с комфортом для каждого пользователя. Присоединяйтесь к миру развлечений и испытайте удачу с лучшими играми и ставками на спорт!

Регистрация в БК Париматч

Создание учетной записи занимает немного больше времени нежели авторизация, но эта процедура является одноразовой. Для создания профиля на сайте Pari Match может быть использован как номер мобильного телефона, так и адрес электронной почты. Не смотря на возможность выбора рекомендуется указать в личной анкете пользователя всю информацию, так как ее объем позволит пройти верификацию личности гораздо быстрее. Перед созданием профиля на сайте, рекомендуется внимательно ознакомиться с правилами проекта во избежание неприятных сюрпризов.

Чтобы создать аккаунт придерживайтесь простых шагов:

Зайдите на сайт беттинг-компании с использованием любого удобного устройства. Далее найдите кнопку ""Регистрация"", которая расположена в верхнем углу. После ее нажатия откроется форма, которую нужно заполнить, для создания персонального аккаунта. Укажите в первом поле свой e-mail. В следующей ячейке пропишите пароль, чтобы сделать его надежным, нужно следовать рекомендациям организатора.

После заполнения формы нажмите кнопку ""Зарегистрироваться"", это действие запускает отправку данных на сервер, где информация будет закреплена за конкретным игроком.

Чтобы иметь возможность играть на деньги, необходимо подтвердить свою личность с помощью документа. Для прохождения верификации потребуется зайти в личный кабинет и перейти в раздел ""Подтвердить учетную запись"". Далее нужно выбрать подходящий тип документа и загрузить его фотографии.

Вход в Париматч

Создание учетной записи необходимо не только для организатора, но и для самого пользователя. Благодаря персональному аккаунту, помимо прочего, игрок получает важную возможность вести учет своих действий и контролировать свои траты на развлечения. Организатору такой подход позволяет вести учет пользователей и отчитываться перед регулятором о своей деятельности. Учетная запись в казино также позволяет геймеру защитить свои интересы, так как в случае каких-либо споров между игроком и организатором, регулятор помогает в разрешении подобных ситуаций с учетом интересов обеих сторон.

Вход в Пари Матч доступен с различных устройств и имеет простой алгоритм действий:

Мобильная версия Parimatch

Если вы хотите войти в личный кабинет Париматч без использования специального приложения, то необходимо придерживаться следующей инструкции:

Откройте браузер на мобильном телефоне. С помощью него зайдите на сайт Париматч. В правом верхнем углу найдите кнопку ""Войти"". После ее нажатия откроется новое окно с формой для входа. Выберите один из доступных способов для авторизации: номер телефона, номер счета и электронная почта. В соответствии с выбранной вкладкой укажите данные в первом поле. Далее впишите пароль от учетной записи. Перед завершением авторизации необходимо проверить правильность введенных данных. Завершить процедуру входа можно клавишей ""Войти"".

💡 Совет от пользователей: если не приходит SMS-код — проверьте правильность номера и повторите попытку через 2 минуты. Если проблема сохраняется, обратитесь в поддержку через онлайн-чат.

Приложение Париматч

Процедура авторизации с помощью мобильного приложения идентична мобильной версии сайта, но прежде чем войти в свой аккаунт, необходимо скачать программу на устройство. Приложение доступно на гаджетах с любой операционной системой. Чтобы его скачать, необходимо зайти на официальный сайт Parimatch и на главной странице найти кнопку ""Скачать приложение"", далее откроется новая страница, на которой нужно выбрать тип своей операционной системы, после чего начнется загрузка. В случае, если загрузка не началась, рекомендуется проверить настройки и при необходимости дать разрешение на загрузку и установку приложений через браузер. Когда настройки будут изменены, необходимо повторить попытку. После того как приложение загрузилось на устройство, нужно установить его и перейти к авторизации.

Запустите приложение и укажите логин и пароль от своего аккаунта, подтвердите ввод с помощью кнопки ""Войти"".

Вход на сайт Париматч через компьютер

Концепт авторизации с помощью компьютера практически не отличается своим алгоритмом. Для этого нужно зайти на сайт Parimatch используя браузер своего компьютера, а далее указать данные от своего аккаунта.

Личный кабинет Париматч

После создания персонального аккаунта в БК Пари-Матч игрок получает доступ к расширенному функционалу и виртуальному игровому счету. В меню личного кабинета доступны следующие функции:

пополнение игрового счета и вывод средств;

выбор и активация бонусов;

статистика использованных поощрений от букмекера;

финансовая отчетность с возможностью фильтра по дате;

изменение персональных данных пользователя;

прохождение верификации;

помощь менеджера;

настройки аккаунта.

Профиль игрока Париматч дает возможность полноценно использовать функционал букмекерской конторы и раздела с играми казино.

Париматч является лидером среди организаторов азартных развлечений. Чтобы присоединиться к сообществу беттеров проекта важно пройти регистрацию, внимательно ознакомиться с условиями проекта и предоставить максимально правдивую информацию о себе. Каждый пользователь бренда Pari Match получает уникальную возможность насладиться высококлассным контентом и улучшить свое финансовое положение получая при этом удовольствие от любимых игр. Персональные данные полученные от пользователей проектом подвергаются шифрованию и хранятся на защищенных серверах. Благодаря чему Пари Матч входит в топ самых безопасных и конфиденциальных игровых проектов.

Проблемы со входом в Париматч

Рассмотрим популярные ситуации, которые могут возникнуть на этапе авторизации в личный кабинет Parimatch. Одна из самых распространенных проблем- это блокировка ресурса. Причин для блокировки может быть много, но чаще всего это связано с территориальными ограничениями. В некоторых странах и регионах азартные развлечения запрещены на законодательном уровне. В таком случае рекомендуется воспользоваться дополнительными инструментами для беспрепятственного доступа к учетной записи, такими как VPN и Proxy. Они работают по принципу смены id игрока, благодаря чему позволяют получить доступ к игровой площадке.

Вторая сложность, которая может возникнуть, это потеря доступа к аккаунту. В таком случае стоит убедиться, что все данные для входа указаны корректно. Если войти так и не удалось, то варианта два: сброс пароля и помощь специалиста Париматч.

Чтобы сбросить пароль необходимо воспользоваться специальной формой нажав кнопку ""Забыл пароль"", после чего нужно указать электронную почту или номер телефона, и следовать дальнейшей инструкции организатора.

Чтобы обратиться за помощью к менеджеру нужно нажать соответствующую кнопку и описать свою проблему. Специалисты Parimatch работают круглосуточно и владеют всей необходимой информацией для решения любого рода сложностей.

Казино Parimatch

П",neutral,The article is about a gambling company and does not discuss conditions that would cause people to leave or arrive in any specific country.,mistral:7b,neutral,The article is about a gambling company and does not discuss conditions that would cause people to leave or arrive in any specific country.,article,4
20220102,43,UNITED NATIONS,,http://www.hispantv.com/noticias/palestina/535010/preso-israel-huelga-hambre,unclear,unclear,mistral:7b,,,,,unclear,,mistral:7b,unclear,,article,4
20220102,20,ISRAELI,WORKER,https://g1.globo.com/mundo/noticia/2022/01/02/israel-comeca-a-aplicar-quarta-dose-da-vacina-contra-a-covid.ghtml,pull,'quarta-dose-da-vacina',mistral:7b,,,,,,,mistral:7b,pull,'quarta-dose-da-vacina',url_1,4
20220102,51,ISRAEL,PALESTINE,http://www.hispantv.com/noticias/palestina/535010/preso-israel-huelga-hambre,push,'prisoner-israel-hunger-strike',mistral:7b,,,,,,,mistral:7b,push,'prisoner-israel-hunger-strike',url_1,4
20220102,53,ISRAEL,PALESTINE,http://www.hispantv.com/noticias/palestina/535010/preso-israel-huelga-hambre,unclear,unclear,mistral:7b,,,,,unclear,,mistral:7b,unclear,,article,4
20220102,142,ISRAEL,PALESTINE,http://www.hispantv.com/noticias/palestina/535010/preso-israel-huelga-hambre,unclear,unclear,mistral:7b,,,,,unclear,,mistral:7b,unclear,,article,4
20220102,42,JORDAN,,https://alghad.com/%D9%85%D8%B9%D8%B1%D8%B6-%D8%A3%D8%B1%D8%AF%D9%86%D9%8A-%D9%84%D9%84%D8%AA%D8%AC%D8%A7%D8%B1%D8%A9-%D9%88%D8%A7%D9%84%D8%AE%D8%AF%D9%85%D8%A7%D8%AA-%D9%8A%D9%86%D8%B7%D9%84%D9%82-%D9%81%D9%8A-%D8%B3/,unclear,unclear,mistral:7b,,,,,unclear,,mistral:7b,unclear,,article,4
20220102,234,FEDERAL COURT,,https://www.elmanana.com/cae-ex-rector-de-la-uabjo-por-fraude/5475695,neutral,URL token does not provide clear indication of migration pressure,mistral:7b,,,,,,,mistral:7b,neutral,URL token does not provide clear indication of migration pressure,url_1,4
20220102,84,JUDGE,,https://www.vesti-online.com/stopiran-otkaz-za-nevakcinisanog-cuvara-reda/,push,ex-rector (implied departure) due to fraud,mistral:7b,,,,,,,mistral:7b,push,ex-rector (implied departure) due to fraud,url_1,4
20220102,173,PUBLIC PROSECUTOR,,https://www.hoydiariodelmagdalena.com.co/archivos/613776,unclear,URL token does not provide clear indication of migration pressure,mistral:7b,,,,"En diálogo con Enrique Gómez Martínez, abogado de la familia y sobrino del asesinado líder conservador Álvaro Gómez Hurtado, explicó en La FM los pormenores de los documentos del archivo de vigilancia del (Departamento Administrativo de Seguridad) DAS, a los que recientemente lograron acceder y que daría más luces para esclarecer los hechos que rodean el magnicidio ejecutado el 2 de noviembre de 1995.

Gómez Martínez relató que desde hace 5 años se ha librado una lucha compleja para que se revelen en su totalidad los archivos de vigilancia del DAS y tras ganar una tutela que permitió el acceso a esa documentación se logró encontrar varias referencias relacionadas sobre la investigación de la muerte de Álvaro Gómez Hurtado.

El abogado sostiene que hay varias evidencias sobre diferentes perfilamientos sistemáticos que ejecutó la división de inteligencia a todos los opositores y críticos del entonces presidente Enrique Samper Pizano y entre estas personas figura Gómez Hurtado.

«Estamos esperando poder confirmar la época en que fueron realizados estos seguimientos y queremos establecer si en esos seguimientos hubo interceptaciones telefónicas».

De igual manera, Enrique Gómez Martínez sostiene que halló evidencia que demuestra que en ninguno de los diferentes boletines que el DAS generaba para el presidente Samper, se habló sobre una presunta conspiración militar o golpista en su contra.

El abogado precisó que en dichos documentos también se descartó que la muerte de Álvaro Gómez Hurtado estuviese relacionada con un supuesto golpe de estado.

«El DAS descartó en 1995 la hipótesis que indica que la muerte de Álvaro Gómez se produjo en un fallido golpe de estado, Ramiro Bejarano durante años ha venido diciendo mentiras al país, estos informes deben ser puestos en conocimiento entre las partes del caso».

“Eso dio lugar a dos tutelas y de ahí vimos como la administración Santos con la asesoría de Ramiro Bejarano (director del DAS en la época en la que ocurrió el asesinato de Gómez Hurtado), desmontó los archivos del DAS; pero por cosas de la vida, la verdad siempre brilla y brota, han aparecido los archivos de seguimiento del DAS (…)”.

Gómez Martínez también señaló que la mafia también estuvo relacionada con la muerte de Gómez Hurtado, pues a Orlando Heano, jefe del cartel del Norte del Valle, se le solicitó que asesinara a Álvaro Gómez Hurtado a cambio de mejores beneficios en su proceso de entrega a las autoridades.

«Heano accedió y esta operación contó con la participación del entonces director del Gaula, Danilo Alfonso González».

La siniestra nota de Laude Fernández

El exdirector de inteligencia del DAS Laude Fernández, también está siendo investigado por su supuesta participación en interceptaciones ilegales a integrantes del sindicato de Avianca.

El abogado de la familia del político conservador aseguró que, Fernández también habría estado involucrado con los perfilamientos de los que fue objeto la víctima.

“Ya habíamos encontrado una siniestra nota de Laude Fernández, director de inteligencia de Ramiro Bejarano (no sé si el país recuerda porque está preso y cómo ha participado durante décadas, en todos los desarrollos del antiguo DAS), donde el primero de noviembre en una entrevista que Álvaro Gómez Hurtado, le concedió a la revista Diners, Laude Fernández, de alguna manera vaticinaba lo que iba a ocurrir al día siguiente, diciendo en su nota de comentario de revisión – Al que no quiere caldo se le dan dos tazas (…) – ”, dijo el abogado.

El abogado Gómez Martínez añadió que, se están agregando más pruebas al proceso por el crimen que fue considerado como de lesa humanidad.

“La extensión del tiempo no se ha determinado pero eran seguimientos personales; de inteligencia humana, seguimientos de inteligencia electrónica o lo que llamamos hoy día, ‘chuzadas’; lo que es claro es que había un trabajo de seguimiento personal”, añadió el jurista.

“Otros testigos que han declarado acreditan que en su momento, Danilo González, comandante del Gaula en el Gobierno de Ernesto Samper, recibió la orden de adelantar el homicidio pero parece que transcurrió muy poco tiempo entre el momento que recibió la orden y la puso en práctica, con la ayuda de Wilber Alirio Varela alias ‘Jabón’”, manifestó el abogado.

Agregó que, “me ha quedado la inquietud con base en qué inteligencia sabían el día, la hora y el lugar en que Álvaro Gómez Hurtado, dictaba sus clases en la Universidad Sergio Arboleda, aquel fatídico 2 de noviembre”.

Señaló que una de las hipótesis es que, desde el Gobierno se entregó información para facilitar que se cometiera el crimen.

“Pareciera que la respuesta es que posiblemente el Gobierno de Samper, le haya filtrado al cartel del Norte del Valle estos seguimientos para facilitar el homicidio”, sentenció.

Corte Suprema de Justicia

El abogado también anunció que ante el alto tribunal presentará las pruebas contra Horario Serpa Uribe quien para la época de los hechos, ocupaba el cargo de Ministro del Gobierno de Samper.

“Vamos a pedir la resolución de acusación contra Horacio Serpa, ahora la Corte Suprema de Justicia conoce el proceso en su contra a través de la Fiscalía delegada porque él, era aforado como exministro del Interior del Gobierno de Ernesto Samper y trasladaremos esas pruebas ante la Comisión de Acusaciones”, dijo.

Manifestó que, “queremos que al cumplirse 25 años de impunidad que se conmemoran en noviembre; se lleven a juicio esas pruebas”.

Aseguró, que no busca que el expresidente Ernesto Samper sea condenado pero que sí, se conozcan las pruebas.

“Querían enterrar estas pruebas con la complicidad de fiscales patrocinados por Ernesto Samper y que no se pudieran conocer: cuatro casas criminales confirmando la realización del homicidio por parte de Orlando Henao a solicitud de Ernesto Samper y Horacio Serpa, esas pruebas deben ir a juicio”, aseguró en su entrevista.

El abogado Gómez Martínez también cuestionó el trino de la exsenadora Piedad Córdoba, en el que advierte que la reunión entre el expresidente Juan Manuel Santos, exministro Cristo, senador Cepeda, Rodrigo Londoño ‘Timochenko’ y Carlos Lozada, permitirá descubrir qué sucedió con el crimen del destacado político conservador.

Fuente: LA FM

You can use this method to make deposits in instant Bank Transfer casino NZ. In most cases, you can do so by supplying your bank details. If you don’t have an account in NZ, you may be required to pay an additional fee. Once you’ve made the deposit, you can play! In some cases, the minimum deposit for this method is NZ$10, although it can range from $10 to $50. Depending on your bank, the withdrawal time can take two to seven days.",push,"The article discusses investigations into the murder of Álvaro Gómez Hurtado, which implicates various individuals and organizations including government officials and a criminal cartel. This suggests conditions that may cause people to leave the country due to violence, persecution, and repression.",mistral:7b,push,"The article discusses investigations into the murder of Álvaro Gómez Hurtado, which implicates various individuals and organizations including government officials and a criminal cartel. This suggests conditions that may cause people to leave the country due to violence, persecution, and repression.",article,4
20220102,10,LAWYER,MELBOURNE,https://www.vesti-online.com/samo-pisani-testament-je-vazeci/,neutral,URL token does not provide clear indication of migration pressure,mistral:7b,,,,,,,mistral:7b,neutral,URL token does not provide clear indication of migration pressure,url_1,4
20220102,114,PUBLIC PROSECUTOR,OAXACA,https://oaxaca.eluniversal.com.mx/municipios/denuncian-ante-el-ieepco-edil-de-ocotlan-oaxaca-por-violencia-politica-de-genero,unclear,URL token does not provide clear indication of migration pressure,mistral:7b,,,,"Ocotlán de Morelos Marina Martínez y Juana Pacheco Díaz interpusieron una denuncia ante el Instituto Estatal Electoral y de Participación Ciudadana de Oaxaca (IEEPCO) contra el presidente municipal Luis Martínez Aquino, a quien acusan de ejercer violencia política contra las mujeres en razón de género.



Oaxaca de Juárez .- Las regidoras dedeinterpusieron una denuncia ante el Instituto Estatal Electoral y de Participación Ciudadana de Oaxaca () contra el, a quien acusan de ejercercontra las mujeres en razón de

En conferencia de prensa, explicaron que el edil les quitó el nombramiento de regidoras de Obras y Mercados, respectivamente, porque no tenían el perfil para desempeñar ese cargo. A Marina Martínez le asignó la regiduría de Salud y Juana Pacheco la de Ecología.





“Ahora resulta que por compromisos políticos y económicos del presidente municipal con actores ajenos al municipio, se opone y me niega el derecho a que una ciudadana desempeñe la concejalía de Mercados, porque según él no tengo los estudios ni el perfil y que son órdenes de arriba”, aseguró Juana Pacheco.

“Mis derechos políticos fueron atropellados por ser mujer. Fui electa como Regidora de Obras y en la sesión de cabildo me presenta (el edil) como Regidora de Salud bajo el argumento de que no tengo el perfil”, afirmó Marina Martínez.

Adicionalmente interpusieron una denuncia por el delito de lesiones ante la Fiscalía General del Estado de Oaxaca, por los hechos de violencia que se registraron el 1 de enero, posterior a la toma de protesta del nuevo cabildo municipal.





En estos hecho violentos fue agredida Rufina Josefina Ramírez Martínez, de 60 años de edad, y madre de la regidora Marina Martínez. Los agresores fueron identificados como hijo y sobrino del regidor de Hacienda, Ernesto Sánchez Ramírez.





Las concejales afirmaron que la sesión de cabildo en las que les reasignaron las regidurías no se realizó dentro del marco legal porque se hizo a puerta cerrada, cuando la ley establece que las sesiones de cabildo deben ser públicas y abiertas a la ciudadanía.

Ambas también exigieron al edil Luis Martínez Aquino que cumpla su palabra y lo exhortaron a retomar el diálogo para solucionar este conflicto político que originó desde el primer día de gobierno de la nueva administración municipal de Ocotlán de Morelos.",push,"political violence against women, violation of political rights",mistral:7b,push,"political violence against women, violation of political rights",article,4
20220102,112,LAWYER,UNITED STATES,https://www.diariolibre.com/usa/revista/2022/01/02/juez-impide-que-bloqueo-de-demanda-contra-el-principe-andres/1563621,neutral,URL token does not provide clear indication of migration pressure,mistral:7b,,,,,,,mistral:7b,neutral,URL token does not provide clear indication of migration pressure,url_1,4
20220102,30,EMPLOYEE,,https://es.investing.com/news/stock-market-news/goldman-sachs-pide-a-sus-empleados-estadounidenses-que-trabajen-desde-casa-hasta-el-18-de-enero-2199115,pull,Goldman Sachs asks US employees to work from home until Jan 18 (implies job security and remote work opportunities),mistral:7b,,,,,,,mistral:7b,pull,Goldman Sachs asks US employees to work from home until Jan 18 (implies job security and remote work opportunities),url_1,4
20220102,10,CONGRESS,,https://www.telemundo.com/noticias/noticias-telemundo/clima/no-esto-no-es-una-broma-llovieron-peces-en-texas-poco-antes-de-fin-de-rcna10639,mixed,"rain of fish in Texas (push due to disaster, pull due to news coverage attracting attention)",mistral:7b,,,,,,,mistral:7b,mixed,"rain of fish in Texas (push due to disaster, pull due to news coverage attracting attention)",url_1,4
20220102,10,STATE DUMA,,https://www.ridus.ru/news/370096,unclear,URL token does not provide clear indication of migration pressure,mistral:7b,,,,"IT-комитет Госдумы назвал главные события года для цифровой индустрии найти × предложить новость Войти Поиск Картина дня Гражданская журналистика Интересное Полезное Развлечения Авторские колонки Сюжеты Тэги Фото репортаж Еще Гороскопы Авто Бизнес Военное дело Военные конфликты Видео Город Дизайн Еда Животные Здоровье Знаменитости Интернет История Кино Космос Криминал Компьютерные игры Культура Литература Музыка Наука и техника Недвижимость Образование Общество Погода Политика Право Происшествия Путешествия Расследования Религия СМИ Советы Спорт Стиль Тесты Технологии Фоторепортаж Экология Экономика Юмор Авторские колонки Фоторепортажи Бездна Нет логина? Зарегистрируйтесь ! Добро пожаловать! Войти через социальные сети: Facebook vKontakte Google+ Twitter Войти как пользователь ""РИДУС"": Запомнить меня Забыли пароль? Восстановить При регистрации и входе вы соглашаетесь с условиями использования сайта и политикой обработки данных Войти в систему Закрыть + 0 − Сохранить Сохранено 7 × IT-комитет Госдумы назвал главные события года для цифровой индустрии Нет логина? Зарегистрируйтесь ! Добро пожаловать! Войти через социальные сети: Facebook vKontakte Google+ Twitter Войти как пользователь ""РИДУС"": Запомнить меня Забыли пароль? Восстановить Войти в систему Закрыть Картина дня Интернет Право 0 0 19724 IT-комитет Госдумы назвал главные события года для цифровой индустрии 03 января 2022 00:51 Максим Котов , Журналист «Ридуса». © pixabay.com Интернет стремится к превращению в зону безопасности, где пользователи смогут общаться, невзирая на границы, получать знания, несмотря на расстояния и удаленность их населенных пунктов, а также пользоваться госуслугами в один клик. Члены комитета Госдумы по информационной политике назвали самые важные события 2021 года, приближающие тренд на безопасную Сеть. Для обеспечения комфорта и безопасности обитателей Сети нижняя палата парламента в 2021 году приняла целый ряд знаковых законопроектов. Некоторые из законотворческих инициатив уже вступили в силу, что позволяет дать точную оценку их эффективности, напомнил глава IT-комитета Госдумы Александр Хинштейн. «Так, 1 февраля заработал закон, согласно которому социальные сети должны самостоятельно выявлять и блокировать запрещенный контент. С марта действует закон, который закрепил право граждан удалять свои персданные и отменять ранее данное ими согласие на обработку данных. Вспоминая принятые законопроекты, хочу отметить установление квоты на размещение соцрекламы в Сети (5%) по аналогии с ТВ и наружной рекламой. Закон о „приземлении“, реализацию которого наш Комитет по информационной политике и связи Госдумы будет оценивать самым детальным образом. Мы планируем уже в начале следующего года провести расширенное заседание Комитета, посвященное как раз реализации закона о „приземлении“, и пригласить туда всех представителей иностранных IT-гигантов, подпадающих под требования этого нормативного акта», — цитирует Хинштейна Telegram-канал думского IT-комитета. Не менее активно велась работа по защите россиян от киберпреступников и угроз цифрового пространства. Хинштейн перечислил эти инициативы: Введение административной ответственности и штрафы до миллиона рублей для операторов связи за пропуск так называемых «подменных номеров». Досудебная блокировка сайтов, торгующих поддельными документами, включая дипломы, права, военные билеты и сертификаты о вакцинации. Введение единых интернет-тарифов операторов для школ и других социально значимых объектов. Бесплатные СМС при двухфакторной идентификации на «Госуслугах». Зампредседателя IT-комитета Антон Горелкин в свою очередь перечислил вызовы, на которые предстоит отвечать и в наступившем 2022 году: «Я вижу три основных проблемы, которые нас очень беспокоят. Это рост киберпреступности, и законодательные инициативы в этом направлении, безусловно, будут. Это защита персональных данных наших граждан — это большое направление, которое нуждается в доработке, развитии и обсуждении с бизнесом обязательно. Здесь, я думаю, будут инициативы. Третье направление, которое нас беспокоит, это вопросы манипулирования общественным мнением. Манипулирования пользователями. Речь идет, прежде всего, о социальных сетях и видеохостингах. Речь идет о специально настроенных рекомендательных алгоритмах», — подчеркнул парламентарий. Телеграм Дзен Подписывайтесь на наши каналы и первыми узнавайте о главных новостях и важнейших событиях дня. Нам важно ваше мнение! + 0 − Комментарии ( 0 ) От редакции Комментировать главное за сегодня Израиль начал наземную операцию против «Хезболлы» на юге Ливана В странах ЕС недовольны публичной позицией фон дер Ляйен по Ирану Россияне оценили бесплатную медицину и образование выше свободы слова Гороскопы Авто Бизнес Военное дело Военные конфликты Видео Город Дизайн Еда Животные Здоровье Знаменитости Интернет История Кино Космос Криминал Компьютерные игры Культура Литература Музыка Наука и техника Недвижимость Образование Общество Погода Политика Право Происшествия Путешествия Расследования Религия СМИ Советы Спорт Стиль Тесты Технологии Фоторепортаж Экология Экономика Юмор Картина дня Гражданская журналистика Интересное Полезное Развлечения Авторские колонки Фоторепортажи Бездна vKontakte Twitter Ok.ru RSS Ежедневная рассылка лучших новостей подписаться Попробуйте мобильные приложения Ридуса: FAQ: технология размещения пользовательских материалов на ""Ридусе"" Новый дизайн «Ридуса»: руководство пользователя и навигация по сайту Пользовательское соглашение Политика обработки персональных данных Политика конфиденциальности Согласие на обработку персональных данных Реклама на сайте Об издании Вести Камаза © 2011-2026 Ридус. Интернет-газета «Ридус». Использование материалов Ридус разрешено только с предварительного согласия правообладателей. Все права на картинки и тексты принадлежат их авторам. Сайт может содержать материалы, не предназначенные для лиц младше 21 года.",neutral,"The article does not focus on conditions that may cause people to leave or arrive in a specific country, instead it discusses regulatory changes and cybersecurity issues related to the internet in Russia.",mistral:7b,neutral,"The article does not focus on conditions that may cause people to leave or arrive in a specific country, instead it discusses regulatory changes and cybersecurity issues related to the internet in Russia.",article,4
20220102,83,SENATE,,https://sipse.com/mexico/las-breves-del-senado-inclusion-y-derechos-de-las-personas-sordas-415533.html,neutral,URL token does not provide clear indication of migration pressure,mistral:7b,,,,,,,mistral:7b,neutral,URL token does not provide clear indication of migration pressure,url_1,4
20220102,13,MEXICO,,https://sipse.com/mexico/isste-se-prepara-para-la-cuarta-ola-de-la-pandemia-por-covid-19-en-mexico-415544.html,unclear,<URL too short>,mistral:7b,,,,"El Instituto de Seguridad y Servicios Sociales de los Trabajadores del Estado (ISSSTE) alertó que México ya se encuentra en la cuarta ola de la pandemia por Covid-19, debido al incremento de contagios de coronavirus en el territorio nacional

Por esa razón envió una circular a fin de que se preparen para el repunte de nuevos casos y hospitalizaciones a direcciones de Hospitales Generales, Regionales, del Centro Médico Nacional “20 de noviembre”, de Clínicas Hospital y Clínicas de Medicina Familiar.

""Con la información disponible a nivel nacional e internacional, sabemos que la variante ómicron tiene una velocidad de transmisión mayor que las variantes anteriores y que provocará un mayor número de casos leves con manifestaciones clínicas bronquiales en lugar de pulmonares, que se traducirá en un incremento de las consultas ambulatorias en unidades de primer y segundo nivel con atención de medicina familiar, por lo que se deberá reforzar la atención en las áreas de triage para el correcto diagnóstico y derivación de los pacientes a donde corresponder"".

En la circular firmada por director normativo de Salud del ISSSTE, Ramiro López Elizalde, señala que para esta nueva etapa se espera un gran número de licencias médicas con motivo del contagio masivo, en consecuencia, se deberá reforzar el procedimiento correcto para otorgarlas y evitar la emisión de las mismas de manera innecesaria.

También se enfatiza que a pesar de que la variante Ómicron genera casos graves en menor número, comparado con la variante Delta, en el país aún circulan las dos variantes, por ese motivo se espera un número alto de nuevos contagios, y debido a este incremento de casos y el número de habitantes del país se prevé que aumenten las hospitalizaciones de manera exponencial.

""Por lo anterior se les solicita de la manera más atenta preparar sus unidades médicas para una posible conversión e incremento en el número de camas disponibles para la atención de estos pacientes conforme avance la cuarta ola en sus entidades federativas"".

El ISSTE resaltó en el documento interno que en caso de que la demanda de servicios en las unidades médicas requiera de más personal médico, enfermería y paramédico adicional a sus plantillas, se deberá pedir a la Dirección Normativa de Salud para poder gestionar el recurso humano ante la Dirección Normativa de Administración y Finanzas.

""No omito mencionar que, por ningún motivo se deberá poner en riesgo la salud y seguridad de nuestros pacientes, por lo que se les instruye a que en caso de que no se cuente con algún insumo o medicamento en sus unidades médicas y por necesidad urgente, deberán realizar las acciones necesarias para procurar dichos insumos de manera local, siempre anteponiendo la salud de los pacientes, sin dejar de realizar los trámites administrativos correspondientes una vez que se resuelva la urgencia"".

Para finalizar, la Dirección Normativa de Salud, afirmó que el ISSTE estará pendiente al avance de la pandemia en México y apoyará dentro de sus capacidades para afrontar el reto por delante.

Después de dos días de iniciar la aplicación de la dosis de refuerzo de la vacuna contra #COVID19, esta ha sido aplicada a 9600 trabajadores de la salud del #ISSSTE en #CDMX. #TransformandoAlISSSTE pic.twitter.com/cMF9aZ4oba — ISSSTE (@ISSSTE_mx) December 31, 2021

Únete a nuestros grupos para enterarte de las noticias en todo momento:

WhatsApp: https://chat.whatsapp.com/K1v1E39Ptds2wcQhpomLPp

WhatsApp (2): https://chat.whatsapp.com/FJ98jiimd4EHDerCQv0Kjk

Telegram: https://t.me/joinchat/8ARfcQNqlWUzZWRh

También te puede interesar:

Recortes de presupuesto ponen en riesgo la ENAH

¡Prepara el viaje! Te compartimos los días festivos del 2022 en México

¡Prepara el viaje! Te compartimos los días festivos del 2022 en México",push,"The article discusses the fourth wave of COVID-19 in Mexico, increasing cases and hospitalizations, the need to prepare for a possible surge in patients, and the expected increase in hospitalizations exponentially",mistral:7b,push,"The article discusses the fourth wave of COVID-19 in Mexico, increasing cases and hospitalizations, the need to prepare for a possible surge in patients, and the expected increase in hospitalizations exponentially",article,4
20220102,190,COMMANDER,,https://www.antaranews.com/berita/2620221/dilan-series-gelar-audisi-terbuka-untuk-cari-pemain,neutral,<no clear migration-related tokens>,mistral:7b,,,,,,,mistral:7b,neutral,<no clear migration-related tokens>,url_1,4
20220102,17,COMMANDER,ISLAMIC,http://www.hispantv.com/noticias/siria/535008/iran-siria-relaciones-cooperacion,neutral,<no clear migration-related tokens>,mistral:7b,,,,,,,mistral:7b,neutral,<no clear migration-related tokens>,url_1,4
20220102,17,COMMANDER,ISLAMIC,http://www.hispantv.com/noticias/siria/535008/iran-siria-relaciones-cooperacion,neutral,<no clear migration-related tokens>,mistral:7b,,,,,,,mistral:7b,neutral,<no clear migration-related tokens>,url_1,4
20220102,195,FIGHTER PLANE,SAUDI,http://www.hispantv.com/noticias/yemen/535011/ataque-saudi-mezquita-muertos,push,attack,mistral:7b,,,,,,,mistral:7b,push,attack,url_1,4
20220102,195,FIGHTER PLANE,SAUDI,http://www.hispantv.com/noticias/yemen/535011/ataque-saudi-mezquita-muertos,push,attack,mistral:7b,,,,,,,mistral:7b,push,attack,url_1,4
20220102,195,FIGHTER PLANE,SAUDI,http://www.hispantv.com/noticias/yemen/535011/ataque-saudi-mezquita-muertos,push,attack,mistral:7b,,,,,,,mistral:7b,push,attack,url_1,4
20220102,70,MILITARY POLICE,,https://g1.globo.com/sp/santos-regiao/noticia/2022/01/02/prefeito-de-peruibe-critica-atuacao-da-policia-militar-contra-pancadoes-no-reveillon-caos-na-seguranca.ghtml,unclear,<URL too short>,mistral:7b,,,,"Prefeito de Peruíbe critica atuação da Polícia Militar contra pancadões no Réveillon: 'caos na segurança' | G1 Santos e Região Prefeito de Peruíbe critica atuação da Polícia Militar contra pancadões no Réveillon: 'caos na segurança' Por meio das redes sociais, Luiz Maurício (PSDB) afirmou que já pediu ajuda ao Secretário de Desenvolvimento Regional, Marco Vinholi, para reforçar a segurança no município durante a temporada de verão. Por g1 Santos 02/01/2022 19h33 Atualizado 02/01/2022 1 de 2 Críticas foram feitas pelas redes sociais do prefeito de Peruíbe, Luiz Mauricio (PSDB). — Foto: Luiz Pinheiro/Prefeitura de Peruíbe Críticas foram feitas pelas redes sociais do prefeito de Peruíbe, Luiz Mauricio (PSDB). — Foto: Luiz Pinheiro/Prefeitura de Peruíbe O prefeito de Peruíbe, no litoral paulista, criticou, na noite deste sábado (1º), a falta de policiamento no município durante o feriado prolongado da Independência. De acordo com Luiz Maurício (PSDB), a cidade não recebeu o aumento de policiais anunciado pelo Governo de São Paulo, a fim de evitar aglomerações. Em sua conta no Twitter, o prefeito Luiz Maurício (PSDB) reclamou o gasto de cerca de R$ 1 milhão com a Operação Verão. ""Mais uma vez tivemos um caos na segurança em Peruíbe"", escreveu. Ele atribuiu a crítica à suposta falta de atuação da polícia para conter pancadões nos últimos dias (veja texto publicado abaixo). 2 de 2 Prefeito de Peruíbe critica atuação da Polícia Militar contra pancadões no Réveillon — Foto: Reprodução Prefeito de Peruíbe critica atuação da Polícia Militar contra pancadões no Réveillon — Foto: Reprodução Mais de 2,3 mil policiais militares foram enviados para reforçar a segurança na Baixada Santista durante a Operação Verão 2021/2022, que começou em dezembro e segue até março. Os policiais já estão na região e o reforço é uma ação do Governo do Estado. Destes, 145 estão em Peruíbe. Polícia Militar O g1 solicitou um posicionamento oficial da Polícia Militar mas, até a última atualização desta matéria, não obteve retorno. No entanto, na página do Instagram do 29º Batalhão da Polícia Militar, um texto publicado rebate as críticas do prefeito. ""As mulheres e homens que compõem o efetivo do 29º Batalhão de Polícia Militar do Interior e o reforço da Operação Verão estão extremamente compromissados para com a defesa da segurança das pessoas que residem e visitam os municípios do Litoral Centro Sul Paulista"", escreveu. O texto diz que os policiais realizaram uma ação de dispersão de multidão na madrugada do sábado (1º) e que foram responsáveis por lavrar quatro flagrantes em Peruíbe, sendo uma prisão por tentativa de roubo e porte ilegal de arma de fogo; uma por violência doméstica; uma por furto qualificado e outra por direção perigosa. VÍDEOS: as notícias mais vistas do g1 Resumo do dia De segunda a sábado, as notícias que você não pode perder diretamente no seu e-mail. Inscreva-se e receba a newsletter Para se inscrever, entre ou crie uma conta Globo gratuita. Ops! Ok Veja também Mais lidas Mais do G1 Irã rebate Trump e diz que fim da guerra será determinado por Teerã Há 3 horas Mundo SANDRA COHEN: Ascensão de filho de Khamenei deve piorar relação com Trump Há 3 horas Guerra provoca a maior crise do setor aéreo desde a pandemia Há 3 horas Jornal Nacional Entenda como a guerra pode impactar o Brasil e o preço dos combustíveis Há 3 horas Trump sobre Cuba: 'Pode ser uma tomada de controle amigável ou não' Há 5 horas Mundo Banqueiro preso Mendonça autoriza que visitas da defesa a Vorcaro não sejam gravadas Há 2 horas Política Senador protocola pedido de CPI para investigar relação de Moraes e Toffoli com Vorcaro Há 2 horas Caso Master Em reunião com Mendonça, Fachin defende investigação 'doa a quem doer' Há 25 minutos Política Comissão do Senado cancela sessão que ouviria Vorcaro hoje Há 25 minutos Contratação por Vorcaro Mulher de Moraes diz que equipe teve 94 reuniões de trabalho com Master Escritório afirmou que nunca conduziu nenhuma causa para o banco no âmbito do STF. Há 14 horas Política Relações exteriores Chanceler tenta barrar que EUA classifiquem PCC e CV como terroristas Temor é de ação militar americana no Brasil; fontes do governo Trump dizem que proposta está avançada. Há 14 horas Política Quais os critérios dos EUA para classificar organizações terroristas Há 9 horas Mundo Lula cita risco de invasão em encontro com presidente da África do Sul Há 9 horas São Paulo Peritos encontram marcas no pescoço de PM que morreu com tiro na cabeça Há 3 horas São Paulo Morte de PM: socorrista desconfiou de arma 'bem encaixada' na mão Há 3 horas Imagens inéditas mostram que marido trocou de roupa Há 3 horas Bombeiros dizem que marido estava seco, apesar de afirmar que tomava banho Há 3 horas Veja mais Deseja receber as notícias mais importantes em tempo real? Ative as notificações do G1! Agora não Ativar Últimas Notícias Globo Notícias © Copyright 2000-2026 Globo Comunicação e Participações S.A. princípios editoriais política de privacidade minha conta anuncie conosco Editorias menu g1 Editorias Agro Editorias Agro Primeira Página Agro de gente pra gente Globo Rural Carnaval 2026 Editorias Carnaval 2026 primeira página Rio de Janeiro São Paulo Pernambuco Minas Gerais Carros Editorias Carros primeira página Motos Dinheiro sobre rodas Ciência Editorias Ciência Primeira Página Viva Você Economia Editorias Economia Primeira Página Bitcoin Calculadoras Dólar Educação Financeira Imposto de Renda Mídia e Marketing Open banking Educação Editorias Educação Primeira Página Enem Guia de Carreiras Simulado Enem Teste Vocacional Universidades Empreendedorismo​ Editorias Empreendedorismo​ Primeira página pequenas empresas Menos 30 Fest Dia do Empreendedor Fato ou Fake Guia de compras Inovação Loterias Meio Ambiente Editorias Meio Ambiente Primeira Página Amazônia Globo Natureza Sustentabilidade​ Monitor da Violência Mundo Editorias Mundo Primeira página Guerra na Ucrânia Olha que legal Política Editorias Política Primeira Página Eleições 2024 Reforma da Previdência Pop & Arte Editorias Pop & Arte Primeira Página Cinema Diversidade Games Música Rock in Rio 2024 The Town Tv e séries Lollapalooza 2025 Circuito Sertanejo Oscar Saúde Editorias Saúde Primeira página Bem Estar Coronavirus Tecnologia Trabalho e Carreira​ Editorias Trabalho e Carreira​ Primeira página Concursos Vagas de emprego Turismo e Viagem Editorias Turismo e Viagem Primeira Página Descubra o Brasil Jogos menu g1 Jogos Todos os jogos Soletra Labirinto Combinado Dito Palavras cruzadas Palavras cruzadas mini Sudoku Caça-Palavras Assine Coquetel Guia de Compras menu g1 Guia de Compras Primeira página Casa Celulares Lazer Moda e beleza Presentes Tecnologia Especial Vem Que Tem Guia de Compras Especial Vem Que Tem Mercado Pago Carros Regiões menu g1 Regiões centro-oeste Regiões centro-oeste Distrito Federal centro-oeste Distrito Federal Primeira página Bom Dia DF DF1 DF2 Globo Comunidade DF DF no campo O que fazer no DF Moto Week Goiás centro-oeste Goiás Primeira página Bom Dia GO Bom dia sábado JA 1ª Edição JA 2ª Edição Jornal do Campo Esporte Mercado Imobiliário Mato Grosso centro-oeste Mato Grosso Primeira Página Bom Dia MT MT TV 1ª Edição MT Rural MT TV 2ª Edição Esporte Mato Grosso do Sul centro-oeste Mato Grosso do Sul Primeira Página Bom Dia MS MS TV 1ª Edição MS TV 2ª Edição MS Rural Esporte nordeste Regiões nordeste Alagoas nordeste Alagoas Primeira Página Esporte Bahia nordeste Bahia Primeira Página Jornal da manhã Bahia Meio Dia BATV Bahia Rural Esporte Ceará nordeste Ceará Primeira Página Bom Dia CE CETV 1ª Edição CETV 2ª Edição NE Rural Esporte Maranhão nordeste Maranhão Primeira Página Bom Dia Mirante JMTV 1ª Edição JMTV 2ª edição Mirante Rural Esporte Daqui Repórter Mirante Paraíba nordeste Paraíba Primeira Página Bom Dia Paraíba JPB 1ª Edição JPB 2ª Edição Paraíba Comunidade Esporte Pernambuco nordeste Pernambuco Recife e região Pernambuco Recife e região Primeira página Bom Dia PE NE 1 NE 2 Espaço PE Globo Comunidade PE Nordeste Viver e Preservar Educação Esporte Praia Limpa São João 2025 Caruaru e região Pernambuco Caruaru e região Primeira Página Bom Dia PE ABTV 1ª Edição ABTV 2ª Edição Globo Comunidade Esporte Paixão de Cristo Petrolina e região Pernambuco Petrolina e região Primeira Página Bom Dia Pernambuco GRTV 1ª Edição GRTV 2ª edição Esporte Piauí nordeste Piauí Primeira Página Bom Dia Piauí Bom dia Sábado PI TV 1ª edição PI TV 2ª Edição Clube Rural Esporte Rio Grande do Norte nordeste Rio Grande do Norte Primeira Página Bom Dia RN RN TV 1ª Edição RN TV 2ª edição Inter TV Rural Esporte Sergipe nordeste Sergipe Primeira página Bom Dia SE SETV 1ª Edição SETV 2ª Edição Estação Agrícola Esporte norte Regiões norte Acre norte Acre Primeira Página Bom Dia Amazônia JAC 1ª Edição JAC 2ª Edição Globo Esporte Acre Amapá norte Amapá Primeira Página Bom Dia Amazônia JAP 1ª Edição JAP 2ª Edição Amazônia Rural Esporte Amazonas norte Amazonas Primeira Página Bom Dia Amazônia JAM 1ª Edição JAM 2ª Edição Amazôni",push,"The article discusses the lack of security in the city of Peruíbe during the extended holiday period, leading to chaos and criticism of the police for not containing pancadões (gangs). The prefeito (mayor) also mentions a supposed failure to receive the announced reinforcement of policemen from the government of São Paulo.",mistral:7b,push,"The article discusses the lack of security in the city of Peruíbe during the extended holiday period, leading to chaos and criticism of the police for not containing pancadões (gangs). The prefeito (mayor) also mentions a supposed failure to receive the announced reinforcement of policemen from the government of São Paulo.",article,4
20220102,20,NAVAL,AMBASSADOR,https://sipse.com/mexico/las-breves-del-senado-inclusion-y-derechos-de-las-personas-sordas-415533.html,neutral,<no clear migration-related tokens>,mistral:7b,,,,,,,mistral:7b,neutral,<no clear migration-related tokens>,url_1,4
20220102,20,GOLDMAN SACHS,AMERICAN,https://es.investing.com/news/stock-market-news/goldman-sachs-pide-a-sus-empleados-estadounidenses-que-trabajen-desde-casa-hasta-el-18-de-enero-2199115,neutral,<no clear migration-related tokens>,mistral:7b,,,,,,,mistral:7b,neutral,<no clear migration-related tokens>,url_1,4
20220102,20,VERIZON,REUTERS,https://es.investing.com/news/stock-market-news/presidentes-ejecutivos-de-att-y-verizon-rechazan-peticion-de-eeuu-de-retrasar-despliegue-del-5g-2199124,neutral,No clear migration-related tokens,mistral:7b,,,,,,,mistral:7b,neutral,No clear migration-related tokens,url_1,4
20220102,120,VERIZON,REUTERS,https://es.investing.com/news/stock-market-news/presidentes-ejecutivos-de-att-y-verizon-rechazan-peticion-de-eeuu-de-retrasar-despliegue-del-5g-2199124,neutral,No clear migration-related tokens,mistral:7b,,,,,,,mistral:7b,neutral,No clear migration-related tokens,url_1,4
20220102,113,PROTESTER,,http://lratvakan.com/news/76958.html,unclear,"URL too short, generic",mistral:7b,,,,"Участники акции протеста в центре Киева пошли на штурм кордонов, которые выставлены вокруг квартала правительственных зданий.

На улице Грушевского в Киеве не утихают столкновения протестующих и правоохранителей. На улице стоят несколько разбитых автобусов милиции, один автобус подожгли. Силовики регулярно бросают в толпу дымовые шашки, используют слезоточивый газ.

Ожидается приезд водометов. Об этом сообщают местные СМИ. Использование водометов на морозе угрожает смертями протестующим. При таком температуре может наступить переохлаждение от воды за несколько минут.

Помимо этого, протестующие захватили пять пустых милицейских автобусов. Лидер партии «УДАР» Виталий Кличко призвал протестующих отказаться от силовых действий в отношении правоохранителей, заявив, что это наверняка вызовет ответную реакцию со стороны «Беркута». Политик пообещал договориться о том, чтобы людям открыли проход к зданию Верховной Рады.

Столкновения активистов с милицией начались после так называемого народного вече на Майдане Незалежности, в котором приняли участие несколько сотен тысяч человек. Собравшиеся протестовали против политики действующих властей страны.",push,"violence, repression",mistral:7b,push,"violence, repression",article,4
20220102,113,PROTESTER,,https://lugradar.net/2022/01/337334,unclear,"URL too short, generic",mistral:7b,,,,"Содержание:

Пари Матч представляет собой гиганта в сфере организации азартных развлечений. Проект имеет колоссальный опыт в гемблинге. БК Париматч взял свое начало еще в далеком 1994 году и очень быстро завоевал расположение не только ценителей спорта, но и любителей азартных игр. Сегодня бренд является одной из самых популярных площадок на рынке Украины и за рубежом. Партнерами букмекера являются разработчики игрального софта с мировым именем, благодаря чему пользователи Parimatch получают только качественные и безопасные услуги. Parimatch имеет лицензию от правительства Кюрасао (no. 157), что позволяет предоставлять услуги онлайн-казино и ставок на спорт на международном уровне.

⚠️ Некоторые ссылки на сайте являются партнёрскими. Это значит, что мы можем получать комиссию, если вы зарегистрируетесь или сделаете депозит по одной из них. Это не влияет на содержание и оценки, но помогает развивать проект.

Преимущества Parimatch

Преимущество Описание 🔒 Надежность и безопасность Современные технологии шифрования обеспечивают защиту данных и честность игр. 🎲 Широкий выбор азартных игр и ставок Большой ассортимент спортивных событий, казино, покера и других развлечений. 💳 Простая и удобная система ввода и вывода средств Быстрые транзакции через популярные платежные системы. 🎁 Щедрые бонусы и интересные турниры Программы лояльности, кэшбэки и розыгрыши для активных пользователей. 📱 Мгновенный доступ с любого устройства Удобные мобильные приложения и адаптивный веб-сайт. 🛎️ Квалифицированная поддержка 24/7 Оперативные ответы через чат, email и телефон. ✅ Сертифицированные игры от мировых брендов Все слоты и лайв-игры проходят независимое тестирование (например, eCOGRA) на честность и соответствие заявленному RTP. 🧾 Лицензия Curaçao Gaming Authority under the National Ordinance on Games of Chance (LOK), P.B. 2024, no. 157

⚠️ Азартные игры могут вызывать зависимость. Перед тем как начать — оцените свои риски. Рекомендуем ознакомиться с разделом ""Ответственная игра"".

Parimatch — это платформа, которая сочетает высококлассный сервис с комфортом для каждого пользователя. Присоединяйтесь к миру развлечений и испытайте удачу с лучшими играми и ставками на спорт!

Регистрация в БК Париматч

Создание учетной записи занимает немного больше времени нежели авторизация, но эта процедура является одноразовой. Для создания профиля на сайте Pari Match может быть использован как номер мобильного телефона, так и адрес электронной почты. Не смотря на возможность выбора рекомендуется указать в личной анкете пользователя всю информацию, так как ее объем позволит пройти верификацию личности гораздо быстрее. Перед созданием профиля на сайте, рекомендуется внимательно ознакомиться с правилами проекта во избежание неприятных сюрпризов.

Чтобы создать аккаунт придерживайтесь простых шагов:

Зайдите на сайт беттинг-компании с использованием любого удобного устройства. Далее найдите кнопку ""Регистрация"", которая расположена в верхнем углу. После ее нажатия откроется форма, которую нужно заполнить, для создания персонального аккаунта. Укажите в первом поле свой e-mail. В следующей ячейке пропишите пароль, чтобы сделать его надежным, нужно следовать рекомендациям организатора.

После заполнения формы нажмите кнопку ""Зарегистрироваться"", это действие запускает отправку данных на сервер, где информация будет закреплена за конкретным игроком.

Чтобы иметь возможность играть на деньги, необходимо подтвердить свою личность с помощью документа. Для прохождения верификации потребуется зайти в личный кабинет и перейти в раздел ""Подтвердить учетную запись"". Далее нужно выбрать подходящий тип документа и загрузить его фотографии.

Вход в Париматч

Создание учетной записи необходимо не только для организатора, но и для самого пользователя. Благодаря персональному аккаунту, помимо прочего, игрок получает важную возможность вести учет своих действий и контролировать свои траты на развлечения. Организатору такой подход позволяет вести учет пользователей и отчитываться перед регулятором о своей деятельности. Учетная запись в казино также позволяет геймеру защитить свои интересы, так как в случае каких-либо споров между игроком и организатором, регулятор помогает в разрешении подобных ситуаций с учетом интересов обеих сторон.

Вход в Пари Матч доступен с различных устройств и имеет простой алгоритм действий:

Мобильная версия Parimatch

Если вы хотите войти в личный кабинет Париматч без использования специального приложения, то необходимо придерживаться следующей инструкции:

Откройте браузер на мобильном телефоне. С помощью него зайдите на сайт Париматч. В правом верхнем углу найдите кнопку ""Войти"". После ее нажатия откроется новое окно с формой для входа. Выберите один из доступных способов для авторизации: номер телефона, номер счета и электронная почта. В соответствии с выбранной вкладкой укажите данные в первом поле. Далее впишите пароль от учетной записи. Перед завершением авторизации необходимо проверить правильность введенных данных. Завершить процедуру входа можно клавишей ""Войти"".

💡 Совет от пользователей: если не приходит SMS-код — проверьте правильность номера и повторите попытку через 2 минуты. Если проблема сохраняется, обратитесь в поддержку через онлайн-чат.

Приложение Париматч

Процедура авторизации с помощью мобильного приложения идентична мобильной версии сайта, но прежде чем войти в свой аккаунт, необходимо скачать программу на устройство. Приложение доступно на гаджетах с любой операционной системой. Чтобы его скачать, необходимо зайти на официальный сайт Parimatch и на главной странице найти кнопку ""Скачать приложение"", далее откроется новая страница, на которой нужно выбрать тип своей операционной системы, после чего начнется загрузка. В случае, если загрузка не началась, рекомендуется проверить настройки и при необходимости дать разрешение на загрузку и установку приложений через браузер. Когда настройки будут изменены, необходимо повторить попытку. После того как приложение загрузилось на устройство, нужно установить его и перейти к авторизации.

Запустите приложение и укажите логин и пароль от своего аккаунта, подтвердите ввод с помощью кнопки ""Войти"".

Вход на сайт Париматч через компьютер

Концепт авторизации с помощью компьютера практически не отличается своим алгоритмом. Для этого нужно зайти на сайт Parimatch используя браузер своего компьютера, а далее указать данные от своего аккаунта.

Личный кабинет Париматч

После создания персонального аккаунта в БК Пари-Матч игрок получает доступ к расширенному функционалу и виртуальному игровому счету. В меню личного кабинета доступны следующие функции:

пополнение игрового счета и вывод средств;

выбор и активация бонусов;

статистика использованных поощрений от букмекера;

финансовая отчетность с возможностью фильтра по дате;

изменение персональных данных пользователя;

прохождение верификации;

помощь менеджера;

настройки аккаунта.

Профиль игрока Париматч дает возможность полноценно использовать функционал букмекерской конторы и раздела с играми казино.

Париматч является лидером среди организаторов азартных развлечений. Чтобы присоединиться к сообществу беттеров проекта важно пройти регистрацию, внимательно ознакомиться с условиями проекта и предоставить максимально правдивую информацию о себе. Каждый пользователь бренда Pari Match получает уникальную возможность насладиться высококлассным контентом и улучшить свое финансовое положение получая при этом удовольствие от любимых игр. Персональные данные полученные от пользователей проектом подвергаются шифрованию и хранятся на защищенных серверах. Благодаря чему Пари Матч входит в топ самых безопасных и конфиденциальных игровых проектов.

Проблемы со входом в Париматч

Рассмотрим популярные ситуации, которые могут возникнуть на этапе авторизации в личный кабинет Parimatch. Одна из самых распространенных проблем- это блокировка ресурса. Причин для блокировки может быть много, но чаще всего это связано с территориальными ограничениями. В некоторых странах и регионах азартные развлечения запрещены на законодательном уровне. В таком случае рекомендуется воспользоваться дополнительными инструментами для беспрепятственного доступа к учетной записи, такими как VPN и Proxy. Они работают по принципу смены id игрока, благодаря чему позволяют получить доступ к игровой площадке.

Вторая сложность, которая может возникнуть, это потеря доступа к аккаунту. В таком случае стоит убедиться, что все данные для входа указаны корректно. Если войти так и не удалось, то варианта два: сброс пароля и помощь специалиста Париматч.

Чтобы сбросить пароль необходимо воспользоваться специальной формой нажав кнопку ""Забыл пароль"", после чего нужно указать электронную почту или номер телефона, и следовать дальнейшей инструкции организатора.

Чтобы обратиться за помощью к менеджеру нужно нажать соответствующую кнопку и описать свою проблему. Специалисты Parimatch работают круглосуточно и владеют всей необходимой информацией для решения любого рода сложностей.

Казино Parimatch

П",neutral,"The article is about an online gambling platform, not directly related to migration-driving conditions",mistral:7b,neutral,"The article is about an online gambling platform, not directly related to migration-driving conditions",article,4
20220102,112,DETAINEE,BELARUSIAN,http://www.kvir.ru/author/andre-galinin/,neutral,No clear migration-related tokens,mistral:7b,,,,,,,mistral:7b,neutral,No clear migration-related tokens,url_1,4
20220102,190,DETAINEE,BELARUSIAN,http://www.kvir.ru/author/andre-galinin/,neutral,No clear migration-related tokens,mistral:7b,,,,,,,mistral:7b,neutral,No clear migration-related tokens,url_1,4
20220102,141,DEMONSTRATOR,CALGARY,https://www.journaldemontreal.com/2022/01/02/manifestations-anti-covid-un-pasteur-et-son-frere-arretes-par-calgary,pull,Calgary,mistral:7b,,,,,,,mistral:7b,pull,Calgary,url_1,4
20220102,145,PROTESTER,SECURITY FORCE,https://www.expressen.se/nyheter/efter-protesterna--sudans-premiarminister-avgar/,unclear,"URL too short, generic",mistral:7b,,,,"Minst 56 personer har dött i oroligheterna i landet den senaste tiden, enligt Sudans läkarkommitté.

Beskedet kommer samma dag som två personer dött i våldsamma demonstrationer.

Annons

Foto: OMER MESSINGER / EPA / TT / EPA TT NYHETSBYRÅN Öppna bild i helskärm Protester i Khartoum på juldagen. Foto: MARWAN ALI / AP TT NYHETSBYRÅN Öppna bild i helskärm

På söndagen samlades tusentals demonstranter i staden Omdurman, för att protestera mot den militärjunta som styr landet sedan i oktober i fjol. Under oroligheterna dog minst två personer.

Juntan, under ledning av general Abdel Fattah a-Burhan, grep makten i en kupp mot premiärministern Abdalla Hamdok den 25 oktober. Han vägrade först att lämna övermakten, men sattes i husarrest av militären.

”Jag har gjort mitt bästa”

Hamdok blev dock återigen premiärminister i november efter att han och al-Burhan kom överens om att dela på makten mellan civila institutioner och militär – vilket ledde till omfattande gatuprotester, som pågått sedan dess.

På söndagen avgick Abdalla Hamdok på grund av dödläget med militären.

– Jag har gjort mitt bästa för att förhindra landet från att gå mot en katastrof, sade han i den statliga televisionen enligt SVT.

I torsdags sköts fem personer ihjäl i huvudstaden Khartoum, då säkerhetsstyrkor drabbade samman med demonstranter. Minst 56 personer har dött under oroligheterna, enligt Sudans läkarkommitté, skriver AP.",push,"war, violence, demonstrations, coup, power struggle, unrest",mistral:7b,push,"war, violence, demonstrations, coup, power struggle, unrest",article,4
20220102,190,ACTIVIST,POLICE,http://lratvakan.com/news/76958.html,unclear,"URL too short, generic",mistral:7b,,,,"Участники акции протеста в центре Киева пошли на штурм кордонов, которые выставлены вокруг квартала правительственных зданий.

На улице Грушевского в Киеве не утихают столкновения протестующих и правоохранителей. На улице стоят несколько разбитых автобусов милиции, один автобус подожгли. Силовики регулярно бросают в толпу дымовые шашки, используют слезоточивый газ.

Ожидается приезд водометов. Об этом сообщают местные СМИ. Использование водометов на морозе угрожает смертями протестующим. При таком температуре может наступить переохлаждение от воды за несколько минут.

Помимо этого, протестующие захватили пять пустых милицейских автобусов. Лидер партии «УДАР» Виталий Кличко призвал протестующих отказаться от силовых действий в отношении правоохранителей, заявив, что это наверняка вызовет ответную реакцию со стороны «Беркута». Политик пообещал договориться о том, чтобы людям открыли проход к зданию Верховной Рады.

Столкновения активистов с милицией начались после так называемого народного вече на Майдане Незалежности, в котором приняли участие несколько сотен тысяч человек. Собравшиеся протестовали против политики действующих властей страны.",push,"war, violence, repression",mistral:7b,push,"war, violence, repression",article,4
20220102,42,DEMONSTRATOR,GOVERNMENT,https://lugradar.net/2022/01/337334,unclear,"URL too short, generic",mistral:7b,,,,"Содержание:

Пари Матч представляет собой гиганта в сфере организации азартных развлечений. Проект имеет колоссальный опыт в гемблинге. БК Париматч взял свое начало еще в далеком 1994 году и очень быстро завоевал расположение не только ценителей спорта, но и любителей азартных игр. Сегодня бренд является одной из самых популярных площадок на рынке Украины и за рубежом. Партнерами букмекера являются разработчики игрального софта с мировым именем, благодаря чему пользователи Parimatch получают только качественные и безопасные услуги. Parimatch имеет лицензию от правительства Кюрасао (no. 157), что позволяет предоставлять услуги онлайн-казино и ставок на спорт на международном уровне.

⚠️ Некоторые ссылки на сайте являются партнёрскими. Это значит, что мы можем получать комиссию, если вы зарегистрируетесь или сделаете депозит по одной из них. Это не влияет на содержание и оценки, но помогает развивать проект.

Преимущества Parimatch

Преимущество Описание 🔒 Надежность и безопасность Современные технологии шифрования обеспечивают защиту данных и честность игр. 🎲 Широкий выбор азартных игр и ставок Большой ассортимент спортивных событий, казино, покера и других развлечений. 💳 Простая и удобная система ввода и вывода средств Быстрые транзакции через популярные платежные системы. 🎁 Щедрые бонусы и интересные турниры Программы лояльности, кэшбэки и розыгрыши для активных пользователей. 📱 Мгновенный доступ с любого устройства Удобные мобильные приложения и адаптивный веб-сайт. 🛎️ Квалифицированная поддержка 24/7 Оперативные ответы через чат, email и телефон. ✅ Сертифицированные игры от мировых брендов Все слоты и лайв-игры проходят независимое тестирование (например, eCOGRA) на честность и соответствие заявленному RTP. 🧾 Лицензия Curaçao Gaming Authority under the National Ordinance on Games of Chance (LOK), P.B. 2024, no. 157

⚠️ Азартные игры могут вызывать зависимость. Перед тем как начать — оцените свои риски. Рекомендуем ознакомиться с разделом ""Ответственная игра"".

Parimatch — это платформа, которая сочетает высококлассный сервис с комфортом для каждого пользователя. Присоединяйтесь к миру развлечений и испытайте удачу с лучшими играми и ставками на спорт!

Регистрация в БК Париматч

Создание учетной записи занимает немного больше времени нежели авторизация, но эта процедура является одноразовой. Для создания профиля на сайте Pari Match может быть использован как номер мобильного телефона, так и адрес электронной почты. Не смотря на возможность выбора рекомендуется указать в личной анкете пользователя всю информацию, так как ее объем позволит пройти верификацию личности гораздо быстрее. Перед созданием профиля на сайте, рекомендуется внимательно ознакомиться с правилами проекта во избежание неприятных сюрпризов.

Чтобы создать аккаунт придерживайтесь простых шагов:

Зайдите на сайт беттинг-компании с использованием любого удобного устройства. Далее найдите кнопку ""Регистрация"", которая расположена в верхнем углу. После ее нажатия откроется форма, которую нужно заполнить, для создания персонального аккаунта. Укажите в первом поле свой e-mail. В следующей ячейке пропишите пароль, чтобы сделать его надежным, нужно следовать рекомендациям организатора.

После заполнения формы нажмите кнопку ""Зарегистрироваться"", это действие запускает отправку данных на сервер, где информация будет закреплена за конкретным игроком.

Чтобы иметь возможность играть на деньги, необходимо подтвердить свою личность с помощью документа. Для прохождения верификации потребуется зайти в личный кабинет и перейти в раздел ""Подтвердить учетную запись"". Далее нужно выбрать подходящий тип документа и загрузить его фотографии.

Вход в Париматч

Создание учетной записи необходимо не только для организатора, но и для самого пользователя. Благодаря персональному аккаунту, помимо прочего, игрок получает важную возможность вести учет своих действий и контролировать свои траты на развлечения. Организатору такой подход позволяет вести учет пользователей и отчитываться перед регулятором о своей деятельности. Учетная запись в казино также позволяет геймеру защитить свои интересы, так как в случае каких-либо споров между игроком и организатором, регулятор помогает в разрешении подобных ситуаций с учетом интересов обеих сторон.

Вход в Пари Матч доступен с различных устройств и имеет простой алгоритм действий:

Мобильная версия Parimatch

Если вы хотите войти в личный кабинет Париматч без использования специального приложения, то необходимо придерживаться следующей инструкции:

Откройте браузер на мобильном телефоне. С помощью него зайдите на сайт Париматч. В правом верхнем углу найдите кнопку ""Войти"". После ее нажатия откроется новое окно с формой для входа. Выберите один из доступных способов для авторизации: номер телефона, номер счета и электронная почта. В соответствии с выбранной вкладкой укажите данные в первом поле. Далее впишите пароль от учетной записи. Перед завершением авторизации необходимо проверить правильность введенных данных. Завершить процедуру входа можно клавишей ""Войти"".

💡 Совет от пользователей: если не приходит SMS-код — проверьте правильность номера и повторите попытку через 2 минуты. Если проблема сохраняется, обратитесь в поддержку через онлайн-чат.

Приложение Париматч

Процедура авторизации с помощью мобильного приложения идентична мобильной версии сайта, но прежде чем войти в свой аккаунт, необходимо скачать программу на устройство. Приложение доступно на гаджетах с любой операционной системой. Чтобы его скачать, необходимо зайти на официальный сайт Parimatch и на главной странице найти кнопку ""Скачать приложение"", далее откроется новая страница, на которой нужно выбрать тип своей операционной системы, после чего начнется загрузка. В случае, если загрузка не началась, рекомендуется проверить настройки и при необходимости дать разрешение на загрузку и установку приложений через браузер. Когда настройки будут изменены, необходимо повторить попытку. После того как приложение загрузилось на устройство, нужно установить его и перейти к авторизации.

Запустите приложение и укажите логин и пароль от своего аккаунта, подтвердите ввод с помощью кнопки ""Войти"".

Вход на сайт Париматч через компьютер

Концепт авторизации с помощью компьютера практически не отличается своим алгоритмом. Для этого нужно зайти на сайт Parimatch используя браузер своего компьютера, а далее указать данные от своего аккаунта.

Личный кабинет Париматч

После создания персонального аккаунта в БК Пари-Матч игрок получает доступ к расширенному функционалу и виртуальному игровому счету. В меню личного кабинета доступны следующие функции:

пополнение игрового счета и вывод средств;

выбор и активация бонусов;

статистика использованных поощрений от букмекера;

финансовая отчетность с возможностью фильтра по дате;

изменение персональных данных пользователя;

прохождение верификации;

помощь менеджера;

настройки аккаунта.

Профиль игрока Париматч дает возможность полноценно использовать функционал букмекерской конторы и раздела с играми казино.

Париматч является лидером среди организаторов азартных развлечений. Чтобы присоединиться к сообществу беттеров проекта важно пройти регистрацию, внимательно ознакомиться с условиями проекта и предоставить максимально правдивую информацию о себе. Каждый пользователь бренда Pari Match получает уникальную возможность насладиться высококлассным контентом и улучшить свое финансовое положение получая при этом удовольствие от любимых игр. Персональные данные полученные от пользователей проектом подвергаются шифрованию и хранятся на защищенных серверах. Благодаря чему Пари Матч входит в топ самых безопасных и конфиденциальных игровых проектов.

Проблемы со входом в Париматч

Рассмотрим популярные ситуации, которые могут возникнуть на этапе авторизации в личный кабинет Parimatch. Одна из самых распространенных проблем- это блокировка ресурса. Причин для блокировки может быть много, но чаще всего это связано с территориальными ограничениями. В некоторых странах и регионах азартные развлечения запрещены на законодательном уровне. В таком случае рекомендуется воспользоваться дополнительными инструментами для беспрепятственного доступа к учетной записи, такими как VPN и Proxy. Они работают по принципу смены id игрока, благодаря чему позволяют получить доступ к игровой площадке.

Вторая сложность, которая может возникнуть, это потеря доступа к аккаунту. В таком случае стоит убедиться, что все данные для входа указаны корректно. Если войти так и не удалось, то варианта два: сброс пароля и помощь специалиста Париматч.

Чтобы сбросить пароль необходимо воспользоваться специальной формой нажав кнопку ""Забыл пароль"", после чего нужно указать электронную почту или номер телефона, и следовать дальнейшей инструкции организатора.

Чтобы обратиться за помощью к менеджеру нужно нажать соответствующую кнопку и описать свою проблему. Специалисты Parimatch работают круглосуточно и владеют всей необходимой информацией для решения любого рода сложностей.

Казино Parimatch

П",neutral,"The article is about a gambling platform, not related to migration",mistral:7b,neutral,"The article is about a gambling platform, not related to migration",article,4
20220102,46,DEMONSTRATOR,MINIST,https://www.journaldemontreal.com/2022/01/02/manifestations-anti-covid-un-pasteur-et-son-frere-arretes-par-calgary,unclear,<URL too short>,mistral:7b,,,,"Un pasteur connu pour ses positions anti-mesures sanitaires et son frère ont été arrêtés et accusés, samedi, après avoir manifesté sur le terrain du ministre de la Santé de l’Alberta.

• À lire aussi: L’exaspération se fait ressentir aux centres de dépistage

Le pasteur Artur Pawlowski et son frère Dawid, qui ont déjà fait face à la justice pour avoir défié les règles sanitaires par le passé, ont rejoint une cinquantaine de manifestants devant la demeure du ministre Jason Copping.

La police de Calgary a confirmé qu'elle a arrêté deux manifestants parce qu'ils violaient une ordonnance de la cour, sans dévoiler leurs noms. Cependant, une vidéo publiée sur la page Facebook du pasteur controversé montre l’arrestation de ce dernier et de son frère peu de temps après la manifestation, alors qu’ils se trouvent en voiture.

«C’est ce qui se produit lorsque vous vivez au China-da, s’est insurgé Artur en se filmant. Vous allez vous faire arrêter par la Gestapo.»

La vidéo, d’une durée d’un peu plus de sept minutes, recèle un vaste éventail de références au nazisme, le pasteur allant jusqu’à rebaptiser le premier ministre Jason Kenney du nom de «Adolf Kenney».

Plus tard, au cours de l’arrestation des deux frères, on entend une troisième personne dans le véhicule, qui filme toute la scène, traiter les policiers de Calgary de «nazis» et se moquer d’eux.

L’avocate des deux frères, Sarah Miller, a confirmé au Calgary Herald que les Pawlowski ont été accusés de bris d’ordonnance.

Le premier ministre s’est désolé de la tournure de cette soirée du jour de l’An. «Tous les Albertains ont le droit de manifester pacifiquement. Ce droit ne permet pas d’empiéter sur les terrains de maisons privées et de harceler les familles des gens du service public», s’est-il insurgé sur Twitter.

«Malheureusement, ce n’est pas la première fois que cette portion des conspirationnistes antivaccins tente d’intimider des élus du gouvernement de cette façon. Je suis certain que la majorité des Albertains rejettent cette forme d’extrémisme», a-t-il ajouté.

À VOIR AUSSI",push,"Artur and Dawid Pawlowski were arrested for protesting against the health minister's residence, and have previously faced charges for defying sanitary measures. The article mentions their disregard for court orders, violent rhetoric (comparing authorities to Nazis), and intimidation of public officials.",mistral:7b,push,"Artur and Dawid Pawlowski were arrested for protesting against the health minister's residence, and have previously faced charges for defying sanitary measures. The article mentions their disregard for court orders, violent rhetoric (comparing authorities to Nazis), and intimidation of public officials.",article,4
20220102,145,DEMONSTRATOR,GOVERNMENT,http://lratvakan.com/news/76958.html,unclear,<URL too short>,mistral:7b,,,,"Участники акции протеста в центре Киева пошли на штурм кордонов, которые выставлены вокруг квартала правительственных зданий.

На улице Грушевского в Киеве не утихают столкновения протестующих и правоохранителей. На улице стоят несколько разбитых автобусов милиции, один автобус подожгли. Силовики регулярно бросают в толпу дымовые шашки, используют слезоточивый газ.

Ожидается приезд водометов. Об этом сообщают местные СМИ. Использование водометов на морозе угрожает смертями протестующим. При таком температуре может наступить переохлаждение от воды за несколько минут.

Помимо этого, протестующие захватили пять пустых милицейских автобусов. Лидер партии «УДАР» Виталий Кличко призвал протестующих отказаться от силовых действий в отношении правоохранителей, заявив, что это наверняка вызовет ответную реакцию со стороны «Беркута». Политик пообещал договориться о том, чтобы людям открыли проход к зданию Верховной Рады.

Столкновения активистов с милицией начались после так называемого народного вече на Майдане Незалежности, в котором приняли участие несколько сотен тысяч человек. Собравшиеся протестовали против политики действующих властей страны.",push,"Protests leading to violence and potential fatalities due to the use of water cannons in freezing temperatures, as well as ongoing clashes between protesters and law enforcement",mistral:7b,push,"Protests leading to violence and potential fatalities due to the use of water cannons in freezing temperatures, as well as ongoing clashes between protesters and law enforcement",article,4
20220102,145,DEMONSTRATOR,GOVERNMENT,https://lugradar.net/2022/01/337334,unclear,<URL too short>,mistral:7b,,,,"Содержание:

Пари Матч представляет собой гиганта в сфере организации азартных развлечений. Проект имеет колоссальный опыт в гемблинге. БК Париматч взял свое начало еще в далеком 1994 году и очень быстро завоевал расположение не только ценителей спорта, но и любителей азартных игр. Сегодня бренд является одной из самых популярных площадок на рынке Украины и за рубежом. Партнерами букмекера являются разработчики игрального софта с мировым именем, благодаря чему пользователи Parimatch получают только качественные и безопасные услуги. Parimatch имеет лицензию от правительства Кюрасао (no. 157), что позволяет предоставлять услуги онлайн-казино и ставок на спорт на международном уровне.

⚠️ Некоторые ссылки на сайте являются партнёрскими. Это значит, что мы можем получать комиссию, если вы зарегистрируетесь или сделаете депозит по одной из них. Это не влияет на содержание и оценки, но помогает развивать проект.

Преимущества Parimatch

Преимущество Описание 🔒 Надежность и безопасность Современные технологии шифрования обеспечивают защиту данных и честность игр. 🎲 Широкий выбор азартных игр и ставок Большой ассортимент спортивных событий, казино, покера и других развлечений. 💳 Простая и удобная система ввода и вывода средств Быстрые транзакции через популярные платежные системы. 🎁 Щедрые бонусы и интересные турниры Программы лояльности, кэшбэки и розыгрыши для активных пользователей. 📱 Мгновенный доступ с любого устройства Удобные мобильные приложения и адаптивный веб-сайт. 🛎️ Квалифицированная поддержка 24/7 Оперативные ответы через чат, email и телефон. ✅ Сертифицированные игры от мировых брендов Все слоты и лайв-игры проходят независимое тестирование (например, eCOGRA) на честность и соответствие заявленному RTP. 🧾 Лицензия Curaçao Gaming Authority under the National Ordinance on Games of Chance (LOK), P.B. 2024, no. 157

⚠️ Азартные игры могут вызывать зависимость. Перед тем как начать — оцените свои риски. Рекомендуем ознакомиться с разделом ""Ответственная игра"".

Parimatch — это платформа, которая сочетает высококлассный сервис с комфортом для каждого пользователя. Присоединяйтесь к миру развлечений и испытайте удачу с лучшими играми и ставками на спорт!

Регистрация в БК Париматч

Создание учетной записи занимает немного больше времени нежели авторизация, но эта процедура является одноразовой. Для создания профиля на сайте Pari Match может быть использован как номер мобильного телефона, так и адрес электронной почты. Не смотря на возможность выбора рекомендуется указать в личной анкете пользователя всю информацию, так как ее объем позволит пройти верификацию личности гораздо быстрее. Перед созданием профиля на сайте, рекомендуется внимательно ознакомиться с правилами проекта во избежание неприятных сюрпризов.

Чтобы создать аккаунт придерживайтесь простых шагов:

Зайдите на сайт беттинг-компании с использованием любого удобного устройства. Далее найдите кнопку ""Регистрация"", которая расположена в верхнем углу. После ее нажатия откроется форма, которую нужно заполнить, для создания персонального аккаунта. Укажите в первом поле свой e-mail. В следующей ячейке пропишите пароль, чтобы сделать его надежным, нужно следовать рекомендациям организатора.

После заполнения формы нажмите кнопку ""Зарегистрироваться"", это действие запускает отправку данных на сервер, где информация будет закреплена за конкретным игроком.

Чтобы иметь возможность играть на деньги, необходимо подтвердить свою личность с помощью документа. Для прохождения верификации потребуется зайти в личный кабинет и перейти в раздел ""Подтвердить учетную запись"". Далее нужно выбрать подходящий тип документа и загрузить его фотографии.

Вход в Париматч

Создание учетной записи необходимо не только для организатора, но и для самого пользователя. Благодаря персональному аккаунту, помимо прочего, игрок получает важную возможность вести учет своих действий и контролировать свои траты на развлечения. Организатору такой подход позволяет вести учет пользователей и отчитываться перед регулятором о своей деятельности. Учетная запись в казино также позволяет геймеру защитить свои интересы, так как в случае каких-либо споров между игроком и организатором, регулятор помогает в разрешении подобных ситуаций с учетом интересов обеих сторон.

Вход в Пари Матч доступен с различных устройств и имеет простой алгоритм действий:

Мобильная версия Parimatch

Если вы хотите войти в личный кабинет Париматч без использования специального приложения, то необходимо придерживаться следующей инструкции:

Откройте браузер на мобильном телефоне. С помощью него зайдите на сайт Париматч. В правом верхнем углу найдите кнопку ""Войти"". После ее нажатия откроется новое окно с формой для входа. Выберите один из доступных способов для авторизации: номер телефона, номер счета и электронная почта. В соответствии с выбранной вкладкой укажите данные в первом поле. Далее впишите пароль от учетной записи. Перед завершением авторизации необходимо проверить правильность введенных данных. Завершить процедуру входа можно клавишей ""Войти"".

💡 Совет от пользователей: если не приходит SMS-код — проверьте правильность номера и повторите попытку через 2 минуты. Если проблема сохраняется, обратитесь в поддержку через онлайн-чат.

Приложение Париматч

Процедура авторизации с помощью мобильного приложения идентична мобильной версии сайта, но прежде чем войти в свой аккаунт, необходимо скачать программу на устройство. Приложение доступно на гаджетах с любой операционной системой. Чтобы его скачать, необходимо зайти на официальный сайт Parimatch и на главной странице найти кнопку ""Скачать приложение"", далее откроется новая страница, на которой нужно выбрать тип своей операционной системы, после чего начнется загрузка. В случае, если загрузка не началась, рекомендуется проверить настройки и при необходимости дать разрешение на загрузку и установку приложений через браузер. Когда настройки будут изменены, необходимо повторить попытку. После того как приложение загрузилось на устройство, нужно установить его и перейти к авторизации.

Запустите приложение и укажите логин и пароль от своего аккаунта, подтвердите ввод с помощью кнопки ""Войти"".

Вход на сайт Париматч через компьютер

Концепт авторизации с помощью компьютера практически не отличается своим алгоритмом. Для этого нужно зайти на сайт Parimatch используя браузер своего компьютера, а далее указать данные от своего аккаунта.

Личный кабинет Париматч

После создания персонального аккаунта в БК Пари-Матч игрок получает доступ к расширенному функционалу и виртуальному игровому счету. В меню личного кабинета доступны следующие функции:

пополнение игрового счета и вывод средств;

выбор и активация бонусов;

статистика использованных поощрений от букмекера;

финансовая отчетность с возможностью фильтра по дате;

изменение персональных данных пользователя;

прохождение верификации;

помощь менеджера;

настройки аккаунта.

Профиль игрока Париматч дает возможность полноценно использовать функционал букмекерской конторы и раздела с играми казино.

Париматч является лидером среди организаторов азартных развлечений. Чтобы присоединиться к сообществу беттеров проекта важно пройти регистрацию, внимательно ознакомиться с условиями проекта и предоставить максимально правдивую информацию о себе. Каждый пользователь бренда Pari Match получает уникальную возможность насладиться высококлассным контентом и улучшить свое финансовое положение получая при этом удовольствие от любимых игр. Персональные данные полученные от пользователей проектом подвергаются шифрованию и хранятся на защищенных серверах. Благодаря чему Пари Матч входит в топ самых безопасных и конфиденциальных игровых проектов.

Проблемы со входом в Париматч

Рассмотрим популярные ситуации, которые могут возникнуть на этапе авторизации в личный кабинет Parimatch. Одна из самых распространенных проблем- это блокировка ресурса. Причин для блокировки может быть много, но чаще всего это связано с территориальными ограничениями. В некоторых странах и регионах азартные развлечения запрещены на законодательном уровне. В таком случае рекомендуется воспользоваться дополнительными инструментами для беспрепятственного доступа к учетной записи, такими как VPN и Proxy. Они работают по принципу смены id игрока, благодаря чему позволяют получить доступ к игровой площадке.

Вторая сложность, которая может возникнуть, это потеря доступа к аккаунту. В таком случае стоит убедиться, что все данные для входа указаны корректно. Если войти так и не удалось, то варианта два: сброс пароля и помощь специалиста Париматч.

Чтобы сбросить пароль необходимо воспользоваться специальной формой нажав кнопку ""Забыл пароль"", после чего нужно указать электронную почту или номер телефона, и следовать дальнейшей инструкции организатора.

Чтобы обратиться за помощью к менеджеру нужно нажать соответствующую кнопку и описать свою проблему. Специалисты Parimatch работают круглосуточно и владеют всей необходимой информацией для решения любого рода сложностей.

Казино Parimatch

П",neutral,"The article is about an online gambling platform, not migration-driving conditions",mistral:7b,neutral,"The article is about an online gambling platform, not migration-driving conditions",article,4
20220102,130,PRISONER,TEL AVIV,http://www.hispantv.com/noticias/palestina/535010/preso-israel-huelga-hambre,push,preso (imprisonment),mistral:7b,,,,,,,mistral:7b,push,preso (imprisonment),url_1,4
20220102,20,ACTIVIST,NATIONAL ASSEMBLY,http://lratvakan.com/news/76958.html,unclear,<URL too short>,mistral:7b,,,,"Участники акции протеста в центре Киева пошли на штурм кордонов, которые выставлены вокруг квартала правительственных зданий.

На улице Грушевского в Киеве не утихают столкновения протестующих и правоохранителей. На улице стоят несколько разбитых автобусов милиции, один автобус подожгли. Силовики регулярно бросают в толпу дымовые шашки, используют слезоточивый газ.

Ожидается приезд водометов. Об этом сообщают местные СМИ. Использование водометов на морозе угрожает смертями протестующим. При таком температуре может наступить переохлаждение от воды за несколько минут.

Помимо этого, протестующие захватили пять пустых милицейских автобусов. Лидер партии «УДАР» Виталий Кличко призвал протестующих отказаться от силовых действий в отношении правоохранителей, заявив, что это наверняка вызовет ответную реакцию со стороны «Беркута». Политик пообещал договориться о том, чтобы людям открыли проход к зданию Верховной Рады.

Столкновения активистов с милицией начались после так называемого народного вече на Майдане Незалежности, в котором приняли участие несколько сотен тысяч человек. Собравшиеся протестовали против политики действующих властей страны.",push,"Violence, use of force, tear gas, potential use of water cannons on freezing temperatures posing a risk to protesters",mistral:7b,push,"Violence, use of force, tear gas, potential use of water cannons on freezing temperatures posing a risk to protesters",article,4
20220102,20,ACTIVIST,NATIONAL ASSEMBLY,https://lugradar.net/2022/01/337334,unclear,<URL too short>,mistral:7b,,,,"Содержание:

Пари Матч представляет собой гиганта в сфере организации азартных развлечений. Проект имеет колоссальный опыт в гемблинге. БК Париматч взял свое начало еще в далеком 1994 году и очень быстро завоевал расположение не только ценителей спорта, но и любителей азартных игр. Сегодня бренд является одной из самых популярных площадок на рынке Украины и за рубежом. Партнерами букмекера являются разработчики игрального софта с мировым именем, благодаря чему пользователи Parimatch получают только качественные и безопасные услуги. Parimatch имеет лицензию от правительства Кюрасао (no. 157), что позволяет предоставлять услуги онлайн-казино и ставок на спорт на международном уровне.

⚠️ Некоторые ссылки на сайте являются партнёрскими. Это значит, что мы можем получать комиссию, если вы зарегистрируетесь или сделаете депозит по одной из них. Это не влияет на содержание и оценки, но помогает развивать проект.

Преимущества Parimatch

Преимущество Описание 🔒 Надежность и безопасность Современные технологии шифрования обеспечивают защиту данных и честность игр. 🎲 Широкий выбор азартных игр и ставок Большой ассортимент спортивных событий, казино, покера и других развлечений. 💳 Простая и удобная система ввода и вывода средств Быстрые транзакции через популярные платежные системы. 🎁 Щедрые бонусы и интересные турниры Программы лояльности, кэшбэки и розыгрыши для активных пользователей. 📱 Мгновенный доступ с любого устройства Удобные мобильные приложения и адаптивный веб-сайт. 🛎️ Квалифицированная поддержка 24/7 Оперативные ответы через чат, email и телефон. ✅ Сертифицированные игры от мировых брендов Все слоты и лайв-игры проходят независимое тестирование (например, eCOGRA) на честность и соответствие заявленному RTP. 🧾 Лицензия Curaçao Gaming Authority under the National Ordinance on Games of Chance (LOK), P.B. 2024, no. 157

⚠️ Азартные игры могут вызывать зависимость. Перед тем как начать — оцените свои риски. Рекомендуем ознакомиться с разделом ""Ответственная игра"".

Parimatch — это платформа, которая сочетает высококлассный сервис с комфортом для каждого пользователя. Присоединяйтесь к миру развлечений и испытайте удачу с лучшими играми и ставками на спорт!

Регистрация в БК Париматч

Создание учетной записи занимает немного больше времени нежели авторизация, но эта процедура является одноразовой. Для создания профиля на сайте Pari Match может быть использован как номер мобильного телефона, так и адрес электронной почты. Не смотря на возможность выбора рекомендуется указать в личной анкете пользователя всю информацию, так как ее объем позволит пройти верификацию личности гораздо быстрее. Перед созданием профиля на сайте, рекомендуется внимательно ознакомиться с правилами проекта во избежание неприятных сюрпризов.

Чтобы создать аккаунт придерживайтесь простых шагов:

Зайдите на сайт беттинг-компании с использованием любого удобного устройства. Далее найдите кнопку ""Регистрация"", которая расположена в верхнем углу. После ее нажатия откроется форма, которую нужно заполнить, для создания персонального аккаунта. Укажите в первом поле свой e-mail. В следующей ячейке пропишите пароль, чтобы сделать его надежным, нужно следовать рекомендациям организатора.

После заполнения формы нажмите кнопку ""Зарегистрироваться"", это действие запускает отправку данных на сервер, где информация будет закреплена за конкретным игроком.

Чтобы иметь возможность играть на деньги, необходимо подтвердить свою личность с помощью документа. Для прохождения верификации потребуется зайти в личный кабинет и перейти в раздел ""Подтвердить учетную запись"". Далее нужно выбрать подходящий тип документа и загрузить его фотографии.

Вход в Париматч

Создание учетной записи необходимо не только для организатора, но и для самого пользователя. Благодаря персональному аккаунту, помимо прочего, игрок получает важную возможность вести учет своих действий и контролировать свои траты на развлечения. Организатору такой подход позволяет вести учет пользователей и отчитываться перед регулятором о своей деятельности. Учетная запись в казино также позволяет геймеру защитить свои интересы, так как в случае каких-либо споров между игроком и организатором, регулятор помогает в разрешении подобных ситуаций с учетом интересов обеих сторон.

Вход в Пари Матч доступен с различных устройств и имеет простой алгоритм действий:

Мобильная версия Parimatch

Если вы хотите войти в личный кабинет Париматч без использования специального приложения, то необходимо придерживаться следующей инструкции:

Откройте браузер на мобильном телефоне. С помощью него зайдите на сайт Париматч. В правом верхнем углу найдите кнопку ""Войти"". После ее нажатия откроется новое окно с формой для входа. Выберите один из доступных способов для авторизации: номер телефона, номер счета и электронная почта. В соответствии с выбранной вкладкой укажите данные в первом поле. Далее впишите пароль от учетной записи. Перед завершением авторизации необходимо проверить правильность введенных данных. Завершить процедуру входа можно клавишей ""Войти"".

💡 Совет от пользователей: если не приходит SMS-код — проверьте правильность номера и повторите попытку через 2 минуты. Если проблема сохраняется, обратитесь в поддержку через онлайн-чат.

Приложение Париматч

Процедура авторизации с помощью мобильного приложения идентична мобильной версии сайта, но прежде чем войти в свой аккаунт, необходимо скачать программу на устройство. Приложение доступно на гаджетах с любой операционной системой. Чтобы его скачать, необходимо зайти на официальный сайт Parimatch и на главной странице найти кнопку ""Скачать приложение"", далее откроется новая страница, на которой нужно выбрать тип своей операционной системы, после чего начнется загрузка. В случае, если загрузка не началась, рекомендуется проверить настройки и при необходимости дать разрешение на загрузку и установку приложений через браузер. Когда настройки будут изменены, необходимо повторить попытку. После того как приложение загрузилось на устройство, нужно установить его и перейти к авторизации.

Запустите приложение и укажите логин и пароль от своего аккаунта, подтвердите ввод с помощью кнопки ""Войти"".

Вход на сайт Париматч через компьютер

Концепт авторизации с помощью компьютера практически не отличается своим алгоритмом. Для этого нужно зайти на сайт Parimatch используя браузер своего компьютера, а далее указать данные от своего аккаунта.

Личный кабинет Париматч

После создания персонального аккаунта в БК Пари-Матч игрок получает доступ к расширенному функционалу и виртуальному игровому счету. В меню личного кабинета доступны следующие функции:

пополнение игрового счета и вывод средств;

выбор и активация бонусов;

статистика использованных поощрений от букмекера;

финансовая отчетность с возможностью фильтра по дате;

изменение персональных данных пользователя;

прохождение верификации;

помощь менеджера;

настройки аккаунта.

Профиль игрока Париматч дает возможность полноценно использовать функционал букмекерской конторы и раздела с играми казино.

Париматч является лидером среди организаторов азартных развлечений. Чтобы присоединиться к сообществу беттеров проекта важно пройти регистрацию, внимательно ознакомиться с условиями проекта и предоставить максимально правдивую информацию о себе. Каждый пользователь бренда Pari Match получает уникальную возможность насладиться высококлассным контентом и улучшить свое финансовое положение получая при этом удовольствие от любимых игр. Персональные данные полученные от пользователей проектом подвергаются шифрованию и хранятся на защищенных серверах. Благодаря чему Пари Матч входит в топ самых безопасных и конфиденциальных игровых проектов.

Проблемы со входом в Париматч

Рассмотрим популярные ситуации, которые могут возникнуть на этапе авторизации в личный кабинет Parimatch. Одна из самых распространенных проблем- это блокировка ресурса. Причин для блокировки может быть много, но чаще всего это связано с территориальными ограничениями. В некоторых странах и регионах азартные развлечения запрещены на законодательном уровне. В таком случае рекомендуется воспользоваться дополнительными инструментами для беспрепятственного доступа к учетной записи, такими как VPN и Proxy. Они работают по принципу смены id игрока, благодаря чему позволяют получить доступ к игровой площадке.

Вторая сложность, которая может возникнуть, это потеря доступа к аккаунту. В таком случае стоит убедиться, что все данные для входа указаны корректно. Если войти так и не удалось, то варианта два: сброс пароля и помощь специалиста Париматч.

Чтобы сбросить пароль необходимо воспользоваться специальной формой нажав кнопку ""Забыл пароль"", после чего нужно указать электронную почту или номер телефона, и следовать дальнейшей инструкции организатора.

Чтобы обратиться за помощью к менеджеру нужно нажать соответствующую кнопку и описать свою проблему. Специалисты Parimatch работают круглосуточно и владеют всей необходимой информацией для решения любого рода сложностей.

Казино Parimatch

П",neutral,The article is about a gambling company and does not directly discuss migration-driving conditions.,mistral:7b,neutral,The article is about a gambling company and does not directly discuss migration-driving conditions.,article,4
20220102,42,MACHU PICCHU,,https://www.segnidalcielo.it/peru-un-turista-fotografa-un-ufo-sullantica-citta-di-machu-picchu/,neutral,<no clear migration-related tokens>,mistral:7b,,,,,,,mistral:7b,neutral,<no clear migration-related tokens>,url_1,4
20220102,20,POLAND,UKRAINIAN,https://www.volynnews.com/news/all/chomu-v-polshchi-vse-chastishe-napadaiut-na-zarobitchan-z-ukrayiny/,pull,zarobitchan (workers),mistral:7b,,,,,,,mistral:7b,pull,zarobitchan (workers),url_1,4
20220102,20,POLAND,UKRAINIAN,https://www.volynnews.com/news/all/chomu-v-polshchi-vse-chastishe-napadaiut-na-zarobitchan-z-ukrayiny/,pull,zarobitchan (workers),mistral:7b,,,,,,,mistral:7b,pull,zarobitchan (workers),url_1,4
20220102,90,POLISH,UKRAINIAN,https://www.volynnews.com/news/all/chomu-v-polshchi-vse-chastishe-napadaiut-na-zarobitchan-z-ukrayiny/,pull,zarobitchan (workers),mistral:7b,,,,,,,mistral:7b,pull,zarobitchan (workers),url_1,4
20220102,90,POLISH,UKRAINIAN,https://www.volynnews.com/news/all/chomu-v-polshchi-vse-chastishe-napadaiut-na-zarobitchan-z-ukrayiny/,push,'chomu' (Why) in URL indicates a discussion about reasons for emigration,mistral:7b,,,,,,,mistral:7b,push,'chomu' (Why) in URL indicates a discussion about reasons for emigration,url_1,4
20220102,20,POLAND,UKRAINIAN,https://www.volynnews.com/news/all/chomu-v-polshchi-vse-chastishe-napadaiut-na-zarobitchan-z-ukrayiny/,push,'chomu' (Why) in URL indicates a discussion about reasons for emigration,mistral:7b,,,,,,,mistral:7b,push,'chomu' (Why) in URL indicates a discussion about reasons for emigration,url_1,4
20220102,90,POLISH,UKRAINIAN,https://www.volynnews.com/news/all/chomu-v-polshchi-vse-chastishe-napadaiut-na-zarobitchan-z-ukrayiny/,push,'chomu' (Why) in URL indicates a discussion about reasons for emigration,mistral:7b,,,,,,,mistral:7b,push,'chomu' (Why) in URL indicates a discussion about reasons for emigration,url_1,4
20220102,90,POLAND,UKRAINE,https://www.volynnews.com/news/all/chomu-v-polshchi-vse-chastishe-napadaiut-na-zarobitchan-z-ukrayiny/,push,'chomu' (Why) in URL indicates a discussion about reasons for emigration,mistral:7b,,,,,,,mistral:7b,push,'chomu' (Why) in URL indicates a discussion about reasons for emigration,url_1,4
20220102,43,LISBON,GERMAN,https://naslovi.net/2022-01-03/blic/zarobljeni-u-luci-nemacki-kruzer-usidren-do-daljeg-u-lisabonu-zbog-izbijanja-epidemije-korona-virusa/29657724,unclear,,mistral:7b,,,,,unclear,,mistral:7b,unclear,,article,4
20220102,43,LISBON,GERMAN,https://naslovi.net/2022-01-03/blic/zarobljeni-u-luci-nemacki-kruzer-usidren-do-daljeg-u-lisabonu-zbog-izbijanja-epidemije-korona-virusa/29657724,unclear,,mistral:7b,,,,,unclear,,mistral:7b,unclear,,article,4
20220102,20,PALESTINIAN,,http://www.hispantv.com/noticias/palestina/535010/preso-israel-huelga-hambre,push,No clear migration-related tokens in the URL,mistral:7b,,,,,,,mistral:7b,push,No clear migration-related tokens in the URL,url_1,4
20220102,1831,SUICIDE BOMBER,KABUL,https://www.journaldemontreal.com/2022/01/02/en-afghanistan-les-femmes-victimes-de-violences-abandonnees-a-leur-sort-1,unclear,,mistral:7b,,,,"Mariée à sept ans à un homme de 80, puis à un autre, Fatema a enduré les viols, la faim et les coups jusqu'à ce qu'elle n'en puisse plus et qu'elle tente de se suicider.

• À lire aussi: Le journal des médecins canadiens englué dans une polémique sur le hijab

• À lire aussi: Pour Noël, le pape appelle au «dialogue» et déplore les «tragédies oubliées»

• À lire aussi: Afghanistan: un kamikaze abattu devant le bureau des passeports à Kaboul

Après une énième fuite, elle se cache aujourd'hui dans un des rares refuges pour femmes restés ouverts en Afghanistan depuis l'arrivée au pouvoir des talibans, mi-août.

Les larmes aux yeux, la jeune femme de 22 ans raconte les violences conjugales, comme cette fois, à 10 ans, où «ma tête s'est écrasée contre un clou dans le mur et mon crâne a craqué».

«J'en suis presque morte», ajoute-t-elle.

En Afghanistan, où traditions patriarcales, pauvreté et manque d'éducation freinent les droits des femmes depuis des décennies, 87% d'entre elles ont déjà vécu une forme de violence physique, sexuelle ou psychologique, selon l'ONU.

Sous l'ancien gouvernement, ce pays de 38 millions d'habitants ne comptait que 24 refuges - quasiment tous financés par la communauté internationale et mal vus par une partie de la société. Déjà très imparfait, ce système de protection s'est effondré.

Si le refuge de Fatema ferme, elle n'aura nulle part où aller: son père est décédé, ses belles-familles souhaitent la tuer. Dans son foyer, une vingtaine d'autres survivantes se cachent de leurs anciens bourreaux.

AFP

«Recommencer de zéro»

Sous couvert d'anonymat, la directrice d'une ONG raconte à l'AFP qu'elle a suivi avec inquiétude la conquête progressive de l'Afghanistan par les talibans.

Dans les provinces les plus instables, elle s'est préparée des mois à l'avance, renvoyant les pensionnaires le souhaitant dans leurs familles et en transférant d'autres.

Puis il a fallu, en panique, déplacer une centaine de femmes et d'employées vers Kaboul. Quand la capitale est tombée, les dernières sont retournées dans leurs familles, parties chez des amis ou avec le personnel.

«Nous devons recommencer de zéro», déplore la directrice, qui n'a pas encore obtenu l'autorisation de rouvrir ses refuges.

Les talibans assurent pourtant qu'ils ont changé. Fin novembre, le porte-parole du mouvement, Suhail Shaheen, avait affirmé à Amnistie internationale que les femmes battues pouvaient saisir les tribunaux.

Leur chef suprême, Hibatullah Akhundzada, a dénoncé les mariages forcés en décembre.

Les combattants islamistes ne se sont pas prononcés officiellement sur les refuges ni n'ont ordonné leur fermeture, offrant même leur protection à certaines ONG. Insuffisant pour rassurer celles-ci: la plupart ont fermé leurs centres.

Les talibans ont rendu plusieurs visites à celui qui héberge Fatema, laissant une impression mitigée et l'«avenir incertain», selon une employée. Ils «disent que ce n'est pas un endroit sûr pour les femmes, que leur place est à la maison.»

Une autre est moins inquiète. Ils «sont venus, ont regardé les chambres, vérifié qu'il n'y avait pas d'hommes», raconte-t-elle. «C'était bien mieux que ce à quoi nous nous attendions.»

Selon plusieurs sources, certains centres officiellement fermés continuent à abriter des femmes n'ayant aucun point de chute.

Menaces

Avant même la prise de Kaboul par les talibans, beaucoup de victimes ne savaient ni où ni comment recevoir de l'aide et de graves manquements ont souvent été imputés aux institutions étatiques.

Zakia, menacée de mort par le père du mari qui la battait, se souvient que les employées du ministère des Femmes, chargé théoriquement de la protéger, «ne m'ont même pas écoutée et m'ont dit que ma situation n'était pas si mauvaise».

Le ministère, fermé par les talibans, l'a accusée «de mentir», raconte Mina, 17 ans, qui a fui un oncle violent à 15 ans, avec sa petite-soeur.

Mais le système restait vital. Désormais, de nombreuses femmes, mais aussi les employées des refuges, «risquent des violences et la mort», selon Amnistie internationale.

AFP

Plusieurs employées disent avoir été menacées au téléphone par des talibans cherchant des membres de leurs familles. Une fonctionnaire de l'ancien ministère des Femmes raconte que des talibans ont tenté d'obtenir d'elle les adresses des refuges.

L'heure est d'autant plus critique que la situation s'aggrave. «Quand la situation économique empire, les hommes sont sans travail, les cas de violence augmentent», explique cette fonctionnaire.

Une inquiétude partagée par Alison Davidian, représentante d'ONU Femmes en Afghanistan: «La situation a probablement empiré [...], mais les services ont de façon générale diminué», dit-elle, précisant que l'ONU négocie la réouverture de refuges.

C'est la mission que s'est fixée Mahbouba Seraj aussi, une figure centrale de la lutte pour les droits des Afghanes. Son refuge resté ouvert a été inspecté par les talibans, qui l'ont «en quelque sorte laissé tranquille».

AFP

Mme Seraj souhaite continuer de discuter avec les islamistes, ayant l'espoir «qu'il va y avoir des changements».

Mais elle s'inquiète surtout pour les victimes qui ne se manifestent plus: «Personne ne va s'occuper d'elles».

* Le nom des témoins a été changé.",push,"traditions patriarcales, poverty and lack of education that prevent women's rights, violence against women, closure of refuges for women, threats to life, unemployment, increasing violence",mistral:7b,push,"traditions patriarcales, poverty and lack of education that prevent women's rights, violence against women, closure of refuges for women, threats to life, unemployment, increasing violence",article,4
20220102,42,SAINT,,https://g1.globo.com/sp/santos-regiao/porto-mar/noticia/2022/01/02/anvisa-reforca-urgencia-em-acabar-com-temporada-de-cruzeiros-e-fala-em-risco-a-saude-publica.ghtml,neutral,No clear migration-related tokens in the URL,mistral:7b,,,,,,,mistral:7b,neutral,No clear migration-related tokens in the URL,url_1,4
20220102,14,ROMANIA,,https://ziare.com/sorin-grindeanu/grindeanu-acuzatii-drula-autostrada-brasov-ploiesti-licitatie-studiu-fezabilitate-1718214,unclear,URL too short and ambiguous,mistral:7b,,,,,unclear,,mistral:7b,unclear,,article,4
20220102,130,RUSSIAN,EGYPTIAN,https://aif.ru/society/genkonsulstvo_rf_v_hurgade_predupredilo_o_zaderzhkah_reysov_iz-za_nepogody,push,flight delays due to bad weather,mistral:7b,,,,,,,mistral:7b,push,flight delays due to bad weather,url_1,4
20220102,46,RUSSIA,TURKEY,https://www.geopolitica.ru/news/putin-i-erdogan-obsudili-garantii-bezopasnosti-mezhdu-rf-i-nato,neutral,unclear,mistral:7b,,,,,,,mistral:7b,neutral,unclear,url_1,4
20220102,112,RUSSIA,UKRAINE,https://www.cas.sk/cl/1003185/2626559/biden-telefonoval-s-ukrajinskym-prezidentom-usa-budu-na-rusku-invaziu-reagovat,push,rusku invaziu,mistral:7b,,,,,,,mistral:7b,push,Russian invasion,url_1,4
20220102,120,RUSSIA,UKRAINE,https://www.cas.sk/cl/1003185/2626559/biden-telefonoval-s-ukrajinskym-prezidentom-usa-budu-na-rusku-invaziu-reagovat,push,Russian invasion,mistral:7b,,,,,,,mistral:7b,push,Russian invasion,url_1,4
20220102,120,RUSSIA,UKRAINE,https://www.cas.sk/cl/1003185/2626559/biden-telefonoval-s-ukrajinskym-prezidentom-usa-budu-na-rusku-invaziu-reagovat,push,Russian invasion,mistral:7b,,,,,,,mistral:7b,push,Russian invasion,url_1,4
20220102,46,VLADIMIR,JOE BIDEN,https://gazeta.ua/articles/politics/_rozmova-zelenskogo-ta-bajdena-pro-scho-govorili-lideri/1065472,unclear,unclear,mistral:7b,,,,"Президенти США та України провели телефонну розмову. Фото: Reuters

2 січня президенти США та України Джо Байден і Володимир Зеленський провели телефонну розмову.

Під час перемовин американський лідер чітко дав зрозуміти, що США із союзниками й партнерами дадуть рішучу відповідь, якщо Росія вторгнеться в Україну.

""Байден підкреслив прихильність США, їхніх союзників і партнерів принципу ""нічого про вас без вас"", - ідеться в повідомленні Білого дому.

Також він підтвердив відданість США суверенітету й територіальній цілісності України. І висловив підтримку заходам зміцнення довіри для деескалації напруженості на Донбасі та активній дипломатії для впровадження Мінських домовленостей на підтримку ""нормандського формату"".

Лідери також висловили підтримку дипломатичним зусиллям, які розпочнуться наступного тижня з двостороннього діалогу про стратегічну стабільність, у НАТО через Раду Росія-НАТО та в Організації з безпеки й співробітництва в Європі.

ЧИТАЙТЕ ТАКОЖ: Україна отримає додаткову допомогу від США

Президенти РФ і США Володимир Путін і Джо Байден провели телефонну розмову вдруге за місяць. Головна тема - агресія РФ проти України.",neutral,"The article discusses a phone call between the presidents of the U.S. and Ukraine, focusing on diplomatic efforts and discussions regarding strategic stability, NATO, and the OSCE. There is no clear indication of migration pressure conditions.",mistral:7b,neutral,"The article discusses a phone call between the presidents of the U.S. and Ukraine, focusing on diplomatic efforts and discussions regarding strategic stability, NATO, and the OSCE. There is no clear indication of migration pressure conditions.",article,4
20220102,40,RUSSIA,PRESIDENT,https://tsn.ua/ru/politika/bayden-i-zelenskiy-proveli-telefonnye-peregovory-chto-izvestno-1945450.html,unclear,unclear,mistral:7b,,,,"Байден и Зеленский провели телефонные переговоры: что известно — Политика ТСН в социальных сетях facebook youtube tiktok instagram telegram viber x ru Язык сайта ua en Меню Сегодня: втр, 10 марта Exchange rate: $43.70 €50.46 Погода: +17° Локация: Киев Все публикации Лучшее с YouTube Эксклюзив ТСН Украина Политика Война Гламур Проспорт Леди Здоровье Астрология Видео Рецепты Экономика Киев Львов Курьезы Популярные теги Выпуски ТСН Мир Туризм Авто Наука и IT Помощь Другое Редакция Еще Live поиск Live Все публикации Лучшее с YouTube Эксклюзив ТСН Украина Политика Война Гламур Проспорт Леди Здоровье Астрология Видео Рецепты Экономика Киев Львов Курьезы Популярные теги Выпуски ТСН Мир Туризм Авто Наука и IT Помощь Другое Редакция Локация: Киев ТСН в социальных сетях facebook youtube tiktok instagram telegram viber x ТСН Политика Дата публикации 00:33, 03.01.22 Категория Политика Количество просмотров 37k Время на прочтение 2 мин Байден и Зеленский провели телефонные переговоры: что известно Байден подчеркнул, что в случае вторжения в Украину РФ получит ""решительный ответ"" от США и их союзников и партнеров. Автор публикации Оксана Сопрович Поделиться Поделиться: Facebook X Whatsapp Telegram Viber Скопировать ссылку © Associated Press Реклама Президент США Джо Байден в воскресенье, 2 января, провел телефонные переговоры с украинским лидером Владимиром Зеленским. Об этом сообщается на сайте Белого дома . Отмечается, что во время переговоров американский лидер четко дал понять, что в случае вторжения в Украину Россия получит ""решительный ответ"" от США и их союзников и партнеров. Реклама Читайте также Дата публикации 03:40, 31.12.21 Категория Политика Количество просмотров 3422 Стало известно, кто возглавит делегацию США на переговорах с РФ: подробности Автор публикации Елена Кузьмич ""Президент Байден выразил приверженность США, их союзников и партнеров принципу ""ничего о вас без вас"", — говорится в заявлении пресс-секретаря Белого дома Джен Псаки. Кроме того, американский лидер ""выразил поддержку мерам по укреплению доверия для деэскалации напряженности на Донбассе и активной дипломатии для продвижения имплементации Минских договоренностей в поддержку Нормандского формата"". Указывается, что Байден подтвердил приверженность США суверенитету и территориальной целостности Украины. Читайте также Дата публикации 02:48, 31.12.21 Категория Политика Количество просмотров 4039 Откровенный и деловой разговор о безопасности: что заявили в Кремле о переговорах президентов США и России Автор публикации Елена Кузьмич ""Лидеры также выразили поддержку дипломатическим усилиям, которые начнутся на следующей неделе по двустороннему диалогу о стратегической стабильности в НАТО через Совет Россия-НАТО и в Организации по безопасности и сотрудничеству в Европе"", — добавили в сообщении. Реклама Тем временем президент Украины Владимир Зеленский в своем микроблоге в Twitter подчеркнул , что первый международный разговор года с Джо Байденом ""доказывает особый характер"" дипломатических отношений между нашей страной и США. ""Обсудили общие действия Украины, США и партнеров по сохранению мира в Европе и недопущению дальнейшей эскалации, реформы и деолигархизацию. Ценим непреклонную поддержку Украины"", — написал украинский лидер. Напомним: Президент Джо Байден разговаривал по телефону с президентом России Владимиром Путиным . Глава американского государства призвал Россию к деэскалации напряженности с Украиной. Госсекретарь США Энтони Блинкен и министр иностранных дел Канады Мелани Жоли скоординировали свои действия в случае новой агрессии России против Украины. Ранее российский МИД обнародовал так называемый проект договора между Москвой и Вашингтоном о ""гарантиях безопасности"", где есть несколько пунктов, касающихся непосредственно Украины и ее интеграции в европейские и евроатлантические структуры. Также президенты России Владимир Путин и США Джо Байден договорились, что переговоры по безопасности состоятся в Женеве в январе. Дата публикации 07:16, 31.12.21 Количество просмотров 2538 Беседа Байдена и Путина: Россия разорвет отношения с США в случае введения санкций | Новости мира Новости партнеров Новости партнеров Реклама Дата публикации 00:33, 03.01.22 Количество просмотров 37k Поделиться Поделиться: Facebook X Whatsapp Telegram Viber Скопировать ссылку Дата публикации 23:46, 02.01.22 Категория Эксклюзив ТСН Количество просмотров 13k Время на прочтение 3 мин Избавиться от хлама и излучать спокойствие: как настроиться на 2022 год — год Тигра Главное верить в свои силы, поддерживать настроение, и тогда каждый день года будет успешным и счастливым. Автор публикации Иван Воробьев Поделиться Поделиться: Facebook X Whatsapp Telegram Viber Скопировать ссылку © УНИАН Читать новость полностью → Реклама Реклама Дата публикации 23:16, 02.01.22 Категория Мир Количество просмотров 6290 Время на прочтение 1 мин В США два десятка человек застряли в новогоднюю ночь на канатной дороге и провели там всю ночь Инцидент произошел из-за непогоды — кабели покрылись льдом. Поделиться Поделиться: Facebook X Whatsapp Telegram Viber Скопировать ссылку Читать новость полностью → Дата публикации 23:07, 02.01.22 Категория Астрология Количество просмотров 14k Время на прочтение 3 мин Лунный календарь стрижек на январь-2022: когда стричь, красить и оздоравливать волосы Луна воздействует на все сферы нашей жизни, прежде всего – на состояние волос. Автор публикации Мила Королева Поделиться Поделиться: Facebook X Whatsapp Telegram Viber Скопировать ссылку © Credits Читать новость полностью → Дата публикации 23:06, 02.01.22 Категория Астрология Количество просмотров 6105 Время на прочтение 2 мин Гороскоп болезней для всех знаков Зодиака на 3-9 января: кому на что обратить внимание Звезды могут рассказать нам о состоянии нашего здоровья ничуть не хуже докторов. Автор публикации Мила Королева Поделиться Поделиться: Facebook X Whatsapp Telegram Viber Скопировать ссылку © Credits Читать новость полностью → Лента новостей Дата публикации 05:20, 10.03.26 Количество просмотров 21 ЕС выполнит обязательства по кредиту для Украины — фон дер Ляен Дата публикации 05:00, 10.03.26 Количество просмотров 103 Астрологический прогноз на 10 марта Дата публикации 04:40, 10.03.26 Количество просмотров 265 Трамп рассказал, какую пользу ожидает от Путина Дата публикации 03:59, 10.03.26 Количество просмотров 253 В «Трампе» заявили о возможном возобновлении военного призыва в США Реклама Дата публикации 03:21, 10.03.26 Количество просмотров 649 Эксперт объяснила, для кого Ощадбанк вез изъятые Венгрией золотые слитки Дата публикации 02:40, 10.03.26 Количество просмотров 241 Ночью в Харькове раздался взрыв — СМИ Следующая публикация Погода Война Владимир Зеленский Курс валют Отключение электроэнергии Контакты facebook youtube tiktok instagram telegram viber x PUSH Уведомления RSS Лента Google News Гороскоп Гороскоп на 9 марта для всех знаков Зодиака Зодиакальный гороскоп на март 2026 года Какой сегодня день Какой праздник 9 марта в Украине и мире Животное-покровитель 2026 День ангела сегодня Именины 9 марта 2026 года Привітання з Днем народження Церковный праздник сегодня Церковный праздник 9 марта 2026 года Погода Прогноз погоды на 9 марта 2026 года Курс валют Сколько стоят доллар, евро и злотый на 9 марта 2026 года Курьезы На 4000-летней пирамиде появились новые рисунки В Италии открыли потерянный город Древнего Рима Действительно ли каждый 200-й мужчина — потомок Чингисхана Разное Никогда не выбрасывайте эти старые вещи из бабушкиных квартир Как защитить сад от тли и удвоить урожай Врачи назвали семь категорий людей, которым кофе запрещен Мир Норвегия ужесточает правила въезда для военнообязанных украинцев Телеканалы Грузии распространяют ложь о войне в Украине В Германии презентовали новую военную разработку Популярные теги Владимир Зеленский Дональд Трамп Війна Отключение света Вооружение и армия Сколько стоят ракеты Tomahawk и можно ли их купить Ракеты «Фламинго» - оружие, которое заставит Россию пойти на компромисс Украина показала свою новую ракету «Нептун» Ракета ""Орешник"": все последние новости Советы 4 вещи, которые не стоит брать с собой в новое жилье Привычка, от которой стоит отказаться уже сегодня Новый утренний ритуал может наполнить вас энергией на целый день Онлайн-медиа ТСН. 04080, г. Киев, ул. Кириловская, дом 23. Телефон — 044 490 01 01 . Адрес электронной почты — feedback@tsn.ua . Идентификатор онлайн-медиа в Реестре cубъектов в сфере медиа — R40-05195 Приступая к использованию Сайта, Пользователь этим подтверждает, что достиг 21-летнего возраста. В случае, если Вы не достигли 21-летнего возраста — не начинайте или прекратите пользование Сайтом. Администрация Сайта не несет ответственности за законность использования Сайта и его сервисов Пользователем, не достигшим 21-летнего возраста Все фотографические произведения, размещённые на этом сайте с ссылкой на агентство Getty Images, не подлежат дальнейшему воспроизведению и/или распространению в любой форме без письменного разрешения ООО «ГЛОБАЛ ІМІДЖЕС ЮКРЕ",push,"Threat of Russian invasion, with Biden stating that Russia will receive 'resolute response' from US and allies if they invade Ukraine",mistral:7b,push,"Threat of Russian invasion, with Biden stating that Russia will receive 'resolute response' from US and allies if they invade Ukraine",article,4
20220102,195,SAUDI,,http://www.hispantv.com/noticias/yemen/535011/ataque-saudi-mezquita-muertos,push,ataque saudi,mistral:7b,,,,,,,mistral:7b,push,Saudi attack,url_1,4
20220102,195,SAUDI,SAUDI ARABIA,http://www.hispantv.com/noticias/yemen/535011/ataque-saudi-mezquita-muertos,push,ataque saudi,mistral:7b,,,,,,,mistral:7b,push,Saudi attack,url_1,4
20220102,180,SENEGAL,,https://www.elmundo.es/comunidad-valenciana/castellon/2022/01/02/61d1ffb121efa045798b4589.html,unclear,unclear,mistral:7b,,,,"El piloto castellonense cede cerca de 40 minutos en la primera especial del rally, en el que aspira a superar el récord de triunfos de etapa de Peterhansel y Despres

Joan Barreda es una leyenda del Dakar. En la edición de 2021 hizo historia con sus tres triunfos de etapa, ya que alcanzó las 27 victorias del mítico Jordi Arcarons, con el que el piloto castellonense del Monster Energy Honda Team comparte el tercer lugar del podio histórico por número de triunfos de etapa. Solo le superan Peterhansel y Després (33 cada uno). Barreda es el piloto en activo con más victorias y asegura que le seduce el reto de intentar alcanzar el récord histórico de triunfos en esta edición 2022, que arrancó ayer. Será su duodécima participación en moto, en la que busca llegar a la meta por séptima ocasión.

«El récord de victorias es algo que está ahí y que habla de todo el trabajo que he hecho durante estos años. Aunque no haya ganado el Dakar por diferentes motivos, he estado durante muchos años a un nivel altísimo y he logrado muchos triunfos. El récord de victorias es algo que me seduce bastante», explica Barreda en declaraciones facilitadas por la organización del Dakar.

Su mejor resultado es el quinto puesto de 2017 pese a que estuvo muy cerca de alcanzar la gloria en 2013, 2014 y 2015, logrando repetidas victorias, pero las caídas o los problemas mecánicos le impidieron triunfar. También peleó por ello en el Dakar 2021, pero finalmente se vio obligado a abandonar en la etapa 11 al quedarse sin gasolina, mermado por una caída que había sufrido dos días antes. Las tres ediciones anteriores ya habían puesto a prueba la entereza del piloto de Torreblanca. En 2018 se retiró cuando era segundo por problemas en la rodilla y la muñeca. En 2019 se salió de ruta en la tercera etapa y cayó a un precipicio de rocas cuando era líder. En 2020, afectado por una fisura de costilla en la previa del Dakar, Barreda pilotó en las primeras etapas muy condicionado y su lesión se resintió por caídas en la segunda y la cuarta jornada. Sufrió problemas mecánicos pero terminó en séptima posición.

En 2022, 'Bang Bang' sigue estando entre los grandes favoritos en la lucha por el triunfo final, aunque en la etapa de este domingo, segunda de la prueba y primera especial tras el prólogo del sábado, sufrió su primer contratiempo tras perder 39 minutos y 48 segundos al resultarle ""casi imposible"", como a la mayoría de pilotos, encontrar el penúltimo punto de control.

""Fue una etapa difícil durante todo el día, pero sobre todo en los últimos 50 kilómetros. Había una nota con un punto de control no visible, con pocas referencias y resultó casi imposible encontrarlo. Hice un bucle de varios kilómetros, pasé varias veces por el mismo punto y llegué incluso a temer por la gasolina para llegar al final. Con la referencia de otros pilotos que llegaban pude encontrarlo"", dijo al llegar al campamento.

A pesar de encontrarse a 41 minutos y 54 segundos en la general del líder, el austríaco Daniel Sanders (Gas Gas), Barreda confía en que cambien las tornas en las próximas etapas. ""Es el primer día, queda mucho Dakar por delante y esto es un anticipo de lo que pueden ser estos días. Es un rally difícil, cada día cambian las cosas. Lo importante es mantenerse en carrera con opciones, intentaremos ir recuperando el tiempo de hoy. Estamos bien físicamente y hay que darlo todo"", valoró el piloto castellonense, que arrancó su duodécima participación con el objetivo de ""ganar el Dakar"".",neutral,"The article discusses a rally race, not directly related to conditions that may cause people to leave or arrive in a specific country",mistral:7b,neutral,"The article discusses a rally race, not directly related to conditions that may cause people to leave or arrive in a specific country",article,4
20220102,172,SYRIAN,,https://correio.rac.com.br/agencias/agencia-estado/2022/01/1153709-israel-aprova-plano-para-dobrar-numero-de-colonos-nas-colinas-do-golan.html,pull,'settlers',mistral:7b,,,,,,,mistral:7b,pull,'settlers',url_1,4
20220102,193,ADANA,POLICE,https://www.ensonhaber.com/3-sayfa/adanada-silahli-kavgaya-mudahale-eden-polis-vuruldu,unclear,,mistral:7b,,,,"Merkez Yüreğir ilçesi 2809. Sokak'ta iki grup arasında silahlı kavga çıktı.

Olay yerinin yakınlarında bulunan Yüreğir İlçe Emniyet Müdürlüğü Devriye Grup Amirliği'nde görevli polis memurları, kavgaya müdahale etti.

KAVGAYA MÜDAHALE EDEN POLİSLERDEN BİRİ VURULDU

Bu sırada bir polis memuru bacağından vuruldu.

Yaralanan polis memuru, ihbar üzerine olay yerine gelen 112 Acil Sağlık ekibinin müdahaleleriyle Yüreğir Devlet Hastanesi'ne kaldırıldı.

YARALI POLİSİN DURUMU İYİ

Daha sonra Çukurova Devlet Hastanesi'ne sevk edilen polis memurunun durumunun iyi olduğu belirtildi.

Olay yerine sevk edilen çok sayıda polis ekibi, yaralanan meslektaşlarını vuran saldırganı yakalamak için çalışmalarını sürdürüyor.",unclear,"The article describes a conflict between two groups and the police intervening, but it does not clearly indicate migration-related push or pull factors.",mistral:7b,unclear,"The article describes a conflict between two groups and the police intervening, but it does not clearly indicate migration-related push or pull factors.",article,4
20220102,41,TURKEY,RUSSIA,https://www.geopolitica.ru/news/putin-i-erdogan-obsudili-garantii-bezopasnosti-mezhdu-rf-i-nato,neutral,,mistral:7b,,,,,,,mistral:7b,neutral,,url_1,4
20220102,46,TURKEY,RUSSIA,https://www.geopolitica.ru/news/putin-i-erdogan-obsudili-garantii-bezopasnosti-mezhdu-rf-i-nato,neutral,,mistral:7b,,,,,,,mistral:7b,neutral,,url_1,4
20220102,46,TURKEY,RUSSIA,https://www.geopolitica.ru/news/putin-i-erdogan-obsudili-garantii-bezopasnosti-mezhdu-rf-i-nato,neutral,,mistral:7b,,,,,,,mistral:7b,neutral,,url_1,4
20220102,50,UKRAINE,,https://www.lematin.ch/story/joe-biden-assure-au-president-ukrainien-de-son-soutien-face-a-la-russie-753628635749,pull,'support',mistral:7b,,,,,,,mistral:7b,pull,'support',url_1,4
20220102,51,UKRAINE,,https://www.volynnews.com/news/all/chomu-v-polshchi-vse-chastishe-napadaiut-na-zarobitchan-z-ukrayiny/,push,'chomu...napadaiut-na-zarobitchan',mistral:7b,,,,,,,mistral:7b,push,'chomu...napadaiut-na-zarobitchan',url_1,4
20220102,51,UKRAINE,,https://www.volynnews.com/news/all/chomu-v-polshchi-vse-chastishe-napadaiut-na-zarobitchan-z-ukrayiny/,push,'chomu...napadaiut-na-zarobitchan',mistral:7b,,,,,,,mistral:7b,push,'chomu...napadaiut-na-zarobitchan',url_1,4
20220102,173,UKRAINIAN,,https://kosice.korzar.sme.sk/c/22812499/rusi-12-rokov-patrali-po-ukrajincovi-obvinenom-z-vrazdy-uz-je-v-kosickej-vaznici.html,pull,'kosica-vaznici',mistral:7b,,,,,,,mistral:7b,pull,'kosica-vaznici',url_1,4
20220102,173,UKRAINE,CHINA,https://kosice.korzar.sme.sk/c/22812499/rusi-12-rokov-patrali-po-ukrajincovi-obvinenom-z-vrazdy-uz-je-v-kosickej-vaznici.html,pull,'kosica-vaznici',mistral:7b,,,,,,,mistral:7b,pull,'kosica-vaznici',url_1,4
20220102,190,UKRAINE,CHINA,https://kosice.korzar.sme.sk/c/22812499/rusi-12-rokov-patrali-po-ukrajincovi-obvinenom-z-vrazdy-uz-je-v-kosickej-vaznici.html,unclear,,mistral:7b,,,,,unclear,,mistral:7b,unclear,,article,4
20220102,51,UKRAINE,RUSSIA,https://www.lematin.ch/story/joe-biden-assure-au-president-ukrainien-de-son-soutien-face-a-la-russie-753628635749,unclear,,mistral:7b,,,,"Le président Biden a assuré à son homologue ukrainien Volodymyr Zelensky que les États-Unis «répondront énergiquement» en cas d’attaque russe.

Le président américain Joe Bide, le 21 décembre 2021 à la Maison-Blanche, à Washington. AFP

Le président américain Joe Biden a assuré à son homologue ukrainien Volodymyr Zelensky, lors d’un appel téléphonique dimanche, que les États-Unis et ses alliés «répondront énergiquement» si la Russie envahissait l’Ukraine.

«Le président Biden a dit clairement que les États-Unis et ses alliés répondront énergiquement si la Russie envahit davantage l’Ukraine», a indiqué dans un communiqué la porte-parole de la Maison-Blanche, Jen Psaki. Joe Biden a également souligné l’engagement de Washington «au principe de «rien à propos de vous sans vous», faisant apparemment référence à la nécessité d’inclure l’Ukraine dans les négociations sur son propre avenir.

«Nous apprécions l’indéfectible soutien à l’Ukraine (de la part des USA)», a réagi Volodymyr Zelensky sur Twitter. «Nous avons évoqué les actions conjointes de l’Ukraine, des États-Unis et de ses partenaires pour maintenir la paix en Europe et éviter une aggravation de la situation».

Pourparlers à Genève

Les 9 et 10 janvier, Russie et États-Unis engageront des pourparlers sur l’Ukraine à Genève. Menés par la vice-secrétaire d’État américaine Wendy Sherman et son homologue russe Sergueï Riabkov, ils seront suivis, le 12 janvier, d’une rencontre Russie-OTAN puis, le 13 janvier, d’une réunion dans le cadre de l’OSCE.

Vendredi dernier, Joe Biden avait déjà assuré avoir de nouveau mis en garde le président russe contre une tentative d’invasion de l’Ukraine lors d’un entretien téléphonique la veille: «J’ai dit clairement au président Poutine que nous adopterions des sanctions sévères et que nous augmenterions notre présence en Europe, chez nos alliés de l’OTAN».

«Nous avons été clairs: il ne peut pas, je répète, il ne peut pas envahir l’Ukraine», a insisté Joe Biden. Il s’agissait de la seconde conversation téléphonique entre les deux chefs d’État en trois semaines, en raison des tensions autour de l’Ukraine pro-occidentale, avec la mobilisation de troupes russes à la frontière orientale de l’Ukraine.

«Sanctions sévères»

Ce dimanche, le dirigeant américain a par ailleurs «exprimé son soutien aux mesures de confiance pour désamorcer les tensions dans le Donbass et à une diplomatie active pour faire avancer la mise en œuvre des Accords de Minsk», selon Jen Psaki. Selon ces accords, conclus sous l’égide de la France et de l’Allemagne, l’Ukraine a accepté de mener des réformes politiques et la Russie de mettre fin à son soutien aux rebelles séparatistes prorusses.

Washington et ses alliés européens accusent Moscou de menacer l’Ukraine d’une nouvelle invasion, après celle de la Crimée en 2014, et d’avoir fomenté une guerre séparatiste prorusse qui a éclaté la même année dans l’Est. Quelque 100’000 soldats russes sont massés près de la frontière du pays.

Pour Moscou, la sécurité de la Russie passe par l’interdiction de tout élargissement de l’OTAN, perçue comme une menace existentielle, et la fin des activités militaires occidentales à proximité des frontières russes, zone qu’elle considère comme relevant de son aire d’influence.",push,Mention of possible Russian invasion and build-up of troops near Ukraine's eastern border,mistral:7b,push,Mention of possible Russian invasion and build-up of troops near Ukraine's eastern border,article,4
20220102,32,UKRAINE,RUSSIA,https://www.lematin.ch/story/joe-biden-assure-au-president-ukrainien-de-son-soutien-face-a-la-russie-753628635749,unclear,,mistral:7b,,,,"Le président Biden a assuré à son homologue ukrainien Volodymyr Zelensky que les États-Unis «répondront énergiquement» en cas d’attaque russe.

Le président américain Joe Bide, le 21 décembre 2021 à la Maison-Blanche, à Washington. AFP

Le président américain Joe Biden a assuré à son homologue ukrainien Volodymyr Zelensky, lors d’un appel téléphonique dimanche, que les États-Unis et ses alliés «répondront énergiquement» si la Russie envahissait l’Ukraine.

«Le président Biden a dit clairement que les États-Unis et ses alliés répondront énergiquement si la Russie envahit davantage l’Ukraine», a indiqué dans un communiqué la porte-parole de la Maison-Blanche, Jen Psaki. Joe Biden a également souligné l’engagement de Washington «au principe de «rien à propos de vous sans vous», faisant apparemment référence à la nécessité d’inclure l’Ukraine dans les négociations sur son propre avenir.

«Nous apprécions l’indéfectible soutien à l’Ukraine (de la part des USA)», a réagi Volodymyr Zelensky sur Twitter. «Nous avons évoqué les actions conjointes de l’Ukraine, des États-Unis et de ses partenaires pour maintenir la paix en Europe et éviter une aggravation de la situation».

Pourparlers à Genève

Les 9 et 10 janvier, Russie et États-Unis engageront des pourparlers sur l’Ukraine à Genève. Menés par la vice-secrétaire d’État américaine Wendy Sherman et son homologue russe Sergueï Riabkov, ils seront suivis, le 12 janvier, d’une rencontre Russie-OTAN puis, le 13 janvier, d’une réunion dans le cadre de l’OSCE.

Vendredi dernier, Joe Biden avait déjà assuré avoir de nouveau mis en garde le président russe contre une tentative d’invasion de l’Ukraine lors d’un entretien téléphonique la veille: «J’ai dit clairement au président Poutine que nous adopterions des sanctions sévères et que nous augmenterions notre présence en Europe, chez nos alliés de l’OTAN».

«Nous avons été clairs: il ne peut pas, je répète, il ne peut pas envahir l’Ukraine», a insisté Joe Biden. Il s’agissait de la seconde conversation téléphonique entre les deux chefs d’État en trois semaines, en raison des tensions autour de l’Ukraine pro-occidentale, avec la mobilisation de troupes russes à la frontière orientale de l’Ukraine.

«Sanctions sévères»

Ce dimanche, le dirigeant américain a par ailleurs «exprimé son soutien aux mesures de confiance pour désamorcer les tensions dans le Donbass et à une diplomatie active pour faire avancer la mise en œuvre des Accords de Minsk», selon Jen Psaki. Selon ces accords, conclus sous l’égide de la France et de l’Allemagne, l’Ukraine a accepté de mener des réformes politiques et la Russie de mettre fin à son soutien aux rebelles séparatistes prorusses.

Washington et ses alliés européens accusent Moscou de menacer l’Ukraine d’une nouvelle invasion, après celle de la Crimée en 2014, et d’avoir fomenté une guerre séparatiste prorusse qui a éclaté la même année dans l’Est. Quelque 100’000 soldats russes sont massés près de la frontière du pays.

Pour Moscou, la sécurité de la Russie passe par l’interdiction de tout élargissement de l’OTAN, perçue comme une menace existentielle, et la fin des activités militaires occidentales à proximité des frontières russes, zone qu’elle considère comme relevant de son aire d’influence.",push,"Russia is massing over 100,000 soldiers near the Ukraine border and is perceived as threatening another invasion of Ukraine by Washington and its allies.",mistral:7b,push,"Russia is massing over 100,000 soldiers near the Ukraine border and is perceived as threatening another invasion of Ukraine by Washington and its allies.",article,4
20220102,51,UKRAINE,RUSSIA,https://www.lematin.ch/story/joe-biden-assure-au-president-ukrainien-de-son-soutien-face-a-la-russie-753628635749,unclear,,mistral:7b,,,,"Le président Biden a assuré à son homologue ukrainien Volodymyr Zelensky que les États-Unis «répondront énergiquement» en cas d’attaque russe.

Le président américain Joe Bide, le 21 décembre 2021 à la Maison-Blanche, à Washington. AFP

Le président américain Joe Biden a assuré à son homologue ukrainien Volodymyr Zelensky, lors d’un appel téléphonique dimanche, que les États-Unis et ses alliés «répondront énergiquement» si la Russie envahissait l’Ukraine.

«Le président Biden a dit clairement que les États-Unis et ses alliés répondront énergiquement si la Russie envahit davantage l’Ukraine», a indiqué dans un communiqué la porte-parole de la Maison-Blanche, Jen Psaki. Joe Biden a également souligné l’engagement de Washington «au principe de «rien à propos de vous sans vous», faisant apparemment référence à la nécessité d’inclure l’Ukraine dans les négociations sur son propre avenir.

«Nous apprécions l’indéfectible soutien à l’Ukraine (de la part des USA)», a réagi Volodymyr Zelensky sur Twitter. «Nous avons évoqué les actions conjointes de l’Ukraine, des États-Unis et de ses partenaires pour maintenir la paix en Europe et éviter une aggravation de la situation».

Pourparlers à Genève

Les 9 et 10 janvier, Russie et États-Unis engageront des pourparlers sur l’Ukraine à Genève. Menés par la vice-secrétaire d’État américaine Wendy Sherman et son homologue russe Sergueï Riabkov, ils seront suivis, le 12 janvier, d’une rencontre Russie-OTAN puis, le 13 janvier, d’une réunion dans le cadre de l’OSCE.

Vendredi dernier, Joe Biden avait déjà assuré avoir de nouveau mis en garde le président russe contre une tentative d’invasion de l’Ukraine lors d’un entretien téléphonique la veille: «J’ai dit clairement au président Poutine que nous adopterions des sanctions sévères et que nous augmenterions notre présence en Europe, chez nos alliés de l’OTAN».

«Nous avons été clairs: il ne peut pas, je répète, il ne peut pas envahir l’Ukraine», a insisté Joe Biden. Il s’agissait de la seconde conversation téléphonique entre les deux chefs d’État en trois semaines, en raison des tensions autour de l’Ukraine pro-occidentale, avec la mobilisation de troupes russes à la frontière orientale de l’Ukraine.

«Sanctions sévères»

Ce dimanche, le dirigeant américain a par ailleurs «exprimé son soutien aux mesures de confiance pour désamorcer les tensions dans le Donbass et à une diplomatie active pour faire avancer la mise en œuvre des Accords de Minsk», selon Jen Psaki. Selon ces accords, conclus sous l’égide de la France et de l’Allemagne, l’Ukraine a accepté de mener des réformes politiques et la Russie de mettre fin à son soutien aux rebelles séparatistes prorusses.

Washington et ses alliés européens accusent Moscou de menacer l’Ukraine d’une nouvelle invasion, après celle de la Crimée en 2014, et d’avoir fomenté une guerre séparatiste prorusse qui a éclaté la même année dans l’Est. Quelque 100’000 soldats russes sont massés près de la frontière du pays.

Pour Moscou, la sécurité de la Russie passe par l’interdiction de tout élargissement de l’OTAN, perçue comme une menace existentielle, et la fin des activités militaires occidentales à proximité des frontières russes, zone qu’elle considère comme relevant de son aire d’influence.",push,"tensions around Ukraine pro-western, mobilization of Russian troops at the eastern border of Ukraine, potential invasion mentioned",mistral:7b,push,"tensions around Ukraine pro-western, mobilization of Russian troops at the eastern border of Ukraine, potential invasion mentioned",article,4
20220102,51,UKRAINE,RUSSIA,https://www.lematin.ch/story/joe-biden-assure-au-president-ukrainien-de-son-soutien-face-a-la-russie-753628635749,unclear,,mistral:7b,,,,"Le président Biden a assuré à son homologue ukrainien Volodymyr Zelensky que les États-Unis «répondront énergiquement» en cas d’attaque russe.

Le président américain Joe Bide, le 21 décembre 2021 à la Maison-Blanche, à Washington. AFP

Le président américain Joe Biden a assuré à son homologue ukrainien Volodymyr Zelensky, lors d’un appel téléphonique dimanche, que les États-Unis et ses alliés «répondront énergiquement» si la Russie envahissait l’Ukraine.

«Le président Biden a dit clairement que les États-Unis et ses alliés répondront énergiquement si la Russie envahit davantage l’Ukraine», a indiqué dans un communiqué la porte-parole de la Maison-Blanche, Jen Psaki. Joe Biden a également souligné l’engagement de Washington «au principe de «rien à propos de vous sans vous», faisant apparemment référence à la nécessité d’inclure l’Ukraine dans les négociations sur son propre avenir.

«Nous apprécions l’indéfectible soutien à l’Ukraine (de la part des USA)», a réagi Volodymyr Zelensky sur Twitter. «Nous avons évoqué les actions conjointes de l’Ukraine, des États-Unis et de ses partenaires pour maintenir la paix en Europe et éviter une aggravation de la situation».

Pourparlers à Genève

Les 9 et 10 janvier, Russie et États-Unis engageront des pourparlers sur l’Ukraine à Genève. Menés par la vice-secrétaire d’État américaine Wendy Sherman et son homologue russe Sergueï Riabkov, ils seront suivis, le 12 janvier, d’une rencontre Russie-OTAN puis, le 13 janvier, d’une réunion dans le cadre de l’OSCE.

Vendredi dernier, Joe Biden avait déjà assuré avoir de nouveau mis en garde le président russe contre une tentative d’invasion de l’Ukraine lors d’un entretien téléphonique la veille: «J’ai dit clairement au président Poutine que nous adopterions des sanctions sévères et que nous augmenterions notre présence en Europe, chez nos alliés de l’OTAN».

«Nous avons été clairs: il ne peut pas, je répète, il ne peut pas envahir l’Ukraine», a insisté Joe Biden. Il s’agissait de la seconde conversation téléphonique entre les deux chefs d’État en trois semaines, en raison des tensions autour de l’Ukraine pro-occidentale, avec la mobilisation de troupes russes à la frontière orientale de l’Ukraine.

«Sanctions sévères»

Ce dimanche, le dirigeant américain a par ailleurs «exprimé son soutien aux mesures de confiance pour désamorcer les tensions dans le Donbass et à une diplomatie active pour faire avancer la mise en œuvre des Accords de Minsk», selon Jen Psaki. Selon ces accords, conclus sous l’égide de la France et de l’Allemagne, l’Ukraine a accepté de mener des réformes politiques et la Russie de mettre fin à son soutien aux rebelles séparatistes prorusses.

Washington et ses alliés européens accusent Moscou de menacer l’Ukraine d’une nouvelle invasion, après celle de la Crimée en 2014, et d’avoir fomenté une guerre séparatiste prorusse qui a éclaté la même année dans l’Est. Quelque 100’000 soldats russes sont massés près de la frontière du pays.

Pour Moscou, la sécurité de la Russie passe par l’interdiction de tout élargissement de l’OTAN, perçue comme une menace existentielle, et la fin des activités militaires occidentales à proximité des frontières russes, zone qu’elle considère comme relevant de son aire d’influence.",push,"The article discusses the potential Russian attack on Ukraine and the threat of another invasion, creating conditions that may cause people to leave Ukraine",mistral:7b,push,"The article discusses the potential Russian attack on Ukraine and the threat of another invasion, creating conditions that may cause people to leave Ukraine",article,4
20220102,32,UKRAINE,UKRAINE,https://www.lematin.ch/story/joe-biden-assure-au-president-ukrainien-de-son-soutien-face-a-la-russie-753628635749,unclear,,mistral:7b,,,,"Le président Biden a assuré à son homologue ukrainien Volodymyr Zelensky que les États-Unis «répondront énergiquement» en cas d’attaque russe.

Le président américain Joe Bide, le 21 décembre 2021 à la Maison-Blanche, à Washington. AFP

Le président américain Joe Biden a assuré à son homologue ukrainien Volodymyr Zelensky, lors d’un appel téléphonique dimanche, que les États-Unis et ses alliés «répondront énergiquement» si la Russie envahissait l’Ukraine.

«Le président Biden a dit clairement que les États-Unis et ses alliés répondront énergiquement si la Russie envahit davantage l’Ukraine», a indiqué dans un communiqué la porte-parole de la Maison-Blanche, Jen Psaki. Joe Biden a également souligné l’engagement de Washington «au principe de «rien à propos de vous sans vous», faisant apparemment référence à la nécessité d’inclure l’Ukraine dans les négociations sur son propre avenir.

«Nous apprécions l’indéfectible soutien à l’Ukraine (de la part des USA)», a réagi Volodymyr Zelensky sur Twitter. «Nous avons évoqué les actions conjointes de l’Ukraine, des États-Unis et de ses partenaires pour maintenir la paix en Europe et éviter une aggravation de la situation».

Pourparlers à Genève

Les 9 et 10 janvier, Russie et États-Unis engageront des pourparlers sur l’Ukraine à Genève. Menés par la vice-secrétaire d’État américaine Wendy Sherman et son homologue russe Sergueï Riabkov, ils seront suivis, le 12 janvier, d’une rencontre Russie-OTAN puis, le 13 janvier, d’une réunion dans le cadre de l’OSCE.

Vendredi dernier, Joe Biden avait déjà assuré avoir de nouveau mis en garde le président russe contre une tentative d’invasion de l’Ukraine lors d’un entretien téléphonique la veille: «J’ai dit clairement au président Poutine que nous adopterions des sanctions sévères et que nous augmenterions notre présence en Europe, chez nos alliés de l’OTAN».

«Nous avons été clairs: il ne peut pas, je répète, il ne peut pas envahir l’Ukraine», a insisté Joe Biden. Il s’agissait de la seconde conversation téléphonique entre les deux chefs d’État en trois semaines, en raison des tensions autour de l’Ukraine pro-occidentale, avec la mobilisation de troupes russes à la frontière orientale de l’Ukraine.

«Sanctions sévères»

Ce dimanche, le dirigeant américain a par ailleurs «exprimé son soutien aux mesures de confiance pour désamorcer les tensions dans le Donbass et à une diplomatie active pour faire avancer la mise en œuvre des Accords de Minsk», selon Jen Psaki. Selon ces accords, conclus sous l’égide de la France et de l’Allemagne, l’Ukraine a accepté de mener des réformes politiques et la Russie de mettre fin à son soutien aux rebelles séparatistes prorusses.

Washington et ses alliés européens accusent Moscou de menacer l’Ukraine d’une nouvelle invasion, après celle de la Crimée en 2014, et d’avoir fomenté une guerre séparatiste prorusse qui a éclaté la même année dans l’Est. Quelque 100’000 soldats russes sont massés près de la frontière du pays.

Pour Moscou, la sécurité de la Russie passe par l’interdiction de tout élargissement de l’OTAN, perçue comme une menace existentielle, et la fin des activités militaires occidentales à proximité des frontières russes, zone qu’elle considère comme relevant de son aire d’influence.",push,Mention of potential Russian invasion of Ukraine and mobilization of Russian troops to the border oriental of Ukraine,mistral:7b,push,Mention of potential Russian invasion of Ukraine and mobilization of Russian troops to the border oriental of Ukraine,article,4
20220102,50,UKRAINE,UKRAINE,https://www.lematin.ch/story/joe-biden-assure-au-president-ukrainien-de-son-soutien-face-a-la-russie-753628635749,unclear,,mistral:7b,,,,"Le président Biden a assuré à son homologue ukrainien Volodymyr Zelensky que les États-Unis «répondront énergiquement» en cas d’attaque russe.

Le président américain Joe Bide, le 21 décembre 2021 à la Maison-Blanche, à Washington. AFP

Le président américain Joe Biden a assuré à son homologue ukrainien Volodymyr Zelensky, lors d’un appel téléphonique dimanche, que les États-Unis et ses alliés «répondront énergiquement» si la Russie envahissait l’Ukraine.

«Le président Biden a dit clairement que les États-Unis et ses alliés répondront énergiquement si la Russie envahit davantage l’Ukraine», a indiqué dans un communiqué la porte-parole de la Maison-Blanche, Jen Psaki. Joe Biden a également souligné l’engagement de Washington «au principe de «rien à propos de vous sans vous», faisant apparemment référence à la nécessité d’inclure l’Ukraine dans les négociations sur son propre avenir.

«Nous apprécions l’indéfectible soutien à l’Ukraine (de la part des USA)», a réagi Volodymyr Zelensky sur Twitter. «Nous avons évoqué les actions conjointes de l’Ukraine, des États-Unis et de ses partenaires pour maintenir la paix en Europe et éviter une aggravation de la situation».

Pourparlers à Genève

Les 9 et 10 janvier, Russie et États-Unis engageront des pourparlers sur l’Ukraine à Genève. Menés par la vice-secrétaire d’État américaine Wendy Sherman et son homologue russe Sergueï Riabkov, ils seront suivis, le 12 janvier, d’une rencontre Russie-OTAN puis, le 13 janvier, d’une réunion dans le cadre de l’OSCE.

Vendredi dernier, Joe Biden avait déjà assuré avoir de nouveau mis en garde le président russe contre une tentative d’invasion de l’Ukraine lors d’un entretien téléphonique la veille: «J’ai dit clairement au président Poutine que nous adopterions des sanctions sévères et que nous augmenterions notre présence en Europe, chez nos alliés de l’OTAN».

«Nous avons été clairs: il ne peut pas, je répète, il ne peut pas envahir l’Ukraine», a insisté Joe Biden. Il s’agissait de la seconde conversation téléphonique entre les deux chefs d’État en trois semaines, en raison des tensions autour de l’Ukraine pro-occidentale, avec la mobilisation de troupes russes à la frontière orientale de l’Ukraine.

«Sanctions sévères»

Ce dimanche, le dirigeant américain a par ailleurs «exprimé son soutien aux mesures de confiance pour désamorcer les tensions dans le Donbass et à une diplomatie active pour faire avancer la mise en œuvre des Accords de Minsk», selon Jen Psaki. Selon ces accords, conclus sous l’égide de la France et de l’Allemagne, l’Ukraine a accepté de mener des réformes politiques et la Russie de mettre fin à son soutien aux rebelles séparatistes prorusses.

Washington et ses alliés européens accusent Moscou de menacer l’Ukraine d’une nouvelle invasion, après celle de la Crimée en 2014, et d’avoir fomenté une guerre séparatiste prorusse qui a éclaté la même année dans l’Est. Quelque 100’000 soldats russes sont massés près de la frontière du pays.

Pour Moscou, la sécurité de la Russie passe par l’interdiction de tout élargissement de l’OTAN, perçue comme une menace existentielle, et la fin des activités militaires occidentales à proximité des frontières russes, zone qu’elle considère comme relevant de son aire d’influence.",push,"The article discusses the possibility of a Russian attack on Ukraine, which could potentially cause Ukrainians to leave their country.",mistral:7b,push,"The article discusses the possibility of a Russian attack on Ukraine, which could potentially cause Ukrainians to leave their country.",article,4
20220102,50,UKRAINE,UKRAINE,https://www.lematin.ch/story/joe-biden-assure-au-president-ukrainien-de-son-soutien-face-a-la-russie-753628635749,unclear,,mistral:7b,,,,"Le président Biden a assuré à son homologue ukrainien Volodymyr Zelensky que les États-Unis «répondront énergiquement» en cas d’attaque russe.

Le président américain Joe Bide, le 21 décembre 2021 à la Maison-Blanche, à Washington. AFP

Le président américain Joe Biden a assuré à son homologue ukrainien Volodymyr Zelensky, lors d’un appel téléphonique dimanche, que les États-Unis et ses alliés «répondront énergiquement» si la Russie envahissait l’Ukraine.

«Le président Biden a dit clairement que les États-Unis et ses alliés répondront énergiquement si la Russie envahit davantage l’Ukraine», a indiqué dans un communiqué la porte-parole de la Maison-Blanche, Jen Psaki. Joe Biden a également souligné l’engagement de Washington «au principe de «rien à propos de vous sans vous», faisant apparemment référence à la nécessité d’inclure l’Ukraine dans les négociations sur son propre avenir.

«Nous apprécions l’indéfectible soutien à l’Ukraine (de la part des USA)», a réagi Volodymyr Zelensky sur Twitter. «Nous avons évoqué les actions conjointes de l’Ukraine, des États-Unis et de ses partenaires pour maintenir la paix en Europe et éviter une aggravation de la situation».

Pourparlers à Genève

Les 9 et 10 janvier, Russie et États-Unis engageront des pourparlers sur l’Ukraine à Genève. Menés par la vice-secrétaire d’État américaine Wendy Sherman et son homologue russe Sergueï Riabkov, ils seront suivis, le 12 janvier, d’une rencontre Russie-OTAN puis, le 13 janvier, d’une réunion dans le cadre de l’OSCE.

Vendredi dernier, Joe Biden avait déjà assuré avoir de nouveau mis en garde le président russe contre une tentative d’invasion de l’Ukraine lors d’un entretien téléphonique la veille: «J’ai dit clairement au président Poutine que nous adopterions des sanctions sévères et que nous augmenterions notre présence en Europe, chez nos alliés de l’OTAN».

«Nous avons été clairs: il ne peut pas, je répète, il ne peut pas envahir l’Ukraine», a insisté Joe Biden. Il s’agissait de la seconde conversation téléphonique entre les deux chefs d’État en trois semaines, en raison des tensions autour de l’Ukraine pro-occidentale, avec la mobilisation de troupes russes à la frontière orientale de l’Ukraine.

«Sanctions sévères»

Ce dimanche, le dirigeant américain a par ailleurs «exprimé son soutien aux mesures de confiance pour désamorcer les tensions dans le Donbass et à une diplomatie active pour faire avancer la mise en œuvre des Accords de Minsk», selon Jen Psaki. Selon ces accords, conclus sous l’égide de la France et de l’Allemagne, l’Ukraine a accepté de mener des réformes politiques et la Russie de mettre fin à son soutien aux rebelles séparatistes prorusses.

Washington et ses alliés européens accusent Moscou de menacer l’Ukraine d’une nouvelle invasion, après celle de la Crimée en 2014, et d’avoir fomenté une guerre séparatiste prorusse qui a éclaté la même année dans l’Est. Quelque 100’000 soldats russes sont massés près de la frontière du pays.

Pour Moscou, la sécurité de la Russie passe par l’interdiction de tout élargissement de l’OTAN, perçue comme une menace existentielle, et la fin des activités militaires occidentales à proximité des frontières russes, zone qu’elle considère comme relevant de son aire d’influence.",push,Russia's potential invasion of Ukraine and the massing of 100'000 Russian soldiers near the border,mistral:7b,push,Russia's potential invasion of Ukraine and the massing of 100'000 Russian soldiers near the border,article,4
20220102,51,UKRAINE,UKRAINE,https://www.lematin.ch/story/joe-biden-assure-au-president-ukrainien-de-son-soutien-face-a-la-russie-753628635749,unclear,,mistral:7b,,,,"Le président Biden a assuré à son homologue ukrainien Volodymyr Zelensky que les États-Unis «répondront énergiquement» en cas d’attaque russe.

Le président américain Joe Bide, le 21 décembre 2021 à la Maison-Blanche, à Washington. AFP

Le président américain Joe Biden a assuré à son homologue ukrainien Volodymyr Zelensky, lors d’un appel téléphonique dimanche, que les États-Unis et ses alliés «répondront énergiquement» si la Russie envahissait l’Ukraine.

«Le président Biden a dit clairement que les États-Unis et ses alliés répondront énergiquement si la Russie envahit davantage l’Ukraine», a indiqué dans un communiqué la porte-parole de la Maison-Blanche, Jen Psaki. Joe Biden a également souligné l’engagement de Washington «au principe de «rien à propos de vous sans vous», faisant apparemment référence à la nécessité d’inclure l’Ukraine dans les négociations sur son propre avenir.

«Nous apprécions l’indéfectible soutien à l’Ukraine (de la part des USA)», a réagi Volodymyr Zelensky sur Twitter. «Nous avons évoqué les actions conjointes de l’Ukraine, des États-Unis et de ses partenaires pour maintenir la paix en Europe et éviter une aggravation de la situation».

Pourparlers à Genève

Les 9 et 10 janvier, Russie et États-Unis engageront des pourparlers sur l’Ukraine à Genève. Menés par la vice-secrétaire d’État américaine Wendy Sherman et son homologue russe Sergueï Riabkov, ils seront suivis, le 12 janvier, d’une rencontre Russie-OTAN puis, le 13 janvier, d’une réunion dans le cadre de l’OSCE.

Vendredi dernier, Joe Biden avait déjà assuré avoir de nouveau mis en garde le président russe contre une tentative d’invasion de l’Ukraine lors d’un entretien téléphonique la veille: «J’ai dit clairement au président Poutine que nous adopterions des sanctions sévères et que nous augmenterions notre présence en Europe, chez nos alliés de l’OTAN».

«Nous avons été clairs: il ne peut pas, je répète, il ne peut pas envahir l’Ukraine», a insisté Joe Biden. Il s’agissait de la seconde conversation téléphonique entre les deux chefs d’État en trois semaines, en raison des tensions autour de l’Ukraine pro-occidentale, avec la mobilisation de troupes russes à la frontière orientale de l’Ukraine.

«Sanctions sévères»

Ce dimanche, le dirigeant américain a par ailleurs «exprimé son soutien aux mesures de confiance pour désamorcer les tensions dans le Donbass et à une diplomatie active pour faire avancer la mise en œuvre des Accords de Minsk», selon Jen Psaki. Selon ces accords, conclus sous l’égide de la France et de l’Allemagne, l’Ukraine a accepté de mener des réformes politiques et la Russie de mettre fin à son soutien aux rebelles séparatistes prorusses.

Washington et ses alliés européens accusent Moscou de menacer l’Ukraine d’une nouvelle invasion, après celle de la Crimée en 2014, et d’avoir fomenté une guerre séparatiste prorusse qui a éclaté la même année dans l’Est. Quelque 100’000 soldats russes sont massés près de la frontière du pays.

Pour Moscou, la sécurité de la Russie passe par l’interdiction de tout élargissement de l’OTAN, perçue comme une menace existentielle, et la fin des activités militaires occidentales à proximité des frontières russes, zone qu’elle considère comme relevant de son aire d’influence.",push,The article discusses the potential Russian attack on Ukraine and the subsequent assurance by Joe Biden that the US will respond forcefully if such an attack occurs. This implies conditions (war) that may cause people from Ukraine to leave their country due to imminent danger.,mistral:7b,push,The article discusses the potential Russian attack on Ukraine and the subsequent assurance by Joe Biden that the US will respond forcefully if such an attack occurs. This implies conditions (war) that may cause people from Ukraine to leave their country due to imminent danger.,article,4
20220102,41,UKRAINE,UNITED STATES,https://gazeta.ua/articles/politics/_rozmova-zelenskogo-ta-bajdena-pro-scho-govorili-lideri/1065472,unclear,,mistral:7b,,,,"Президенти США та України провели телефонну розмову. Фото: Reuters

2 січня президенти США та України Джо Байден і Володимир Зеленський провели телефонну розмову.

Під час перемовин американський лідер чітко дав зрозуміти, що США із союзниками й партнерами дадуть рішучу відповідь, якщо Росія вторгнеться в Україну.

""Байден підкреслив прихильність США, їхніх союзників і партнерів принципу ""нічого про вас без вас"", - ідеться в повідомленні Білого дому.

Також він підтвердив відданість США суверенітету й територіальній цілісності України. І висловив підтримку заходам зміцнення довіри для деескалації напруженості на Донбасі та активній дипломатії для впровадження Мінських домовленостей на підтримку ""нормандського формату"".

Лідери також висловили підтримку дипломатичним зусиллям, які розпочнуться наступного тижня з двостороннього діалогу про стратегічну стабільність, у НАТО через Раду Росія-НАТО та в Організації з безпеки й співробітництва в Європі.

ЧИТАЙТЕ ТАКОЖ: Україна отримає додаткову допомогу від США

Президенти РФ і США Володимир Путін і Джо Байден провели телефонну розмову вдруге за місяць. Головна тема - агресія РФ проти України.",neutral,"The article discusses a phone call between the Presidents of the U.S. and Ukraine, focusing on diplomatic efforts to maintain stability and peace between Russia and Ukraine. There is no clear mention of push or pull factors related to migration.",mistral:7b,neutral,"The article discusses a phone call between the Presidents of the U.S. and Ukraine, focusing on diplomatic efforts to maintain stability and peace between Russia and Ukraine. There is no clear mention of push or pull factors related to migration.",article,4
20220102,41,UKRAINE,UNITED STATES,https://gazeta.ua/articles/politics/_rozmova-zelenskogo-ta-bajdena-pro-scho-govorili-lideri/1065472,neutral,No clear migration-related tokens,mistral:7b,,,,,,,mistral:7b,neutral,No clear migration-related tokens,url_1,4
20220102,46,UKRAINE,UNITED STATES,https://gazeta.ua/articles/politics/_rozmova-zelenskogo-ta-bajdena-pro-scho-govorili-lideri/1065472,neutral,No clear migration-related tokens,mistral:7b,,,,,,,mistral:7b,neutral,No clear migration-related tokens,url_1,4
20220102,46,UKRAINE,UNITED STATES,https://gazeta.ua/articles/politics/_rozmova-zelenskogo-ta-bajdena-pro-scho-govorili-lideri/1065472,neutral,No clear migration-related tokens,mistral:7b,,,,,,,mistral:7b,neutral,No clear migration-related tokens,url_1,4
20220102,100,UKRAINIAN,A US,https://naslovi.net/2022-01-03/blic/da-sacuvamo-mir-u-evropi-zelenski-razgovarao-sa-bajdenom-o-akcijama-u-ukrajini-reformi-i-borbama-protiv-oligarha/29657762,unclear,"URL too short, generic, ID-like or ambiguous",mistral:7b,,,,"Ukrajinski predsednik Volodimir Zelenski rekao je da je sa američkim predsenikom Džoom Bajdenom u nedelju razgovarao o akcijama koje treba preduzeti kako bi se sačuvao mir u Evropi, reformama i borbi protiv oligarha u Ukrajini. - Razgovarali smo o zajedničkim akcijama Ukrajine, SAD i partnera kako bismo sačuvali mir u Evropi i sprečili dalju eskalaciju, reformama i bobi protiv oligarhije. Cenimo nepokolebljivu podršku Ukrajini - napisao je Zelenski na Tviteru.",unclear,"The article is about a conversation between Ukrainian President Volodimir Zelenski and US President D. Bajden focusing on maintaining peace in Europe, reforms, and fighting against oligarchs in Ukraine. There is no direct mention of push or pull factors for migration.",mistral:7b,unclear,"The article is about a conversation between Ukrainian President Volodimir Zelenski and US President D. Bajden focusing on maintaining peace in Europe, reforms, and fighting against oligarchs in Ukraine. There is no direct mention of push or pull factors for migration.",article,4
20220102,46,UKRAINE,JOE BIDEN,https://gazeta.ua/articles/politics/_rozmova-zelenskogo-ta-bajdena-pro-scho-govorili-lideri/1065472,neutral,No clear migration-related tokens,mistral:7b,,,,,,,mistral:7b,neutral,No clear migration-related tokens,url_1,4
20220102,50,UKRAINIAN,RUSSIA,https://www.lematin.ch/story/joe-biden-assure-au-president-ukrainien-de-son-soutien-face-a-la-russie-753628635749,neutral,No clear migration-related tokens,mistral:7b,,,,,,,mistral:7b,neutral,No clear migration-related tokens,url_1,4
20220102,51,UKRAINIAN,RUSSIA,https://www.lematin.ch/story/joe-biden-assure-au-president-ukrainien-de-son-soutien-face-a-la-russie-753628635749,neutral,No clear migration-related tokens,mistral:7b,,,,,,,mistral:7b,neutral,No clear migration-related tokens,url_1,4
20220102,51,UKRAINIAN,RUSSIA,https://www.lematin.ch/story/joe-biden-assure-au-president-ukrainien-de-son-soutien-face-a-la-russie-753628635749,neutral,No clear migration-related tokens,mistral:7b,,,,,,,mistral:7b,neutral,No clear migration-related tokens,url_1,4
20220102,32,UKRAINIAN,UKRAINIAN,https://www.lematin.ch/story/joe-biden-assure-au-president-ukrainien-de-son-soutien-face-a-la-russie-753628635749,neutral,No clear migration-related tokens,mistral:7b,,,,,,,mistral:7b,neutral,No clear migration-related tokens,url_1,4
20220102,100,UKRAINIAN,A US,https://naslovi.net/2022-01-03/blic/da-sacuvamo-mir-u-evropi-zelenski-razgovarao-sa-bajdenom-o-akcijama-u-ukrajini-reformi-i-borbama-protiv-oligarha/29657762,unclear,"URL too short, generic, ID-like or ambiguous",mistral:7b,,,,"Ukrajinski predsednik Volodimir Zelenski rekao je da je sa američkim predsenikom Džoom Bajdenom u nedelju razgovarao o akcijama koje treba preduzeti kako bi se sačuvao mir u Evropi, reformama i borbi protiv oligarha u Ukrajini. - Razgovarali smo o zajedničkim akcijama Ukrajine, SAD i partnera kako bismo sačuvali mir u Evropi i sprečili dalju eskalaciju, reformama i bobi protiv oligarhije. Cenimo nepokolebljivu podršku Ukrajini - napisao je Zelenski na Tviteru.",unclear,"The article discusses discussions about maintaining peace in Europe, reforms and fighting against oligarchs, but it does not directly mention conditions related to migration pressure such as war, violence, persecution, unemployment, collapse, displacement, jobs, hiring, growth, investment or safety.",mistral:7b,unclear,"The article discusses discussions about maintaining peace in Europe, reforms and fighting against oligarchs, but it does not directly mention conditions related to migration pressure such as war, violence, persecution, unemployment, collapse, displacement, jobs, hiring, growth, investment or safety.",article,4
20220102,12,UNITED STATES,,https://www.telemundo.com/noticias/noticias-telemundo/desastres-naturales/hallan-con-vida-a-uno-de-los-tres-desaparecidos-en-los-incendios-de-co-rcna10641,unclear,<URL too short>,mistral:7b,,,,"Una de las tres personas que desaparecieron tras los inusuales incendios que arden en Colorado desde el jueves fue encontrada ""viva y bien"", informaron funcionarios del estado este domingo. La búsqueda de las otras dos prosigue, mientras los investigadores continúan indagando en las causas del fuego, que ha destruido casi 1,000 hogares y dejado a miles de evacuados.

El sábado se produjeron nevadas y bajas temperaturas en el condado de Boulder, el más afectado, y otras localidades como Superior y Louisville. El clima severo ha complicado las labores de búsqueda y rescate.

“Algo encendió ese fuego y es nuestra responsabilidad averiguar qué fue”, dijo este domingo Joe Pelle, el Sheriff del condado de Boulder. “(Pero) no puedo especular”.

El Buró Federal de Investigaciones (FBI) está indagando en la causa de los incendios. Las autoridades inicialmente sospecharon que se habían producido tras la caída de un cable eléctrico, pero luego descartaron esa posibilidad.

Pelle dijo el sábado que las autoridades estaban siguiendo una serie de pistas y habían ejecutado una orden de registro en “un lugar en particular”, aunque se negó a dar detalles.

“Si hubo alguna forma de incendio intencional o accidental, espero que los autores sean considerado splenamente responsables según la ley por la devastación total causada"", dijo este domingo Jared Polis, gobernador de Colorado.

[Incendios acaban con miles de terrenos productivos en Chile]

Según un informe preliminar de la Oficina de Manejo de Emergencias, 991 estructuras fueron destruidas en el condado de Boulder y más de 120 habían resultado dañadas hasta el 1 de enero. Alrededor de 6,000 acres fueron arrasados.

No se han reportado muertes, aunque el Sheriff de Boulder dijo el sábado que dudaba que los desaparecidos fueran encontrados con vida, tomando en cuenta ""la velocidad y la ferocidad"" del fuego.

""Creo que es milagroso que sean solo tres y no cientos” de desaparecidos, dijo Pelle.

En la localidad de Superior, 12 negocios resultaron dañados, incluidos un Target, un Chuck E. Cheese, un concesionario de autos Tesla, un hotel y el ayuntamiento.

Empleados de servicios públicos trabajaban el domingo para restaurar la mayor parte de la electricidad en las casas que aún estaban en pie, pero advirtieron que el servicio de gas podría demorar más en regresar.

En las zonas arrasadas, grupos de personas han hecho filas para recibir calentadores, agua embotellada y mantas donados en los refugios de la Cruz Roja.

La empresa eléctrica y de gas Xcel Energy ha instado a los residentes a usar chimeneas y estufas de leña para mantenerse calientes y evitar que las tuberías de las casas se congelen.

El presidente, Joe Biden, aprobó el sábado una declaración de desastre lo que permite el desembolso de ayuda federal para alojamiento temporal y las labores de reconstrucción en la zona.

Incendios inusuales de diciembre

Los incendios forestales no suelen ocurrir durante el invierno, particularmente en áreas como el condado de Boulder, donde el suelo tiende a estar húmedo por la nieve.

Expertos forestales advierten que este raro evento de diciembre puede no ser tan inusual en el futuro, debido al cambio climático.

“Claramente, el cambio climático está empeorando las condiciones para que ocurran incendios forestales en la mayoría de las regiones del mundo propensas a incendios”, dijo a NBC News Keith Musselman, hidrólogo y profesor asistente de investigación en la Universidad de Colorado en Boulder.

[La emergencia climática reduce la población de mariposa monarca]

En los últimos meses, Colorado ha experimentado una sequía severa.

Desde el 1 de julio hasta el 29 de diciembre de 2021, Denver registró su menor cantidad de precipitación en más de una pulgada, con nevadas en niveles récord también.

En Blouder, donde usualmente caen unas 30 pulgadas de nieve entre septiembre y diciembre, hubo solo una pulgada en ese período previo al día del incendio.

“Sé que para muchos parece una experiencia surrealista"", dijo el gobernador Polis el domingo. ""Hace apenas unos días estábamos celebrando la Navidad en casa y ahora la casa y el hogar han sido destruidos"".

“Pero quiero que la comunidad sepa que no está sola. Toda la fuerza de Estados Unidos está aquí con el administrador de FEMA, el condado, los comisionados, el estado, todos trabajando juntos. Hay un largo camino por recorrer”.",push,"Unusual fires in Colorado have destroyed nearly 1,000 homes and displaced thousands of people. No deaths have been reported but the sheriff doubts that the missing individuals will be found alive considering 'the speed and ferocity' of the fire.",mistral:7b,push,"Unusual fires in Colorado have destroyed nearly 1,000 homes and displaced thousands of people. No deaths have been reported but the sheriff doubts that the missing individuals will be found alive considering 'the speed and ferocity' of the fire.",article,4
20220102,30,THE US,,http://www.kvir.ru/articles/glavnoe-kachestvo-boyca.html,neutral,<no clear migration-related tokens>,mistral:7b,,,,,,,mistral:7b,neutral,<no clear migration-related tokens>,url_1,4
20220102,36,UNITED STATES,,https://news.online.ua/u-zelenskogo-utochnili-vremya-segodnyashnego-razgovora-s-baydenom_n840515/,neutral,<no clear migration-related tokens>,mistral:7b,,,,,,,mistral:7b,neutral,<no clear migration-related tokens>,url_1,4
20220102,30,AMERICAN,UKRAINIAN,https://www.lematin.ch/story/joe-biden-assure-au-president-ukrainien-de-son-soutien-face-a-la-russie-753628635749,unclear,<URL too short>,mistral:7b,,,,"Le président Biden a assuré à son homologue ukrainien Volodymyr Zelensky que les États-Unis «répondront énergiquement» en cas d’attaque russe.

Le président américain Joe Bide, le 21 décembre 2021 à la Maison-Blanche, à Washington. AFP

Le président américain Joe Biden a assuré à son homologue ukrainien Volodymyr Zelensky, lors d’un appel téléphonique dimanche, que les États-Unis et ses alliés «répondront énergiquement» si la Russie envahissait l’Ukraine.

«Le président Biden a dit clairement que les États-Unis et ses alliés répondront énergiquement si la Russie envahit davantage l’Ukraine», a indiqué dans un communiqué la porte-parole de la Maison-Blanche, Jen Psaki. Joe Biden a également souligné l’engagement de Washington «au principe de «rien à propos de vous sans vous», faisant apparemment référence à la nécessité d’inclure l’Ukraine dans les négociations sur son propre avenir.

«Nous apprécions l’indéfectible soutien à l’Ukraine (de la part des USA)», a réagi Volodymyr Zelensky sur Twitter. «Nous avons évoqué les actions conjointes de l’Ukraine, des États-Unis et de ses partenaires pour maintenir la paix en Europe et éviter une aggravation de la situation».

Pourparlers à Genève

Les 9 et 10 janvier, Russie et États-Unis engageront des pourparlers sur l’Ukraine à Genève. Menés par la vice-secrétaire d’État américaine Wendy Sherman et son homologue russe Sergueï Riabkov, ils seront suivis, le 12 janvier, d’une rencontre Russie-OTAN puis, le 13 janvier, d’une réunion dans le cadre de l’OSCE.

Vendredi dernier, Joe Biden avait déjà assuré avoir de nouveau mis en garde le président russe contre une tentative d’invasion de l’Ukraine lors d’un entretien téléphonique la veille: «J’ai dit clairement au président Poutine que nous adopterions des sanctions sévères et que nous augmenterions notre présence en Europe, chez nos alliés de l’OTAN».

«Nous avons été clairs: il ne peut pas, je répète, il ne peut pas envahir l’Ukraine», a insisté Joe Biden. Il s’agissait de la seconde conversation téléphonique entre les deux chefs d’État en trois semaines, en raison des tensions autour de l’Ukraine pro-occidentale, avec la mobilisation de troupes russes à la frontière orientale de l’Ukraine.

«Sanctions sévères»

Ce dimanche, le dirigeant américain a par ailleurs «exprimé son soutien aux mesures de confiance pour désamorcer les tensions dans le Donbass et à une diplomatie active pour faire avancer la mise en œuvre des Accords de Minsk», selon Jen Psaki. Selon ces accords, conclus sous l’égide de la France et de l’Allemagne, l’Ukraine a accepté de mener des réformes politiques et la Russie de mettre fin à son soutien aux rebelles séparatistes prorusses.

Washington et ses alliés européens accusent Moscou de menacer l’Ukraine d’une nouvelle invasion, après celle de la Crimée en 2014, et d’avoir fomenté une guerre séparatiste prorusse qui a éclaté la même année dans l’Est. Quelque 100’000 soldats russes sont massés près de la frontière du pays.

Pour Moscou, la sécurité de la Russie passe par l’interdiction de tout élargissement de l’OTAN, perçue comme une menace existentielle, et la fin des activités militaires occidentales à proximité des frontières russes, zone qu’elle considère comme relevant de son aire d’influence.",push,"Russia's mobilization of troops to Ukraine's eastern border, potential invasion of Ukraine, and Moscow being accused of fomenting separatist war in Ukraine",mistral:7b,push,"Russia's mobilization of troops to Ukraine's eastern border, potential invasion of Ukraine, and Moscow being accused of fomenting separatist war in Ukraine",article,4
20220102,41,UNITED STATES,UKRAINE,https://gazeta.ua/articles/politics/_rozmova-zelenskogo-ta-bajdena-pro-scho-govorili-lideri/1065472,unclear,<URL too short>,mistral:7b,,,,"Президенти США та України провели телефонну розмову. Фото: Reuters

2 січня президенти США та України Джо Байден і Володимир Зеленський провели телефонну розмову.

Під час перемовин американський лідер чітко дав зрозуміти, що США із союзниками й партнерами дадуть рішучу відповідь, якщо Росія вторгнеться в Україну.

""Байден підкреслив прихильність США, їхніх союзників і партнерів принципу ""нічого про вас без вас"", - ідеться в повідомленні Білого дому.

Також він підтвердив відданість США суверенітету й територіальній цілісності України. І висловив підтримку заходам зміцнення довіри для деескалації напруженості на Донбасі та активній дипломатії для впровадження Мінських домовленостей на підтримку ""нормандського формату"".

Лідери також висловили підтримку дипломатичним зусиллям, які розпочнуться наступного тижня з двостороннього діалогу про стратегічну стабільність, у НАТО через Раду Росія-НАТО та в Організації з безпеки й співробітництва в Європі.

ЧИТАЙТЕ ТАКОЖ: Україна отримає додаткову допомогу від США

Президенти РФ і США Володимир Путін і Джо Байден провели телефонну розмову вдруге за місяць. Головна тема - агресія РФ проти України.",neutral,"The article is about a phone call between the presidents of the U.S. and Ukraine discussing diplomatic efforts, not about conditions that may cause people to leave or arrive in either country.",mistral:7b,neutral,"The article is about a phone call between the presidents of the U.S. and Ukraine discussing diplomatic efforts, not about conditions that may cause people to leave or arrive in either country.",article,4
20220102,46,UNITED STATES,UKRAINE,https://gazeta.ua/articles/politics/_rozmova-zelenskogo-ta-bajdena-pro-scho-govorili-lideri/1065472,unclear,<URL is a duplicate of row_id: 364>,mistral:7b,,,,"Президенти США та України провели телефонну розмову. Фото: Reuters

2 січня президенти США та України Джо Байден і Володимир Зеленський провели телефонну розмову.

Під час перемовин американський лідер чітко дав зрозуміти, що США із союзниками й партнерами дадуть рішучу відповідь, якщо Росія вторгнеться в Україну.

""Байден підкреслив прихильність США, їхніх союзників і партнерів принципу ""нічого про вас без вас"", - ідеться в повідомленні Білого дому.

Також він підтвердив відданість США суверенітету й територіальній цілісності України. І висловив підтримку заходам зміцнення довіри для деескалації напруженості на Донбасі та активній дипломатії для впровадження Мінських домовленостей на підтримку ""нормандського формату"".

Лідери також висловили підтримку дипломатичним зусиллям, які розпочнуться наступного тижня з двостороннього діалогу про стратегічну стабільність, у НАТО через Раду Росія-НАТО та в Організації з безпеки й співробітництва в Європі.

ЧИТАЙТЕ ТАКОЖ: Україна отримає додаткову допомогу від США

Президенти РФ і США Володимир Путін і Джо Байден провели телефонну розмову вдруге за місяць. Головна тема - агресія РФ проти України.",neutral,"The article is about a phone call between the presidents of the USA and Ukraine regarding diplomatic efforts to maintain stability in the region, not directly discussing conditions that may cause people to migrate.",mistral:7b,neutral,"The article is about a phone call between the presidents of the USA and Ukraine regarding diplomatic efforts to maintain stability in the region, not directly discussing conditions that may cause people to migrate.",article,4
20220102,46,UNITED STATES,UKRAINE,https://gazeta.ua/articles/politics/_rozmova-zelenskogo-ta-bajdena-pro-scho-govorili-lideri/1065472,unclear,<URL is a duplicate of row_id: 364>,mistral:7b,,,,"Президенти США та України провели телефонну розмову. Фото: Reuters

2 січня президенти США та України Джо Байден і Володимир Зеленський провели телефонну розмову.

Під час перемовин американський лідер чітко дав зрозуміти, що США із союзниками й партнерами дадуть рішучу відповідь, якщо Росія вторгнеться в Україну.

""Байден підкреслив прихильність США, їхніх союзників і партнерів принципу ""нічого про вас без вас"", - ідеться в повідомленні Білого дому.

Також він підтвердив відданість США суверенітету й територіальній цілісності України. І висловив підтримку заходам зміцнення довіри для деескалації напруженості на Донбасі та активній дипломатії для впровадження Мінських домовленостей на підтримку ""нормандського формату"".

Лідери також висловили підтримку дипломатичним зусиллям, які розпочнуться наступного тижня з двостороннього діалогу про стратегічну стабільність, у НАТО через Раду Росія-НАТО та в Організації з безпеки й співробітництва в Європі.

ЧИТАЙТЕ ТАКОЖ: Україна отримає додаткову допомогу від США

Президенти РФ і США Володимир Путін і Джо Байден провели телефонну розмову вдруге за місяць. Головна тема - агресія РФ проти України.",neutral,"The article discusses a phone call between the presidents of the U.S. and Ukraine regarding Russia's potential aggression against Ukraine, but it does not directly address conditions that may cause people to leave or arrive in any of these countries.",mistral:7b,neutral,"The article discusses a phone call between the presidents of the U.S. and Ukraine regarding Russia's potential aggression against Ukraine, but it does not directly address conditions that may cause people to leave or arrive in any of these countries.",article,4
20220102,36,UNITED STATES,THE WHITE HOUSE,https://pronedra.ru/v21-pervye-pervye-simptomy-pnevmonii-pomogut-svoevremenno-nachat-lechenie-i-soxranit-zhizn-439639.html,pull,treatment (treatment),mistral:7b,,,,,,,mistral:7b,pull,treatment (treatment),url_1,4
20220102,36,THE WHITE HOUSE,,https://pronedra.ru/v21-pervye-pervye-simptomy-pnevmonii-pomogut-svoevremenno-nachat-lechenie-i-soxranit-zhizn-439639.html,pull,treatment (treatment),mistral:7b,,,,,,,mistral:7b,pull,treatment (treatment),url_1,4
20220102,36,THE WHITE HOUSE,,https://news.online.ua/u-zelenskogo-utochnili-vremya-segodnyashnego-razgovora-s-baydenom_n840515/,neutral,<no clear migration-related tokens>,mistral:7b,,,,,,,mistral:7b,neutral,<no clear migration-related tokens>,url_1,4
20220102,41,THE WHITE HOUSE,,https://pronedra.ru/v21-pervye-pervye-simptomy-pnevmonii-pomogut-svoevremenno-nachat-lechenie-i-soxranit-zhizn-439639.html,neutral,None of the tokens indicate migration pressure.,mistral:7b,,,,,,,mistral:7b,neutral,None of the tokens indicate migration pressure.,url_1,4
20220102,90,NASA,,http://www.hispantv.com/noticias/ciencia-tecnologia/535007/nasa-asteroide-psyche,neutral,None of the tokens indicate migration pressure.,mistral:7b,,,,,,,mistral:7b,neutral,None of the tokens indicate migration pressure.,url_1,4
20220102,46,JOE BIDEN,VLADIMIR,https://gazeta.ua/articles/politics/_rozmova-zelenskogo-ta-bajdena-pro-scho-govorili-lideri/1065472,unclear,URL does not contain clear migration-related tokens.,mistral:7b,,,,"Президенти США та України провели телефонну розмову. Фото: Reuters

2 січня президенти США та України Джо Байден і Володимир Зеленський провели телефонну розмову.

Під час перемовин американський лідер чітко дав зрозуміти, що США із союзниками й партнерами дадуть рішучу відповідь, якщо Росія вторгнеться в Україну.

""Байден підкреслив прихильність США, їхніх союзників і партнерів принципу ""нічого про вас без вас"", - ідеться в повідомленні Білого дому.

Також він підтвердив відданість США суверенітету й територіальній цілісності України. І висловив підтримку заходам зміцнення довіри для деескалації напруженості на Донбасі та активній дипломатії для впровадження Мінських домовленостей на підтримку ""нормандського формату"".

Лідери також висловили підтримку дипломатичним зусиллям, які розпочнуться наступного тижня з двостороннього діалогу про стратегічну стабільність, у НАТО через Раду Росія-НАТО та в Організації з безпеки й співробітництва в Європі.

ЧИТАЙТЕ ТАКОЖ: Україна отримає додаткову допомогу від США

Президенти РФ і США Володимир Путін і Джо Байден провели телефонну розмову вдруге за місяць. Головна тема - агресія РФ проти України.",neutral,"The article is about a phone conversation between the presidents of USA and Ukraine discussing diplomatic efforts and support, but it does not explicitly mention conditions that may cause people to leave or arrive in either country.",mistral:7b,neutral,"The article is about a phone conversation between the presidents of USA and Ukraine discussing diplomatic efforts and support, but it does not explicitly mention conditions that may cause people to leave or arrive in either country.",article,4
20220102,30,AMERICAN,UKRAINIAN,https://www.lematin.ch/story/joe-biden-assure-au-president-ukrainien-de-son-soutien-face-a-la-russie-753628635749,neutral,None of the tokens indicate migration pressure.,mistral:7b,,,,,,,mistral:7b,neutral,None of the tokens indicate migration pressure.,url_1,4
20220102,46,JOE BIDEN,UKRAINE,https://gazeta.ua/articles/politics/_rozmova-zelenskogo-ta-bajdena-pro-scho-govorili-lideri/1065472,unclear,URL is identical to the previous one and does not contain clear migration-related tokens.,mistral:7b,,,,"Президенти США та України провели телефонну розмову. Фото: Reuters

2 січня президенти США та України Джо Байден і Володимир Зеленський провели телефонну розмову.

Під час перемовин американський лідер чітко дав зрозуміти, що США із союзниками й партнерами дадуть рішучу відповідь, якщо Росія вторгнеться в Україну.

""Байден підкреслив прихильність США, їхніх союзників і партнерів принципу ""нічого про вас без вас"", - ідеться в повідомленні Білого дому.

Також він підтвердив відданість США суверенітету й територіальній цілісності України. І висловив підтримку заходам зміцнення довіри для деескалації напруженості на Донбасі та активній дипломатії для впровадження Мінських домовленостей на підтримку ""нормандського формату"".

Лідери також висловили підтримку дипломатичним зусиллям, які розпочнуться наступного тижня з двостороннього діалогу про стратегічну стабільність, у НАТО через Раду Росія-НАТО та в Організації з безпеки й співробітництва в Європі.

ЧИТАЙТЕ ТАКОЖ: Україна отримає додаткову допомогу від США

Президенти РФ і США Володимир Путін і Джо Байден провели телефонну розмову вдруге за місяць. Головна тема - агресія РФ проти України.",neutral,"The article does not clearly discuss conditions that may cause people to leave or arrive in the main country discussed, Ukraine. It is about a phone conversation between the presidents of USA and Ukraine discussing diplomatic efforts, support for Ukraine's sovereignty, and strategic stability.",mistral:7b,neutral,"The article does not clearly discuss conditions that may cause people to leave or arrive in the main country discussed, Ukraine. It is about a phone conversation between the presidents of USA and Ukraine discussing diplomatic efforts, support for Ukraine's sovereignty, and strategic stability.",article,4
20220102,36,THE WHITE HOUSE,UNITED STATES,https://news.online.ua/u-zelenskogo-utochnili-vremya-segodnyashnego-razgovora-s-baydenom_n840515/,unclear,URL is similar to the previous ones and does not contain clear migration-related tokens.,mistral:7b,,,,"Президент Владимир Зеленский и глава Белого дома Джо Байден проведут телефонные переговоры в воскресенье после 22 часов по киевскому времени, уточнил пресс-секретарь главы государства Сергей Никифоров.

Источник: Facebook Никифорова

Коллеги, поздравляю с новогодними праздниками! Желаю всем нам только хороших новостей в 2022 году! Одна из таких – уже совсем скоро. Президенты Владимир Зеленский и Джо Байден проведут телефонный разговор сегодня после 22:00 по Киеву, – отметил Никифоров.

Накануне Зеленский подтвердил, что переговоры должны пройти 2 января.

Напомним, 30 декабря 2021 года состоялся разговор лидера Штатов с главой Кремля Владимиром Путиным. Байден тогда неоднозначно намекнул о возможном введении масштабных санкций экономического, финансового и политического плана в случае дальнейших экспансивных действий на украинской границе.

Предварительный разговор президентов Украины и США состоялся 9 декабря, в ходе которого были обсуждены результаты переговоров Байдена и Путина 7 декабря.

Представители Белого дома сообщили, что в ходе разговора Байден озвучил Путину два сценария действий США в зависимости от политики Москвы.

Президент Джо Байден изложил два пути, два аспекта подхода США, зависящих от российских действий в будущий период. Первый – это путь дипломатии, ведущий к деэскалации ситуации. Другой путь в большей степени сфокусирован на сдерживании, включая серьезные затраты и последствия, если Россия выберет вариант вторжения в Украину. Эти расходы включают экономические меры, отметили в Белом доме.

Читайте также:",unclear,"The article does not provide clear information about migration-driving conditions such as war, violence, persecution, unemployment, or growth that could lead to people leaving or arriving in the main country discussed (Ukraine). The article primarily focuses on political discussions between Ukraine and the US regarding potential sanctions and diplomacy.",mistral:7b,unclear,"The article does not provide clear information about migration-driving conditions such as war, violence, persecution, unemployment, or growth that could lead to people leaving or arriving in the main country discussed (Ukraine). The article primarily focuses on political discussions between Ukraine and the US regarding potential sanctions and diplomacy.",article,4
20220102,13,VENEZUELAN,VENEZUELA,http://www.hispantv.com/noticias/venezuela/535014/eeuu-confrontacion-dialogos-intervenezolanos,unclear,None of the tokens indicate migration pressure.,mistral:7b,,,,,unclear,,mistral:7b,unclear,,article,4
20220102,111,VENEZUELAN,VENEZUELA,http://www.hispantv.com/noticias/venezuela/535014/eeuu-confrontacion-dialogos-intervenezolanos,unclear,URL is identical to the previous one and does not contain clear migration-related tokens.,mistral:7b,,,,,unclear,,mistral:7b,unclear,,article,4
20220102,111,VENEZUELAN,,http://www.hispantv.com/noticias/venezuela/535014/eeuu-confrontacion-dialogos-intervenezolanos,unclear,URL is identical to the previous ones and does not contain clear migration-related tokens.,mistral:7b,,,,,unclear,,mistral:7b,unclear,,article,4
20220102,13,VENEZUELAN,VENEZUELAN,http://www.hispantv.com/noticias/venezuela/535014/eeuu-confrontacion-dialogos-intervenezolanos,unclear,URL is identical to the previous ones and does not contain clear migration-related tokens.,mistral:7b,,,,,unclear,,mistral:7b,unclear,,article,4
20220102,51,CATALAN,,https://sport1.oslobodjenje.ba/s1/fudbal/ino-fudbal/primera/barcelona-slavila-minimalnu-pobjedu-protiv-mallorce-721769,neutral,,mistral:7b,,,,,,,mistral:7b,neutral,,url_1,4
