sqldate,eventcode,actor1name,actor2name,sourceurl,pressure_url_1,reason_url_1,model_url_1,pressure_url_2,reason_url_2,model_url_2,article_text,pressure_article,reason_article,model_article,pressure_final,reason_final,final_source,mode_used
20210101,130,GERMANY,,https://www.e110.de/terrorakte-vielleicht-verhindert/,push,acts of terrorism perhaps prevented,qwen2.5:7b,,,qwen2.5:72b,,,,,push,acts of terrorism perhaps prevented,url_1,2
20220101,43,,CHILE,http://www.funkuhr.de/fernsehprogramm/sendungsdetails/169446982/pumas-in-der-wildnis-patagoniens.html,neutral,,qwen2.5:7b,,,qwen2.5:72b,,,,,neutral,,url_1,2
20220101,112,,CRIMINAL,https://www.brasil247.com/brasil/bolsonaro-e-eleito-corrupto-do-ano-por-consorcio-internacional,neutral,corrupt of the year,qwen2.5:7b,,,qwen2.5:72b,,,,,neutral,corrupt of the year,url_1,2
20220101,46,,AUTHORITIES,https://ria.ru/20220102/status-1766397981.html,neutral,,qwen2.5:7b,,,qwen2.5:72b,,,,,neutral,,url_1,2
20220101,110,,PRIME MINISTER,https://www.aftenposten.no/verden/i/OrevnE/foerste-nyttaarsdag-ble-det-registrert-over-160000-koronatilfeller-i-en,neutral,,qwen2.5:7b,,,qwen2.5:72b,,,,,neutral,,url_1,2
20220101,190,,PRESIDENT,https://alquds.com/2022/01/01/%D8%A5%D8%B5%D8%A7%D8%A8%D8%A7%D8%AA-%D8%AE%D9%84%D8%A7%D9%84-%D9%85%D9%88%D8%A7%D8%AC%D9%87%D8%A7%D8%AA-%D9%81%D9%8A-%D8%A8%D8%B1%D9%82%D8%A9/,neutral,,qwen2.5:7b,,,qwen2.5:72b,,,,,neutral,,url_1,2
20220101,42,,ITALIAN,https://www.interris.it/copertina/perno-opbg-omicron-bambini/,neutral,,qwen2.5:7b,,,qwen2.5:72b,,,,,neutral,,url_1,2
20220101,51,,WORKER,https://www.franceguyane.fr/actualite/social/mobilisation-sociale-a-pointe-a-pitre-elie-domota-a-ete-arrete-493999.php,neutral,,qwen2.5:7b,,,qwen2.5:72b,,,,,neutral,,url_1,2
20220101,51,,WORKER,https://www.franceguyane.fr/actualite/social/mobilisation-sociale-a-pointe-a-pitre-elie-domota-a-ete-arrete-493999.php,neutral,,qwen2.5:7b,,,qwen2.5:72b,,,,,neutral,,url_1,2
20220101,1823,,MILITARY,https://www.franceguyane.fr/actualite/france/feminicides-deux-hommes-en-garde-a-vue-le-jour-du-nouvel-an-494064.php,neutral,,qwen2.5:7b,,,qwen2.5:72b,,,,,neutral,,url_1,2
20220101,43,,POLE,https://as.com/futbol/2022/01/01/primera/1641057005_745473.html,neutral,,qwen2.5:7b,,,qwen2.5:72b,,,,,neutral,,url_1,2
20220101,51,,SAUDI ARABIA,https://www.okaz.com.sa/news/na/2092790,neutral,,qwen2.5:7b,,,qwen2.5:72b,,,,,neutral,,url_1,2
20220101,51,,SAUDI ARABIA,https://www.okaz.com.sa/news/na/2092790,neutral,,qwen2.5:7b,,,qwen2.5:72b,,,,,neutral,,url_1,2
20220101,20,,INTELLIGENCE,https://www.diariolaprovinciasj.com/elpais/2022/1/1/cuales-son-los-sectores-que-tendran-mayor-demanda-laboral-en-2022-165873.html,pull,sectors that will have greater labor demand,qwen2.5:7b,,,qwen2.5:72b,,,,,pull,sectors that will have greater labor demand,url_1,2
20220101,42,,VENEZUELAN,https://noticias.uol.com.br/ultimas-noticias/efe/2022/01/01/chanceler-venezuelano-pede-que-bolsonaro-aprove-transferencia-de-migrantes.htm,push,asks that Bolsonaro approve the transfer of migrants,qwen2.5:7b,,,qwen2.5:72b,,,,,push,asks that Bolsonaro approve the transfer of migrants,url_1,2
20220101,20,,BASQUE,https://omirante.pt/cavaleiro-andante/2022-01-01-Em-Abrantes-nada-como-dantes-a2fb5365,neutral,,qwen2.5:7b,,,qwen2.5:72b,,,,,neutral,,url_1,2
20220101,50,,CATALAN,https://sport1.oslobodjenje.ba/s1/fudbal/ino-fudbal/primera/postigao-dogovor-sa-kataloncima-barcelona-sljedeceg-ljeta-dobija-veliko-pojacanje-721568,neutral,,qwen2.5:7b,,,qwen2.5:72b,,,,,neutral,,url_1,2
20220101,51,,INDIGENOUS,https://g1.globo.com/mundo/noticia/2022/01/01/a-epidemia-de-desaparecimentos-de-indigenas-que-intriga-os-eua.ghtml,push,disappearances of indigenous people that intrigue the USA,qwen2.5:7b,,,qwen2.5:72b,,,,,push,disappearances of indigenous people that intrigue the USA,url_1,2
20220101,51,,INDIGENOUS,https://g1.globo.com/mundo/noticia/2022/01/01/a-epidemia-de-desaparecimentos-de-indigenas-que-intriga-os-eua.ghtml,push,disappearances of indigenous people that intrigue the USA,qwen2.5:7b,,,qwen2.5:72b,,,,,push,disappearances of indigenous people that intrigue the USA,url_1,2
20220101,161,MADEIRA,,https://www.akhbarona.com/last/340605.html,neutral,,qwen2.5:7b,,,qwen2.5:72b,,,,,neutral,,url_1,2
20220101,112,BRAZIL,CRIMINAL,https://www.brasil247.com/brasil/bolsonaro-e-eleito-corrupto-do-ano-por-consorcio-internacional,neutral,no clear migration-related tokens,qwen2.5:7b,,,qwen2.5:72b,,,,,neutral,no clear migration-related tokens,url_1,2
20220101,112,BRAZIL,CRIMINAL,https://www.brasil247.com/brasil/bolsonaro-e-eleito-corrupto-do-ano-por-consorcio-internacional,neutral,no clear migration-related tokens,qwen2.5:7b,,,qwen2.5:72b,,,,,neutral,no clear migration-related tokens,url_1,2
20220101,100,BUSINESS,,https://pronedra.ru/znaki-vostochnogo-kalendarya-po-godu-rozhdeniya-kotorym-povezet-v-2022-godu-628853.html,neutral,no clear migration-related tokens,qwen2.5:7b,,,qwen2.5:72b,,,,,neutral,no clear migration-related tokens,url_1,2
20220101,90,COMPANY,ADMINISTRATION,https://www.republika.co.id/berita/r520kx430/jepang-bantu-perusahaan-bill-gates-bangun-reaktor-nuklir,neutral,no clear migration-related tokens,qwen2.5:7b,,,qwen2.5:72b,,,,,neutral,no clear migration-related tokens,url_1,2
20220101,112,COMPANIES,REPRESENTATIVES,https://www.alarab.com/Article/1018144,unclear,URL too short or generic,qwen2.5:7b,unclear,URL too short; no clear migration-related tokens,qwen2.5:72b,,,,,unclear,URL too short; no clear migration-related tokens,url_2,2
20220101,60,SWITZERLAND,,https://evz.ro/sinuciderea-asistata-este-acum-legala-austria-este-tara-care-a-decis-sa-curme-suferintele-bolnavilor.html,push,"corruption, may discourage immigration",qwen2.5:7b,,,qwen2.5:72b,,,,,push,"corruption, may discourage immigration",url_1,2
20220101,81,SWITZERLAND,,https://evz.ro/sinuciderea-asistata-este-acum-legala-austria-este-tara-care-a-decis-sa-curme-suferintele-bolnavilor.html,push,"corruption, may discourage immigration",qwen2.5:7b,,,qwen2.5:72b,,,,,push,"corruption, may discourage immigration",url_1,2
20220101,42,CHILE,,http://www.funkuhr.de/fernsehprogramm/sendungsdetails/169446982/pumas-in-der-wildnis-patagoniens.html,neutral,no clear migration-related tokens,qwen2.5:7b,,,qwen2.5:72b,,,,,neutral,no clear migration-related tokens,url_1,2
20220101,54,CHINA,EMBASSY,https://gordonua.com/news/worldnews/kitay-otkryl-posolstvo-v-nikaragua-posle-vozobnovleniya-diplomaticheskih-otnosheniy-1589047.html,neutral,no clear migration-related tokens,qwen2.5:7b,,,qwen2.5:72b,,,,,neutral,no clear migration-related tokens,url_1,2
20220101,20,COLOMBIA,COLOMBIA,https://www.colombia.com/actualidad/nacionales/12415-contagios-por-la-covid-19-registra-colombia-en-el-primer-dia-del-ano-2022-333346,neutral,no clear migration-related tokens,qwen2.5:7b,,,qwen2.5:72b,,,,,neutral,no clear migration-related tokens,url_1,2
20220101,180,PRISON,,https://pronedra.ru/zaprety-i-primety-rozhdestvenskogo-sochelnik-chto-gotovyat-v-prazdnik-628846.html,neutral,prohibitions-and-signs-of-Christmas-Christmas-Eve,qwen2.5:7b,,,qwen2.5:72b,,,,,neutral,prohibitions-and-signs-of-Christmas-Christmas-Eve,url_1,2
20220101,30,PRISON,ACADEMICS,https://www.notigape.com/trabajara-gobierno-municipal-por-bienestar-y-progreso-en-2022/243835,pull,municipal-government-will-work-for-welfare-and-progress,qwen2.5:7b,,,qwen2.5:72b,,,,,pull,municipal-government-will-work-for-welfare-and-progress,url_1,2
20220101,173,POLICE,FRANCE,https://www.franceguyane.fr/actualite/social/mobilisation-sociale-a-pointe-a-pitre-elie-domota-a-ete-arrete-493999.php,push,social-mobilization-in-pointe-a-pitre-elie-domota,qwen2.5:7b,,,qwen2.5:72b,,,,,push,social-mobilization-in-pointe-a-pitre-elie-domota,url_1,2
20220101,186,PERPETRATOR,BAMAKO,http://malijet.com/les_faits_divers_au_mali/265488-commissariat-de-police-du-11eme-arrondissement-fin-de-course-pou.html,neutral,miscellaneous_facts_in_mali/265488-police-station-of-the-11th-arrondissement-end-of-course-pou,qwen2.5:7b,,,qwen2.5:72b,,,,,neutral,miscellaneous_facts_in_mali/265488-police-station-of-the-11th-arrondissement-end-of-course-pou,url_1,2
20220101,10,COMMUNITY,,https://www.lopinionista.it/fico-ringrazia-mattarella-120130.html,neutral,fig-thanks-mattarella,qwen2.5:7b,,,qwen2.5:72b,,,,,neutral,fig-thanks-mattarella,url_1,2
20220101,111,RESIDENTS,,https://g1.globo.com/sp/piracicaba-regiao/noticia/2022/01/01/biblioteca-municipal-de-limeira-oferece-oficinas-gincana-show-e-sarau-durante-as-ferias-escolares.ghtml,neutral,municipal-library-of-limeira-offers-workshops-gymkhana-show-and-soiree-during-the-school-holidays,qwen2.5:7b,,,qwen2.5:72b,,,,,neutral,municipal-library-of-limeira-offers-workshops-gymkhana-show-and-soiree-during-the-school-holidays,url_1,2
20220101,1723,POPULATION,,https://gordonua.com/news/worldnews/vo-francii-v-novogodnyuyu-noch-sozhgli-874-mashiny-mvd-1589046.html,neutral,"in-France, 874-Ministry of Internal Affairs-cars were burned on New Year’s Eve",qwen2.5:7b,,,qwen2.5:72b,,,,,neutral,"in-France, 874-Ministry of Internal Affairs-cars were burned on New Year’s Eve",url_1,2
20220101,80,ACTOR,,https://www.interris.it/rubriche/opinione/affrontare-questioni-pressanti-luce-dottrina-sociale-chiesa/,mixed,address-pressing-issues-light-social-doctrine-church,qwen2.5:7b,,,qwen2.5:72b,,,,,mixed,address-pressing-issues-light-social-doctrine-church,url_1,2
20220101,833,EUROPE,,https://www.brasil247.com/blog/brasil-para-principiantes,neutral,brazil-for-beginners,qwen2.5:7b,,,qwen2.5:72b,,,,,neutral,brazil-for-beginners,url_1,2
20220101,90,EUROPE,,https://alquds.com/2022/01/02/%D8%A3%D9%88%D8%B1%D9%88%D8%A8%D8%A7-%D8%AA%D8%AA%D8%AC%D8%A7%D9%88%D8%B2-%D8%B9%D8%AA%D8%A8%D8%A9-100-%D9%85%D9%84%D9%8A%D9%88%D9%86-%D8%A5%D8%B5%D8%A7%D8%A8%D8%A9-%D8%A8%D9%83%D9%88%D9%81%D9%8A/,neutral,Europe-exceeds-the-100-million-threshold...8% of Covid-19 infections/,qwen2.5:7b,,,qwen2.5:72b,,,,,neutral,Europe-exceeds-the-100-million-threshold...8% of Covid-19 infections/,url_1,2
20220101,112,EUROPEAN,BELARUS,https://www.skivefolkeblad.dk/artikel/8426302b-78a7-3353-beaa-8731a102cde4/,unclear,URL too short,qwen2.5:7b,unclear,ID-like token; no clear migration-related tokens,qwen2.5:72b,,,,,unclear,ID-like token; no clear migration-related tokens,url_2,2
20220101,112,EUROPEAN,RUSSIA,https://www.skivefolkeblad.dk/artikel/8426302b-78a7-3353-beaa-8731a102cde4/,unclear,URL too short,qwen2.5:7b,unclear,ID-like token; no clear migration-related tokens,qwen2.5:72b,,,,,unclear,ID-like token; no clear migration-related tokens,url_2,2
20220101,112,EUROPEAN,RUSSIA,https://www.skivefolkeblad.dk/artikel/8426302b-78a7-3353-beaa-8731a102cde4/,unclear,URL too short,qwen2.5:7b,unclear,ID-like token; no clear migration-related tokens,qwen2.5:72b,,,,,unclear,ID-like token; no clear migration-related tokens,url_2,2
20220101,50,FRANCE,,https://as.com/futbol/2022/01/01/primera/1641057005_745473.html,neutral,No clear migration-related tokens,qwen2.5:7b,,,qwen2.5:72b,,,,,neutral,No clear migration-related tokens,url_1,2
20220101,141,PARIS,POLICE,https://noticias.uol.com.br/ultimas-noticias/deutschewelle/2022/01/01/franca-ve-queda-em-numero-de-carros-incendiados-no-ano-novo.htm,neutral,No clear migration-related tokens,qwen2.5:7b,,,qwen2.5:72b,,,,,neutral,No clear migration-related tokens,url_1,2
20220101,192,FRENCH,SYRIA,https://naslovi.net/2022-01-02/rtv/vremeplov-otvorena-prva-citaonica-u-knezevini-srbiji/29652721,neutral,No clear migration-related tokens,qwen2.5:7b,,,qwen2.5:72b,,,,,neutral,No clear migration-related tokens,url_1,2
20220101,192,FRANCE,SYRIA,https://naslovi.net/2022-01-02/rtv/vremeplov-otvorena-prva-citaonica-u-knezevini-srbiji/29652721,neutral,No clear migration-related tokens,qwen2.5:7b,,,qwen2.5:72b,,,,,neutral,No clear migration-related tokens,url_1,2
20220101,190,LILLE,YEMENI,https://www.okaz.com.sa/news/na/2092790,neutral,No clear migration-related tokens,qwen2.5:7b,,,qwen2.5:72b,,,,,neutral,No clear migration-related tokens,url_1,2
20220101,141,GUADELOUPE,,https://www.franceguyane.fr/actualite/social/mobilisation-sociale-a-pointe-a-pitre-elie-domota-a-ete-arrete-493999.php,neutral,No clear migration-related tokens,qwen2.5:7b,,,qwen2.5:72b,,,,,neutral,No clear migration-related tokens,url_1,2
20220101,172,CONAKRY,,http://malijet.com/actualite_economique_du_mali/265491-lutte-contre-la-fraude-et-la-contrebande-les-douanes-saisissent-.html,neutral,No clear migration-related tokens,qwen2.5:7b,,,qwen2.5:72b,,,,,neutral,No clear migration-related tokens,url_1,2
20220101,70,GAMBIA,NORWEGIAN,https://www.analisidifesa.it/2022/01/il-2021-ha-rilanciato-limmigrazione-illegale-su-vasta-scala-in-italia/,pull,illegal immigration,qwen2.5:7b,,,qwen2.5:72b,,,,,pull,illegal immigration,url_1,2
20220101,70,GAMBIA,NORWAY,https://www.analisidifesa.it/2022/01/il-2021-ha-rilanciato-limmigrazione-illegale-su-vasta-scala-in-italia/,pull,illegal immigration,qwen2.5:7b,,,qwen2.5:72b,,,,,pull,illegal immigration,url_1,2
20220101,70,GAMBIA,NORWEGIAN,https://www.analisidifesa.it/2022/01/il-2021-ha-rilanciato-limmigrazione-illegale-su-vasta-scala-in-italia/,pull,illegal immigration,qwen2.5:7b,,,qwen2.5:72b,,,,,pull,illegal immigration,url_1,2
20220101,190,PRESIDENT,,https://alquds.com/2022/01/01/%D8%A5%D8%B5%D8%A7%D8%A8%D8%A7%D8%AA-%D8%AE%D9%84%D8%A7%D9%84-%D9%85%D9%88%D8%A7%D8%AC%D9%87%D8%A7%D8%AA-%D9%81%D9%8A-%D8%A8%D8%B1%D9%82%D8%A9/,push,illegal on a large scale,qwen2.5:7b,,,qwen2.5:72b,,,,,push,illegal on a large scale,url_1,2
20220101,192,PRESIDENT,,https://alquds.com/2022/01/01/%D8%A5%D8%B5%D8%A7%D8%A8%D8%A7%D8%AA-%D8%AE%D9%84%D8%A7%D9%84-%D9%85%D9%88%D8%A7%D8%AC%D9%87%D8%A7%D8%AA-%D9%81%D9%8A-%D8%A8%D8%B1%D9%82%D8%A9/,push,illegal on a large scale,qwen2.5:7b,,,qwen2.5:72b,,,,,push,illegal on a large scale,url_1,2
20220101,20,MINISTRY,EMIRATI,https://www.akhbarona.com/world/340606.html,neutral,no clear migration-related tokens,qwen2.5:7b,,,qwen2.5:72b,,,,,neutral,no clear migration-related tokens,url_1,2
20220101,51,MINISTRY,EMIRATI,https://www.akhbarona.com/world/340606.html,neutral,no clear migration-related tokens,qwen2.5:7b,,,qwen2.5:72b,,,,,neutral,no clear migration-related tokens,url_1,2
20220101,71,GOVERNMENT,EUROPEAN,https://www.interris.it/rubriche/opinione/affrontare-questioni-pressanti-luce-dottrina-sociale-chiesa/,neutral,no clear migration-related tokens,qwen2.5:7b,,,qwen2.5:72b,,,,,neutral,no clear migration-related tokens,url_1,2
20220101,111,AUTHORITIES,EMPLOYEE,https://ria.ru/20220102/status-1766397981.html,unclear,"URL too short, generic",qwen2.5:7b,neutral,No clear migration-related tokens,qwen2.5:72b,,,,,neutral,No clear migration-related tokens,url_2,2
20220101,841,DIPLOMAT,PRISONER,https://www.republika.co.id/berita/r520da430/indiapakistan-tukar-daftar-tahanan,neutral,no clear migration-related tokens,qwen2.5:7b,,,qwen2.5:72b,,,,,neutral,no clear migration-related tokens,url_1,2
20220101,841,DIPLOMAT,PRISONER,https://www.republika.co.id/berita/r520da430/indiapakistan-tukar-daftar-tahanan,neutral,home,qwen2.5:7b,,,qwen2.5:72b,,,,,neutral,home,url_1,2
20220101,1014,EMBASSY,UKRAINIAN,https://pronedra.ru/znaki-vostochnogo-kalendarya-po-godu-rozhdeniya-kotorym-povezet-v-2022-godu-628853.html,neutral,signs-of-the-eastern-calendar-by-year-of-birth-who-will-be-lucky-in-2022,qwen2.5:7b,,,qwen2.5:72b,,,,,neutral,signs-of-the-eastern-calendar-by-year-of-birth-who-will-be-lucky-in-2022,url_1,2
20220101,1014,EMBASSY,UKRAINIAN,https://pronedra.ru/znaki-vostochnogo-kalendarya-po-godu-rozhdeniya-kotorym-povezet-v-2022-godu-628853.html,unclear,,qwen2.5:7b,neutral,No migration-related tokens found,qwen2.5:72b,,,,,neutral,No migration-related tokens found,url_2,2
20220101,36,MINIST OF EDUCATION,,https://www.diariolaprovinciasj.com/educacion/2022/1/1/el-ministerio-de-educacion-atendera-en-nuevo-horario-165874.html,neutral,education,qwen2.5:7b,,,qwen2.5:72b,,,,,neutral,education,url_1,2
20220101,13,MEDICAL ASSOCIATION,,https://www.aftenposten.no/verden/i/OrevnE/foerste-nyttaarsdag-ble-det-registrert-over-160000-koronatilfeller-i-en,neutral,corona cases-in-one,qwen2.5:7b,,,qwen2.5:72b,,,,,neutral,corona cases-in-one,url_1,2
20220101,120,DOCTOR,,https://kino.24tv.ua/ru/novogodnie-multfilmy-dlja-vsej-semi-dushevnaja-podborka-dlja_n1831930,unclear,New Year's-cartoons-for-the-whole-family-heartwarming-selection,qwen2.5:7b,neutral,No migration-related tokens found,qwen2.5:72b,,,,,neutral,No migration-related tokens found,url_2,2
20220101,120,DOCTOR,,https://kino.24tv.ua/ru/novogodnie-multfilmy-dlja-vsej-semi-dushevnaja-podborka-dlja_n1831930,neutral,New Year's-cartoons-for-the-whole-family-heartwarming-selection,qwen2.5:7b,,,qwen2.5:72b,,,,,neutral,New Year's-cartoons-for-the-whole-family-heartwarming-selection,url_1,2
20220101,10,CROATIAN,,https://madeinfoot.ouest-france.fr/infos/article-asm-l-as-monaco-officialise-le-depart-de-niko-kovac-officiel-364395.html,push,formalize-the-departure,qwen2.5:7b,,,qwen2.5:72b,,,,,push,formalize-the-departure,url_1,2
20220101,10,CROATIAN,,https://madeinfoot.ouest-france.fr/infos/article-asm-l-as-monaco-officialise-le-depart-de-niko-kovac-officiel-364395.html,neutral,formalize-the-departure,qwen2.5:7b,,,qwen2.5:72b,,,,,neutral,formalize-the-departure,url_1,2
20220101,42,CROATIAN,,https://madeinfoot.ouest-france.fr/infos/article-asm-l-as-monaco-officialise-le-depart-de-niko-kovac-officiel-364395.html,neutral,formalize-the-departure,qwen2.5:7b,,,qwen2.5:72b,,,,,neutral,formalize-the-departure,url_1,2
20220101,42,CROATIAN,,https://madeinfoot.ouest-france.fr/infos/article-asm-l-as-monaco-officialise-le-depart-de-niko-kovac-officiel-364395.html,push,departure,qwen2.5:7b,,,qwen2.5:72b,,,,,push,departure,url_1,2
20220101,43,JAKARTA,FLORIDA,https://www.republika.co.id/berita/r520u2384/ini-ketentuan-tes-antigen-di-stasiun,neutral,,qwen2.5:7b,,,qwen2.5:72b,,,,,neutral,,url_1,2
20220101,10,ISRAEL,,https://www.lematin.ch/story/apres-des-tirs-de-roquettes-frappes-israeliennes-sur-gaza-569823935907,push,"rocket fire, Israeli strikes on Gaza",qwen2.5:7b,,,qwen2.5:72b,,,,,push,"rocket fire, Israeli strikes on Gaza",url_1,2
20220101,61,ISRAEL,,https://www.alquds.co.uk/%D8%A7%D9%84%D8%AC%D9%8A%D8%B4-%D8%A7%D9%84%D8%A5%D8%B3%D8%B1%D8%A7%D8%A6%D9%8A%D9%84%D9%8A-%D9%8A%D9%82%D8%B5%D9%81-%D8%A3%D9%87%D8%AF%D8%A7%D9%81%D8%A7-%D9%81%D9%8A-%D9%82%D8%B7%D8%A7%D8%B9-%D8%BA/,pull,"visa, residency",qwen2.5:7b,,,qwen2.5:72b,,,,,pull,"visa, residency",url_1,2
20220101,190,ISRAELI,ISRAEL,https://ria.ru/20220102/status-1766397981.html,neutral,,qwen2.5:7b,,,qwen2.5:72b,,,,,neutral,,url_1,2
20220101,871,ISRAEL,PALESTINIAN,https://www.alquds.co.uk/%D8%A7%D9%84%D8%AC%D9%8A%D8%B4-%D8%A7%D9%84%D8%A5%D8%B3%D8%B1%D8%A7%D8%A6%D9%8A%D9%84%D9%8A-%D9%8A%D9%82%D8%B5%D9%81-%D8%A3%D9%87%D8%AF%D8%A7%D9%81%D8%A7-%D9%81%D9%8A-%D9%82%D8%B7%D8%A7%D8%B9-%D8%BA/,pull,"visa, residency",qwen2.5:7b,,,qwen2.5:72b,,,,,pull,"visa, residency",url_1,2
20220101,190,ISRAELI,GAZA,https://ria.ru/20220102/udary-1766397744.html,push,"blows, streaks",qwen2.5:7b,,,qwen2.5:72b,,,,,push,"blows, streaks",url_1,2
20220101,194,ISRAEL,PALESTINIAN,https://www.lematin.ch/story/apres-des-tirs-de-roquettes-frappes-israeliennes-sur-gaza-569823935907,push,"rocket fire, Israeli strikes on Gaza",qwen2.5:7b,,,qwen2.5:72b,,,,,push,"rocket fire, Israeli strikes on Gaza",url_1,2
20220101,194,ISRAEL,HAMAS,https://www.lematin.ch/story/apres-des-tirs-de-roquettes-frappes-israeliennes-sur-gaza-569823935907,push,"rocket fire, Israeli strikes on Gaza",qwen2.5:7b,,,qwen2.5:72b,,,,,push,"rocket fire, Israeli strikes on Gaza",url_1,2
20220101,90,ISRAELI,,https://www.adn40.mx/internacional/israel-flurona-gripe-covid-19-pfp,neutral,,qwen2.5:7b,,,qwen2.5:72b,,,,,neutral,,url_1,2
20220101,10,ISRAELI,ISRAEL,https://www.notigape.com/israel-detecto-primer-caso-de-flurona-gripe-y-covid-19-en-simultaneo/243839,neutral,no clear migration-related tokens in URL,qwen2.5:7b,,,qwen2.5:72b,,,,,neutral,no clear migration-related tokens in URL,url_1,2
20220101,90,ISRAELI,ISRAEL,https://www.adn40.mx/internacional/israel-flurona-gripe-covid-19-pfp,neutral,no clear migration-related tokens in URL,qwen2.5:7b,,,qwen2.5:72b,,,,,neutral,no clear migration-related tokens in URL,url_1,2
20220101,190,ISRAELI,,https://ria.ru/20220102/status-1766397981.html,neutral,<status-1766397981.html> no clear migration-related tokens,qwen2.5:7b,,,qwen2.5:72b,,,,,neutral,<status-1766397981.html> no clear migration-related tokens,url_1,2
20220101,190,ISRAEL,ISRAEL,https://ria.ru/20220102/status-1766397981.html,neutral,<status-1766397981.html> no clear migration-related tokens,qwen2.5:7b,,,qwen2.5:72b,,,,,neutral,<status-1766397981.html> no clear migration-related tokens,url_1,2
20220101,190,ISRAEL,ISRAEL,https://ria.ru/20220102/udary-1766397744.html,neutral,<udary-1766397744.html> no clear migration-related tokens,qwen2.5:7b,,,qwen2.5:72b,,,,,neutral,<udary-1766397744.html> no clear migration-related tokens,url_1,2
20220101,190,ISRAELI,GAZA,https://ria.ru/20220102/status-1766397981.html,neutral,<udary-1766397744.html> no clear migration-related tokens,qwen2.5:7b,,,qwen2.5:72b,,,,,neutral,<udary-1766397744.html> no clear migration-related tokens,url_1,2
20220101,190,ISRAELI,GAZA,https://ria.ru/20220102/udary-1766397744.html,neutral,<udary-1766397744.html> no clear migration-related tokens,qwen2.5:7b,,,qwen2.5:72b,,,,,neutral,<udary-1766397744.html> no clear migration-related tokens,url_1,2
20220101,20,ISRAELI,ISRAELI,https://www.alarab.com/Article/1018146,neutral,<no clear migration-related tokens in URL>,qwen2.5:7b,,,qwen2.5:72b,,,,,neutral,<no clear migration-related tokens in URL>,url_1,2
20220101,43,ITALY,,https://www.analisidifesa.it/2022/01/il-2021-ha-rilanciato-limmigrazione-illegale-su-vasta-scala-in-italia/,pull,<large-scale-illegal-immigration-in-italy> pull: immigration,qwen2.5:7b,,,qwen2.5:72b,,,,,pull,<large-scale-illegal-immigration-in-italy> pull: immigration,url_1,2
20220101,173,ITALY,ALBANIA,http://www.oranews.tv/vendi/ky-eshte-shqiptari-i-arratisur-nga-burgu-ne-itali-naten-e-nderrimit-te-vit-i1023852,push,<escaped-from-prison-in-italy> push: conditions encouraging emigration,qwen2.5:7b,,,qwen2.5:72b,,,,,push,<escaped-from-prison-in-italy> push: conditions encouraging emigration,url_1,2
20220101,42,ITALY,ITALIAN,https://www.interris.it/copertina/perno-opbg-omicron-bambini/,neutral,pin-opbg-omicron-children,qwen2.5:7b,,,qwen2.5:72b,,,,,neutral,pin-opbg-omicron-children,url_1,2
20220101,43,ITALIAN,,https://www.interris.it/copertina/perno-opbg-omicron-bambini/,neutral,pin-opbg-omicron-children,qwen2.5:7b,,,qwen2.5:72b,,,,,neutral,pin-opbg-omicron-children,url_1,2
20220101,43,ITALIAN,ITALY,https://www.interris.it/copertina/perno-opbg-omicron-bambini/,neutral,pin-opbg-omicron-children,qwen2.5:7b,,,qwen2.5:72b,,,,,neutral,pin-opbg-omicron-children,url_1,2
20220101,10,JUDGE,,https://www.analisidifesa.it/2022/01/il-2021-ha-rilanciato-limmigrazione-illegale-su-vasta-scala-in-italia/,pull,2021-has-relaunched-illegal-immigration-on-a-large-scale-in-italy,qwen2.5:7b,,,qwen2.5:72b,,,,,pull,2021-has-relaunched-illegal-immigration-on-a-large-scale-in-italy,url_1,2
20220101,43,SOUTH KOREA,MUSLIM,https://portaljember.pikiran-rakyat.com/pariwisata/pr-163372393/7-destinasi-wisata-halal-di-korea-selatan-cocok-bagi-umat-muslim-yang-traveling-ke-negeri-ginseng,neutral,7-halal-tourism-destinations-in-South-Korea-suitable-for-Muslims-who-travel-to-the-land-of-ginseng,qwen2.5:7b,,,qwen2.5:72b,,,,,neutral,7-halal-tourism-destinations-in-South-Korea-suitable-for-Muslims-who-travel-to-the-land-of-ginseng,url_1,2
20220101,84,TRADE UNION,,https://www.franceguyane.fr/actualite/social/mobilisation-sociale-a-pointe-a-pitre-elie-domota-a-ete-arrete-493999.php,neutral,social-mobilization-in-pointe-a-pitre-elie-domota-a-ete-arrete-493999.php,qwen2.5:7b,,,qwen2.5:72b,,,,,neutral,social-mobilization-in-pointe-a-pitre-elie-domota-a-ete-arrete-493999.php,url_1,2
20220101,111,TRADE UNION,,https://www.franceguyane.fr/actualite/social/mobilisation-sociale-a-pointe-a-pitre-elie-domota-a-ete-arrete-493999.php,neutral,social-mobilization-in-pointe-a-pitre-elie-domota-a-ete-arrete-493999.php,qwen2.5:7b,,,qwen2.5:72b,,,,,neutral,social-mobilization-in-pointe-a-pitre-elie-domota-a-ete-arrete-493999.php,url_1,2
20220101,100,REPRESENTATIVES,VOTER,https://www.corriere.it/editoriali/22_gennaio_01/i-partiti-quirinaleche-cosa-serve-ora-paese-466c0010-6b3e-11ec-a3c8-e3c830b3b1de.shtml,neutral,i-partiti-quirinaleche-cosa-serve-ora-paese-466c0010-6b3e-11ec-a3c8-e3c830b3b1de.shtml,qwen2.5:7b,,,qwen2.5:72b,,,,,neutral,i-partiti-quirinaleche-cosa-serve-ora-paese-466c0010-6b3e-11ec-a3c8-e3c830b3b1de.shtml,url_1,2
20220101,120,REPRESENTATIVES,VOTER,https://www.corriere.it/editoriali/22_gennaio_01/i-partiti-quirinaleche-cosa-serve-ora-paese-466c0010-6b3e-11ec-a3c8-e3c830b3b1de.shtml,neutral,i-partiti-quirinaleche-cosa-serve-ora-paese-466c0010-6b3e-11ec-a3c8-e3c830b3b1de.shtml,qwen2.5:7b,,,qwen2.5:72b,,,,,neutral,i-partiti-quirinaleche-cosa-serve-ora-paese-466c0010-6b3e-11ec-a3c8-e3c830b3b1de.shtml,url_1,2
20220101,161,MONACO,,https://madeinfoot.ouest-france.fr/infos/article-asm-l-as-monaco-officialise-le-depart-de-niko-kovac-officiel-364395.html,neutral,asm-l-as-monaco-officialise-le-depart-de-niko-kovac-officiel-364395.html,qwen2.5:7b,,,qwen2.5:72b,,,,,neutral,asm-l-as-monaco-officialise-le-depart-de-niko-kovac-officiel-364395.html,url_1,2
20220101,161,MONACO,,https://madeinfoot.ouest-france.fr/infos/article-asm-l-as-monaco-officialise-le-depart-de-niko-kovac-officiel-364395.html,push,the departure,qwen2.5:7b,,,qwen2.5:72b,,,,,push,the departure,url_1,2
20220101,51,MILITARY,,https://www.okaz.com.sa/news/na/2092790,neutral,,qwen2.5:7b,,,qwen2.5:72b,,,,,neutral,,url_1,2
20220101,51,MILITARY,,https://www.okaz.com.sa/news/na/2092790,neutral,,qwen2.5:7b,,,qwen2.5:72b,,,,,neutral,,url_1,2
20220101,114,NAVY,,https://omirante.pt/sociedade/2022-01-01-Vila-Franca-de-Xira-vai-ter-de-realizar-mais-obras-para-ganhar-novo-tribunal-a4687496,neutral,,qwen2.5:7b,,,qwen2.5:72b,,,,,neutral,,url_1,2
20220101,190,MALI,,http://malijet.com/actualite-politique-au-mali/editorial-journaux-mali/265485-edito-le-pragmatisme-russe-aux-antipodes-des-th%C3%A9ories-fran%C3%A7aises.html,neutral,,qwen2.5:7b,,,qwen2.5:72b,,,,,neutral,,url_1,2
20220101,42,MUSLIM,SOUTH KOREA,https://portaljember.pikiran-rakyat.com/pariwisata/pr-163372393/7-destinasi-wisata-halal-di-korea-selatan-cocok-bagi-umat-muslim-yang-traveling-ke-negeri-ginseng,neutral,,qwen2.5:7b,,,qwen2.5:72b,,,,,neutral,,url_1,2
20220101,841,PRISONER,DIPLOMAT,https://www.republika.co.id/berita/r520da430/indiapakistan-tukar-daftar-tahanan,neutral,,qwen2.5:7b,,,qwen2.5:72b,,,,,neutral,,url_1,2
20220101,42,POLE,,https://as.com/futbol/2022/01/01/primera/1641057005_745473.html,neutral,,qwen2.5:7b,,,qwen2.5:72b,,,,,neutral,,url_1,2
20220101,161,PORTUGAL,MADEIRA,https://www.akhbarona.com/last/340605.html,neutral,,qwen2.5:7b,,,qwen2.5:72b,,,,,neutral,,url_1,2
20220101,10,PALESTINIAN,,https://www.lematin.ch/story/apres-des-tirs-de-roquettes-frappes-israeliennes-sur-gaza-569823935907,push,rocket fire,qwen2.5:7b,,,qwen2.5:72b,,,,,push,rocket fire,url_1,2
20220101,10,PALESTINIAN,,https://www.lematin.ch/story/apres-des-tirs-de-roquettes-frappes-israeliennes-sur-gaza-569823935907,push,after-rocket-fire-israeli-strikes-on-gaza,qwen2.5:7b,,,qwen2.5:72b,,,,,push,after-rocket-fire-israeli-strikes-on-gaza,url_1,2
20220101,61,PALESTINIAN,,https://www.alquds.co.uk/%D8%A7%D9%84%D8%AC%D9%8A%D8%B4-%D8%A7%D9%84%D8%A5%D8%B3%D8%B1%D8%A7%D8%A6%D9%8A%D9%84%D9%8A-%D9%8A%D9%82%D8%B5%D9%81-%D8%A3%D9%87%D8%AF%D8%A7%D9%81%D8%A7-%D9%81%D9%8A-%D9%82%D8%B7%D8%A7%D8%B9-%D8%BA/,pull,Israeli-military,qwen2.5:7b,,,qwen2.5:72b,,,,,pull,Israeli-military,url_1,2
20220101,10,PALESTINIAN,ISRAEL,https://www.lematin.ch/story/apres-des-tirs-de-roquettes-frappes-israeliennes-sur-gaza-569823935907,push,after-rocket-fire-israeli-strikes-on-gaza,qwen2.5:7b,,,qwen2.5:72b,,,,,push,after-rocket-fire-israeli-strikes-on-gaza,url_1,2
20220101,10,PALESTINIAN,ISRAEL,https://www.lematin.ch/story/apres-des-tirs-de-roquettes-frappes-israeliennes-sur-gaza-569823935907,push,after-rocket-fire-israeli-strikes-on-gaza,qwen2.5:7b,,,qwen2.5:72b,,,,,push,after-rocket-fire-israeli-strikes-on-gaza,url_1,2
20220101,61,PALESTINIAN,ISRAEL,https://www.alquds.co.uk/%D8%A7%D9%84%D8%AC%D9%8A%D8%B4-%D8%A7%D9%84%D8%A5%D8%B3%D8%B1%D8%A7%D8%A6%D9%8A%D9%84%D9%8A-%D9%8A%D9%82%D8%B5%D9%81-%D8%A3%D9%87%D8%AF%D8%A7%D9%81%D8%A7-%D9%81%D9%8A-%D9%82%D8%B7%D8%A7%D8%B9-%D8%BA/,pull,Israeli-military,qwen2.5:7b,,,qwen2.5:72b,,,,,pull,Israeli-military,url_1,2
20220101,195,HAMAS,,https://alquds.com/2022/01/02/%D8%A7%D9%84%D8%A7%D8%AD%D8%AA%D9%84%D8%A7%D9%84-%D9%8A%D9%82%D8%B5%D9%81-%D9%85%D9%88%D9%82%D8%B9%D9%8B%D8%A7-%D9%84%D9%84%D9%85%D9%82%D8%A7%D9%88%D9%85%D8%A9-%D8%A8%D8%BA%D8%B2%D8%A9/,neutral,The occupation bombs a resistance site,qwen2.5:7b,,,qwen2.5:72b,,,,,neutral,The occupation bombs a resistance site,url_1,2
20220101,195,HAMAS,,https://alquds.com/2022/01/02/%D8%A7%D9%84%D8%A7%D8%AD%D8%AA%D9%84%D8%A7%D9%84-%D9%8A%D9%82%D8%B5%D9%81-%D9%85%D9%88%D9%82%D8%B9%D9%8B%D8%A7-%D9%84%D9%84%D9%85%D9%82%D8%A7%D9%88%D9%85%D8%A9-%D8%A8%D8%BA%D8%B2%D8%A9/,neutral,The occupation bombs a resistance site,qwen2.5:7b,,,qwen2.5:72b,,,,,neutral,The occupation bombs a resistance site,url_1,2
20220101,1712,POLITICIAN,,https://www.analisidifesa.it/2022/01/il-2021-ha-rilanciato-limmigrazione-illegale-su-vasta-scala-in-italia/,push,2021-has-relaunched-illegal-immigration-on-a-large-scale-in-italy,qwen2.5:7b,,,qwen2.5:72b,,,,,push,2021-has-relaunched-illegal-immigration-on-a-large-scale-in-italy,url_1,2
20220101,833,ARCHBISHOP,,https://noticias.uol.com.br/ultimas-noticias/efe/2022/01/01/sul-africanos-se-despedem-de-desmond-tutu.htm,push,south-africans-say-goodbye-to-desmond-tutu,qwen2.5:7b,,,qwen2.5:72b,,,,,push,south-africans-say-goodbye-to-desmond-tutu,url_1,2
20220101,84,ROMANIA,,https://evz.ro/catalin-harnagea-fostul-sef-al-serviciului-extern-de-informatii-incepe-sa-scrie-in-evenimentul-zilei.html,neutral,catalin-harnagea-the-former-head-of-the-external-information-service-starts-writing-in-the-event-of-the-day,qwen2.5:7b,,,qwen2.5:72b,,,,,neutral,catalin-harnagea-the-former-head-of-the-external-information-service-starts-writing-in-the-event-of-the-day,url_1,2
20220101,10,RUSSIA,,https://www.volynnews.com/news/all/5-naykrutishykh-skarbiv-volynskoho-krayeznavchoho-muzeiu-foto/,neutral,,qwen2.5:7b,,,qwen2.5:72b,,,,,neutral,,url_1,2
20220101,10,RUSSIA,,https://kino.24tv.ua/ru/novogodnie-multfilmy-dlja-vsej-semi-dushevnaja-podborka-dlja_n1831930,neutral,,qwen2.5:7b,,,qwen2.5:72b,,,,,neutral,,url_1,2
20220101,111,RUSSIAN,,https://www.teleport2001.ru/news/2022-01-02/140398-zasukha-grozit-lyudyam-i-zhivotnym-iz-za-stroitelstva-plotiny-na-dalnem-vostoke.html,push,zasukha (drought),qwen2.5:7b,,,qwen2.5:72b,,,,,push,zasukha (drought),url_1,2
20220101,110,RUSSIAN,FRENCH,http://malijet.com/actualite-politique-au-mali/editorial-journaux-mali/265485-edito-le-pragmatisme-russe-aux-antipodes-des-th%C3%A9ories-fran%C3%A7aises.html,neutral,,qwen2.5:7b,,,qwen2.5:72b,,,,,neutral,,url_1,2
20220101,182,JEDDAH,FRANCE,https://www.la-croix.com/Dakar-2022-Al-Attiyah-auto-Sanders-moto-remportent-prologue-concurrent-blesse-explosion-2022-01-01-1301192706,neutral,,qwen2.5:7b,,,qwen2.5:72b,,,,,neutral,,url_1,2
20220101,182,JEDDAH,FRANCE,https://www.la-croix.com/Dakar-2022-Al-Attiyah-auto-Sanders-moto-remportent-prologue-concurrent-blesse-explosion-2022-01-01-1301192706,neutral,,qwen2.5:7b,,,qwen2.5:72b,,,,,neutral,,url_1,2
20220101,182,JEDDAH,FRENCH,https://www.la-croix.com/Dakar-2022-Al-Attiyah-auto-Sanders-moto-remportent-prologue-concurrent-blesse-explosion-2022-01-01-1301192706,neutral,,qwen2.5:7b,,,qwen2.5:72b,,,,,neutral,,url_1,2
20220101,182,JEDDAH,FRANCE,https://www.la-croix.com/Dakar-2022-Al-Attiyah-auto-Sanders-moto-remportent-prologue-concurrent-blesse-explosion-2022-01-01-1301192706,neutral,,qwen2.5:7b,,,qwen2.5:72b,,,,,neutral,,url_1,2
20220101,120,SAUDI,SAUDI ARABIA,https://www.la-croix.com/Dakar-2022-Al-Attiyah-auto-Sanders-moto-remportent-prologue-concurrent-blesse-explosion-2022-01-01-1301192706,neutral,,qwen2.5:7b,,,qwen2.5:72b,,,,,neutral,,url_1,2
20220101,60,SENEGAL,,https://www.la-croix.com/Dakar-2022-Al-Attiyah-auto-Sanders-moto-remportent-prologue-concurrent-blesse-explosion-2022-01-01-1301192706,neutral,,qwen2.5:7b,,,qwen2.5:72b,,,,,neutral,,url_1,2
20220101,60,DAKAR,,https://www.la-croix.com/Dakar-2022-Al-Attiyah-auto-Sanders-moto-remportent-prologue-concurrent-blesse-explosion-2022-01-01-1301192706,neutral,no clear migration-related tokens,qwen2.5:7b,,,qwen2.5:72b,,,,,neutral,no clear migration-related tokens,url_1,2
20220101,180,SETTLER,ISRAEL,https://www.alarab.com/Article/1018146,neutral,no clear migration-related tokens,qwen2.5:7b,,,qwen2.5:72b,,,,,neutral,no clear migration-related tokens,url_1,2
20220101,180,SETTLER,PALESTINIAN,https://www.alarab.com/Article/1018146,neutral,no clear migration-related tokens,qwen2.5:7b,,,qwen2.5:72b,,,,,neutral,no clear migration-related tokens,url_1,2
20220101,193,SETTLER,GUNMEN,https://alquds.com/2022/01/02/%D8%A7%D9%84%D9%85%D9%82%D8%A7%D9%88%D9%85%D8%A9-%D8%A7%D9%84%D8%B4%D8%B9%D8%A8%D9%8A%D8%A9-%D8%AA%D8%B3%D8%AA%D8%B9%D8%B1-%D9%81%D9%8A-%D8%B4%D9%85%D8%A7%D9%84-%D8%A7%D9%84%D8%B6%D9%81%D8%A9/,neutral,no clear migration-related tokens,qwen2.5:7b,,,qwen2.5:72b,,,,,neutral,no clear migration-related tokens,url_1,2
20220101,36,SYRIAN,SYRIAN,https://www.alarab.com/Article/1018149,neutral,no clear migration-related tokens,qwen2.5:7b,,,qwen2.5:72b,,,,,neutral,no clear migration-related tokens,url_1,2
20220101,36,SYRIAN,SYRIAN,https://www.alarab.com/Article/1018149,neutral,no clear migration-related tokens,qwen2.5:7b,,,qwen2.5:72b,,,,,neutral,no clear migration-related tokens,url_1,2
20220101,36,SYRIAN,SYRIAN,https://www.alarab.com/Article/1018149,neutral,no clear migration-related tokens,qwen2.5:7b,,,qwen2.5:72b,,,,,neutral,no clear migration-related tokens,url_1,2
20220101,36,SYRIAN,SYRIAN,https://www.alarab.com/Article/1018149,neutral,no clear migration-related tokens,qwen2.5:7b,,,qwen2.5:72b,,,,,neutral,no clear migration-related tokens,url_1,2
20220101,23,UKRAINIAN,,https://kino.24tv.ua/ru/novogodnie-multfilmy-dlja-vsej-semi-dushevnaja-podborka-dlja_n1831930,neutral,no clear migration-related tokens,qwen2.5:7b,,,qwen2.5:72b,,,,,neutral,no clear migration-related tokens,url_1,2
20220101,90,WYOMING,,https://g1.globo.com/mundo/noticia/2022/01/01/a-epidemia-de-desaparecimentos-de-indigenas-que-intriga-os-eua.ghtml,neutral,no clear migration-related tokens,qwen2.5:7b,,,qwen2.5:72b,,,,,neutral,no clear migration-related tokens,url_1,2
20220101,42,FLORIDA,JAKARTA,https://www.republika.co.id/berita/r520u2384/ini-ketentuan-tes-antigen-di-stasiun,neutral,antigen-test-at-station,qwen2.5:7b,,,qwen2.5:72b,,,,,neutral,antigen-test-at-station,url_1,2
20220101,190,YEMENI,LILLE,https://www.okaz.com.sa/news/na/2092790,neutral,that/2092790,qwen2.5:7b,,,qwen2.5:72b,,,,,neutral,that/2092790,url_1,2
20220101,10,YEMENI,PERSIAN,https://www.okaz.com.sa/news/na/2092790,neutral,that/2092790,qwen2.5:7b,,,qwen2.5:72b,,,,,neutral,na/2092790,url_1,2
20220101,50,CATALAN,,https://sport1.oslobodjenje.ba/s1/fudbal/ino-fudbal/primera/postigao-dogovor-sa-kataloncima-barcelona-sljedeceg-ljeta-dobija-veliko-pojacanje-721568,neutral,football/foreign-football/examples/reached-an-agreement-with-the-Catalans-barcelona-next-summer-gets-a-big-reinforcement-721568,qwen2.5:7b,,,qwen2.5:72b,,,,,neutral,football/foreign-football/examples/reached-an-agreement-with-the-Catalans-barcelona-next-summer-gets-a-big-reinforcement-721568,url_1,2
20220101,141,SLAVIC,TARA,https://www.kramatorsk.info/view/272909,push,kramatorsk.info/view/272909,qwen2.5:7b,,,qwen2.5:72b,,,,,push,kramatorsk.info/view/272909,url_1,2
20220101,141,SLAVIC,UKRAINE,https://www.kramatorsk.info/view/272909,push,kramatorsk.info/view/272909,qwen2.5:7b,,,qwen2.5:72b,,,,,push,kramatorsk.info/view/272909,url_1,2
20210102,51,POLAND,,https://logistyka.rp.pl/drogowy/art19249821-na-ten-rok-w-planach-oddanie-do-uzytku-345-km-drog-krajowych,neutral,logistyka.rp.pl/drogowy/art19249821-na-ten-rok-w-planach-oddanie-do-uzytku-345-km-drog-krajowych,qwen2.5:7b,,,qwen2.5:72b,,,,,neutral,logistyka.rp.pl/drogowy/art19249821-na-ten-rok-w-planach-oddanie-do-uzytku-345-km-drog-krajowych,url_1,2
20210102,51,POLISH,,https://logistyka.rp.pl/drogowy/art19249821-na-ten-rok-w-planach-oddanie-do-uzytku-345-km-drog-krajowych,neutral,logistyka.rp.pl/drogowy/art19249821-na-ten-rok-w-planach-oddanie-do-uzytku-345-km-drog-krajowych,qwen2.5:7b,,,qwen2.5:72b,,,,,neutral,logistyka.rp.pl/drogowy/art19249821-na-ten-rok-w-planach-oddanie-do-uzytku-345-km-drog-krajowych,url_1,2
20210102,51,POLISH,,https://logistyka.rp.pl/drogowy/art19249821-na-ten-rok-w-planach-oddanie-do-uzytku-345-km-drog-krajowych,neutral,logistyka.rp.pl/drogowy/art19249821-na-ten-rok-w-planach-oddanie-do-uzytku-345-km-drog-krajowych,qwen2.5:7b,,,qwen2.5:72b,,,,,neutral,logistyka.rp.pl/drogowy/art19249821-na-ten-rok-w-planach-oddanie-do-uzytku-345-km-drog-krajowych,url_1,2
20220102,36,,BUENOS AIRES,https://urgente24.com/actualidad/tragedia-palermo-asesino-al-volante-alcohol-y-muerte-n531977,neutral,urgente24.com/actualidad/tragedia-palermo-asesino-al-volante-alcohol-y-muerte-n531977,qwen2.5:7b,,,qwen2.5:72b,,,,,neutral,urgente24.com/actualidad/tragedia-palermo-asesino-al-volante-alcohol-y-muerte-n531977,url_1,2
20220102,100,,BUSINESS,https://www.eluniversal.com.mx/cartera/concanaco-pide-comercios-mantener-medidas-sanitarias-y-evitar-cierres-por-ola-de-covid,neutral,businesses-maintain-health-measures-and-avoid-closures-due to-covid-wave,qwen2.5:7b,,,qwen2.5:72b,,,,,neutral,businesses-maintain-health-measures-and-avoid-closures-due to-covid-wave,url_1,2
20220102,190,,TYCOON,https://revistamonet.globo.com/Celebridades/noticia/2022/01/look-de-jeff-bezos-um-dos-homens-mais-ricos-do-mundo-no-reveillon-rende-piadas-nas-redes-meio-vin-diesel-meio-agostinho-carrara.html,neutral,look-of-jeff-bezos-one-of-the-richest-men-in-the-world-on-New Year's Eve-makes-jokes-on-the-networks-half-vin-diesel-half-Augustine-Carrara,qwen2.5:7b,,,qwen2.5:72b,,,,,neutral,look-of-jeff-bezos-one-of-the-richest-men-in-the-world-on-New Year's Eve-makes-jokes-on-the-networks-half-vin-diesel-half-Augustine-Carrara,url_1,2
20220102,112,,CALGARY,https://www.journaldemontreal.com/2022/01/02/manifestations-anti-covid-un-pasteur-et-son-frere-arretes-par-calgary,neutral,anti-covid-protests-a-pastor-and-his-brother-arrested-by-calgary,qwen2.5:7b,,,qwen2.5:72b,,,,,neutral,anti-covid-protests-a-pastor-and-his-brother-arrested-by-calgary,url_1,2
20220102,841,,POLICE,https://www.hoydiariodelmagdalena.com.co/archivos/613756,neutral,files/613756,qwen2.5:7b,,,qwen2.5:72b,,,,,neutral,archivos/613756,url_1,2
20220102,36,,SCHOOL,https://olhardireto.com.br/noticias/exibir.asp?id=496488&noticia=porto-relembra-dificuldades-com-45-dos-estudantes-sem-internet-e-projeta-2022-como-melhor-ano-letivo-da-historia,push,without-internet-and-projects-2022-as-the-best-school-year-in-history,qwen2.5:7b,,,qwen2.5:72b,,,,,push,sem-internet-e-projeta-2022-como-melhor-ano-letivo-da-historia,url_1,2
20220102,42,,SCHOOL,https://olhardireto.com.br/noticias/exibir.asp?id=496488&noticia=porto-relembra-dificuldades-com-45-dos-estudantes-sem-internet-e-projeta-2022-como-melhor-ano-letivo-da-historia,push,without-internet-and-projects-2022-as-the-best-school-year-in-history,qwen2.5:7b,,,qwen2.5:72b,,,,,push,without-internet-and-projects-2022-as-the-best-school-year-in-history,url_1,2
20220102,42,,FRANCE,https://www.mdzol.com/deportes/2022/1/2/cuando-vuelve-lionel-messi-su-posible-debut-con-el-psg-en-2022-212536.html,neutral,when-lionel-messi-returns-his-possible-debut-with-psg-in-2022-212536.html,qwen2.5:7b,,,qwen2.5:72b,,,,,neutral,when-lionel-messi-returns-his-possible-debut-with-psg-in-2022-212536.html,url_1,2
20220102,42,,FRANCE,https://www.mdzol.com/deportes/2022/1/2/cuando-vuelve-lionel-messi-su-posible-debut-con-el-psg-en-2022-212536.html,neutral,when-lionel-messi-returns-his-possible-debut-with-psg-in-2022-212536.html,qwen2.5:7b,,,qwen2.5:72b,,,,,neutral,cuando-vuelve-lionel-messi-su-posible-debut-con-el-psg-en-2022-212536.html,url_1,2
20220102,141,,THE UK,https://www.clarin.com/opinion/malvinas-pasado-presente-conflicto_0_4JQu1pJwH.html,neutral,malvinas-past-present-conflict_0_4JQu1pJwH,qwen2.5:7b,,,qwen2.5:72b,,,,,neutral,malvinas-past-present-conflict_0_4JQu1pJwH,url_1,2
20220102,42,,UNITED KINGDOM,https://www.elbotola.com/article/2022-01-02-22-03-111.html,unclear,2022-01-02-22-03-111.html,qwen2.5:7b,unclear,"URL too short, generic, ID-like",qwen2.5:72b,,,,,unclear,"URL too short, generic, ID-like",url_2,2
20220102,42,,UNITED KINGDOM,https://www.elbotola.com/article/2022-01-02-22-03-111.html,unclear,https://www.elbotola.com/article/2022-01-02-22-03-111.html,qwen2.5:7b,unclear,"URL too short, generic, ID-like",qwen2.5:72b,,,,,unclear,"URL too short, generic, ID-like",url_2,2
20220102,40,,KINGDOM,https://alghad.com/%D9%88%D8%B2%D9%8A%D8%B1-%D8%A7%D9%84%D8%AE%D8%A7%D8%B1%D8%AC%D9%8A%D8%A9-%D8%A7%D9%84%D8%B3%D8%B9%D9%88%D8%AF%D9%8A-%D9%81%D9%8A-%D8%B9%D9%85%D8%A7%D9%86/,push,Minister of Foreign Affairs,qwen2.5:7b,,,qwen2.5:72b,,,,,push,وزير-ال�%HEارجية,url_1,2
20220102,46,,MINIST,https://alghad.com/%D9%88%D8%B2%D9%8A%D8%B1-%D8%A7%D9%84%D8%AE%D8%A7%D8%B1%D8%AC%D9%8A%D8%A9-%D8%A7%D9%84%D8%B3%D8%B9%D9%88%D8%AF%D9%8A-%D9%81%D9%8A-%D8%B9%D9%85%D8%A7%D9%86/,push,Minister of Foreign Affairs,qwen2.5:7b,,,qwen2.5:72b,,,,,push,Minister of Foreign Affairs,url_1,2
20220102,46,,KINGDOM,https://alghad.com/%D9%88%D8%B2%D9%8A%D8%B1-%D8%A7%D9%84%D8%AE%D8%A7%D8%B1%D8%AC%D9%8A%D8%A9-%D8%A7%D9%84%D8%B3%D8%B9%D9%88%D8%AF%D9%8A-%D9%81%D9%8A-%D8%B9%D9%85%D8%A7%D9%86/,push,Minister of Foreign Affairs,qwen2.5:7b,,,qwen2.5:72b,,,,,push,Minister of Foreign Affairs,url_1,2
20220102,57,,GOVERNMENT,https://www.cas.sk/clanok/2626553/predseda-civilnej-vlady-v-sudane-oznamil-svoju-rezignaciu-snazil-som-sa-zo-vsetkych-sil/,neutral,Mudakil-as-ah-ba-qanna-to-dous,qwen2.5:7b,,,qwen2.5:72b,,,,,neutral,مداكل-أساعة-بالقناء-إلى-الدوس,url_1,2
20220102,84,,PRESIDENT,https://www.lematin.ch/story/lhomme-fort-du-parti-ennahdha-hospitalise-dans-un-etat-critique-474086927675,neutral,Lamha-inah-al-Qabraf,qwen2.5:7b,,,qwen2.5:72b,,,,,neutral,Lamha-inah-al-Qabraf,url_1,2
20220102,141,,AUTHORITIES,http://lratvakan.com/news/76958.html,unclear,http://lratvakan.com/news/76958.html,qwen2.5:7b,neutral,No migration-related tokens found,qwen2.5:72b,,,,,neutral,No migration-related tokens found,url_2,2
20220102,141,,AUTHORITIES,https://lugradar.net/2022/01/337334,unclear,https://lugradar.net/2022/01/337334,qwen2.5:7b,unclear,"URL too short, generic, ID-like",qwen2.5:72b,,,,,unclear,"URL too short, generic, ID-like",url_2,2
20220102,42,,UNITED NATIONS,http://www.hispantv.com/noticias/palestina/535010/preso-israel-huelga-hambre,push,ms-tricks-tmf,qwen2.5:7b,,,qwen2.5:72b,,,,,push,مس-الحيل-تمف,url_1,2
20220102,14,,ISRAELI,https://itongadol.com/coronavirus/coronavirus-en-israel-se-espera-que-tres-millones-de-israelies-se-infecten-con-el-virus,neutral,King-Qayyum-Nafum-Qaisul,qwen2.5:7b,,,qwen2.5:72b,,,,,neutral,ملك-قيوـيم-النفوم-القيسول,url_1,2
20220102,51,,ISRAEL,http://www.hispantv.com/noticias/palestina/535010/preso-israel-huelga-hambre,neutral,,qwen2.5:7b,,,qwen2.5:72b,,,,,neutral,,url_1,2
20220102,53,,ISRAEL,http://www.hispantv.com/noticias/palestina/535010/preso-israel-huelga-hambre,neutral,,qwen2.5:7b,,,qwen2.5:72b,,,,,neutral,,url_1,2
20220102,43,,JORDAN,https://alghad.com/%D9%85%D8%B9%D8%B1%D8%B6-%D8%A3%D8%B1%D8%AF%D9%86%D9%8A-%D9%84%D9%84%D8%AA%D8%AC%D8%A7%D8%B1%D8%A9-%D9%88%D8%A7%D9%84%D8%AE%D8%AF%D9%85%D8%A7%D8%AA-%D9%8A%D9%86%D8%B7%D9%84%D9%82-%D9%81%D9%8A-%D8%B3/,push,prisoner-israel-hunger-strike,qwen2.5:7b,,,qwen2.5:72b,,,,,push,prisoner-israel-hunger-strike,url_1,2
20220102,130,,LAWYER,https://www.vesti-online.com/stopiran-otkaz-za-nevakcinisanog-cuvara-reda/,neutral,,qwen2.5:7b,,,qwen2.5:72b,,,,,neutral,,url_1,2
20220102,42,,ANTANANARIVO,http://www.taringa.net/+salud_bienestar/la-proxima-gran-pandemia-la-resistencia-a-antibioticos-ya-esta-aqui_4zonot/,neutral,,qwen2.5:7b,,,qwen2.5:72b,,,,,neutral,,url_1,2
20220102,71,,OAXACA,https://oaxaca.eluniversal.com.mx/estatal/aumenta-congreso-de-oaxaca-presupuesto-de-comision-forestal-en-14-mdp,neutral,,qwen2.5:7b,,,qwen2.5:72b,,,,,neutral,,url_1,2
20220102,43,,MACHU PICCHU,https://www.segnidalcielo.it/peru-un-turista-fotografa-un-ufo-sullantica-citta-di-machu-picchu/,neutral,,qwen2.5:7b,,,qwen2.5:72b,,,,,neutral,,url_1,2
20220102,53,,PALESTINE,http://www.hispantv.com/noticias/palestina/535010/preso-israel-huelga-hambre,neutral,,qwen2.5:7b,,,qwen2.5:72b,,,,,neutral,,url_1,2
20220102,51,,PALESTINE,http://www.hispantv.com/noticias/palestina/535010/preso-israel-huelga-hambre,neutral,,qwen2.5:7b,,,qwen2.5:72b,,,,,neutral,,url_1,2
20220102,53,,PALESTINE,http://www.hispantv.com/noticias/palestina/535010/preso-israel-huelga-hambre,neutral,,qwen2.5:7b,,,qwen2.5:72b,,,,,neutral,,url_1,2
20220102,43,,SAINT,https://g1.globo.com/sp/santos-regiao/porto-mar/noticia/2022/01/02/anvisa-reforca-urgencia-em-acabar-com-temporada-de-cruzeiros-e-fala-em-risco-a-saude-publica.ghtml,neutral,no migration-related tokens,qwen2.5:7b,,,qwen2.5:72b,,,,,neutral,no migration-related tokens,url_1,2
20220102,51,,SETTLER,https://www.eluniversal.com.mx/ciencia-y-salud/tras-aparente-extincion-el-pez-picote-tequila-fue-reintegrado-su-habitat,neutral,no migration-related tokens,qwen2.5:7b,,,qwen2.5:72b,,,,,neutral,no migration-related tokens,url_1,2
20220102,20,,TURKEY,https://eleftherostypos.gr/ellinotourkika/880814-empristikos-o-akar-ebale-xio-samo-kai-oinousses-sto-stoma-tis-tourkias/,neutral,no migration-related tokens,qwen2.5:7b,,,qwen2.5:72b,,,,,neutral,no migration-related tokens,url_1,2
20220102,36,,THE WHITE HOUSE,https://pronedra.ru/v21-pervye-pervye-simptomy-pnevmonii-pomogut-svoevremenno-nachat-lechenie-i-soxranit-zhizn-439639.html,neutral,no migration-related tokens,qwen2.5:7b,,,qwen2.5:72b,,,,,neutral,no migration-related tokens,url_1,2
20220102,41,,THE WHITE HOUSE,https://pronedra.ru/v21-pervye-pervye-simptomy-pnevmonii-pomogut-svoevremenno-nachat-lechenie-i-soxranit-zhizn-439639.html,neutral,no migration-related tokens,qwen2.5:7b,,,qwen2.5:72b,,,,,neutral,no migration-related tokens,url_1,2
20220102,112,FARMER,MINIST OF ENVIRONMENT,https://www.diariolibre.com/actualidad/sucesos/2022/01/02/acusan-ganaderos-de-provocar-incendios-en-sierra-de-bahoruco/1563459,neutral,no migration-related tokens,qwen2.5:7b,,,qwen2.5:72b,,,,,neutral,no migration-related tokens,url_1,2
20220102,356,ARGENTINIAN,,https://www.clarin.com/opinion/malvinas-primeros-200-anos-_0_7SMJC2Ult.html,neutral,no migration-related tokens,qwen2.5:7b,,,qwen2.5:72b,,,,,neutral,no migration-related tokens,url_1,2
20220102,36,BUENOS AIRES,,https://urgente24.com/actualidad/tragedia-palermo-asesino-al-volante-alcohol-y-muerte-n531977,neutral,no migration-related tokens,qwen2.5:7b,,,qwen2.5:72b,,,,,neutral,no migration-related tokens,url_1,2
20220102,80,ARGENTINA,,https://www.clarin.com/opinion/malvinas-pasado-presente-conflicto_0_4JQu1pJwH.html,neutral,no migration-related tokens,qwen2.5:7b,,,qwen2.5:72b,,,,,neutral,no migration-related tokens,url_1,2
20220102,160,ARGENTINA,FALKLANDS,https://www.clarin.com/opinion/malvinas-pasado-presente-conflicto_0_4JQu1pJwH.html,neutral,no migration-related tokens,qwen2.5:7b,,,qwen2.5:72b,,,,,neutral,no migration-related tokens,url_1,2
20220102,190,BELGIAN,BELGIUM,https://geeko.lesoir.be/2022/01/02/une-entreprise-belge-lutte-contre-contre-le-gaspillage-pharmaceutique/,neutral,no migration-related tokens,qwen2.5:7b,,,qwen2.5:72b,,,,,neutral,no migration-related tokens,url_1,2
20220102,190,BELGIAN,,https://geeko.lesoir.be/2022/01/02/une-entreprise-belge-lutte-contre-contre-le-gaspillage-pharmaceutique/,neutral,no migration-related tokens,qwen2.5:7b,,,qwen2.5:72b,,,,,neutral,no migration-related tokens,url_1,2
20220102,112,BELARUSIAN,BELARUS,http://www.kvir.ru/author/andre-galinin/,neutral,no migration-related tokens,qwen2.5:7b,,,qwen2.5:72b,,,,,neutral,no migration-related tokens,url_1,2
20220102,190,BELARUSIAN,BELARUS,http://www.kvir.ru/author/andre-galinin/,neutral,no migration-related tokens,qwen2.5:7b,,,qwen2.5:72b,,,,,neutral,no migration-related tokens,url_1,2
20220102,51,BRAZIL,ARGENTINE,https://www.clarin.com/opinion/malvinas-pasado-presente-conflicto_0_4JQu1pJwH.html,push,past-present-conflict,qwen2.5:7b,,,qwen2.5:72b,,,,,push,past-present-conflict,url_1,2
20220102,10,BRAZIL,BRAZIL,https://www.clarin.com/opinion/malvinas-pasado-presente-conflicto_0_4JQu1pJwH.html,push,past-present-conflict,qwen2.5:7b,,,qwen2.5:72b,,,,,push,pasado-presente-conflicto (conflict),url_1,2
20220102,10,BRAZIL,BRAZIL,https://www.clarin.com/opinion/malvinas-pasado-presente-conflicto_0_4JQu1pJwH.html,push,past-present-conflict,qwen2.5:7b,,,qwen2.5:72b,,,,,push,pasado-presente-conflicto (conflict),url_1,2
20220102,12,TYCOON,,https://revistamonet.globo.com/Celebridades/noticia/2022/01/look-de-jeff-bezos-um-dos-homens-mais-ricos-do-mundo-no-reveillon-rende-piadas-nas-redes-meio-vin-diesel-meio-agostinho-carrara.html,neutral,no migration-related tokens,qwen2.5:7b,,,qwen2.5:72b,,,,,neutral,no migration-related tokens,url_1,2
20220102,90,COMPANY,,https://e24.no/ledige-stillinger/s/Kzeo24/har-du-inkasso-erfaring-men-kan-tenke-deg-strre-ansvar,neutral,no migration-related tokens,qwen2.5:7b,,,qwen2.5:72b,,,,,neutral,no migration-related tokens,url_1,2
20220102,145,BUSINESS,,https://www.limburger.nl/cnt/dmf20220102_97854382,neutral,no migration-related tokens,qwen2.5:7b,,,qwen2.5:72b,,,,,neutral,no migration-related tokens,url_1,2
20220102,160,AIRLINE,,https://es.investing.com/news/stock-market-news/disrupciones-relacionadas-con-omicron-provocan-mas-de-4000-cancelaciones-de-vuelos-en-inicio-de-2022-2199117,neutral,no clear migration-related tokens,qwen2.5:7b,,,qwen2.5:72b,,,,,neutral,no clear migration-related tokens,url_1,2
20220102,190,TYCOON,,https://revistamonet.globo.com/Celebridades/noticia/2022/01/look-de-jeff-bezos-um-dos-homens-mais-ricos-do-mundo-no-reveillon-rende-piadas-nas-redes-meio-vin-diesel-meio-agostinho-carrara.html,neutral,no clear migration-related tokens,qwen2.5:7b,,,qwen2.5:72b,,,,,neutral,no clear migration-related tokens,url_1,2
20220102,20,AIRLINE,EMPLOYEE,https://es.investing.com/news/stock-market-news/disrupciones-relacionadas-con-omicron-provocan-mas-de-4000-cancelaciones-de-vuelos-en-inicio-de-2022-2199117,neutral,no clear migration-related tokens,qwen2.5:7b,,,qwen2.5:72b,,,,,neutral,no clear migration-related tokens,url_1,2
20220102,30,BUSINESS,,https://www.eluniversal.com.mx/nacion/tras-vacaciones-de-invierno-sep-se-declara-lista-para-retorno-actividades-escolares-presenciales,neutral,no clear migration-related tokens,qwen2.5:7b,,,qwen2.5:72b,,,,,neutral,no clear migration-related tokens,url_1,2
20220102,173,CALGARY,CALGARY,https://www.journaldemontreal.com/2022/01/02/manifestations-anti-covid-un-pasteur-et-son-frere-arretes-par-calgary,unclear,URL too short; no clear migration-related tokens,qwen2.5:7b,neutral,No clear migration-related tokens,qwen2.5:72b,,,,,neutral,No clear migration-related tokens,url_2,2
20220102,175,CALGARY,DEMONSTRATOR,https://www.journaldemontreal.com/2022/01/02/manifestations-anti-covid-un-pasteur-et-son-frere-arretes-par-calgary,unclear,URL too short; no clear migration-related tokens,qwen2.5:7b,neutral,No clear migration-related tokens,qwen2.5:72b,,,,,neutral,No clear migration-related tokens,url_2,2
20220102,51,ORTHODOX CHRISTIAN,SAINT,https://www.mngz.ru/russia-world-sensation/2464160-v-vargashinskom-rayone-sotrudniki-policii-proveli-20-profilakticheskih-besed-so-shkolnikami.html,neutral,no clear migration-related tokens,qwen2.5:7b,,,qwen2.5:72b,,,,,neutral,no clear migration-related tokens,url_1,2
20220102,51,ORTHODOX CHRISTIAN,SAINT,https://pronedra.ru/pozdravleniya-ko-dnyu-svyatoj-anastasii-4-yanvarya-tradiczii-prazdnika-630226.html,neutral,no clear migration-related tokens,qwen2.5:7b,,,qwen2.5:72b,,,,,neutral,no clear migration-related tokens,url_1,2
20220102,90,POLICE,,https://www.noviny.sk/krimi/652963-mrtvy-muz-v-aute-telo-hladaneho-slovenskeho-policajta-nasli-v-polsku,neutral,no clear migration-related tokens,qwen2.5:7b,,,qwen2.5:72b,,,,,neutral,no clear migration-related tokens,url_1,2
20220102,192,POLICE OFFICER,,https://www.hoydiariodelmagdalena.com.co/archivos/613776,unclear,URL too short; no clear migration-related tokens,qwen2.5:7b,unclear,"URL too short, generic, ID-like",qwen2.5:72b,,,,,unclear,"URL too short, generic, ID-like",url_2,2
20220102,193,POLICE OFFICER,,https://www.ensonhaber.com/3-sayfa/adanada-silahli-kavgaya-mudahale-eden-polis-vuruldu,push,intervention in armed conflict,qwen2.5:7b,,,qwen2.5:72b,,,,,push,silahli kavgaya mudahale,url_1,2
20220102,190,POLICE,ACTIVIST,http://lratvakan.com/news/76958.html,neutral,,qwen2.5:7b,,,qwen2.5:72b,,,,,neutral,,url_1,2
20220102,10,PERPETRATOR,CREATIVITY,https://www.hespress.com/%D8%AA%D8%AC%D8%A7%D9%88%D8%B2-%D9%88%D8%B1%D8%B7%D8%A9-%D8%B9%D8%B5%D8%B1-%D8%A7%D9%84%D8%B9%D8%AA%D9%85%D8%A9-925188.html,unclear,Transcendence-dilemma-age-of-darkness,qwen2.5:7b,neutral,No clear migration-related tokens,qwen2.5:72b,,,,,neutral,No clear migration-related tokens,url_2,2
20220102,172,VILLAGE,,https://www.volynnews.com/news/all/cherez-novorichni-feyerverky-v-chernivtsiakh-zahynuly-desiatky-ptakhiv/,neutral,,qwen2.5:7b,,,qwen2.5:72b,,,,,neutral,,url_1,2
20220102,10,COMMUNITY,POLICE,https://www.hoydiariodelmagdalena.com.co/archivos/613752,neutral,,qwen2.5:7b,,,qwen2.5:72b,,,,,neutral,,url_1,2
20220102,42,GERMAN,LISBON,https://naslovi.net/2022-01-03/blic/zarobljeni-u-luci-nemacki-kruzer-usidren-do-daljeg-u-lisabonu-zbog-izbijanja-epidemije-korona-virusa/29657724,push,outbreak of the corona virus epidemic,qwen2.5:7b,,,qwen2.5:72b,,,,,push,izbijanja epidemije korona virusa,url_1,2
20220102,42,GERMAN,LISBON,https://naslovi.net/2022-01-03/blic/zarobljeni-u-luci-nemacki-kruzer-usidren-do-daljeg-u-lisabonu-zbog-izbijanja-epidemije-korona-virusa/29657724,push,outbreak of the corona virus epidemic,qwen2.5:7b,,,qwen2.5:72b,,,,,push,izbijanja epidemije korona virusa,url_1,2
20220102,10,UNIVERSITY,,https://www.elmanana.com/cae-ex-rector-de-la-uabjo-por-fraude/5475695,neutral,,qwen2.5:7b,,,qwen2.5:72b,,,,,neutral,,url_1,2
20220102,36,STUDENT,,https://olhardireto.com.br/noticias/exibir.asp?id=496488&noticia=porto-relembra-dificuldades-com-45-dos-estudantes-sem-internet-e-projeta-2022-como-melhor-ano-letivo-da-historia,pull,difficulties with 45 of the students without internet and projects 2022 as the best academic year,qwen2.5:7b,,,qwen2.5:72b,,,,,pull,difficulties with 45 of the students without internet and projects 2022 as the best academic year,url_1,2
20220102,36,SCHOOL,,https://olhardireto.com.br/noticias/exibir.asp?id=496488&noticia=porto-relembra-dificuldades-com-45-dos-estudantes-sem-internet-e-projeta-2022-como-melhor-ano-letivo-da-historia,pull,difficulties with 45 of the students without internet and projects 2022 as the best academic year,qwen2.5:7b,,,qwen2.5:72b,,,,,pull,difficulties with 45 of the students without internet and projects 2022 as the best academic year,url_1,2
20220102,43,SCHOOL,,https://olhardireto.com.br/noticias/exibir.asp?id=496488&noticia=porto-relembra-dificuldades-com-45-dos-estudantes-sem-internet-e-projeta-2022-como-melhor-ano-letivo-da-historia,neutral,no clear migration-related tokens,qwen2.5:7b,,,qwen2.5:72b,,,,,neutral,no clear migration-related tokens,url_1,2
20220102,1721,SCHOOL,,https://itongadol.com/coronavirus/coronavirus-en-israel-se-espera-que-tres-millones-de-israelies-se-infecten-con-el-virus,neutral,no clear migration-related tokens,qwen2.5:7b,,,qwen2.5:72b,,,,,neutral,no clear migration-related tokens,url_1,2
20220102,42,STUDENT,OAXACA,https://oaxaca.eluniversal.com.mx/sociedad/regresan-clases-mas-de-874-mil-estudiantes-de-oaxaca-este-3-de-enero,neutral,no clear migration-related tokens,qwen2.5:7b,,,qwen2.5:72b,,,,,neutral,no clear migration-related tokens,url_1,2
20220102,71,ACTOR,,https://bagikanberita.pikiran-rakyat.com/bisnis/pr-683379835/rezeki-senin-ceria-khusus-wanita-berjiwa-entrepreneur-dapat-pinjaman-tanpa-agunan-rp25-juta-di-pnm-mekaar-plus,neutral,no clear migration-related tokens,qwen2.5:7b,,,qwen2.5:72b,,,,,neutral,no clear migration-related tokens,url_1,2
20220102,1821,ACTOR,BANDUNG,https://www.pikiran-rakyat.com/nasional/pr-013379874/genting-susi-pudjiastuti-desak-ruu-pks-disahkan-perlu-berapa-banyak-lagi-korban,neutral,no clear migration-related tokens,qwen2.5:7b,,,qwen2.5:72b,,,,,neutral,no clear migration-related tokens,url_1,2
20220102,10,MADRID,,https://es.euronews.com/2022/01/02/espana-dice-no-a-la-propuesta-de-bruselas-de-incluir-la-energia-nuclear-y-el-gas-en-su-pla,neutral,no clear migration-related tokens,qwen2.5:7b,,,qwen2.5:72b,,,,,neutral,no clear migration-related tokens,url_1,2
20220102,111,EUROPEAN,,https://1prime.ru/business/20220103/835674504.html,unclear,"too short, generic URL",qwen2.5:7b,neutral,URL tokens do not indicate migration pressure,qwen2.5:72b,,,,,neutral,URL tokens do not indicate migration pressure,url_2,2
20220102,20,FINNISH,RUSSIA,https://www.geopolitica.ru/news/vlasti-finlyandii-zagovorili-o-vstuplenii-v-nato,push,vlasti-finlyandii (powers-of-finland) implies political conditions that may cause people to leave,qwen2.5:7b,,,qwen2.5:72b,,,,,push,vlasti-finlyandii (powers-of-finland) implies political conditions that may cause people to leave,url_1,2
20220102,42,UNITED KINGDOM,UNITED KINGDOM,https://www.elbotola.com/article/2022-01-02-22-03-111.html,unclear,"too short, generic URL",qwen2.5:7b,neutral,URL tokens do not indicate migration pressure,qwen2.5:72b,,,,,neutral,URL tokens do not indicate migration pressure,url_2,2
20220102,42,UNITED KINGDOM,UNITED KINGDOM,https://www.elbotola.com/article/2022-01-02-22-03-111.html,unclear,,qwen2.5:7b,neutral,URL tokens do not indicate migration pressure,qwen2.5:72b,,,,,neutral,URL tokens do not indicate migration pressure,url_2,2
20220102,43,UNITED KINGDOM,,https://www.elbotola.com/article/2022-01-02-22-03-111.html,neutral,article title does not contain clear migration tokens,qwen2.5:7b,,,qwen2.5:72b,,,,,neutral,article title does not contain clear migration tokens,url_1,2
20220102,43,UNITED KINGDOM,,https://www.elbotola.com/article/2022-01-02-22-03-111.html,neutral,article title does not contain clear migration tokens,qwen2.5:7b,,,qwen2.5:72b,,,,,neutral,article title does not contain clear migration tokens,url_1,2
20220102,43,UNITED KINGDOM,UNITED KINGDOM,https://www.elbotola.com/article/2022-01-02-22-03-111.html,neutral,article title does not contain clear migration tokens,qwen2.5:7b,,,qwen2.5:72b,,,,,neutral,article title does not contain clear migration tokens,url_1,2
20220102,43,UNITED KINGDOM,UNITED KINGDOM,https://www.elbotola.com/article/2022-01-02-22-03-111.html,neutral,article title does not contain clear migration tokens,qwen2.5:7b,,,qwen2.5:72b,,,,,neutral,article title does not contain clear migration tokens,url_1,2
20220102,10,AUTHORITIES,,https://www.telemundo.com/noticias/noticias-telemundo/clima/no-esto-no-es-una-broma-llovieron-peces-en-texas-poco-antes-de-fin-de-rcna10639,neutral,"weather phenomenon mentioned, no migration-related tokens",qwen2.5:7b,,,qwen2.5:72b,,,,,neutral,"weather phenomenon mentioned, no migration-related tokens",url_1,2
20220102,12,SECRETARIAT,,https://olhardireto.com.br/noticias/exibir.asp?id=496488&noticia=porto-relembra-dificuldades-com-45-dos-estudantes-sem-internet-e-projeta-2022-como-melhor-ano-letivo-da-historia,pull,"dificuldades com estudantes sem internet suggests challenges for students without internet access, potentially encouraging immigration for better educational opportunities",qwen2.5:7b,,,qwen2.5:72b,,,,,pull,"dificuldades com estudantes sem internet suggests challenges for students without internet access, potentially encouraging immigration for better educational opportunities",url_1,2
20220102,14,MINISTRY,,https://tsn.ua/ru/svit/izrail-odobril-chetvertuyu-covid-privivku-dlya-medrabotnikov-i-lyudey-ot-60-let-1945456.html,neutral,"Covid-19 vaccination policy, no clear migration tokens",qwen2.5:7b,,,qwen2.5:72b,,,,,neutral,"Covid-19 vaccination policy, no clear migration tokens",url_1,2
20220102,40,KINGDOM,,https://alghad.com/%D9%88%D8%B2%D9%8A%D8%B1-%D8%A7%D9%84%D8%AE%D8%A7%D8%B1%D8%AC%D9%8A%D8%A9-%D8%A7%D9%84%D8%B3%D8%B9%D9%88%D8%AF%D9%8A-%D9%81%D9%8A-%D8%B9%D9%85%D8%A7%D9%86/,push,"Dificuldades com estudantes sem internet suggests challenges for students without internet access, potentially indicating difficulties in the country pushing them to seek better conditions elsewhere",qwen2.5:7b,,,qwen2.5:72b,,,,,push,"Dificuldades com estudantes sem internet suggests challenges for students without internet access, potentially indicating difficulties in the country pushing them to seek better conditions elsewhere",url_1,2
20220102,40,KINGDOM,,https://alghad.com/%D9%88%D8%B2%D9%8A%D8%B1-%D8%A7%D9%84%D8%AE%D8%A7%D8%B1%D8%AC%D9%8A%D8%A9-%D8%A7%D9%84%D8%B3%D8%B9%D9%88%D8%AF%D9%8A-%D9%81%D9%8A-%D8%B9%D9%85%D8%A7%D9%86/,push,"Dificuldades com estudantes sem internet suggests challenges for students without internet access, potentially indicating difficulties in the country pushing them to seek better conditions elsewhere",qwen2.5:7b,,,qwen2.5:72b,,,,,push,"Dificuldades com estudantes sem internet suggests challenges for students without internet access, potentially indicating difficulties in the country pushing them to seek better conditions elsewhere",url_1,2
20220102,46,MINIST,,https://alghad.com/%D9%88%D8%B2%D9%8A%D8%B1-%D8%A7%D9%84%D8%AE%D8%A7%D8%B1%D8%AC%D9%8A%D8%A9-%D8%A7%D9%84%D8%B3%D8%B9%D9%88%D8%AF%D9%8A-%D9%81%D9%8A-%D8%B9%D9%85%D8%A7%D9%86/,push,"Dificuldades com estudantes sem internet suggests challenges for students without internet access, potentially indicating difficulties in the country pushing them to seek better conditions elsewhere",qwen2.5:7b,,,qwen2.5:72b,,,,,push,"Dificuldades com estudantes sem internet suggests challenges for students without internet access, potentially indicating difficulties in the country pushing them to seek better conditions elsewhere",url_1,2
20220102,46,KINGDOM,,https://alghad.com/%D9%88%D8%B2%D9%8A%D8%B1-%D8%A7%D9%84%D8%AE%D8%A7%D8%B1%D8%AC%D9%8A%D8%A9-%D8%A7%D9%84%D8%B3%D8%B9%D9%88%D8%AF%D9%8A-%D9%81%D9%8A-%D8%B9%D9%85%D8%A7%D9%86/,pull,foreign,qwen2.5:7b,,,qwen2.5:72b,,,,,pull,erlent,url_1,2
20220102,57,GOVERNMENT,,https://www.cas.sk/clanok/2626553/predseda-civilnej-vlady-v-sudane-oznamil-svoju-rezignaciu-snazil-som-sa-zo-vsetkych-sil/,push,resignation,qwen2.5:7b,,,qwen2.5:72b,,,,,push,resignation,url_1,2
20220102,73,AUTHORITIES,,https://www.mbl.is/frettir/erlent/2022/01/02/heilbrigdisstarfsmenn_fa_fjorda_skammtinn/,neutral,health workers get the fourth dose,qwen2.5:7b,,,qwen2.5:72b,,,,,neutral,heilbrigdisstarfsmenn fa fjorda skammtinn,url_1,2
20220102,90,GOVERNMENT,,https://newpost.gr/kosmos/61d20c59922542136ad20343/italia-koronoios-i-kyvernisi-exetazei-to-endehomeno-ypohreotikoy-emvoliasmoy-gia-oloys-toys-ano-ton-18-eton,pull,possibility of compulsory vaccination,qwen2.5:7b,,,qwen2.5:72b,,,,,pull,endehomeno ypohreotikoy emvoliasmoy,url_1,2
20220102,160,GOVERNMENT,INDUSTRY,https://www.rp.pl/praca/art19248621-wielka-brytania-przedluza-program-wizowy-dla-pracownikow-z-ue,push,extended visa program for employees from the EU,qwen2.5:7b,,,qwen2.5:72b,,,,,push,przedluza-program wizowy dla pracownikow z ue,url_1,2
20220102,90,AUTHORITIES,CRIMINAL,https://sledcom.ru/news/item/1645072/,unclear,news item/1645072/,qwen2.5:7b,neutral,URL tokens do not indicate migration pressure,qwen2.5:72b,,,,,neutral,URL tokens do not indicate migration pressure,url_2,2
20220102,14,DIRECTOR GENERAL,ISRAELI,https://itongadol.com/coronavirus/coronavirus-en-israel-se-espera-que-tres-millones-de-israelies-se-infecten-con-el-virus,neutral,Coronavirus in Israel Three million Israelis are expected to be infected with the virus,qwen2.5:7b,,,qwen2.5:72b,,,,,neutral,Coronavirus in Israel Three million Israelis are expected to be infected with the virus,url_1,2
20220102,43,GOVERNMENT,DEMONSTRATOR,http://lratvakan.com/news/76958.html,unclear,news/76958.html,qwen2.5:7b,neutral,URL tokens do not indicate migration pressure,qwen2.5:72b,,,,,neutral,URL tokens do not indicate migration pressure,url_2,2
20220102,43,GOVERNMENT,DEMONSTRATOR,https://lugradar.net/2022/01/337334,unclear,2022/01/337334,qwen2.5:7b,unclear,"URL too short, generic, ID-like",qwen2.5:72b,,,,,unclear,"URL too short, generic, ID-like",url_2,2
20220102,46,MINIST,DEMONSTRATOR,https://www.journaldemontreal.com/2022/01/02/manifestations-anti-covid-un-pasteur-et-son-frere-arretes-par-calgary,push,anti-covid demonstrations a pastor and his brother arrested by calgary,qwen2.5:7b,,,qwen2.5:72b,,,,,push,anti-covid demonstrations a pastor and his brother arrested by calgary,url_1,2
20220102,30,GOVERNMENT,GUERRILLA,https://www.hoydiariodelmagdalena.com.co/archivos/613800,neutral,No clear migration-related tokens,qwen2.5:7b,,,qwen2.5:72b,,,,,neutral,No clear migration-related tokens,url_1,2
20220102,20,AUTHORITIES,RUSSIAN FEDERATION,https://lugradar.net/2022/01/337336,unclear,"URL too short, generic",qwen2.5:7b,unclear,"URL too short, generic, ID-like",qwen2.5:72b,,,,,unclear,"URL too short, generic, ID-like",url_2,2
20220102,20,AUTHORITIES,RUSSIAN FEDERATION,https://lugradar.net/2022/01/337319,unclear,"URL too short, generic",qwen2.5:7b,unclear,"URL too short, generic, ID-like",qwen2.5:72b,,,,,unclear,"URL too short, generic, ID-like",url_2,2
20220102,40,PRESIDENT,RUSSIA,https://tsn.ua/ru/politika/bayden-i-zelenskiy-proveli-telefonnye-peregovory-chto-izvestno-1945450.html,neutral,No clear migration-related tokens,qwen2.5:7b,,,qwen2.5:72b,,,,,neutral,No clear migration-related tokens,url_1,2
20220102,41,PRESIDENT,RUSSIA,https://tsn.ua/ru/politika/bayden-i-zelenskiy-proveli-telefonnye-peregovory-chto-izvestno-1945450.html,neutral,No clear migration-related tokens,qwen2.5:7b,,,qwen2.5:72b,,,,,neutral,No clear migration-related tokens,url_1,2
20220102,41,PRESIDENT,RUSSIA,https://tsn.ua/ru/politika/bayden-i-zelenskiy-proveli-telefonnye-peregovory-chto-izvestno-1945450.html,neutral,No clear migration-related tokens,qwen2.5:7b,,,qwen2.5:72b,,,,,neutral,No clear migration-related tokens,url_1,2
20220102,10,MINIST OF HEALTH,,https://www.mdzol.com/sociedad/2022/1/2/coronavirus-en-argentina-mas-de-20000-casos-23-fallecidos-212523.html,neutral,No clear migration-related tokens,qwen2.5:7b,,,qwen2.5:72b,,,,,neutral,No clear migration-related tokens,url_1,2
20220102,10,DOCTOR,,https://pronedra.ru/v21-pervye-pervye-simptomy-pnevmonii-pomogut-svoevremenno-nachat-lechenie-i-soxranit-zhizn-439639.html,neutral,No clear migration-related tokens,qwen2.5:7b,,,qwen2.5:72b,,,,,neutral,No clear migration-related tokens,url_1,2
20220102,13,HOSPITAL,,https://pronedra.ru/v21-pervye-pervye-simptomy-pnevmonii-pomogut-svoevremenno-nachat-lechenie-i-soxranit-zhizn-439639.html,neutral,No clear migration-related tokens,qwen2.5:7b,,,qwen2.5:72b,,,,,neutral,No clear migration-related tokens,url_1,2
20220102,193,DOCTOR,POLICE OFFICER,https://pronedra.ru/v21-pervye-pervye-simptomy-pnevmonii-pomogut-svoevremenno-nachat-lechenie-i-soxranit-zhizn-439639.html,neutral,No clear migration-related tokens,qwen2.5:7b,,,qwen2.5:72b,,,,,neutral,No clear migration-related tokens,url_1,2
20220102,193,DOCTOR,POLICE OFFICER,https://www.mngz.ru/russia-world-sensation/2463989-v-gorode-rezh-sotrudnikami-sledstvennogo-komiteta-vozbuzhdeno-ugolovnoe-delo-po-faktu-ubiystva-iz-revnosti-medic.html,push,"dir, employees of the Investigative Committee opened a criminal case on the fact of murder out of jealousy",qwen2.5:7b,,,qwen2.5:72b,,,,,push,"dir, employees of the Investigative Committee opened a criminal case on the fact of murder out of jealousy",url_1,2
20220102,193,DOCTOR,POLICE OFFICER,https://www.mngz.ru/russia-world-sensation/2463989-v-gorode-rezh-sotrudnikami-sledstvennogo-komiteta-vozbuzhdeno-ugolovnoe-delo-po-faktu-ubiystva-iz-revnosti-medic.html,push,"dir, employees of the Investigative Committee opened a criminal case on the fact of murder out of jealousy",qwen2.5:7b,,,qwen2.5:72b,,,,,push,rezh sotrudnikami sledstvennogo komiteta vozbuzhdeno ugolovnoe delo po faktu ubiystva iz revnosti,url_1,2
20220102,172,HAITI,,https://www.diariolibre.com/actualidad/sucesos/2022/01/02/acusan-ganaderos-de-provocar-incendios-en-sierra-de-bahoruco/1563459,neutral,ranchers accused of starting fires in Sierra de Bahoruco,qwen2.5:7b,,,qwen2.5:72b,,,,,neutral,ranchers accused of starting fires in Sierra de Bahoruco,url_1,2
20220102,90,THE EUROPEAN UNION,,https://lugradar.net/2022/01/337336,unclear,337336,qwen2.5:7b,unclear,"URL too short, generic, ID-like",qwen2.5:72b,,,,,unclear,"URL too short, generic, ID-like",url_2,2
20220102,43,UNITED NATIONS,,http://www.hispantv.com/noticias/palestina/535010/preso-israel-huelga-hambre,push,Israeli prisoner hunger strike,qwen2.5:7b,,,qwen2.5:72b,,,,,push,Israeli prisoner hunger strike,url_1,2
20220102,20,ISRAELI,WORKER,https://g1.globo.com/mundo/noticia/2022/01/02/israel-comeca-a-aplicar-quarta-dose-da-vacina-contra-a-covid.ghtml,neutral,Israel begins administering fourth dose of Covid vaccine,qwen2.5:7b,,,qwen2.5:72b,,,,,neutral,Israel begins administering fourth dose of Covid vaccine,url_1,2
20220102,51,ISRAEL,PALESTINE,http://www.hispantv.com/noticias/palestina/535010/preso-israel-huelga-hambre,push,Israeli prisoner hunger strike,qwen2.5:7b,,,qwen2.5:72b,,,,,push,Israeli prisoner hunger strike,url_1,2
20220102,53,ISRAEL,PALESTINE,http://www.hispantv.com/noticias/palestina/535010/preso-israel-huelga-hambre,push,Israeli prisoner hunger strike,qwen2.5:7b,,,qwen2.5:72b,,,,,push,preso israel huelga hambre,url_1,2
20220102,142,ISRAEL,PALESTINE,http://www.hispantv.com/noticias/palestina/535010/preso-israel-huelga-hambre,push,Israeli prisoner hunger strike,qwen2.5:7b,,,qwen2.5:72b,,,,,push,Israeli prisoner hunger strike,url_1,2
20220102,42,JORDAN,,https://alghad.com/%D9%85%D8%B9%D8%B1%D8%B6-%D8%A3%D8%B1%D8%AF%D9%86%D9%8A-%D9%84%D9%84%D8%AA%D8%AC%D8%A7%D8%B1%D8%A9-%D9%88%D8%A7%D9%84%D8%AE%D8%AF%D9%85%D8%A7%D8%AA-%D9%8A%D9%86%D8%B7%D9%84%D9%82-%D9%81%D9%8A-%D8%B3/,neutral,Jordanian Trade and Services Exhibition,qwen2.5:7b,,,qwen2.5:72b,,,,,neutral,Jordanian Trade and Services Exhibition,url_1,2
20220102,234,FEDERAL COURT,,https://www.elmanana.com/cae-ex-rector-de-la-uabjo-por-fraude/5475695,neutral,<no clear migration-related tokens> https://www.elmanana.com/cae-ex-rector-de-la-uabjo-por-fraude/5475695,qwen2.5:7b,,,qwen2.5:72b,,,,,neutral,<no clear migration-related tokens> https://www.elmanana.com/cae-ex-rector-de-la-uabjo-por-fraude/5475695,url_1,2
20220102,84,JUDGE,,https://www.vesti-online.com/stopiran-otkaz-za-nevakcinisanog-cuvara-reda/,neutral,<no clear migration-related tokens> https://www.vesti-online.com/stopiran-otkaz-za-nevakcinisanog-cuvara-reda/,qwen2.5:7b,,,qwen2.5:72b,,,,,neutral,<no clear migration-related tokens> https://www.vesti-online.com/stopiran-otkaz-za-nevakcinisanog-cuvara-reda/,url_1,2
20220102,173,PUBLIC PROSECUTOR,,https://www.hoydiariodelmagdalena.com.co/archivos/613776,neutral,<no clear migration-related tokens> https://www.hoydiariodelmagdalena.com.co/archivos/613776,qwen2.5:7b,,,qwen2.5:72b,,,,,neutral,<no clear migration-related tokens> https://www.hoydiariodelmagdalena.com.co/archivos/613776,url_1,2
20220102,10,LAWYER,MELBOURNE,https://www.vesti-online.com/samo-pisani-testament-je-vazeci/,neutral,<no clear migration-related tokens> https://www.vesti-online.com/samo-pisani-testament-je-vazeci/,qwen2.5:7b,,,qwen2.5:72b,,,,,neutral,<no clear migration-related tokens> https://www.vesti-online.com/samo-pisani-testament-je-vazeci/,url_1,2
20220102,114,PUBLIC PROSECUTOR,OAXACA,https://oaxaca.eluniversal.com.mx/municipios/denuncian-ante-el-ieepco-edil-de-ocotlan-oaxaca-por-violencia-politica-de-genero,neutral,<no clear migration-related tokens> https://oaxaca.eluniversal.com.mx/municipios/denuncian-ante-el-ieepco-edil-de-ocotlan-oaxaca-por-violencia-politica-de-genero,qwen2.5:7b,,,qwen2.5:72b,,,,,neutral,<no clear migration-related tokens> https://oaxaca.eluniversal.com.mx/municipios/denuncian-ante-el-ieepco-edil-de-ocotlan-oaxaca-por-violencia-politica-de-genero,url_1,2
20220102,112,LAWYER,UNITED STATES,https://www.diariolibre.com/usa/revista/2022/01/02/juez-impide-que-bloqueo-de-demanda-contra-el-principe-andres/1563621,neutral,<no clear migration-related tokens> https://www.diariolibre.com/usa/revista/2022/01/02/juez-impide-que-bloqueo-de-demanda-contra-el-principe-andres/1563621,qwen2.5:7b,,,qwen2.5:72b,,,,,neutral,<no clear migration-related tokens> https://www.diariolibre.com/usa/revista/2022/01/02/juez-impide-que-bloqueo-de-demanda-contra-el-principe-andres/1563621,url_1,2
20220102,30,EMPLOYEE,,https://es.investing.com/news/stock-market-news/goldman-sachs-pide-a-sus-empleados-estadounidenses-que-trabajen-desde-casa-hasta-el-18-de-enero-2199115,neutral,<no clear migration-related tokens> https://es.investing.com/news/stock-market-news/goldman-sachs-pide-a-sus-empleados-estadounidenses-que-trabajen-desde-casa-hasta-el-18-de-enero-2199115,qwen2.5:7b,,,qwen2.5:72b,,,,,neutral,<no clear migration-related tokens> https://es.investing.com/news/stock-market-news/goldman-sachs-pide-a-sus-empleados-estadounidenses-que-trabajen-desde-casa-hasta-el-18-de-enero-2199115,url_1,2
20220102,10,CONGRESS,,https://www.telemundo.com/noticias/noticias-telemundo/clima/no-esto-no-es-una-broma-llovieron-peces-en-texas-poco-antes-de-fin-de-rcna10639,neutral,<no clear migration-related tokens> https://www.telemundo.com/noticias/noticias-telemundo/clima/no-esto-no-es-una-broma-llovieron-peces-en-texas-poco-antes-de-fin-de-rcna10639,qwen2.5:7b,,,qwen2.5:72b,,,,,neutral,<no clear migration-related tokens> https://www.telemundo.com/noticias/noticias-telemundo/clima/no-esto-no-es-una-broma-llovieron-peces-en-texas-poco-antes-de-fin-de-rcna10639,url_1,2
20220102,10,STATE DUMA,,https://www.ridus.ru/news/370096,neutral,<no clear migration-related tokens> https://www.ridus.ru/news/370096,qwen2.5:7b,,,qwen2.5:72b,,,,,neutral,<no clear migration-related tokens> https://www.ridus.ru/news/370096,url_1,2
20220102,83,SENATE,,https://sipse.com/mexico/las-breves-del-senado-inclusion-y-derechos-de-las-personas-sordas-415533.html,neutral,<no clear migration-related tokens> https://sipse.com/mexico/las-breves-del-senado-inclusion-y-derechos-de-las-personas-sordas-415533.html,qwen2.5:7b,,,qwen2.5:72b,,,,,neutral,<no clear migration-related tokens> https://sipse.com/mexico/las-breves-del-senado-inclusion-y-derechos-de-las-personas-sordas-415533.html,url_1,2
20220102,13,MEXICO,,https://sipse.com/mexico/isste-se-prepara-para-la-cuarta-ola-de-la-pandemia-por-covid-19-en-mexico-415544.html,neutral,no clear migration-related tokens,qwen2.5:7b,,,qwen2.5:72b,,,,,neutral,no clear migration-related tokens,url_1,2
20220102,190,COMMANDER,,https://www.antaranews.com/berita/2620221/dilan-series-gelar-audisi-terbuka-untuk-cari-pemain,neutral,no clear migration-related tokens,qwen2.5:7b,,,qwen2.5:72b,,,,,neutral,no clear migration-related tokens,url_1,2
20220102,17,COMMANDER,ISLAMIC,http://www.hispantv.com/noticias/siria/535008/iran-siria-relaciones-cooperacion,mixed,cooperacion (cooperation) suggests both push and pull factors,qwen2.5:7b,,,qwen2.5:72b,,,,,mixed,cooperacion (cooperation) suggests both push and pull factors,url_1,2
20220102,17,COMMANDER,ISLAMIC,http://www.hispantv.com/noticias/siria/535008/iran-siria-relaciones-cooperacion,mixed,cooperacion (cooperation) suggests both push and pull factors,qwen2.5:7b,,,qwen2.5:72b,,,,,mixed,cooperacion (cooperation) suggests both push and pull factors,url_1,2
20220102,195,FIGHTER PLANE,SAUDI,http://www.hispantv.com/noticias/yemen/535011/ataque-saudi-mezquita-muertos,push,ataque (attack) implies dangerous conditions pushing people away,qwen2.5:7b,,,qwen2.5:72b,,,,,push,ataque (attack) implies dangerous conditions pushing people away,url_1,2
20220102,195,FIGHTER PLANE,SAUDI,http://www.hispantv.com/noticias/yemen/535011/ataque-saudi-mezquita-muertos,push,ataque (attack) implies dangerous conditions pushing people away,qwen2.5:7b,,,qwen2.5:72b,,,,,push,ataque (attack) implies dangerous conditions pushing people away,url_1,2
20220102,195,FIGHTER PLANE,SAUDI,http://www.hispantv.com/noticias/yemen/535011/ataque-saudi-mezquita-muertos,push,ataque (attack) implies dangerous conditions pushing people away,qwen2.5:7b,,,qwen2.5:72b,,,,,push,ataque (attack) implies dangerous conditions pushing people away,url_1,2
20220102,70,MILITARY POLICE,,https://g1.globo.com/sp/santos-regiao/noticia/2022/01/02/prefeito-de-peruibe-critica-atuacao-da-policia-militar-contra-pancadoes-no-reveillon-caos-na-seguranca.ghtml,neutral,no clear migration-related tokens,qwen2.5:7b,,,qwen2.5:72b,,,,,neutral,no clear migration-related tokens,url_1,2
20220102,20,NAVAL,AMBASSADOR,https://sipse.com/mexico/las-breves-del-senado-inclusion-y-derechos-de-las-personas-sordas-415533.html,neutral,no clear migration-related tokens,qwen2.5:7b,,,qwen2.5:72b,,,,,neutral,no clear migration-related tokens,url_1,2
20220102,20,GOLDMAN SACHS,AMERICAN,https://es.investing.com/news/stock-market-news/goldman-sachs-pide-a-sus-empleados-estadounidenses-que-trabajen-desde-casa-hasta-el-18-de-enero-2199115,push,work-from-home request may lead to decreased need for commuting and thus potentially push people away from urban areas,qwen2.5:7b,,,qwen2.5:72b,,,,,push,work-from-home request may lead to decreased need for commuting and thus potentially push people away from urban areas,url_1,2
20220102,20,VERIZON,REUTERS,https://es.investing.com/news/stock-market-news/presidentes-ejecutivos-de-att-y-verizon-rechazan-peticion-de-eeuu-de-retrasar-despliegue-del-5g-2199124,neutral,no clear migration-related tokens,qwen2.5:7b,,,qwen2.5:72b,,,,,neutral,no clear migration-related tokens,url_1,2
20220102,120,VERIZON,REUTERS,https://es.investing.com/news/stock-market-news/presidentes-ejecutivos-de-att-y-verizon-rechazan-peticion-de-eeuu-de-retrasar-despliegue-del-5g-2199124,neutral,no clear migration-related tokens,qwen2.5:7b,,,qwen2.5:72b,,,,,neutral,no clear migration-related tokens,url_1,2
20220102,113,PROTESTER,,http://lratvakan.com/news/76958.html,neutral,no clear migration-related tokens,qwen2.5:7b,,,qwen2.5:72b,,,,,neutral,no clear migration-related tokens,url_1,2
20220102,113,PROTESTER,,https://lugradar.net/2022/01/337334,neutral,no clear migration-related tokens,qwen2.5:7b,,,qwen2.5:72b,,,,,neutral,no clear migration-related tokens,url_1,2
20220102,112,DETAINEE,BELARUSIAN,http://www.kvir.ru/author/andre-galinin/,neutral,no clear migration-related tokens,qwen2.5:7b,,,qwen2.5:72b,,,,,neutral,no clear migration-related tokens,url_1,2
20220102,190,DETAINEE,BELARUSIAN,http://www.kvir.ru/author/andre-galinin/,neutral,no clear migration-related tokens,qwen2.5:7b,,,qwen2.5:72b,,,,,neutral,no clear migration-related tokens,url_1,2
20220102,141,DEMONSTRATOR,CALGARY,https://www.journaldemontreal.com/2022/01/02/manifestations-anti-covid-un-pasteur-et-son-frere-arretes-par-calgary,neutral,no clear migration-related tokens,qwen2.5:7b,,,qwen2.5:72b,,,,,neutral,no clear migration-related tokens,url_1,2
20220102,145,PROTESTER,SECURITY FORCE,https://www.expressen.se/nyheter/efter-protesterna--sudans-premiarminister-avgar/,neutral,no clear migration-related tokens,qwen2.5:7b,,,qwen2.5:72b,,,,,neutral,no clear migration-related tokens,url_1,2
20220102,190,ACTIVIST,POLICE,http://lratvakan.com/news/76958.html,neutral,no clear migration-related tokens,qwen2.5:7b,,,qwen2.5:72b,,,,,neutral,no clear migration-related tokens,url_1,2
20220102,42,DEMONSTRATOR,GOVERNMENT,https://lugradar.net/2022/01/337334,neutral,no clear migration-related tokens,qwen2.5:7b,,,qwen2.5:72b,,,,,neutral,no clear migration-related tokens,url_1,2
20220102,46,DEMONSTRATOR,MINIST,https://www.journaldemontreal.com/2022/01/02/manifestations-anti-covid-un-pasteur-et-son-frere-arretes-par-calgary,neutral,calgary (no clear migration context),qwen2.5:7b,,,qwen2.5:72b,,,,,neutral,calgary (no clear migration context),url_1,2
20220102,145,DEMONSTRATOR,GOVERNMENT,http://lratvakan.com/news/76958.html,neutral,lratvakan (generic URL),qwen2.5:7b,,,qwen2.5:72b,,,,,neutral,lratvakan (generic URL),url_1,2
20220102,145,DEMONSTRATOR,GOVERNMENT,https://lugradar.net/2022/01/337334,neutral,lugradar (generic URL),qwen2.5:7b,,,qwen2.5:72b,,,,,neutral,lugradar (generic URL),url_1,2
20220102,130,PRISONER,TEL AVIV,http://www.hispantv.com/noticias/palestina/535010/preso-israel-huelga-hambre,push,"preso-israel-huelga-hambre (prison related to Israel, could imply negative conditions pushing people away from the country)",qwen2.5:7b,,,qwen2.5:72b,,,,,push,"preso-israel-huelga-hambre (prison related to Israel, could imply negative conditions pushing people away from the country)",url_1,2
20220102,20,ACTIVIST,NATIONAL ASSEMBLY,http://lratvakan.com/news/76958.html,neutral,lratvakan (generic URL),qwen2.5:7b,,,qwen2.5:72b,,,,,neutral,lratvakan (generic URL),url_1,2
20220102,20,ACTIVIST,NATIONAL ASSEMBLY,https://lugradar.net/2022/01/337334,neutral,lugradar (generic URL),qwen2.5:7b,,,qwen2.5:72b,,,,,neutral,lugradar (generic URL),url_1,2
20220102,42,MACHU PICCHU,,https://www.segnidalcielo.it/peru-un-turista-fotografa-un-ufo-sullantica-citta-di-machu-picchu/,neutral,"peru-a-tourist-photographs-a-ufo-over-the-ancient-city-of-machu-picchu/ (UFO sighting, no migration context)",qwen2.5:7b,,,qwen2.5:72b,,,,,neutral,"peru-a-tourist-photographs-a-ufo-over-the-ancient-city-of-machu-picchu/ (UFO sighting, no migration context)",url_1,2
20220102,20,POLAND,UKRAINIAN,https://www.volynnews.com/news/all/chomu-v-polshchi-vse-chastishe-napadaiut-na-zarobitchan-z-ukrayiny/,push,"napadaiut-na-zarobitchan-z-ukrayiny (attacks on workers from Ukraine, pushing people away from the country)",qwen2.5:7b,,,qwen2.5:72b,,,,,push,"napadaiut-na-zarobitchan-z-ukrayiny (attacks on workers from Ukraine, pushing people away from the country)",url_1,2
20220102,20,POLAND,UKRAINIAN,https://www.volynnews.com/news/all/chomu-v-polshchi-vse-chastishe-napadaiut-na-zarobitchan-z-ukrayiny/,push,"napadaiut-na-zarobitchan-z-ukrayiny (attacks on workers from Ukraine, pushing people away from the country)",qwen2.5:7b,,,qwen2.5:72b,,,,,push,"napadaiut-na-zarobitchan-z-ukrayiny (attacks on workers from Ukraine, pushing people away from the country)",url_1,2
20220102,90,POLISH,UKRAINIAN,https://www.volynnews.com/news/all/chomu-v-polshchi-vse-chastishe-napadaiut-na-zarobitchan-z-ukrayiny/,push,"napadaiut-na-zarobitchan-z-ukrayiny (attacks on workers from Ukraine, pushing people away from the country)",qwen2.5:7b,,,qwen2.5:72b,,,,,push,"napadaiut-na-zarobitchan-z-ukrayiny (attacks on workers from Ukraine, pushing people away from the country)",url_1,2
20220102,90,POLISH,UKRAINIAN,https://www.volynnews.com/news/all/chomu-v-polshchi-vse-chastishe-napadaiut-na-zarobitchan-z-ukrayiny/,push,zarobitchan z-Ukrainy,qwen2.5:7b,,,qwen2.5:72b,,,,,push,zarobitchan z-Ukrayiny,url_1,2
20220102,20,POLAND,UKRAINIAN,https://www.volynnews.com/news/all/chomu-v-polshchi-vse-chastishe-napadaiut-na-zarobitchan-z-ukrayiny/,push,zarobitchan z-Ukrainy,qwen2.5:7b,,,qwen2.5:72b,,,,,push,zarobitchan z-Ukrainy,url_1,2
20220102,90,POLISH,UKRAINIAN,https://www.volynnews.com/news/all/chomu-v-polshchi-vse-chastishe-napadaiut-na-zarobitchan-z-ukrayiny/,push,zarobitchan z-Ukrainy,qwen2.5:7b,,,qwen2.5:72b,,,,,push,zarobitchan z-Ukrayiny,url_1,2
20220102,90,POLAND,UKRAINE,https://www.volynnews.com/news/all/chomu-v-polshchi-vse-chastishe-napadaiut-na-zarobitchan-z-ukrayiny/,push,zarobitchan z-Ukrainy,qwen2.5:7b,,,qwen2.5:72b,,,,,push,zarobitchan z-Ukrayiny,url_1,2
20220102,43,LISBON,GERMAN,https://naslovi.net/2022-01-03/blic/zarobljeni-u-luci-nemacki-kruzer-usidren-do-daljeg-u-lisabonu-zbog-izbijanja-epidemije-korona-virusa/29657724,pull,dalmaj in lisbon due to the outbreak,qwen2.5:7b,,,qwen2.5:72b,,,,,pull,dalmaj in lisbon due to the outbreak,url_1,2
20220102,43,LISBON,GERMAN,https://naslovi.net/2022-01-03/blic/zarobljeni-u-luci-nemacki-kruzer-usidren-do-daljeg-u-lisabonu-zbog-izbijanja-epidemije-korona-virusa/29657724,pull,dalmaj in lisbon due to the outbreak,qwen2.5:7b,,,qwen2.5:72b,,,,,pull,dalmaj in lisbon due to the outbreak,url_1,2
20220102,20,PALESTINIAN,,http://www.hispantv.com/noticias/palestina/535010/preso-israel-huelga-hambre,push,Israeli prisoner hunger strike,qwen2.5:7b,,,qwen2.5:72b,,,,,push,preso israel huelga hambre,url_1,2
20220102,1831,SUICIDE BOMBER,KABUL,https://www.journaldemontreal.com/2022/01/02/en-afghanistan-les-femmes-victimes-de-violences-abandonnees-a-leur-sort-1,pull,women victims of violence abandoned to their fate,qwen2.5:7b,,,qwen2.5:72b,,,,,pull,women victims of violence abandoned to their fate,url_1,2
20220102,42,SAINT,,https://g1.globo.com/sp/santos-regiao/porto-mar/noticia/2022/01/02/anvisa-reforca-urgencia-em-acabar-com-temporada-de-cruzeiros-e-fala-em-risco-a-saude-publica.ghtml,neutral,Anvisa reinforces the urgency to end the cruise season and talks about the risk to public health,qwen2.5:7b,,,qwen2.5:72b,,,,,neutral,anvisa reforca urgencia em acabar com temporada de cruzeiros e fala em risco a saude publica,url_1,2
20220102,14,ROMANIA,,https://ziare.com/sorin-grindeanu/grindeanu-acuzatii-drula-autostrada-brasov-ploiesti-licitatie-studiu-fezabilitate-1718214,neutral,accusations Drula highway Brasov Ploiesti tender feasibility study,qwen2.5:7b,,,qwen2.5:72b,,,,,neutral,acuzii drula autostrada brasov ploiesti licitatie studiu fezabilitate,url_1,2
20220102,130,RUSSIAN,EGYPTIAN,https://aif.ru/society/genkonsulstvo_rf_v_hurgade_predupredilo_o_zaderzhkah_reysov_iz-za_nepogody,neutral,bad weather (shatner),qwen2.5:7b,,,qwen2.5:72b,,,,,neutral,bad weather (shatner),url_1,2
20220102,46,RUSSIA,TURKEY,https://www.geopolitica.ru/news/putin-i-erdogan-obsudili-garantii-bezopasnosti-mezhdu-rf-i-nato,neutral,security guarantees (security guarantors),qwen2.5:7b,,,qwen2.5:72b,,,,,neutral,security guarantees (security guarantors),url_1,2
20220102,112,RUSSIA,UKRAINE,https://www.cas.sk/cl/1003185/2626559/biden-telefonoval-s-ukrajinskym-prezidentom-usa-budu-na-rusku-invaziu-reagovat,push,Russian invasion,qwen2.5:7b,,,qwen2.5:72b,,,,,push,rusku invaziu (Russian invasion),url_1,2
20220102,120,RUSSIA,UKRAINE,https://www.cas.sk/cl/1003185/2626559/biden-telefonoval-s-ukrajinskym-prezidentom-usa-budu-na-rusku-invaziu-reagovat,push,Russian invasion,qwen2.5:7b,,,qwen2.5:72b,,,,,push,Russian invasion,url_1,2
20220102,120,RUSSIA,UKRAINE,https://www.cas.sk/cl/1003185/2626559/biden-telefonoval-s-ukrajinskym-prezidentom-usa-budu-na-rusku-invaziu-reagovat,push,Russian invasion,qwen2.5:7b,,,qwen2.5:72b,,,,,push,Russian invasion,url_1,2
20220102,46,VLADIMIR,JOE BIDEN,https://gazeta.ua/articles/politics/_rozmova-zelenskogo-ta-bajdena-pro-scho-govorili-lideri/1065472,neutral,telephone conversations (background calls),qwen2.5:7b,,,qwen2.5:72b,,,,,neutral,telefonnye peregovory (phone calls),url_1,2
20220102,40,RUSSIA,PRESIDENT,https://tsn.ua/ru/politika/bayden-i-zelenskiy-proveli-telefonnye-peregovory-chto-izvestno-1945450.html,neutral,telephone conversations (background calls),qwen2.5:7b,,,qwen2.5:72b,,,,,neutral,telephone conversations (background calls),url_1,2
20220102,195,SAUDI,,http://www.hispantv.com/noticias/yemen/535011/ataque-saudi-mezquita-muertos,neutral,ataque saudi (Saudi attack),qwen2.5:7b,,,qwen2.5:72b,,,,,neutral,ataque saudi (Saudi attack),url_1,2
20220102,195,SAUDI,SAUDI ARABIA,http://www.hispantv.com/noticias/yemen/535011/ataque-saudi-mezquita-muertos,neutral,ataque saudi (Saudi attack),qwen2.5:7b,,,qwen2.5:72b,,,,,neutral,ataque saudi (Saudi attack),url_1,2
20220102,180,SENEGAL,,https://www.elmundo.es/comunidad-valenciana/castellon/2022/01/02/61d1ffb121efa045798b4589.html,neutral,no clear migration-related tokens,qwen2.5:7b,,,qwen2.5:72b,,,,,neutral,no clear migration-related tokens,url_1,2
20220102,172,SYRIAN,,https://correio.rac.com.br/agencias/agencia-estado/2022/01/1153709-israel-aprova-plano-para-dobrar-numero-de-colonos-nas-colinas-do-golan.html,neutral,"israel, settlers, golan",qwen2.5:7b,,,qwen2.5:72b,,,,,neutral,"israel, settlers, golan",url_1,2
20220102,193,ADANA,POLICE,https://www.ensonhaber.com/3-sayfa/adanada-silahli-kavgaya-mudahale-eden-polis-vuruldu,unclear,"Adana, armed police intervening in a fight, was shot",qwen2.5:7b,push,"gunfight, shot",qwen2.5:72b,,,,,push,"gunfight, shot",url_2,2
20220102,41,TURKEY,RUSSIA,https://www.geopolitica.ru/news/putin-i-erdogan-obsudili-garantii-bezopasnosti-mezhdu-rf-i-nato,neutral,"Putin, Erdogan, guarantors, security, between Russia and NATO",qwen2.5:7b,,,qwen2.5:72b,,,,,neutral,"Putin, Erdogan, guarantors, security, between Russia and NATO",url_1,2
20220102,46,TURKEY,RUSSIA,https://www.geopolitica.ru/news/putin-i-erdogan-obsudili-garantii-bezopasnosti-mezhdu-rf-i-nato,neutral,"Putin, Erdogan, guarantors, security, between Russia and NATO",qwen2.5:7b,,,qwen2.5:72b,,,,,neutral,"putin, erdogan, garantii, bezopasnosti, mezhdurf-i-nato",url_1,2
20220102,46,TURKEY,RUSSIA,https://www.geopolitica.ru/news/putin-i-erdogan-obsudili-garantii-bezopasnosti-mezhdu-rf-i-nato,neutral,"Putin, Erdogan, guarantors, security, between Russia and NATO",qwen2.5:7b,,,qwen2.5:72b,,,,,neutral,"Putin, Erdogan, guarantors, security, between Russia and NATO",url_1,2
20220102,50,UKRAINE,,https://www.lematin.ch/story/joe-biden-assure-au-president-ukrainien-de-son-soutien-face-a-la-russie-753628635749,pull,"biden, support, face, ukraine, russia",qwen2.5:7b,,,qwen2.5:72b,,,,,pull,"biden, soutien, face, ukraine, russie",url_1,2
20220102,51,UKRAINE,,https://www.volynnews.com/news/all/chomu-v-polshchi-vse-chastishe-napadaiut-na-zarobitchan-z-ukrayiny/,push,"napadaiut, zarobitchan, ukrainy",qwen2.5:7b,,,qwen2.5:72b,,,,,push,"napadaiut, zarobitchan, ukrainy",url_1,2
20220102,51,UKRAINE,,https://www.volynnews.com/news/all/chomu-v-polshchi-vse-chastishe-napadaiut-na-zarobitchan-z-ukrayiny/,push,"napadaiut, zarobitchan, ukrainy",qwen2.5:7b,,,qwen2.5:72b,,,,,push,"napadaiut, zarobitchan, ukrainy",url_1,2
20220102,173,UKRAINIAN,,https://kosice.korzar.sme.sk/c/22812499/rusi-12-rokov-patrali-po-ukrajincovi-obvinenom-z-vrazdy-uz-je-v-kosickej-vaznici.html,neutral,"Russians, Ukrainians, the accused, murders, purlins",qwen2.5:7b,,,qwen2.5:72b,,,,,neutral,"Russians, Ukrainians, the accused, murders, purlins",url_1,2
20220102,173,UKRAINE,CHINA,https://kosice.korzar.sme.sk/c/22812499/rusi-12-rokov-patrali-po-ukrajincovi-obvinenom-z-vrazdy-uz-je-v-kosickej-vaznici.html,neutral,"Russians, Ukrainians, the accused, murders, purlins",qwen2.5:7b,,,qwen2.5:72b,,,,,neutral,"Russians, Ukrainians, the accused, murders, purlins",url_1,2
20220102,190,UKRAINE,CHINA,https://kosice.korzar.sme.sk/c/22812499/rusi-12-rokov-patrali-po-ukrajincovi-obvinenom-z-vrazdy-uz-je-v-kosickej-vaznici.html,push,they were looking for a Ukrainian accused of murder,qwen2.5:7b,,,qwen2.5:72b,,,,,push,they were looking for a Ukrainian accused of murder,url_1,2
20220102,51,UKRAINE,RUSSIA,https://www.lematin.ch/story/joe-biden-assure-au-president-ukrainien-de-son-soutien-face-a-la-russie-753628635749,neutral,no clear migration-related tokens,qwen2.5:7b,,,qwen2.5:72b,,,,,neutral,no clear migration-related tokens,url_1,2
20220102,32,UKRAINE,RUSSIA,https://www.lematin.ch/story/joe-biden-assure-au-president-ukrainien-de-son-soutien-face-a-la-russie-753628635749,neutral,no clear migration-related tokens,qwen2.5:7b,,,qwen2.5:72b,,,,,neutral,no clear migration-related tokens,url_1,2
20220102,51,UKRAINE,RUSSIA,https://www.lematin.ch/story/joe-biden-assure-au-president-ukrainien-de-son-soutien-face-a-la-russie-753628635749,neutral,no clear migration-related tokens,qwen2.5:7b,,,qwen2.5:72b,,,,,neutral,no clear migration-related tokens,url_1,2
20220102,51,UKRAINE,RUSSIA,https://www.lematin.ch/story/joe-biden-assure-au-president-ukrainien-de-son-soutien-face-a-la-russie-753628635749,neutral,no clear migration-related tokens,qwen2.5:7b,,,qwen2.5:72b,,,,,neutral,no clear migration-related tokens,url_1,2
20220102,32,UKRAINE,UKRAINE,https://www.lematin.ch/story/joe-biden-assure-au-president-ukrainien-de-son-soutien-face-a-la-russie-753628635749,neutral,no clear migration-related tokens,qwen2.5:7b,,,qwen2.5:72b,,,,,neutral,no clear migration-related tokens,url_1,2
20220102,50,UKRAINE,UKRAINE,https://www.lematin.ch/story/joe-biden-assure-au-president-ukrainien-de-son-soutien-face-a-la-russie-753628635749,neutral,no clear migration-related tokens,qwen2.5:7b,,,qwen2.5:72b,,,,,neutral,no clear migration-related tokens,url_1,2
20220102,50,UKRAINE,UKRAINE,https://www.lematin.ch/story/joe-biden-assure-au-president-ukrainien-de-son-soutien-face-a-la-russie-753628635749,neutral,no clear migration-related tokens,qwen2.5:7b,,,qwen2.5:72b,,,,,neutral,no clear migration-related tokens,url_1,2
20220102,51,UKRAINE,UKRAINE,https://www.lematin.ch/story/joe-biden-assure-au-president-ukrainien-de-son-soutien-face-a-la-russie-753628635749,neutral,no clear migration-related tokens,qwen2.5:7b,,,qwen2.5:72b,,,,,neutral,no clear migration-related tokens,url_1,2
20220102,41,UKRAINE,UNITED STATES,https://gazeta.ua/articles/politics/_rozmova-zelenskogo-ta-bajdena-pro-scho-govorili-lideri/1065472,push,rozmova-zelenskogo-ta-baidena-pro-scho-spoken-leaders,qwen2.5:7b,,,qwen2.5:72b,,,,,push,rozmova-zelenskogo-ta-bajdena-pro-scho-govorili-lideri,url_1,2
20220102,41,UKRAINE,UNITED STATES,https://gazeta.ua/articles/politics/_rozmova-zelenskogo-ta-bajdena-pro-scho-govorili-lideri/1065472,neutral,,qwen2.5:7b,,,qwen2.5:72b,,,,,neutral,,url_1,2
20220102,46,UKRAINE,UNITED STATES,https://gazeta.ua/articles/politics/_rozmova-zelenskogo-ta-bajdena-pro-scho-govorili-lideri/1065472,neutral,,qwen2.5:7b,,,qwen2.5:72b,,,,,neutral,,url_1,2
20220102,46,UKRAINE,UNITED STATES,https://gazeta.ua/articles/politics/_rozmova-zelenskogo-ta-bajdena-pro-scho-govorili-lideri/1065472,neutral,,qwen2.5:7b,,,qwen2.5:72b,,,,,neutral,,url_1,2
20220102,100,UKRAINIAN,A US,https://naslovi.net/2022-01-03/blic/da-sacuvamo-mir-u-evropi-zelenski-razgovarao-sa-bajdenom-o-akcijama-u-ukrajini-reformi-i-borbama-protiv-oligarha/29657762,neutral,,qwen2.5:7b,,,qwen2.5:72b,,,,,neutral,,url_1,2
20220102,46,UKRAINE,JOE BIDEN,https://gazeta.ua/articles/politics/_rozmova-zelenskogo-ta-bajdena-pro-scho-govorili-lideri/1065472,neutral,,qwen2.5:7b,,,qwen2.5:72b,,,,,neutral,,url_1,2
20220102,50,UKRAINIAN,RUSSIA,https://www.lematin.ch/story/joe-biden-assure-au-president-ukrainien-de-son-soutien-face-a-la-russie-753628635749,neutral,,qwen2.5:7b,,,qwen2.5:72b,,,,,neutral,,url_1,2
20220102,51,UKRAINIAN,RUSSIA,https://www.lematin.ch/story/joe-biden-assure-au-president-ukrainien-de-son-soutien-face-a-la-russie-753628635749,neutral,,qwen2.5:7b,,,qwen2.5:72b,,,,,neutral,,url_1,2
20220102,51,UKRAINIAN,RUSSIA,https://www.lematin.ch/story/joe-biden-assure-au-president-ukrainien-de-son-soutien-face-a-la-russie-753628635749,neutral,,qwen2.5:7b,,,qwen2.5:72b,,,,,neutral,,url_1,2
20220102,32,UKRAINIAN,UKRAINIAN,https://www.lematin.ch/story/joe-biden-assure-au-president-ukrainien-de-son-soutien-face-a-la-russie-753628635749,neutral,,qwen2.5:7b,,,qwen2.5:72b,,,,,neutral,,url_1,2
20220102,100,UKRAINIAN,A US,https://naslovi.net/2022-01-03/blic/da-sacuvamo-mir-u-evropi-zelenski-razgovarao-sa-bajdenom-o-akcijama-u-ukrajini-reformi-i-borbama-protiv-oligarha/29657762,neutral,,qwen2.5:7b,,,qwen2.5:72b,,,,,neutral,,url_1,2
20220102,12,UNITED STATES,,https://www.telemundo.com/noticias/noticias-telemundo/desastres-naturales/hallan-con-vida-a-uno-de-los-tres-desaparecidos-en-los-incendios-de-co-rcna10641,neutral,missing in the fires,qwen2.5:7b,,,qwen2.5:72b,,,,,neutral,missing in the fires,url_1,2
20220102,30,THE US,,http://www.kvir.ru/articles/glavnoe-kachestvo-boyca.html,unclear,the main quality of a fighter,qwen2.5:7b,neutral,No migration-related tokens found,qwen2.5:72b,,,,,neutral,No migration-related tokens found,url_2,2
20220102,36,UNITED STATES,,https://news.online.ua/u-zelenskogo-utochnili-vremya-segodnyashnego-razgovora-s-baydenom_n840515/,neutral,utochnili vremya razgovora,qwen2.5:7b,,,qwen2.5:72b,,,,,neutral,confirmed the time of the conversation,url_1,2
20220102,30,AMERICAN,UKRAINIAN,https://www.lematin.ch/story/joe-biden-assure-au-president-ukrainien-de-son-soutien-face-a-la-russie-753628635749,pull,support for Russia,qwen2.5:7b,,,qwen2.5:72b,,,,,pull,soutien face a la russie,url_1,2
20220102,41,UNITED STATES,UKRAINE,https://gazeta.ua/articles/politics/_rozmova-zelenskogo-ta-bajdena-pro-scho-govorili-lideri/1065472,pull,support for Russia,qwen2.5:7b,,,qwen2.5:72b,,,,,pull,soutien face a la russie,url_1,2
20220102,46,UNITED STATES,UKRAINE,https://gazeta.ua/articles/politics/_rozmova-zelenskogo-ta-bajdena-pro-scho-govorili-lideri/1065472,pull,support for Russia,qwen2.5:7b,,,qwen2.5:72b,,,,,pull,support for Russia,url_1,2
20220102,46,UNITED STATES,UKRAINE,https://gazeta.ua/articles/politics/_rozmova-zelenskogo-ta-bajdena-pro-scho-govorili-lideri/1065472,pull,support for Russia,qwen2.5:7b,,,qwen2.5:72b,,,,,pull,support for Russia,url_1,2
20220102,36,UNITED STATES,THE WHITE HOUSE,https://pronedra.ru/v21-pervye-pervye-simptomy-pnevmonii-pomogut-svoevremenno-nachat-lechenie-i-soxranit-zhizn-439639.html,neutral,symptoms of pneumonia,qwen2.5:7b,,,qwen2.5:72b,,,,,neutral,symptoms of pneumonia,url_1,2
20220102,36,THE WHITE HOUSE,,https://pronedra.ru/v21-pervye-pervye-simptomy-pnevmonii-pomogut-svoevremenno-nachat-lechenie-i-soxranit-zhizn-439639.html,neutral,symptoms of pneumonia,qwen2.5:7b,,,qwen2.5:72b,,,,,neutral,symptoms of pneumonia,url_1,2
20220102,36,THE WHITE HOUSE,,https://news.online.ua/u-zelenskogo-utochnili-vremya-segodnyashnego-razgovora-s-baydenom_n840515/,neutral,utochnili vremya razgovora,qwen2.5:7b,,,qwen2.5:72b,,,,,neutral,utochnili vremya razgovora,url_1,2
20220102,41,THE WHITE HOUSE,,https://pronedra.ru/v21-pervye-pervye-simptomy-pnevmonii-pomogut-svoevremenno-nachat-lechenie-i-soxranit-zhizn-439639.html,neutral,no migration-related tokens,qwen2.5:7b,,,qwen2.5:72b,,,,,neutral,no migration-related tokens,url_1,2
20220102,90,NASA,,http://www.hispantv.com/noticias/ciencia-tecnologia/535007/nasa-asteroide-psyche,neutral,no migration-related tokens,qwen2.5:7b,,,qwen2.5:72b,,,,,neutral,no migration-related tokens,url_1,2
20220102,46,JOE BIDEN,VLADIMIR,https://gazeta.ua/articles/politics/_rozmova-zelenskogo-ta-bajdena-pro-scho-govorili-lideri/1065472,neutral,no migration-related tokens,qwen2.5:7b,,,qwen2.5:72b,,,,,neutral,no migration-related tokens,url_1,2
20220102,30,AMERICAN,UKRAINIAN,https://www.lematin.ch/story/joe-biden-assure-au-president-ukrainien-de-son-soutien-face-a-la-russie-753628635749,neutral,no migration-related tokens,qwen2.5:7b,,,qwen2.5:72b,,,,,neutral,no migration-related tokens,url_1,2
20220102,46,JOE BIDEN,UKRAINE,https://gazeta.ua/articles/politics/_rozmova-zelenskogo-ta-bajdena-pro-scho-govorili-lideri/1065472,neutral,no migration-related tokens,qwen2.5:7b,,,qwen2.5:72b,,,,,neutral,no migration-related tokens,url_1,2
20220102,36,THE WHITE HOUSE,UNITED STATES,https://news.online.ua/u-zelenskogo-utochnili-vremya-segodnyashnego-razgovora-s-baydenom_n840515/,neutral,no migration-related tokens,qwen2.5:7b,,,qwen2.5:72b,,,,,neutral,no migration-related tokens,url_1,2
20220102,13,VENEZUELAN,VENEZUELA,http://www.hispantv.com/noticias/venezuela/535014/eeuu-confrontacion-dialogos-intervenezolanos,unclear,/confrontacion/ (too short and ambiguous),qwen2.5:7b,push,confrontation suggests political tension or conflict,qwen2.5:72b,,,,,push,confrontation suggests political tension or conflict,url_2,2
20220102,111,VENEZUELAN,VENEZUELA,http://www.hispantv.com/noticias/venezuela/535014/eeuu-confrontacion-dialogos-intervenezolanos,unclear,/confrontacion/ (repeated and too short and ambiguous),qwen2.5:7b,push,confrontation suggests political tension or conflict,qwen2.5:72b,,,,,push,confrontation suggests political tension or conflict,url_2,2
20220102,111,VENEZUELAN,,http://www.hispantv.com/noticias/venezuela/535014/eeuu-confrontacion-dialogos-intervenezolanos,unclear,/confrontacion/ (repeated and too short and ambiguous),qwen2.5:7b,push,confrontation suggests political tension or conflict,qwen2.5:72b,,,,,push,confrontation suggests political tension or conflict,url_2,2
20220102,13,VENEZUELAN,VENEZUELAN,http://www.hispantv.com/noticias/venezuela/535014/eeuu-confrontacion-dialogos-intervenezolanos,unclear,/confrontacion/ (repeated and too short and ambiguous),qwen2.5:7b,push,confrontation suggests political tension or conflict,qwen2.5:72b,,,,,push,confrontation suggests political tension or conflict,url_2,2
20220102,51,CATALAN,,https://sport1.oslobodjenje.ba/s1/fudbal/ino-fudbal/primera/barcelona-slavila-minimalnu-pobjedu-protiv-mallorce-721769,neutral,no migration-related tokens,qwen2.5:7b,,,qwen2.5:72b,,,,,neutral,no migration-related tokens,url_1,2
